model_id	model_family	contrast_type	antigen_target	antigen_class	feature	assay_family	outcome_family	maximum_floor_severity	higher_dose	lower_dose	contrast_label	n_higher_dose	n_lower_dose	higher_dose_mean_log2	lower_dose_mean_log2	difference_log2	ci95_lower_difference	ci95_upper_difference	ratio_of_geometric_means	ratio_ci95_lower	ratio_ci95_upper	test_statistic	degrees_freedom	p_value	hedges_g	sensitivity_requirement	bh_family	q_value	fdr_significant_0_05
HPVVT-FJ-M06	Heterologous BPV control	pairwise_persistence_dose_contrast	BPV	heterologous_control_antigen	FcgR2A	fc_gamma_receptor_binding	Fc-receptor engagement	moderate	2	1	dose2_minus_dose1	21	20	3.3754612250708558	1.6338549542542276	1.7416062708166282	0.8525813787440956	2.630631162889161	3.3440728365896852	1.8057289828636431	6.192968735918794	3.9627950920868464	38.89906127811649	0.0003069352159453606	1.214200721233089	above_floor_binary_sensitivity_required	HPVVT-FJ-M06|Fc-receptor engagement|pairwise_persistence_dose_contrast	0.0027624169435082452	yes
HPVVT-FJ-M06	Heterologous BPV control	pairwise_recall_dose_contrast	BPV	heterologous_control_antigen	FcgR2A	fc_gamma_receptor_binding	Fc-receptor engagement	moderate	2	1	dose2_minus_dose1	21	20	0.281266920519847	1.3126559816079524	-1.0313890610881054	-2.384847174337131	0.3220690521609202	0.48923887113351805	0.1914650305829673	1.2501221361374384	-1.5415648998690559	38.84729176125139	0.1312867851420792	-0.47247463303529924	above_floor_binary_sensitivity_required	HPVVT-FJ-M06|Fc-receptor engagement|pairwise_recall_dose_contrast	0.3938603554262376	no
HPVVT-FJ-M06	Heterologous BPV control	pairwise_persistence_dose_contrast	BPV	heterologous_control_antigen	FcgR2A	fc_gamma_receptor_binding	Fc-receptor engagement	moderate	3	1	dose3_minus_dose1	19	20	3.0157041596408427	1.6338549542542276	1.3818492053866152	0.5222344547862235	2.241463955987007	2.606021895626011	1.4361778873323912	4.72876666629138	3.2577446044469776	36.8003329507992	0.0024177095211540336	1.0189715843150249	above_floor_binary_sensitivity_required	HPVVT-FJ-M06|Fc-receptor engagement|pairwise_persistence_dose_contrast	0.010879692845193151	yes
HPVVT-FJ-M06	Heterologous BPV control	pairwise_recall_dose_contrast	BPV	heterologous_control_antigen	FcgR2A	fc_gamma_receptor_binding	Fc-receptor engagement	moderate	3	1	dose3_minus_dose1	19	20	0.7355696741351183	1.3126559816079524	-0.5770863074728341	-1.8486430271013155	0.6944704121556473	0.6703161937411707	0.2776534010104994	1.6182902782979403	-0.9203049966272635	36.1470285393312	0.36351474864726563	-0.28725663903305937	above_floor_binary_sensitivity_required	HPVVT-FJ-M06|Fc-receptor engagement|pairwise_recall_dose_contrast	0.49248256990894085	no
HPVVT-FJ-M06	Heterologous BPV control	pairwise_persistence_dose_contrast	BPV	heterologous_control_antigen	FcgR2A	fc_gamma_receptor_binding	Fc-receptor engagement	moderate	3	2	dose3_minus_dose2	19	21	3.0157041596408427	3.3754612250708558	-0.35975706543001307	-1.2067332018477603	0.4872190709877342	0.7792957937733361	0.43324854161258225	1.40174028499298	-0.8598857644303525	37.97996154414173	0.3952474806174835	-0.26514385667355145	above_floor_binary_sensitivity_required	HPVVT-FJ-M06|Fc-receptor engagement|pairwise_persistence_dose_contrast	0.7114454651114703	no
HPVVT-FJ-M06	Heterologous BPV control	pairwise_recall_dose_contrast	BPV	heterologous_control_antigen	FcgR2A	fc_gamma_receptor_binding	Fc-receptor engagement	moderate	3	2	dose3_minus_dose2	19	21	0.7355696741351183	0.281266920519847	0.45430275361527134	-0.7884099307282966	1.6970154379588391	1.3701204734368602	0.5789818664667955	3.2422951744353194	0.7402705534649556	37.68098835935404	0.46372369534131996	0.22746565732478258	above_floor_binary_sensitivity_required	HPVVT-FJ-M06|Fc-receptor engagement|pairwise_recall_dose_contrast	0.521689157258985	no
HPVVT-FJ-M06	Heterologous BPV control	pairwise_persistence_dose_contrast	BPV	heterologous_control_antigen	FcgR2B	fc_gamma_receptor_binding	Fc-receptor engagement	high	2	1	dose2_minus_dose1	21	20	0.4940624284510985	0.7687100137285354	-0.27464758527743693	-1.1627042121284785	0.6134090415736048	0.8266522241892433	0.4466744960172743	1.5298699743327089	-0.6288337887032228	33.52896829875055	0.5337188904240067	-0.1943995909527503	two_part_floor_sensitivity_required	HPVVT-FJ-M06|Fc-receptor engagement|pairwise_persistence_dose_contrast	0.80057833563601	no
HPVVT-FJ-M06	Heterologous BPV control	pairwise_recall_dose_contrast	BPV	heterologous_control_antigen	FcgR2B	fc_gamma_receptor_binding	Fc-receptor engagement	high	2	1	dose2_minus_dose1	21	20	2.5531120931337616	0.4282853652235089	2.1248267279102526	0.6022147194962759	3.6474387363242293	4.3615070688556905	1.5180451701845608	12.531078972679985	2.8297977418008227	36.160565903691804	0.007555751059385481	0.8599533198444073	two_part_floor_sensitivity_required	HPVVT-FJ-M06|Fc-receptor engagement|pairwise_recall_dose_contrast	0.06800175953446932	no
HPVVT-FJ-M06	Heterologous BPV control	pairwise_persistence_dose_contrast	BPV	heterologous_control_antigen	FcgR2B	fc_gamma_receptor_binding	Fc-receptor engagement	high	3	1	dose3_minus_dose1	19	20	1.4184208069600677	0.7687100137285354	0.6497107932315322	-0.543936450881628	1.8433580373446925	1.568853667381859	0.6858968566266	3.5884430813151145	1.105510769488743	34.55544375032691	0.27657616099799115	0.34890121750186065	two_part_floor_sensitivity_required	HPVVT-FJ-M06|Fc-receptor engagement|pairwise_persistence_dose_contrast	0.6222963622454801	no
HPVVT-FJ-M06	Heterologous BPV control	pairwise_recall_dose_contrast	BPV	heterologous_control_antigen	FcgR2B	fc_gamma_receptor_binding	Fc-receptor engagement	high	3	1	dose3_minus_dose1	19	20	0.9653363567008676	0.4282853652235089	0.5370509914773587	-0.6956016399622023	1.7697036229169196	1.4510034920640946	0.6174517720134256	3.409839001865264	0.8828141430146592	36.965275625390696	0.3830419988180651	0.2764417639493239	two_part_floor_sensitivity_required	HPVVT-FJ-M06|Fc-receptor engagement|pairwise_recall_dose_contrast	0.49248256990894085	no
HPVVT-FJ-M06	Heterologous BPV control	pairwise_persistence_dose_contrast	BPV	heterologous_control_antigen	FcgR2B	fc_gamma_receptor_binding	Fc-receptor engagement	high	3	2	dose3_minus_dose2	19	21	1.4184208069600677	0.4940624284510985	0.9243583785089692	-0.14736388677470214	1.9960806437926406	1.897840012371037	0.9028987459038883	3.989147984640021	1.7683033306429397	27.463518669108595	0.08811863677683916	0.5639345419002993	two_part_floor_sensitivity_required	HPVVT-FJ-M06|Fc-receptor engagement|pairwise_persistence_dose_contrast	0.2643559103305175	no
HPVVT-FJ-M06	Heterologous BPV control	pairwise_recall_dose_contrast	BPV	heterologous_control_antigen	FcgR2B	fc_gamma_receptor_binding	Fc-receptor engagement	high	3	2	dose3_minus_dose2	19	21	0.9653363567008676	2.5531120931337616	-1.587775736432894	-3.0833655260942856	-0.09218594677150227	0.3326839711954859	0.11798165637522813	0.9381002783890173	-2.1557565384505457	34.76731002265898	0.03810693514129518	-0.655416152705759	two_part_floor_sensitivity_required	HPVVT-FJ-M06|Fc-receptor engagement|pairwise_recall_dose_contrast	0.1714812081358283	no
HPVVT-FJ-M06	Heterologous BPV control	pairwise_persistence_dose_contrast	BPV	heterologous_control_antigen	FcgR3A	fc_gamma_receptor_binding	Fc-receptor engagement	high	2	1	dose2_minus_dose1	21	20	1.863645744585669	1.9887926258115385	-0.1251468812258696	-1.2514859485610543	1.0011921861093152	0.9169106874933399	0.42001537688015994	2.0016534039404648	-0.2247956340018736	38.70052061445436	0.8233209950726552	-0.06863922591369377	two_part_floor_sensitivity_required	HPVVT-FJ-M06|Fc-receptor engagement|pairwise_persistence_dose_contrast	0.9304907907856587	no
HPVVT-FJ-M06	Heterologous BPV control	pairwise_recall_dose_contrast	BPV	heterologous_control_antigen	FcgR3A	fc_gamma_receptor_binding	Fc-receptor engagement	high	2	1	dose2_minus_dose1	21	20	1.183176571426511	0.6327174168822417	0.5504591545442693	-0.3784042011636406	1.4793225102521792	1.4645517324725121	0.7692880477623377	2.7881776966732246	1.1990386782795956	38.637209205922794	0.23781508931531173	0.3678087975366193	two_part_floor_sensitivity_required	HPVVT-FJ-M06|Fc-receptor engagement|pairwise_recall_dose_contrast	0.49248256990894085	no
HPVVT-FJ-M06	Heterologous BPV control	pairwise_persistence_dose_contrast	BPV	heterologous_control_antigen	FcgR3A	fc_gamma_receptor_binding	Fc-receptor engagement	high	3	1	dose3_minus_dose1	19	20	1.9217437158369333	1.9887926258115385	-0.06704890997460522	-1.3571618148560414	1.223063994906831	0.9545886513071024	0.39034946166273476	2.3344197512731073	-0.10572632552295241	33.0838706494001	0.9164379465301924	-0.03343704163056795	two_part_floor_sensitivity_required	HPVVT-FJ-M06|Fc-receptor engagement|pairwise_persistence_dose_contrast	0.9304907907856587	no
HPVVT-FJ-M06	Heterologous BPV control	pairwise_recall_dose_contrast	BPV	heterologous_control_antigen	FcgR3A	fc_gamma_receptor_binding	Fc-receptor engagement	high	3	1	dose3_minus_dose1	19	20	1.1548898546707347	0.6327174168822417	0.522172437788493	-0.5881259267622173	1.6324708023392032	1.436116151813854	0.6652064549418237	3.1004353403049953	0.9552932514853363	34.46000640376255	0.34608332998284363	0.30153662057676284	two_part_floor_sensitivity_required	HPVVT-FJ-M06|Fc-receptor engagement|pairwise_recall_dose_contrast	0.49248256990894085	no
HPVVT-FJ-M06	Heterologous BPV control	pairwise_persistence_dose_contrast	BPV	heterologous_control_antigen	FcgR3A	fc_gamma_receptor_binding	Fc-receptor engagement	high	3	2	dose3_minus_dose2	19	21	1.9217437158369333	1.863645744585669	0.05809797125126437	-1.283796398693503	1.3999923411960318	1.041092294296151	0.4107133084777249	2.639001811896746	0.08784803529605208	35.525781720381204	0.9304907907856588	0.027490678321217307	two_part_floor_sensitivity_required	HPVVT-FJ-M06|Fc-receptor engagement|pairwise_persistence_dose_contrast	0.9304907907856587	no
HPVVT-FJ-M06	Heterologous BPV control	pairwise_recall_dose_contrast	BPV	heterologous_control_antigen	FcgR3A	fc_gamma_receptor_binding	Fc-receptor engagement	high	3	2	dose3_minus_dose2	19	21	1.1548898546707347	1.183176571426511	-0.02828671675577632	-1.1113778974358162	1.0548044639242635	0.9805841063663543	0.46285175666934353	2.0774366215600635	-0.05310055811482237	33.56864139161152	0.9579665419591724	-0.01670397829960132	two_part_floor_sensitivity_required	HPVVT-FJ-M06|Fc-receptor engagement|pairwise_recall_dose_contrast	0.9579665419591724	no
HPVVT-FJ-M06	Heterologous BPV control	pairwise_persistence_dose_contrast	BPV	heterologous_control_antigen	IgA1	antibody_isotype_or_subclass	Antibody abundance	low	2	1	dose2_minus_dose1	21	20	6.75594962973909	6.319631208730053	0.4363184210090374	-1.1707242279545338	2.0433610699726086	1.3531468546878875	0.44419829858484516	4.1220473292785185	0.5495465536922457	38.17865634744716	0.5858308887464418	0.16878593232836878	continuous_model_plus_floor_summary	HPVVT-FJ-M06|Antibody abundance|pairwise_persistence_dose_contrast	0.886106037391358	no
HPVVT-FJ-M06	Heterologous BPV control	pairwise_recall_dose_contrast	BPV	heterologous_control_antigen	IgA1	antibody_isotype_or_subclass	Antibody abundance	low	2	1	dose2_minus_dose1	21	20	0.5867816619183217	0.27410760565272174	0.31267405626559996	-1.5729328570090977	2.198280969540298	1.242007647046673	0.33612439139486266	4.589321795187013	0.33602725689795065	36.86640589569845	0.7387553717688964	0.10345083998207678	continuous_model_plus_floor_summary	HPVVT-FJ-M06|Antibody abundance|pairwise_recall_dose_contrast	0.8059149510206143	no
HPVVT-FJ-M06	Heterologous BPV control	pairwise_persistence_dose_contrast	BPV	heterologous_control_antigen	IgA1	antibody_isotype_or_subclass	Antibody abundance	low	3	1	dose3_minus_dose1	19	20	5.982873030891002	6.319631208730053	-0.3367581778390507	-2.126547476724825	1.4530311210467235	0.7918185780712715	0.22900524132249162	2.7378266844813575	-0.38142574076819225	36.4700699689924	0.7051006022025527	-0.11991494764429705	continuous_model_plus_floor_summary	HPVVT-FJ-M06|Antibody abundance|pairwise_persistence_dose_contrast	0.886106037391358	no
HPVVT-FJ-M06	Heterologous BPV control	pairwise_recall_dose_contrast	BPV	heterologous_control_antigen	IgA1	antibody_isotype_or_subclass	Antibody abundance	low	3	1	dose3_minus_dose1	19	20	1.1527572804020554	0.27410760565272174	0.8786496747493336	-0.9587058376519592	2.7160051871506266	1.838653563435992	0.5145182523929831	6.570509229969498	0.9711362896500376	34.69056290649697	0.3382033319687525	0.3023013956972932	continuous_model_plus_floor_summary	HPVVT-FJ-M06|Antibody abundance|pairwise_recall_dose_contrast	0.6468242550517379	no
HPVVT-FJ-M06	Heterologous BPV control	pairwise_persistence_dose_contrast	BPV	heterologous_control_antigen	IgA1	antibody_isotype_or_subclass	Antibody abundance	low	3	2	dose3_minus_dose2	19	21	5.982873030891002	6.75594962973909	-0.7730765988480881	-2.474640824129687	0.9284876264335111	0.5851682508281112	0.17991148300236695	1.9032797465891957	-0.9218755745930327	35.50555121085097	0.3628156029453051	-0.28850400896748674	continuous_model_plus_floor_summary	HPVVT-FJ-M06|Antibody abundance|pairwise_persistence_dose_contrast	0.886106037391358	no
HPVVT-FJ-M06	Heterologous BPV control	pairwise_recall_dose_contrast	BPV	heterologous_control_antigen	IgA1	antibody_isotype_or_subclass	Antibody abundance	low	3	2	dose3_minus_dose2	19	21	1.1527572804020554	0.5867816619183217	0.5659756184837337	-1.0441435823032885	2.176094819270756	1.4803882792574286	0.48493269048873683	4.519285872754896	0.7116094674598492	37.98149918551219	0.4810547216163057	0.21943320027235633	continuous_model_plus_floor_summary	HPVVT-FJ-M06|Antibody abundance|pairwise_recall_dose_contrast	0.6468242550517379	no
HPVVT-FJ-M06	Heterologous BPV control	pairwise_persistence_dose_contrast	BPV	heterologous_control_antigen	IgA2	antibody_isotype_or_subclass	Antibody abundance	high	2	1	dose2_minus_dose1	21	20	3.125997709094865	2.780605800496215	0.3453919085986499	-1.7318390491432996	2.4226228663405993	1.2704960663542364	0.30106793136533827	5.361448651476753	0.33633765955808853	38.94782949924683	0.7384216978261317	0.1030169229142631	two_part_floor_sensitivity_required	HPVVT-FJ-M06|Antibody abundance|pairwise_persistence_dose_contrast	0.886106037391358	no
HPVVT-FJ-M06	Heterologous BPV control	pairwise_recall_dose_contrast	BPV	heterologous_control_antigen	IgA2	antibody_isotype_or_subclass	Antibody abundance	high	2	1	dose2_minus_dose1	21	20	0.7795382084971871	0.11975710780333752	0.6597811006938497	-1.1111900184554337	2.430752219843133	1.5798428968672957	0.46291203675363296	5.391744825400591	0.7556660594076957	35.87287126891653	0.4547830040447389	0.23296474135448372	two_part_floor_sensitivity_required	HPVVT-FJ-M06|Antibody abundance|pairwise_recall_dose_contrast	0.6468242550517379	no
HPVVT-FJ-M06	Heterologous BPV control	pairwise_persistence_dose_contrast	BPV	heterologous_control_antigen	IgA2	antibody_isotype_or_subclass	Antibody abundance	high	3	1	dose3_minus_dose1	19	20	3.4615596950667573	2.780605800496215	0.6809538945705422	-1.3346293484714296	2.696537137612514	1.6031994231759212	0.3964939208775594	6.482440852517687	0.6845971833577567	36.90573880786683	0.49787519020448445	0.21426096856939042	two_part_floor_sensitivity_required	HPVVT-FJ-M06|Antibody abundance|pairwise_persistence_dose_contrast	0.886106037391358	no
HPVVT-FJ-M06	Heterologous BPV control	pairwise_recall_dose_contrast	BPV	heterologous_control_antigen	IgA2	antibody_isotype_or_subclass	Antibody abundance	high	3	1	dose3_minus_dose1	19	20	-0.026055664861395492	0.11975710780333752	-0.14581277266473303	-1.8853745446186574	1.5937489992891916	0.9038700198656908	0.27067348148591147	3.0183267615543206	-0.17033464606074847	34.06106734419015	0.8657547303043022	-0.05297381075017387	two_part_floor_sensitivity_required	HPVVT-FJ-M06|Antibody abundance|pairwise_recall_dose_contrast	0.8657547303043022	no
HPVVT-FJ-M06	Heterologous BPV control	pairwise_persistence_dose_contrast	BPV	heterologous_control_antigen	IgA2	antibody_isotype_or_subclass	Antibody abundance	high	3	2	dose3_minus_dose2	19	21	3.4615596950667573	3.125997709094865	0.33556198597189235	-1.666290601699512	2.3374145736432967	1.2618688602290573	0.3150623785679213	5.053961147800161	0.33934273227387746	37.99250538948931	0.7362202549880539	0.1046829680714699	two_part_floor_sensitivity_required	HPVVT-FJ-M06|Antibody abundance|pairwise_persistence_dose_contrast	0.886106037391358	no
HPVVT-FJ-M06	Heterologous BPV control	pairwise_recall_dose_contrast	BPV	heterologous_control_antigen	IgA2	antibody_isotype_or_subclass	Antibody abundance	high	3	2	dose3_minus_dose2	19	21	-0.026055664861395492	0.7795382084971871	-0.8055938733585827	-2.2756781667189734	0.6644904200018079	0.572126520717974	0.20651548012126938	1.5850083273013784	-1.1093514488856848	37.9995706554513	0.2742501099835909	-0.3424067340443524	two_part_floor_sensitivity_required	HPVVT-FJ-M06|Antibody abundance|pairwise_recall_dose_contrast	0.6468242550517379	no
HPVVT-FJ-M06	Heterologous BPV control	pairwise_persistence_dose_contrast	BPV	heterologous_control_antigen	IgG	antibody_isotype_or_subclass	Antibody abundance	none	2	1	dose2_minus_dose1	21	20	8.555018006486833	7.934711469556904	0.6203065369299292	-0.19997735556478557	1.440590429424644	1.537201763857051	0.8705642275009501	2.7143192749700367	1.530227223701571	38.48944647535915	0.13413875057226868	0.4669248851317578	standard_continuous_model	HPVVT-FJ-M06|Antibody abundance|pairwise_persistence_dose_contrast	0.8048325034336121	no
HPVVT-FJ-M06	Heterologous BPV control	pairwise_recall_dose_contrast	BPV	heterologous_control_antigen	IgG	antibody_isotype_or_subclass	Antibody abundance	none	2	1	dose2_minus_dose1	21	20	0.6213195011101276	1.0073326468856494	-0.3860131457755218	-1.1678872453864468	0.3958609538354032	0.7652414120325415	0.44507265016138364	1.31572770979574	-0.9986321139747818	38.969872393969666	0.32413370031057154	-0.30537980906306655	standard_continuous_model	HPVVT-FJ-M06|Antibody abundance|pairwise_recall_dose_contrast	0.6468242550517379	no
HPVVT-FJ-M06	Heterologous BPV control	pairwise_persistence_dose_contrast	BPV	heterologous_control_antigen	IgG	antibody_isotype_or_subclass	Antibody abundance	none	3	1	dose3_minus_dose1	19	20	8.512360088623389	7.934711469556904	0.5776486190664851	-0.08480434824122385	1.2401015863741942	1.4924148484023418	0.9429124007514704	2.3621516462788037	1.7722680203931775	33.905152145648586	0.08533675984740312	0.5510531098856846	standard_continuous_model	HPVVT-FJ-M06|Antibody abundance|pairwise_persistence_dose_contrast	0.8048325034336121	no
HPVVT-FJ-M06	Heterologous BPV control	pairwise_recall_dose_contrast	BPV	heterologous_control_antigen	IgG	antibody_isotype_or_subclass	Antibody abundance	none	3	1	dose3_minus_dose1	19	20	1.271153049301261	1.0073326468856494	0.26382040241561167	-0.4490405310741422	0.9766813359053655	1.2006539517015078	0.7325298573229424	1.9679333167452278	0.7502117047988139	36.50314640013221	0.45793576251900636	0.23439085471803536	standard_continuous_model	HPVVT-FJ-M06|Antibody abundance|pairwise_recall_dose_contrast	0.6468242550517379	no
HPVVT-FJ-M06	Heterologous BPV control	pairwise_persistence_dose_contrast	BPV	heterologous_control_antigen	IgG	antibody_isotype_or_subclass	Antibody abundance	none	3	2	dose3_minus_dose2	19	21	8.512360088623389	8.555018006486833	-0.042657917863444084	-0.7745738279984775	0.6892579922715893	0.9708646473691699	0.5845612781339492	1.6124539868945538	-0.11860036604271361	32.82769637132573	0.9063147495533589	-0.03589566829078261	standard_continuous_model	HPVVT-FJ-M06|Antibody abundance|pairwise_persistence_dose_contrast	0.9887069995127551	no
HPVVT-FJ-M06	Heterologous BPV control	pairwise_recall_dose_contrast	BPV	heterologous_control_antigen	IgG	antibody_isotype_or_subclass	Antibody abundance	none	3	2	dose3_minus_dose2	19	21	1.271153049301261	0.6213195011101276	0.6498335481911335	-0.08518386932226762	1.3848509657045347	1.5689871625118619	0.9426643870976813	2.611449790424653	1.790984953888002	37.23690473343858	0.08142747898778277	0.5489104799394796	standard_continuous_model	HPVVT-FJ-M06|Antibody abundance|pairwise_recall_dose_contrast	0.6468242550517379	no
HPVVT-FJ-M06	Heterologous BPV control	pairwise_persistence_dose_contrast	BPV	heterologous_control_antigen	IgG1	antibody_isotype_or_subclass	IgG subclass architecture	none	2	1	dose2_minus_dose1	21	20	7.551437355660973	6.865982527817553	0.6854548278434196	-0.0901311535397118	1.461040809226551	1.6082089097565622	0.9394373422985428	2.753069077595258	1.7916669470904452	36.43422621013368	0.0814954855355489	0.5519364645638213	standard_continuous_model	HPVVT-FJ-M06|IgG subclass architecture|pairwise_persistence_dose_contrast	0.4388833150438395	no
HPVVT-FJ-M06	Heterologous BPV control	pairwise_recall_dose_contrast	BPV	heterologous_control_antigen	IgG1	antibody_isotype_or_subclass	IgG subclass architecture	none	2	1	dose2_minus_dose1	21	20	0.501383217451947	1.1968993846475602	-0.6955161671956132	-1.2799164244622254	-0.11111590992900078	0.6174883541552272	0.4118193646996868	0.9258716325673098	-2.4083112801169784	38.48387178663974	0.020919620012957114	-0.7391074733727574	standard_continuous_model	HPVVT-FJ-M06|IgG subclass architecture|pairwise_recall_dose_contrast	0.19917459041357222	no
HPVVT-FJ-M06	Heterologous BPV control	pairwise_persistence_dose_contrast	BPV	heterologous_control_antigen	IgG1	antibody_isotype_or_subclass	IgG subclass architecture	none	3	1	dose3_minus_dose1	19	20	7.772692032093803	6.865982527817553	0.9067095042762503	0.22592601612095153	1.587492992431549	1.8747646592461684	1.1695276871260278	3.0052666270735795	2.734464370153704	26.64395341730115	0.010967071690290816	0.8432522692880765	standard_continuous_model	HPVVT-FJ-M06|IgG subclass architecture|pairwise_persistence_dose_contrast	0.13160486028348978	no
HPVVT-FJ-M06	Heterologous BPV control	pairwise_recall_dose_contrast	BPV	heterologous_control_antigen	IgG1	antibody_isotype_or_subclass	IgG subclass architecture	none	3	1	dose3_minus_dose1	19	20	0.8643314015821352	1.1968993846475602	-0.332567983065425	-0.8714468801728882	0.20631091404203816	0.7941216961205928	0.5465983916256195	1.153734218598621	-1.2534221034256272	34.57919888096333	0.21846104632371263	-0.39010664590326133	standard_continuous_model	HPVVT-FJ-M06|IgG subclass architecture|pairwise_recall_dose_contrast	0.2912813950982835	no
HPVVT-FJ-M06	Heterologous BPV control	pairwise_persistence_dose_contrast	BPV	heterologous_control_antigen	IgG1	antibody_isotype_or_subclass	IgG subclass architecture	none	3	2	dose3_minus_dose2	19	21	7.772692032093803	7.551437355660973	0.2212546764328307	-0.3361325442747972	0.7786418971404586	1.1657469672456644	0.7921620295248434	1.7155151862777396	0.8085913235436253	31.968453284026687	0.42472714524757227	0.24428246523481303	standard_continuous_model	HPVVT-FJ-M06|IgG subclass architecture|pairwise_persistence_dose_contrast	0.5096725742970867	no
HPVVT-FJ-M06	Heterologous BPV control	pairwise_recall_dose_contrast	BPV	heterologous_control_antigen	IgG1	antibody_isotype_or_subclass	IgG subclass architecture	none	3	2	dose3_minus_dose2	19	21	0.8643314015821352	0.501383217451947	0.36294818413018815	-0.14509150058146114	0.8709878688418374	1.286051292751932	0.9043220205920564	1.8289148001793598	1.4473788394630636	37.11511845317836	0.1561852931424261	0.4433503502060253	standard_continuous_model	HPVVT-FJ-M06|IgG subclass architecture|pairwise_recall_dose_contrast	0.2912813950982835	no
HPVVT-FJ-M06	Heterologous BPV control	pairwise_persistence_dose_contrast	BPV	heterologous_control_antigen	IgG2	antibody_isotype_or_subclass	IgG subclass architecture	high	2	1	dose2_minus_dose1	21	20	2.535112024990198	3.3537060734735507	-0.8185940484833525	-2.7578837136143397	1.1206956166476347	0.5669942271330621	0.14784079104735595	2.1745179481570958	-0.8555011099083221	36.71456821735517	0.39782256074012123	-0.26343778207784985	two_part_floor_sensitivity_required	HPVVT-FJ-M06|IgG subclass architecture|pairwise_persistence_dose_contrast	0.5096725742970867	no
HPVVT-FJ-M06	Heterologous BPV control	pairwise_recall_dose_contrast	BPV	heterologous_control_antigen	IgG2	antibody_isotype_or_subclass	IgG subclass architecture	high	2	1	dose2_minus_dose1	21	20	0.884500811237386	-0.6512664667483063	1.5357672779856923	0.1290297759163883	2.942504780054996	2.899425919874338	1.0935580272969934	7.68744817832701	2.2100187733895917	38.030554569969766	0.033195765068928705	0.6789996857711728	two_part_floor_sensitivity_required	HPVVT-FJ-M06|IgG subclass architecture|pairwise_recall_dose_contrast	0.19917459041357222	no
HPVVT-FJ-M06	Heterologous BPV control	pairwise_persistence_dose_contrast	BPV	heterologous_control_antigen	IgG2	antibody_isotype_or_subclass	IgG subclass architecture	high	3	1	dose3_minus_dose1	19	20	1.846968904978885	3.3537060734735507	-1.5067371684946655	-3.373049451888721	0.35957511489938976	0.3519061985857565	0.09651858317009343	1.2830479741382013	-1.6408614941123345	33.90932633608958	0.11007089423994341	-0.5101976782324172	two_part_floor_sensitivity_required	HPVVT-FJ-M06|IgG subclass architecture|pairwise_persistence_dose_contrast	0.4388833150438395	no
HPVVT-FJ-M06	Heterologous BPV control	pairwise_recall_dose_contrast	BPV	heterologous_control_antigen	IgG2	antibody_isotype_or_subclass	IgG subclass architecture	high	3	1	dose3_minus_dose1	19	20	0.1350985969499484	-0.6512664667483063	0.7863650636982548	-0.4429442570034209	2.0156743843999303	1.724723463802932	0.7356317957943246	4.043695560195813	1.3064708758678594	29.962133507528687	0.20133276805314285	0.40431844019091406	two_part_floor_sensitivity_required	HPVVT-FJ-M06|IgG subclass architecture|pairwise_recall_dose_contrast	0.2912813950982835	no
HPVVT-FJ-M06	Heterologous BPV control	pairwise_persistence_dose_contrast	BPV	heterologous_control_antigen	IgG2	antibody_isotype_or_subclass	IgG subclass architecture	high	3	2	dose3_minus_dose2	19	21	1.846968904978885	2.535112024990198	-0.6881431200113131	-2.3057261610597726	0.9294399210371462	0.6206521720073372	0.20225872431505526	1.9045364788190349	-0.8613111331802119	37.85985336215253	0.39448910455244923	-0.2650747008784187	two_part_floor_sensitivity_required	HPVVT-FJ-M06|IgG subclass architecture|pairwise_persistence_dose_contrast	0.5096725742970867	no
HPVVT-FJ-M06	Heterologous BPV control	pairwise_recall_dose_contrast	BPV	heterologous_control_antigen	IgG2	antibody_isotype_or_subclass	IgG subclass architecture	high	3	2	dose3_minus_dose2	19	21	0.1350985969499484	0.884500811237386	-0.7494022142874376	-1.8582896868257142	0.3594852582508389	0.5948499846058085	0.2758030494095055	1.2829680634174137	-1.3737409749681218	33.78586563647363	0.17856897576432731	-0.41666940547928794	two_part_floor_sensitivity_required	HPVVT-FJ-M06|IgG subclass architecture|pairwise_recall_dose_contrast	0.2912813950982835	no
HPVVT-FJ-M06	Heterologous BPV control	pairwise_persistence_dose_contrast	BPV	heterologous_control_antigen	IgG3	antibody_isotype_or_subclass	IgG subclass architecture	low	2	1	dose2_minus_dose1	21	20	6.862598022918625	5.712837873979888	1.1497601489387375	-0.4198899062594177	2.7194102041368926	2.218770038321707	0.7474816633382891	6.5860351155211205	1.48352917391666	37.483399236865715	0.1462944383479465	0.45627168614405544	continuous_model_plus_floor_summary	HPVVT-FJ-M06|IgG subclass architecture|pairwise_persistence_dose_contrast	0.4388833150438395	no
HPVVT-FJ-M06	Heterologous BPV control	pairwise_recall_dose_contrast	BPV	heterologous_control_antigen	IgG3	antibody_isotype_or_subclass	IgG subclass architecture	low	2	1	dose2_minus_dose1	21	20	1.2848390635515081	2.4104602026815707	-1.1256211391300626	-2.8957016920073673	0.6444594137472421	0.45830466024741884	0.1343714278953969	1.5631534537834388	-1.2894883578628926	36.1675775267969	0.2054139407765454	-0.39738209797986435	continuous_model_plus_floor_summary	HPVVT-FJ-M06|IgG subclass architecture|pairwise_recall_dose_contrast	0.2912813950982835	no
HPVVT-FJ-M06	Heterologous BPV control	pairwise_persistence_dose_contrast	BPV	heterologous_control_antigen	IgG3	antibody_isotype_or_subclass	IgG subclass architecture	low	3	1	dose3_minus_dose1	19	20	6.452904991613756	5.712837873979888	0.7400671176338678	-0.8777706616723153	2.3579048969400507	1.6702535412504187	0.5442077240577021	5.126253760712459	0.927070639715623	36.759310483686846	0.35993713579389086	0.28991814079672584	continuous_model_plus_floor_summary	HPVVT-FJ-M06|IgG subclass architecture|pairwise_persistence_dose_contrast	0.5096725742970867	no
HPVVT-FJ-M06	Heterologous BPV control	pairwise_recall_dose_contrast	BPV	heterologous_control_antigen	IgG3	antibody_isotype_or_subclass	IgG subclass architecture	low	3	1	dose3_minus_dose1	19	20	0.8778632210720517	2.4104602026815707	-1.5325969816095188	-3.471360350393624	0.40616638717458664	0.3456545971249475	0.09016052019473976	1.3251598399781686	-1.6017250591587937	36.98961866403038	0.11772329381363934	-0.5017422619010545	continuous_model_plus_floor_summary	HPVVT-FJ-M06|IgG subclass architecture|pairwise_recall_dose_contrast	0.2912813950982835	no
HPVVT-FJ-M06	Heterologous BPV control	pairwise_persistence_dose_contrast	BPV	heterologous_control_antigen	IgG3	antibody_isotype_or_subclass	IgG subclass architecture	low	3	2	dose3_minus_dose2	19	21	6.452904991613756	6.862598022918625	-0.40969303130486967	-1.8868047593997597	1.0674186967900203	0.752783529794647	0.2704052824692658	2.0956803711647063	-0.5617606846054706	37.446038752620694	0.5776262005427355	-0.17450213196352213	continuous_model_plus_floor_summary	HPVVT-FJ-M06|IgG subclass architecture|pairwise_persistence_dose_contrast	0.6301376733193478	no
HPVVT-FJ-M06	Heterologous BPV control	pairwise_recall_dose_contrast	BPV	heterologous_control_antigen	IgG3	antibody_isotype_or_subclass	IgG subclass architecture	low	3	2	dose3_minus_dose2	19	21	0.8778632210720517	1.2848390635515081	-0.4069758424794564	-2.1310094426172377	1.3170577576583251	0.7542026671479699	0.22829806825905283	2.491574578229292	-0.4789894530714907	35.49413873262407	0.6348839672819722	-0.14990641078019157	continuous_model_plus_floor_summary	HPVVT-FJ-M06|IgG subclass architecture|pairwise_recall_dose_contrast	0.6348839672819722	no
HPVVT-FJ-M06	Heterologous BPV control	pairwise_persistence_dose_contrast	BPV	heterologous_control_antigen	IgG4	antibody_isotype_or_subclass	IgG subclass architecture	high	2	1	dose2_minus_dose1	21	20	0.7542459244140458	1.3808973329930065	-0.6266514085789607	-1.8740436771800406	0.6207408600221191	0.6476779758170981	0.2728077099632597	1.5376646078478782	-1.0267738590954505	29.453306733664327	0.3128861143395517	-0.31876570586466824	two_part_floor_sensitivity_required	HPVVT-FJ-M06|IgG subclass architecture|pairwise_persistence_dose_contrast	0.5096725742970867	no
HPVVT-FJ-M06	Heterologous BPV control	pairwise_recall_dose_contrast	BPV	heterologous_control_antigen	IgG4	antibody_isotype_or_subclass	IgG subclass architecture	high	2	1	dose2_minus_dose1	21	20	0.274641530042122	-0.17324413043453363	0.4478856604766556	-0.36592561224744485	1.2616969332007562	1.364039724829702	0.7759708635899507	2.3977760740984415	1.1174999426284913	34.80959792635718	0.27143436181046354	0.344966914060475	two_part_floor_sensitivity_required	HPVVT-FJ-M06|IgG subclass architecture|pairwise_recall_dose_contrast	0.3257212341725563	no
HPVVT-FJ-M06	Heterologous BPV control	pairwise_persistence_dose_contrast	BPV	heterologous_control_antigen	IgG4	antibody_isotype_or_subclass	IgG subclass architecture	high	3	1	dose3_minus_dose1	19	20	1.419849596358852	1.3808973329930065	0.03895226336584545	-1.3762307597805	1.4541352865121908	1.0273674447551158	0.38522393249388603	2.739922879945699	0.055814375253624635	36.14887557079834	0.9557970424989856	0.017421529892047934	two_part_floor_sensitivity_required	HPVVT-FJ-M06|IgG subclass architecture|pairwise_persistence_dose_contrast	0.9557970424989856	no
HPVVT-FJ-M06	Heterologous BPV control	pairwise_recall_dose_contrast	BPV	heterologous_control_antigen	IgG4	antibody_isotype_or_subclass	IgG subclass architecture	high	3	1	dose3_minus_dose1	19	20	-0.74133466461052	-0.17324413043453363	-0.5680905341759863	-1.7494782520217684	0.6132971836697958	0.6745089380391139	0.29740931683030736	1.5297513620067282	-0.9795187763123073	31.979635234380837	0.3346761674213822	-0.31021615094737004	two_part_floor_sensitivity_required	HPVVT-FJ-M06|IgG subclass architecture|pairwise_recall_dose_contrast	0.3651012735505988	no
HPVVT-FJ-M06	Heterologous BPV control	pairwise_persistence_dose_contrast	BPV	heterologous_control_antigen	IgG4	antibody_isotype_or_subclass	IgG subclass architecture	high	3	2	dose3_minus_dose2	19	21	1.419849596358852	0.7542459244140458	0.6656036719448062	-0.42180215805923704	1.7530095019488494	1.5862318669382092	0.7464915536914419	3.37060951761325	1.2476468591517091	31.46297635352248	0.2213669580226375	0.39440567590656395	two_part_floor_sensitivity_required	HPVVT-FJ-M06|IgG subclass architecture|pairwise_persistence_dose_contrast	0.5096725742970867	no
HPVVT-FJ-M06	Heterologous BPV control	pairwise_recall_dose_contrast	BPV	heterologous_control_antigen	IgG4	antibody_isotype_or_subclass	IgG subclass architecture	high	3	2	dose3_minus_dose2	19	21	-0.74133466461052	0.274641530042122	-1.015976194652642	-2.112451785940666	0.08049939663538197	0.4944936175691842	0.23125367762019472	1.0573839963672216	-1.9038743700891994	26.21081635927319	0.06796016624662164	-0.608865527075544	two_part_floor_sensitivity_required	HPVVT-FJ-M06|IgG subclass architecture|pairwise_recall_dose_contrast	0.27184066498648657	no
HPVVT-FJ-M06	Heterologous BPV control	pairwise_persistence_dose_contrast	BPV	heterologous_control_antigen	IgM	antibody_isotype_or_subclass	Antibody abundance	none	2	1	dose2_minus_dose1	21	20	9.256335789167192	9.25863178091532	-0.002295991748127335	-0.6967217991069214	0.6921298156106668	0.9984098054944648	0.6169725468201072	1.6156669285288991	-0.006688359508957918	38.872311827985186	0.9946977088241769	-0.0020437850043261247	standard_continuous_model	HPVVT-FJ-M06|Antibody abundance|pairwise_persistence_dose_contrast	0.994697708824177	no
HPVVT-FJ-M06	Heterologous BPV control	pairwise_recall_dose_contrast	BPV	heterologous_control_antigen	IgM	antibody_isotype_or_subclass	Antibody abundance	none	2	1	dose2_minus_dose1	21	20	0.23661715906617267	-0.04869057499366782	0.2853077340598405	-0.19272679655273145	0.7633422646724124	1.218670184391747	0.8749504387573533	1.6974184508492909	1.2090622373446316	37.219163972737874	0.2342637375724162	0.367981826005569	standard_continuous_model	HPVVT-FJ-M06|Antibody abundance|pairwise_recall_dose_contrast	0.6468242550517379	no
HPVVT-FJ-M06	Heterologous BPV control	pairwise_persistence_dose_contrast	BPV	heterologous_control_antigen	IgM	antibody_isotype_or_subclass	Antibody abundance	none	3	1	dose3_minus_dose1	19	20	9.013855724264372	9.25863178091532	-0.24477605665094693	-0.8415866693734095	0.3520345560715157	0.8439467881948927	0.5580295131369803	1.2763593403878601	-0.8324187056224344	35.24908776056903	0.41077711258525296	-0.25935685093216987	standard_continuous_model	HPVVT-FJ-M06|Antibody abundance|pairwise_persistence_dose_contrast	0.886106037391358	no
HPVVT-FJ-M06	Heterologous BPV control	pairwise_recall_dose_contrast	BPV	heterologous_control_antigen	IgM	antibody_isotype_or_subclass	Antibody abundance	none	3	1	dose3_minus_dose1	19	20	0.05462258006623045	-0.04869057499366782	0.10331315505989827	-0.36418491492476823	0.5708112250445647	1.074237623069367	0.776907683612554	1.4853585505188796	0.4485987634804373	35.08329463885399	0.6564797164335766	0.14145714763443173	standard_continuous_model	HPVVT-FJ-M06|Antibody abundance|pairwise_recall_dose_contrast	0.787775659720292	no
HPVVT-FJ-M06	Heterologous BPV control	pairwise_persistence_dose_contrast	BPV	heterologous_control_antigen	IgM	antibody_isotype_or_subclass	Antibody abundance	none	3	2	dose3_minus_dose2	19	21	9.013855724264372	9.256335789167192	-0.2424800649028196	-0.872051880610159	0.38709175080451985	0.8452909652434012	0.5463692212689978	1.3077545149095027	-0.781620285373219	35.35087797957026	0.43964152726477523	-0.2380027400494646	standard_continuous_model	HPVVT-FJ-M06|Antibody abundance|pairwise_persistence_dose_contrast	0.886106037391358	no
HPVVT-FJ-M06	Heterologous BPV control	pairwise_recall_dose_contrast	BPV	heterologous_control_antigen	IgM	antibody_isotype_or_subclass	Antibody abundance	none	3	2	dose3_minus_dose2	19	21	0.05462258006623045	0.23661715906617267	-0.18199457899994223	-0.7046012889878778	0.34061213098799337	0.8814834701199589	0.6136120463430468	1.2662937644811594	-0.7049867312403137	37.99361721154894	0.4851181912888034	-0.21777831460992397	standard_continuous_model	HPVVT-FJ-M06|Antibody abundance|pairwise_recall_dose_contrast	0.6468242550517379	no
HPVVT-FJ-M02	Six-year 4vHPV persistence	pairwise_persistence_dose_contrast	HPV16	vaccine_target_2vHPV_and_4vHPV	ADCP	antibody_dependent_cellular_phagocytosis	Phagocytic function	none	2	1	dose2_minus_dose1	21	20	5.928143134179809	5.040895220571604	0.8872479136082045	0.3845517227971629	1.3899441044192462	1.8496443729528502	1.305454090653341	2.620685270275527	3.5765990231857443	36.87382253034879	0.0009946857146193792	1.1010953074368255	standard_continuous_model	HPVVT-FJ-M02|Phagocytic function|pairwise_persistence_dose_contrast	0.005968114287716275	yes
HPVVT-FJ-M03	Heterologous 2vHPV recall	pairwise_recall_dose_contrast	HPV16	vaccine_target_2vHPV_and_4vHPV	ADCP	antibody_dependent_cellular_phagocytosis	Phagocytic function	none	2	1	dose2_minus_dose1	21	20	1.0534544515500721	1.76210230770852	-0.7086478561584479	-1.21282066867607	-0.2044750436408258	0.6118933578661788	0.43142429627342294	0.8678544176460945	-2.8442150723173683	38.4959317035143	0.00709264572557866	-0.8728555417024534	standard_continuous_model	HPVVT-FJ-M03|Phagocytic function|pairwise_recall_dose_contrast	0.04255587435347196	yes
HPVVT-FJ-M02	Six-year 4vHPV persistence	pairwise_persistence_dose_contrast	HPV16	vaccine_target_2vHPV_and_4vHPV	ADCP	antibody_dependent_cellular_phagocytosis	Phagocytic function	none	3	1	dose3_minus_dose1	19	20	5.501359783936761	5.040895220571604	0.4604645633651563	-0.20421499759202522	1.125144124322338	1.3759848287660819	0.8680108626650969	2.181233358279902	1.4087720149850322	33.413508449128265	0.16814088238564207	0.4453430281641939	standard_continuous_model	HPVVT-FJ-M02|Phagocytic function|pairwise_persistence_dose_contrast	0.20823280493080967	no
HPVVT-FJ-M03	Heterologous 2vHPV recall	pairwise_recall_dose_contrast	HPV16	vaccine_target_2vHPV_and_4vHPV	ADCP	antibody_dependent_cellular_phagocytosis	Phagocytic function	none	3	1	dose3_minus_dose1	19	20	1.4785603588977836	1.76210230770852	-0.28354194881073647	-0.8929991556123268	0.32591525799085386	0.8215715057457952	0.538493503268567	1.2534593917222716	-0.9450933663688174	34.376887375967705	0.35120697590141814	-0.2983547324065139	standard_continuous_model	HPVVT-FJ-M03|Phagocytic function|pairwise_recall_dose_contrast	0.42144837108170174	no
HPVVT-FJ-M02	Six-year 4vHPV persistence	pairwise_persistence_dose_contrast	HPV16	vaccine_target_2vHPV_and_4vHPV	ADCP	antibody_dependent_cellular_phagocytosis	Phagocytic function	none	3	2	dose3_minus_dose2	19	21	5.501359783936761	5.928143134179809	-0.42678335024304825	-1.0521835655371117	0.19861686505101528	0.7439185872089572	0.4822377294556792	1.1475976071379403	-1.394686916761687	29.492306257252235	0.1735273374423414	-0.4428106734011376	standard_continuous_model	HPVVT-FJ-M02|Phagocytic function|pairwise_persistence_dose_contrast	0.20823280493080967	no
HPVVT-FJ-M03	Heterologous 2vHPV recall	pairwise_recall_dose_contrast	HPV16	vaccine_target_2vHPV_and_4vHPV	ADCP	antibody_dependent_cellular_phagocytosis	Phagocytic function	none	3	2	dose3_minus_dose2	19	21	1.4785603588977836	1.0534544515500721	0.4251059073477115	-0.16621938774497502	1.016431202440398	1.3426710638121895	0.8911749664003737	2.0229086919713106	1.4624139140415089	33.12314114545731	0.15305209416447368	0.46053100156671833	standard_continuous_model	HPVVT-FJ-M03|Phagocytic function|pairwise_recall_dose_contrast	0.22957814124671053	no
HPVVT-FJ-M02	Six-year 4vHPV persistence	pairwise_persistence_dose_contrast	HPV16	vaccine_target_2vHPV_and_4vHPV	FcgR2A	fc_gamma_receptor_binding	Fc-receptor engagement	low	2	1	dose2_minus_dose1	21	20	12.019286697638181	10.953901237632772	1.065385460005409	-0.10531877537371126	2.2360896953845293	2.0927289412948507	0.9295995172348395	4.711184053494613	1.8870804131032122	22.044950677847158	0.07238779883988844	0.5905371825788355	continuous_model_plus_floor_summary	HPVVT-FJ-M02|Fc-receptor engagement|pairwise_persistence_dose_contrast	0.30402875512753147	no
HPVVT-FJ-M03	Heterologous 2vHPV recall	pairwise_recall_dose_contrast	HPV16	vaccine_target_2vHPV_and_4vHPV	FcgR2A	fc_gamma_receptor_binding	Fc-receptor engagement	low	2	1	dose2_minus_dose1	21	20	0.3647268484301326	1.0034217709890243	-0.6386949225588917	-1.7278203880461205	0.4504305429283372	0.6422937118551657	0.30190773229575824	1.3664479844608564	-1.2152536927511262	22.292946408512776	0.23698358575243691	-0.380185726170934	continuous_model_plus_floor_summary	HPVVT-FJ-M03|Fc-receptor engagement|pairwise_recall_dose_contrast	0.6557877293699199	no
HPVVT-FJ-M02	Six-year 4vHPV persistence	pairwise_persistence_dose_contrast	HPV16	vaccine_target_2vHPV_and_4vHPV	FcgR2A	fc_gamma_receptor_binding	Fc-receptor engagement	low	3	1	dose3_minus_dose1	19	20	11.963038466052728	10.953901237632772	1.0091372284199558	-0.14640243027085864	2.16467688711077	2.0127070855669484	0.903500666042813	4.483660017688841	1.817774627319199	20.693397774866355	0.08360719285762766	0.5568338415042505	continuous_model_plus_floor_summary	HPVVT-FJ-M02|Fc-receptor engagement|pairwise_persistence_dose_contrast	0.3098384205900319	no
HPVVT-FJ-M03	Heterologous 2vHPV recall	pairwise_recall_dose_contrast	HPV16	vaccine_target_2vHPV_and_4vHPV	FcgR2A	fc_gamma_receptor_binding	Fc-receptor engagement	low	3	1	dose3_minus_dose1	19	20	0.3793262679368998	1.0034217709890243	-0.6240955030521245	-1.6964992095035614	0.44830820339931243	0.6488264312491026	0.30853387261342075	1.3644392893447728	-1.211350891968656	20.691431525497663	0.23941456786520887	-0.3710688554927964	continuous_model_plus_floor_summary	HPVVT-FJ-M03|Fc-receptor engagement|pairwise_recall_dose_contrast	0.6557877293699199	no
HPVVT-FJ-M02	Six-year 4vHPV persistence	pairwise_persistence_dose_contrast	HPV16	vaccine_target_2vHPV_and_4vHPV	FcgR2A	fc_gamma_receptor_binding	Fc-receptor engagement	low	3	2	dose3_minus_dose2	19	21	11.963038466052728	12.019286697638181	-0.05624823158545311	-0.4459573588387044	0.3334608956677982	0.9617619586804252	0.7340970151087749	1.2600324563746497	-0.29271175766185	36.038736972371844	0.7714212371579015	-0.08930941325726906	continuous_model_plus_floor_summary	HPVVT-FJ-M02|Fc-receptor engagement|pairwise_persistence_dose_contrast	0.9068817012718411	no
HPVVT-FJ-M03	Heterologous 2vHPV recall	pairwise_recall_dose_contrast	HPV16	vaccine_target_2vHPV_and_4vHPV	FcgR2A	fc_gamma_receptor_binding	Fc-receptor engagement	low	3	2	dose3_minus_dose2	19	21	0.3793262679368998	0.3647268484301326	0.014599419506767186	-0.3566844172020395	0.3858832562155739	1.0101709222328648	0.780957304685243	1.3066595139104007	0.07979283236150048	35.4217056146861	0.9368511351667328	0.024301605933302408	continuous_model_plus_floor_summary	HPVVT-FJ-M03|Fc-receptor engagement|pairwise_recall_dose_contrast	0.9675675658279371	no
HPVVT-FJ-M02	Six-year 4vHPV persistence	pairwise_persistence_dose_contrast	HPV16	vaccine_target_2vHPV_and_4vHPV	FcgR2B	fc_gamma_receptor_binding	Fc-receptor engagement	moderate	2	1	dose2_minus_dose1	21	20	11.40609885728764	10.603064367882032	0.8030344894056078	-0.42098194880143813	2.027050927612654	1.7447671218544845	0.7469160740142413	4.075708657792707	1.367026171247612	20.348660638503528	0.18653060483342265	0.42869356522689345	above_floor_binary_sensitivity_required	HPVVT-FJ-M02|Fc-receptor engagement|pairwise_persistence_dose_contrast	0.4519780040194472	no
HPVVT-FJ-M03	Heterologous 2vHPV recall	pairwise_recall_dose_contrast	HPV16	vaccine_target_2vHPV_and_4vHPV	FcgR2B	fc_gamma_receptor_binding	Fc-receptor engagement	moderate	2	1	dose2_minus_dose1	21	20	0.14025377040338438	0.567756456232795	-0.42750268582941064	-1.6674791024455375	0.8124737307867163	0.7435477578157037	0.31480293518877944	1.7562201820679406	-0.7205723899121217	19.41102408297003	0.4797611940897216	-0.2262484416142112	above_floor_binary_sensitivity_required	HPVVT-FJ-M03|Fc-receptor engagement|pairwise_recall_dose_contrast	0.7953935586224332	no
HPVVT-FJ-M02	Six-year 4vHPV persistence	pairwise_persistence_dose_contrast	HPV16	vaccine_target_2vHPV_and_4vHPV	FcgR2B	fc_gamma_receptor_binding	Fc-receptor engagement	moderate	3	1	dose3_minus_dose1	19	20	11.236217170810656	10.603064367882032	0.633152802928624	-0.585554160563792	1.8518597664210399	1.5509506728101847	0.6663933178205012	3.609652025559916	1.0840818496132762	19.895584732745128	0.29129146692305663	0.3317549940372257	above_floor_binary_sensitivity_required	HPVVT-FJ-M02|Fc-receptor engagement|pairwise_persistence_dose_contrast	0.57461165608687	no
HPVVT-FJ-M03	Heterologous 2vHPV recall	pairwise_recall_dose_contrast	HPV16	vaccine_target_2vHPV_and_4vHPV	FcgR2B	fc_gamma_receptor_binding	Fc-receptor engagement	moderate	3	1	dose3_minus_dose1	19	20	0.1242531859870659	0.567756456232795	-0.4435032702457291	-1.692808444945514	0.8058019044540559	0.7353468095408405	0.3093241877260047	1.7481171914718452	-0.7400760236699078	20.187592209387507	0.4677742094854581	-0.2265639701783567	above_floor_binary_sensitivity_required	HPVVT-FJ-M03|Fc-receptor engagement|pairwise_recall_dose_contrast	0.7953935586224332	no
HPVVT-FJ-M02	Six-year 4vHPV persistence	pairwise_persistence_dose_contrast	HPV16	vaccine_target_2vHPV_and_4vHPV	FcgR2B	fc_gamma_receptor_binding	Fc-receptor engagement	moderate	3	2	dose3_minus_dose2	19	21	11.236217170810656	11.40609885728764	-0.16988168647698387	-0.4541871882366938	0.11442381528272605	0.8889155769749402	0.7299212926262537	1.0825426124310733	-1.2105233171052745	37.17457156759726	0.2337187158529712	-0.3708987178901234	above_floor_binary_sensitivity_required	HPVVT-FJ-M02|Fc-receptor engagement|pairwise_persistence_dose_contrast	0.5258671106691851	no
HPVVT-FJ-M03	Heterologous 2vHPV recall	pairwise_recall_dose_contrast	HPV16	vaccine_target_2vHPV_and_4vHPV	FcgR2B	fc_gamma_receptor_binding	Fc-receptor engagement	moderate	3	2	dose3_minus_dose2	19	21	0.1242531859870659	0.14025377040338438	-0.016000584416318478	-0.26355781489500685	0.23155664606236986	0.9889705157622223	0.8330310552406055	1.174101103307008	-0.13210876753427428	29.422272852353938	0.8957975757003352	-0.04195072823419781	above_floor_binary_sensitivity_required	HPVVT-FJ-M03|Fc-receptor engagement|pairwise_recall_dose_contrast	0.9650646704198159	no
HPVVT-FJ-M02	Six-year 4vHPV persistence	pairwise_persistence_dose_contrast	HPV16	vaccine_target_2vHPV_and_4vHPV	FcgR3A	fc_gamma_receptor_binding	Fc-receptor engagement	low	2	1	dose2_minus_dose1	21	20	10.471142371619235	10.244445874857915	0.22669649676132053	-1.3848387578226338	1.8382317513452748	1.1701524477839167	0.38293229514173754	3.575714998255446	0.28483514095107626	37.75254089429823	0.777327172518721	0.08676967848133248	continuous_model_plus_floor_summary	HPVVT-FJ-M02|Fc-receptor engagement|pairwise_persistence_dose_contrast	0.9068817012718411	no
HPVVT-FJ-M03	Heterologous 2vHPV recall	pairwise_recall_dose_contrast	HPV16	vaccine_target_2vHPV_and_4vHPV	FcgR3A	fc_gamma_receptor_binding	Fc-receptor engagement	low	2	1	dose2_minus_dose1	21	20	1.267304236298509	1.1909848145645874	0.07631942173392159	-1.4356606081987962	1.5882994516666393	1.0543248315835931	0.3696775636712313	3.0069470255499793	0.10224553307053057	37.31919575838299	0.9191092099236342	0.03112375234576251	continuous_model_plus_floor_summary	HPVVT-FJ-M03|Fc-receptor engagement|pairwise_recall_dose_contrast	0.9650646704198159	no
HPVVT-FJ-M02	Six-year 4vHPV persistence	pairwise_persistence_dose_contrast	HPV16	vaccine_target_2vHPV_and_4vHPV	FcgR3A	fc_gamma_receptor_binding	Fc-receptor engagement	low	3	1	dose3_minus_dose1	19	20	11.403319217053154	10.244445874857915	1.158873342195239	0.06148302700371322	2.256263657386765	2.232829889641419	1.0435379207326871	4.77752577747791	2.1813329624992788	23.631243894563823	0.039348136416554894	0.6704866445238953	continuous_model_plus_floor_summary	HPVVT-FJ-M02|Fc-receptor engagement|pairwise_persistence_dose_contrast	0.30402875512753147	no
HPVVT-FJ-M03	Heterologous 2vHPV recall	pairwise_recall_dose_contrast	HPV16	vaccine_target_2vHPV_and_4vHPV	FcgR3A	fc_gamma_receptor_binding	Fc-receptor engagement	low	3	1	dose3_minus_dose1	19	20	0.35778665205549803	1.1909848145645874	-0.8331981625090894	-1.8120713659169025	0.14567504089872374	0.561283610191215	0.28478175663399113	1.1062481487329978	-1.7725592307321325	20.537261621655375	0.09113665434841853	-0.5428792673888106	continuous_model_plus_floor_summary	HPVVT-FJ-M03|Fc-receptor engagement|pairwise_recall_dose_contrast	0.5483150738778576	no
HPVVT-FJ-M02	Six-year 4vHPV persistence	pairwise_persistence_dose_contrast	HPV16	vaccine_target_2vHPV_and_4vHPV	FcgR3A	fc_gamma_receptor_binding	Fc-receptor engagement	low	3	2	dose3_minus_dose2	19	21	11.403319217053154	10.471142371619235	0.9321768454339185	-0.3974904447320553	2.261844135599892	1.9081529879889112	0.759177718278348	4.796041477387038	1.449475586446691	23.225275240959824	0.1605745278714608	0.4303548776471574	continuous_model_plus_floor_summary	HPVVT-FJ-M02|Fc-receptor engagement|pairwise_persistence_dose_contrast	0.4398345763435665	no
HPVVT-FJ-M03	Heterologous 2vHPV recall	pairwise_recall_dose_contrast	HPV16	vaccine_target_2vHPV_and_4vHPV	FcgR3A	fc_gamma_receptor_binding	Fc-receptor engagement	low	3	2	dose3_minus_dose2	19	21	0.35778665205549803	1.267304236298509	-0.909517584243011	-2.1458758667421263	0.32684069825610407	0.5323630757592691	0.22595762283673593	1.2542637016350868	-1.5298645075492232	20.99721154616979	0.14097723926001696	-0.4520537061817634	continuous_model_plus_floor_summary	HPVVT-FJ-M03|Fc-receptor engagement|pairwise_recall_dose_contrast	0.5483150738778576	no
HPVVT-FJ-M02	Six-year 4vHPV persistence	pairwise_persistence_dose_contrast	HPV16	vaccine_target_2vHPV_and_4vHPV	IgA1	antibody_isotype_or_subclass	Antibody abundance	none	2	1	dose2_minus_dose1	21	20	12.985311597221775	10.347624989700083	2.637686607521692	0.7807238162022083	4.494649398841176	6.223329389725661	1.7179925927464361	22.543652898472903	2.90211003483432	29.706115352287796	0.0069198240501105665	0.9007396882181019	standard_continuous_model	HPVVT-FJ-M02|Antibody abundance|pairwise_persistence_dose_contrast	0.11227599388027927	no
HPVVT-FJ-M03	Heterologous 2vHPV recall	pairwise_recall_dose_contrast	HPV16	vaccine_target_2vHPV_and_4vHPV	IgA1	antibody_isotype_or_subclass	Antibody abundance	none	2	1	dose2_minus_dose1	21	20	0.6363972359865533	2.696090617603188	-2.0596933816166345	-3.772748481406402	-0.34663828182686696	0.2398670037487283	0.07316266911649469	0.7864144403449708	-2.4776981067421397	24.72252278760966	0.020420000017284144	-0.7730051028809369	standard_continuous_model	HPVVT-FJ-M03|Antibody abundance|pairwise_recall_dose_contrast	0.285880000241978	no
HPVVT-FJ-M02	Six-year 4vHPV persistence	pairwise_persistence_dose_contrast	HPV16	vaccine_target_2vHPV_and_4vHPV	IgA1	antibody_isotype_or_subclass	Antibody abundance	none	3	1	dose3_minus_dose1	19	20	12.225278698999334	10.347624989700083	1.877653709299251	0.019972162812216476	3.7353352557862856	3.6747693716012924	1.0139399153586466	13.31827431774634	2.0658700199541826	29.44231581485562	0.04773929002077962	0.638972641659008	standard_continuous_model	HPVVT-FJ-M02|Antibody abundance|pairwise_persistence_dose_contrast	0.250631272609093	no
HPVVT-FJ-M03	Heterologous 2vHPV recall	pairwise_recall_dose_contrast	HPV16	vaccine_target_2vHPV_and_4vHPV	IgA1	antibody_isotype_or_subclass	Antibody abundance	none	3	1	dose3_minus_dose1	19	20	1.0141594395570053	2.696090617603188	-1.6819311780461828	-3.366999184075668	0.0031368279833023927	0.31166516580920944	0.09692420560939224	1.002176648940926	-2.0646755283166103	23.026440374331354	0.05039361695297685	-0.6341987957941752	standard_continuous_model	HPVVT-FJ-M03|Antibody abundance|pairwise_recall_dose_contrast	0.30336414934863154	no
HPVVT-FJ-M02	Six-year 4vHPV persistence	pairwise_persistence_dose_contrast	HPV16	vaccine_target_2vHPV_and_4vHPV	IgA1	antibody_isotype_or_subclass	Antibody abundance	none	3	2	dose3_minus_dose2	19	21	12.225278698999334	12.985311597221775	-0.7600328982224411	-2.016843409779584	0.49677761333470216	0.5904828655973302	0.2470982314789986	1.4110583166746338	-1.2243267246369494	37.89461130895992	0.22838625014015212	-0.37897634876221636	standard_continuous_model	HPVVT-FJ-M02|Antibody abundance|pairwise_persistence_dose_contrast	0.4749966922687482	no
HPVVT-FJ-M03	Heterologous 2vHPV recall	pairwise_recall_dose_contrast	HPV16	vaccine_target_2vHPV_and_4vHPV	IgA1	antibody_isotype_or_subclass	Antibody abundance	none	3	2	dose3_minus_dose2	19	21	1.0141594395570053	0.6363972359865533	0.377762203570452	-0.42309489124231636	1.1786192983832202	1.2993248797808516	0.7458229562738079	2.263600401430568	0.9553763806446776	37.433336005621925	0.34551681874472784	0.2931043771787269	standard_continuous_model	HPVVT-FJ-M03|Antibody abundance|pairwise_recall_dose_contrast	0.6961328265106503	no
HPVVT-FJ-M02	Six-year 4vHPV persistence	pairwise_persistence_dose_contrast	HPV16	vaccine_target_2vHPV_and_4vHPV	IgA2	antibody_isotype_or_subclass	Antibody abundance	high	2	1	dose2_minus_dose1	21	20	9.615381630340766	6.117899728561279	3.4974819017794863	0.9663767524427622	6.02858705111621	11.29397863207988	1.9539272494280018	65.2808099069284	2.7955845003065436	38.72723204978261	0.008019713848591377	0.8572751778532914	two_part_floor_sensitivity_required	HPVVT-FJ-M02|Antibody abundance|pairwise_persistence_dose_contrast	0.11227599388027927	no
HPVVT-FJ-M03	Heterologous 2vHPV recall	pairwise_recall_dose_contrast	HPV16	vaccine_target_2vHPV_and_4vHPV	IgA2	antibody_isotype_or_subclass	Antibody abundance	high	2	1	dose2_minus_dose1	21	20	1.7438883408538173	4.523405268357246	-2.779516927503429	-5.198363870430528	-0.3606699845763295	0.14564045644481471	0.027235574877896056	0.7788028212567155	-2.3349600131624952	34.122544755048416	0.025563642603150378	-0.7213613530921694	two_part_floor_sensitivity_required	HPVVT-FJ-M03|Antibody abundance|pairwise_recall_dose_contrast	0.30336414934863154	no
HPVVT-FJ-M02	Six-year 4vHPV persistence	pairwise_persistence_dose_contrast	HPV16	vaccine_target_2vHPV_and_4vHPV	IgA2	antibody_isotype_or_subclass	Antibody abundance	high	3	1	dose3_minus_dose1	19	20	8.544628227877151	6.117899728561279	2.426728499315872	-0.29683587330898487	5.150292871940729	5.376728035302294	0.8140357877321154	35.51343172042354	1.8060939529782385	36.56089551446892	0.07914161659777964	0.5676464978474803	two_part_floor_sensitivity_required	HPVVT-FJ-M02|Antibody abundance|pairwise_persistence_dose_contrast	0.2939005690691394	no
HPVVT-FJ-M03	Heterologous 2vHPV recall	pairwise_recall_dose_contrast	HPV16	vaccine_target_2vHPV_and_4vHPV	IgA2	antibody_isotype_or_subclass	Antibody abundance	high	3	1	dose3_minus_dose1	19	20	2.2001065108188125	4.523405268357246	-2.3232987575384336	-4.632615676069205	-0.013981839007661367	0.19981007604448484	0.0403128704711977	0.9903553386858754	-2.053811487165626	30.290498688712987	0.04871317337840554	-0.6358290268335	two_part_floor_sensitivity_required	HPVVT-FJ-M03|Antibody abundance|pairwise_recall_dose_contrast	0.30336414934863154	no
HPVVT-FJ-M02	Six-year 4vHPV persistence	pairwise_persistence_dose_contrast	HPV16	vaccine_target_2vHPV_and_4vHPV	IgA2	antibody_isotype_or_subclass	Antibody abundance	high	3	2	dose3_minus_dose2	19	21	8.544628227877151	9.615381630340766	-1.0707534024636143	-3.7244643081085003	1.5829575031812717	0.47607032122674786	0.07565271622314437	2.9958336206255365	-0.8178290025839055	36.63529495109971	0.41874233187857557	-0.2549842594979321	two_part_floor_sensitivity_required	HPVVT-FJ-M02|Antibody abundance|pairwise_persistence_dose_contrast	0.6576404065288708	no
HPVVT-FJ-M03	Heterologous 2vHPV recall	pairwise_recall_dose_contrast	HPV16	vaccine_target_2vHPV_and_4vHPV	IgA2	antibody_isotype_or_subclass	Antibody abundance	high	3	2	dose3_minus_dose2	19	21	2.2001065108188125	1.7438883408538173	0.4562181699649952	-1.3330475855685575	2.245483925498548	1.371940743128581	0.39692887302628194	4.741961420709185	0.5164290784086993	37.42833463311949	0.6085927493140058	0.158433311214281	two_part_floor_sensitivity_required	HPVVT-FJ-M03|Antibody abundance|pairwise_recall_dose_contrast	0.8586067969105603	no
HPVVT-FJ-M02	Six-year 4vHPV persistence	pairwise_persistence_dose_contrast	HPV16	vaccine_target_2vHPV_and_4vHPV	IgG	antibody_isotype_or_subclass	Antibody abundance	none	2	1	dose2_minus_dose1	21	20	14.989655170263243	14.060915928288484	0.9287392419747587	-0.024887838095655757	1.882366322045173	1.9036117200927025	0.9828970106157464	3.6867927582811224	2.0383734953727863	19.00367018703685	0.0556736377219676	0.64037438406875	standard_continuous_model	HPVVT-FJ-M02|Antibody abundance|pairwise_persistence_dose_contrast	0.27509326874383994	no
HPVVT-FJ-M03	Heterologous 2vHPV recall	pairwise_recall_dose_contrast	HPV16	vaccine_target_2vHPV_and_4vHPV	IgG	antibody_isotype_or_subclass	Antibody abundance	none	2	1	dose2_minus_dose1	21	20	0.006394895647125262	0.9236340941015235	-0.9172391984543983	-1.8502444164034075	0.015766019494610983	0.529521365561688	0.27734537714212665	1.0109881025441667	-2.0576273000568657	19.00390480791164	0.053610561249921355	-0.6464229395723772	standard_continuous_model	HPVVT-FJ-M03|Antibody abundance|pairwise_recall_dose_contrast	0.30336414934863154	no
HPVVT-FJ-M02	Six-year 4vHPV persistence	pairwise_persistence_dose_contrast	HPV16	vaccine_target_2vHPV_and_4vHPV	IgG	antibody_isotype_or_subclass	Antibody abundance	none	3	1	dose3_minus_dose1	19	20	14.933312963785083	14.060915928288484	0.8723970354965989	-0.08514740600580306	1.8299414769990008	1.8307020835363985	0.9426882127179761	3.555226503789084	1.904052539389605	19.430301530241376	0.0718193703635704	0.5823398790148513	standard_continuous_model	HPVVT-FJ-M02|Antibody abundance|pairwise_persistence_dose_contrast	0.2939005690691394	no
HPVVT-FJ-M03	Heterologous 2vHPV recall	pairwise_recall_dose_contrast	HPV16	vaccine_target_2vHPV_and_4vHPV	IgG	antibody_isotype_or_subclass	Antibody abundance	none	3	1	dose3_minus_dose1	19	20	0.061564689974616914	0.9236340941015235	-0.8620694041269066	-1.799090675766692	0.07495186751287886	0.5501628372115938	0.2873556506637188	1.053325893364541	-1.9225874502184421	19.450877522647506	0.06929989359380069	-0.5880242307725436	standard_continuous_model	HPVVT-FJ-M03|Antibody abundance|pairwise_recall_dose_contrast	0.30637847694101356	no
HPVVT-FJ-M02	Six-year 4vHPV persistence	pairwise_persistence_dose_contrast	HPV16	vaccine_target_2vHPV_and_4vHPV	IgG	antibody_isotype_or_subclass	Antibody abundance	none	3	2	dose3_minus_dose2	19	21	14.933312963785083	14.989655170263243	-0.056342206478159795	-0.15853329705214253	0.045848884095822925	0.9616993130548946	0.895935452810133	1.0322904019808379	-1.1569349634792114	18.307027956725626	0.26217268078108075	-0.3776193227220671	standard_continuous_model	HPVVT-FJ-M02|Antibody abundance|pairwise_persistence_dose_contrast	0.4943311273803112	no
HPVVT-FJ-M03	Heterologous 2vHPV recall	pairwise_recall_dose_contrast	HPV16	vaccine_target_2vHPV_and_4vHPV	IgG	antibody_isotype_or_subclass	Antibody abundance	none	3	2	dose3_minus_dose2	19	21	0.061564689974616914	0.006394895647125262	0.05516979432749165	-0.0471799706890767	0.15751955934406	1.038981376375645	0.9678262867349289	1.115367825043464	1.131083782101011	18.311740547957633	0.2726164103528964	0.36917618859356266	standard_continuous_model	HPVVT-FJ-M03|Antibody abundance|pairwise_recall_dose_contrast	0.6422401386461585	no
HPVVT-FJ-M02	Six-year 4vHPV persistence	pairwise_persistence_dose_contrast	HPV16	vaccine_target_2vHPV_and_4vHPV	IgG1	antibody_isotype_or_subclass	IgG subclass architecture	none	2	1	dose2_minus_dose1	21	20	14.713009005675298	13.468360602058421	1.2446484036168766	0.14017579070578035	2.349121016527973	2.3696079789876077	1.1020393899084444	5.095137275037168	2.351226214956523	19.931291522626733	0.029114199473141252	0.7377355872901514	standard_continuous_model	HPVVT-FJ-M02|IgG subclass architecture|pairwise_persistence_dose_contrast	0.15874584677438902	no
HPVVT-FJ-M03	Heterologous 2vHPV recall	pairwise_recall_dose_contrast	HPV16	vaccine_target_2vHPV_and_4vHPV	IgG1	antibody_isotype_or_subclass	IgG subclass architecture	none	2	1	dose2_minus_dose1	21	20	0.13239144966685693	1.3353682467569559	-1.2029767970900989	-2.172612683390253	-0.23334091078994468	0.43437807863548883	0.22180861668152582	0.8506626930096816	-2.592864401851518	19.42519344402889	0.01765227483930718	-0.8141031910199361	standard_continuous_model	HPVVT-FJ-M03|IgG subclass architecture|pairwise_recall_dose_contrast	0.16507399748432103	no
HPVVT-FJ-M02	Six-year 4vHPV persistence	pairwise_persistence_dose_contrast	HPV16	vaccine_target_2vHPV_and_4vHPV	IgG1	antibody_isotype_or_subclass	IgG subclass architecture	none	3	1	dose3_minus_dose1	19	20	14.700900264662126	13.468360602058421	1.2325396626037044	0.12556365746235443	2.3395156677450544	2.3498027584570496	1.0909338746391877	5.061326934667373	2.3213637817908452	20.163850483281422	0.030852393643321735	0.7106321521395105	standard_continuous_model	HPVVT-FJ-M02|IgG subclass architecture|pairwise_persistence_dose_contrast	0.15874584677438902	no
HPVVT-FJ-M03	Heterologous 2vHPV recall	pairwise_recall_dose_contrast	HPV16	vaccine_target_2vHPV_and_4vHPV	IgG1	antibody_isotype_or_subclass	IgG subclass architecture	none	3	1	dose3_minus_dose1	19	20	0.21287840867858532	1.3353682467569559	-1.1224898380783705	-2.0989229859757907	-0.14605669018095058	0.45930046902783556	0.23343244699966595	0.9037172148115793	-2.396849483707507	20.148995314706443	0.026345405323899965	-0.7337267555577864	standard_continuous_model	HPVVT-FJ-M03|IgG subclass architecture|pairwise_recall_dose_contrast	0.16507399748432103	no
HPVVT-FJ-M02	Six-year 4vHPV persistence	pairwise_persistence_dose_contrast	HPV16	vaccine_target_2vHPV_and_4vHPV	IgG1	antibody_isotype_or_subclass	IgG subclass architecture	none	3	2	dose3_minus_dose2	19	21	14.700900264662126	14.713009005675298	-0.012108741013172164	-0.26105813145899326	0.2368406494326489	0.9916419843678026	0.8344756564021885	1.1784092413200018	-0.09855313931378198	36.99534608084681	0.9220251418362964	-0.030682227111178732	standard_continuous_model	HPVVT-FJ-M02|IgG subclass architecture|pairwise_persistence_dose_contrast	0.9938674909216066	no
HPVVT-FJ-M03	Heterologous 2vHPV recall	pairwise_recall_dose_contrast	HPV16	vaccine_target_2vHPV_and_4vHPV	IgG1	antibody_isotype_or_subclass	IgG subclass architecture	none	3	2	dose3_minus_dose2	19	21	0.21287840867858532	0.13239144966685693	0.08048695901172839	-0.11140315604199708	0.27237707406545386	1.05737488058936	0.9256873063267149	1.2077962293098121	0.8565442531052265	30.060730004939135	0.3984736155018297	0.27161294958826676	standard_continuous_model	HPVVT-FJ-M03|IgG subclass architecture|pairwise_recall_dose_contrast	0.5915115889562541	no
HPVVT-FJ-M02	Six-year 4vHPV persistence	pairwise_persistence_dose_contrast	HPV16	vaccine_target_2vHPV_and_4vHPV	IgG2	antibody_isotype_or_subclass	IgG subclass architecture	moderate	2	1	dose2_minus_dose1	21	20	11.160895611015482	8.581503975950577	2.579391635064905	0.38130046253971317	4.777482807590097	5.976876095462527	1.3025154293894494	27.4261993788868	2.4136606775513396	25.659068760215074	0.023239399790173202	0.7522679797958952	above_floor_binary_sensitivity_required	HPVVT-FJ-M02|IgG subclass architecture|pairwise_persistence_dose_contrast	0.150162275567273	no
HPVVT-FJ-M03	Heterologous 2vHPV recall	pairwise_recall_dose_contrast	HPV16	vaccine_target_2vHPV_and_4vHPV	IgG2	antibody_isotype_or_subclass	IgG subclass architecture	moderate	2	1	dose2_minus_dose1	21	20	0.42467407945578595	2.491257919520913	-2.066583840065127	-3.7896153636056913	-0.3435523165245624	0.2387241059798872	0.0723122880768367	0.7880984033493937	-2.438641762719771	33.55490122600097	0.02019296999321976	-0.7538677377742993	above_floor_binary_sensitivity_required	HPVVT-FJ-M03|IgG subclass architecture|pairwise_recall_dose_contrast	0.16507399748432103	no
HPVVT-FJ-M02	Six-year 4vHPV persistence	pairwise_persistence_dose_contrast	HPV16	vaccine_target_2vHPV_and_4vHPV	IgG2	antibody_isotype_or_subclass	IgG subclass architecture	moderate	3	1	dose3_minus_dose1	19	20	10.282038316748352	8.581503975950577	1.700534340797775	-0.6071372156892867	4.008205897284837	3.2502131661304476	0.6564981197678127	16.09126562163483	1.5053138242809818	29.832992705796034	0.14275874299429558	0.46578968528801123	above_floor_binary_sensitivity_required	HPVVT-FJ-M02|IgG subclass architecture|pairwise_persistence_dose_contrast	0.3747417003600259	no
HPVVT-FJ-M03	Heterologous 2vHPV recall	pairwise_recall_dose_contrast	HPV16	vaccine_target_2vHPV_and_4vHPV	IgG2	antibody_isotype_or_subclass	IgG subclass architecture	moderate	3	1	dose3_minus_dose1	19	20	0.6422621513234879	2.491257919520913	-1.848995768197425	-3.6516207111120407	-0.04637082528280945	0.27758552263703745	0.07957060005642821	0.9683692509926263	-2.0819302491030105	35.189266612562804	0.044685646097428554	-0.6486005757865897	above_floor_binary_sensitivity_required	HPVVT-FJ-M03|IgG subclass architecture|pairwise_recall_dose_contrast	0.19755759327284203	no
HPVVT-FJ-M02	Six-year 4vHPV persistence	pairwise_persistence_dose_contrast	HPV16	vaccine_target_2vHPV_and_4vHPV	IgG2	antibody_isotype_or_subclass	IgG subclass architecture	moderate	3	2	dose3_minus_dose2	19	21	10.282038316748352	11.160895611015482	-0.8788572942671298	-2.289787198871707	0.5320726103374476	0.5437979831300027	0.20450567751396706	1.446005069644398	-1.2655393031253988	34.24243795185885	0.21422171443486843	-0.3974317302145466	above_floor_binary_sensitivity_required	HPVVT-FJ-M02|IgG subclass architecture|pairwise_persistence_dose_contrast	0.4492744906029813	no
HPVVT-FJ-M03	Heterologous 2vHPV recall	pairwise_recall_dose_contrast	HPV16	vaccine_target_2vHPV_and_4vHPV	IgG2	antibody_isotype_or_subclass	IgG subclass architecture	moderate	3	2	dose3_minus_dose2	19	21	0.6422621513234879	0.42467407945578595	0.2175880718677019	-1.2410834312082373	1.676259574943641	1.1627879869845419	0.42305483228659896	3.1959826469009522	0.3023315978884229	36.686572206152356	0.7641067771297313	0.09424297796209252	above_floor_binary_sensitivity_required	HPVVT-FJ-M03|IgG subclass architecture|pairwise_recall_dose_contrast	0.879628887777149	no
HPVVT-FJ-M02	Six-year 4vHPV persistence	pairwise_persistence_dose_contrast	HPV16	vaccine_target_2vHPV_and_4vHPV	IgG3	antibody_isotype_or_subclass	IgG subclass architecture	none	2	1	dose2_minus_dose1	21	20	12.066541814025248	10.70976460999822	1.3567772040270274	-0.5808403678118876	3.2943947758659426	2.561124176685814	0.6685742204122345	9.810963163312179	1.4164695082412009	38.89571305375033	0.16459756938503947	0.4328950739446388	standard_continuous_model	HPVVT-FJ-M02|IgG subclass architecture|pairwise_persistence_dose_contrast	0.4075035960529962	no
HPVVT-FJ-M03	Heterologous 2vHPV recall	pairwise_recall_dose_contrast	HPV16	vaccine_target_2vHPV_and_4vHPV	IgG3	antibody_isotype_or_subclass	IgG subclass architecture	none	2	1	dose2_minus_dose1	21	20	2.32313607312366	3.907183967574015	-1.584047894450355	-3.331371304531424	0.16327551563071374	0.33354471925032836	0.09934758412052601	1.1198267247728149	-1.8337215472500716	38.975158604491256	0.074339723654421	-0.5614915278858179	standard_continuous_model	HPVVT-FJ-M03|IgG subclass architecture|pairwise_recall_dose_contrast	0.23041027122962837	no
HPVVT-FJ-M02	Six-year 4vHPV persistence	pairwise_persistence_dose_contrast	HPV16	vaccine_target_2vHPV_and_4vHPV	IgG3	antibody_isotype_or_subclass	IgG subclass architecture	none	3	1	dose3_minus_dose1	19	20	10.661202557699681	10.70976460999822	-0.04856205229853927	-2.0440592234437616	1.946935118846683	0.9668995666932392	0.24248052341910406	3.8555458347295746	-0.04934803197210406	36.153831862405326	0.960913564118508	-0.015527658244139148	standard_continuous_model	HPVVT-FJ-M02|IgG subclass architecture|pairwise_persistence_dose_contrast	0.9938674909216066	no
HPVVT-FJ-M03	Heterologous 2vHPV recall	pairwise_recall_dose_contrast	HPV16	vaccine_target_2vHPV_and_4vHPV	IgG3	antibody_isotype_or_subclass	IgG subclass architecture	none	3	1	dose3_minus_dose1	19	20	3.4573693003651584	3.907183967574015	-0.44981466720885654	-2.1824598747077277	1.2828305402900146	0.7321368943617994	0.22029980532867915	2.433158900372209	-0.5260237735624712	36.9982179076025	0.602010793507757	-0.16488012777884817	standard_continuous_model	HPVVT-FJ-M03|IgG subclass architecture|pairwise_recall_dose_contrast	0.7709063133534533	no
HPVVT-FJ-M02	Six-year 4vHPV persistence	pairwise_persistence_dose_contrast	HPV16	vaccine_target_2vHPV_and_4vHPV	IgG3	antibody_isotype_or_subclass	IgG subclass architecture	none	3	2	dose3_minus_dose2	19	21	10.661202557699681	12.066541814025248	-1.4053392563255667	-3.4699474703165922	0.6592689576654589	0.3775293581994301	0.09024886069372609	1.5792821671862045	-1.3784349581113877	37.61062593142344	0.17621389370497798	-0.4277516725434482	standard_continuous_model	HPVVT-FJ-M02|IgG subclass architecture|pairwise_persistence_dose_contrast	0.4075035960529962	no
HPVVT-FJ-M03	Heterologous 2vHPV recall	pairwise_recall_dose_contrast	HPV16	vaccine_target_2vHPV_and_4vHPV	IgG3	antibody_isotype_or_subclass	IgG subclass architecture	none	3	2	dose3_minus_dose2	19	21	3.4573693003651584	2.32313607312366	1.1342332272414986	-0.5972864398820721	2.865752894365069	2.195018694966428	0.6609960520832028	7.289161646377948	1.326125989363481	37.96068046056709	0.1927222315356851	0.41005663540439397	standard_continuous_model	HPVVT-FJ-M03|IgG subclass architecture|pairwise_recall_dose_contrast	0.39484554753652557	no
HPVVT-FJ-M02	Six-year 4vHPV persistence	pairwise_persistence_dose_contrast	HPV16	vaccine_target_2vHPV_and_4vHPV	IgG4	antibody_isotype_or_subclass	IgG subclass architecture	moderate	2	1	dose2_minus_dose1	21	20	7.66329580148912	4.390320489962145	3.2729753115269755	1.5160932439396964	5.0298573791142545	9.666377327449338	2.8601548236295895	32.66915827935878	3.8086180994802876	29.2712359767736	0.0006634775152050395	1.1826178415996222	above_floor_binary_sensitivity_required	HPVVT-FJ-M02|IgG subclass architecture|pairwise_persistence_dose_contrast	0.04648802741711017	yes
HPVVT-FJ-M03	Heterologous 2vHPV recall	pairwise_recall_dose_contrast	HPV16	vaccine_target_2vHPV_and_4vHPV	IgG4	antibody_isotype_or_subclass	IgG subclass architecture	moderate	2	1	dose2_minus_dose1	21	20	0.407349399496561	2.4882892950453352	-2.080939895548774	-3.680103752616154	-0.48177603848139405	0.23636037604677196	0.07801504858736938	0.7160955274213107	-2.642333190646936	34.771833136093356	0.0122578807684127	-0.8157119218425894	above_floor_binary_sensitivity_required	HPVVT-FJ-M03|IgG subclass architecture|pairwise_recall_dose_contrast	0.16507399748432103	no
HPVVT-FJ-M02	Six-year 4vHPV persistence	pairwise_persistence_dose_contrast	HPV16	vaccine_target_2vHPV_and_4vHPV	IgG4	antibody_isotype_or_subclass	IgG subclass architecture	moderate	3	1	dose3_minus_dose1	19	20	6.241863710583986	4.390320489962145	1.8515432206218412	-0.20284419406976673	3.905930635313449	3.608860108481612	0.8688360112813412	14.990022413300501	1.826604665381916	36.718601946511825	0.07589785168003364	0.5711259417452137	above_floor_binary_sensitivity_required	HPVVT-FJ-M02|IgG subclass architecture|pairwise_persistence_dose_contrast	0.25501678164491304	no
HPVVT-FJ-M03	Heterologous 2vHPV recall	pairwise_recall_dose_contrast	HPV16	vaccine_target_2vHPV_and_4vHPV	IgG4	antibody_isotype_or_subclass	IgG subclass architecture	moderate	3	1	dose3_minus_dose1	19	20	0.27783558739510894	2.4882892950453352	-2.210453707650226	-4.002444137350033	-0.41846327795041893	0.21606634726133306	0.06239420545898395	0.7482211861731944	-2.4993872104711103	36.98206492980802	0.01700734200003885	-0.7828277358655974	above_floor_binary_sensitivity_required	HPVVT-FJ-M03|IgG subclass architecture|pairwise_recall_dose_contrast	0.16507399748432103	no
HPVVT-FJ-M02	Six-year 4vHPV persistence	pairwise_persistence_dose_contrast	HPV16	vaccine_target_2vHPV_and_4vHPV	IgG4	antibody_isotype_or_subclass	IgG subclass architecture	moderate	3	2	dose3_minus_dose2	19	21	6.241863710583986	7.66329580148912	-1.4214320909051343	-3.03070993188025	0.18784575006998128	0.3733415307753024	0.12236730698492013	1.1390615846340637	-1.8040366393087834	29.939850283481487	0.08129590317716698	-0.5722175452487825	above_floor_binary_sensitivity_required	HPVVT-FJ-M02|IgG subclass architecture|pairwise_persistence_dose_contrast	0.25828575364206985	no
HPVVT-FJ-M03	Heterologous 2vHPV recall	pairwise_recall_dose_contrast	HPV16	vaccine_target_2vHPV_and_4vHPV	IgG4	antibody_isotype_or_subclass	IgG subclass architecture	moderate	3	2	dose3_minus_dose2	19	21	0.27783558739510894	0.407349399496561	-0.12951381210145207	-1.679304992140086	1.4202773679371818	0.9141394631161738	0.31223301698899025	2.6763696103791372	-0.16978801500830532	34.239386396627	0.8661760853293171	-0.053320884026241376	above_floor_binary_sensitivity_required	HPVVT-FJ-M03|IgG subclass architecture|pairwise_recall_dose_contrast	0.9209973565526915	no
HPVVT-FJ-M02	Six-year 4vHPV persistence	pairwise_persistence_dose_contrast	HPV16	vaccine_target_2vHPV_and_4vHPV	IgM	antibody_isotype_or_subclass	Antibody abundance	none	2	1	dose2_minus_dose1	21	20	11.096979012607227	10.289488728486777	0.8074902841204494	-0.09794990248628066	1.7129304707271795	1.7501642029094948	0.9343597919172696	3.2782604341958237	1.8067819468025488	37.132972340355664	0.0789050746131234	0.5560144396539757	standard_continuous_model	HPVVT-FJ-M02|Antibody abundance|pairwise_persistence_dose_contrast	0.2939005690691394	no
HPVVT-FJ-M03	Heterologous 2vHPV recall	pairwise_recall_dose_contrast	HPV16	vaccine_target_2vHPV_and_4vHPV	IgM	antibody_isotype_or_subclass	Antibody abundance	none	2	1	dose2_minus_dose1	21	20	0.24614099481396015	1.463621301895222	-1.2174803070812619	-2.2218492709856115	-0.21311134317691205	0.430033123338872	0.2143664044313512	0.8626747631427812	-2.4583914916965357	36.013606490054116	0.018897370039904514	-0.7577591576708893	standard_continuous_model	HPVVT-FJ-M03|Antibody abundance|pairwise_recall_dose_contrast	0.285880000241978	no
HPVVT-FJ-M02	Six-year 4vHPV persistence	pairwise_persistence_dose_contrast	HPV16	vaccine_target_2vHPV_and_4vHPV	IgM	antibody_isotype_or_subclass	Antibody abundance	none	3	1	dose3_minus_dose1	19	20	11.24547071001438	10.289488728486777	0.9559819815276036	-0.25962502463741655	2.1715889876926235	1.9398995922467293	0.8353049979406567	4.505193237532117	1.6003029270268532	32.83140977199982	0.11911153480200933	0.506278651270524	standard_continuous_model	HPVVT-FJ-M02|Antibody abundance|pairwise_persistence_dose_contrast	0.31266777885527447	no
HPVVT-FJ-M03	Heterologous 2vHPV recall	pairwise_recall_dose_contrast	HPV16	vaccine_target_2vHPV_and_4vHPV	IgM	antibody_isotype_or_subclass	Antibody abundance	none	3	1	dose3_minus_dose1	19	20	0.7324888793225243	1.463621301895222	-0.7311324225726977	-1.8193655391335262	0.3571006939881306	0.6024308588353212	0.28334555215060303	1.2808492560495988	-1.3614016708028396	36.92072300239976	0.1816378384405905	-0.42612992066009825	standard_continuous_model	HPVVT-FJ-M03|Antibody abundance|pairwise_recall_dose_contrast	0.5449135153217715	no
HPVVT-FJ-M02	Six-year 4vHPV persistence	pairwise_persistence_dose_contrast	HPV16	vaccine_target_2vHPV_and_4vHPV	IgM	antibody_isotype_or_subclass	Antibody abundance	none	3	2	dose3_minus_dose2	19	21	11.24547071001438	11.096979012607227	0.14849169740715418	-1.0030498795229092	1.3000332743372176	1.1084100503380288	0.49894410878220435	2.4623456176063194	0.26365216024835547	29.206397259401946	0.7938993069826712	0.08376144046328501	standard_continuous_model	HPVVT-FJ-M02|Antibody abundance|pairwise_persistence_dose_contrast	0.9181675509025795	no
HPVVT-FJ-M03	Heterologous 2vHPV recall	pairwise_recall_dose_contrast	HPV16	vaccine_target_2vHPV_and_4vHPV	IgM	antibody_isotype_or_subclass	Antibody abundance	none	3	2	dose3_minus_dose2	19	21	0.7324888793225243	0.24614099481396015	0.48634788450856414	-0.4738905956600734	1.4465863646772017	1.4008940849902796	0.7200202587064011	2.7256236385440276	1.027362640587509	35.83896421317675	0.3111340581535422	0.321189495829534	standard_continuous_model	HPVVT-FJ-M03|Antibody abundance|pairwise_recall_dose_contrast	0.6831665838252613	no
HPVVT-FJ-M02	Six-year 4vHPV persistence	pairwise_persistence_dose_contrast	HPV16	vaccine_target_2vHPV_and_4vHPV	nAb	neutralizing_antibody	Neutralization	moderate	2	1	dose2_minus_dose1	21	20	12.024808570727108	9.943856189774726	2.0809523809523824	0.7029228305103046	3.4589819313944603	4.230864203997845	1.6277992971301596	10.996571840415907	3.0667372117239045	34.6566671745289	0.004179354019835674	0.9468568213644603	above_floor_binary_sensitivity_required	HPVVT-FJ-M02|Neutralization|pairwise_persistence_dose_contrast	0.02507612411901404	yes
HPVVT-FJ-M03	Heterologous 2vHPV recall	pairwise_recall_dose_contrast	HPV16	vaccine_target_2vHPV_and_4vHPV	nAb	neutralizing_antibody	Neutralization	moderate	2	1	dose2_minus_dose1	21	20	3.4761904761904763	5.75	-2.2738095238095237	-3.5974591210276774	-0.95015992659137	0.20678314148035085	0.08261461749006395	0.5175750841626235	-3.5124052126725522	29.18336635112851	0.0014666691123140787	-1.0907377201638773	above_floor_binary_sensitivity_required	HPVVT-FJ-M03|Neutralization|pairwise_recall_dose_contrast	0.008800014673884473	yes
HPVVT-FJ-M02	Six-year 4vHPV persistence	pairwise_persistence_dose_contrast	HPV16	vaccine_target_2vHPV_and_4vHPV	nAb	neutralizing_antibody	Neutralization	moderate	3	1	dose3_minus_dose1	19	20	11.749119347669463	9.943856189774726	1.8052631578947373	0.4059292200175457	3.2045970957719287	3.494929025580749	1.324942012543055	9.218915830438943	2.620000538925275	34.63617910722616	0.012963091204202344	0.8155020390685498	above_floor_binary_sensitivity_required	HPVVT-FJ-M02|Neutralization|pairwise_persistence_dose_contrast	0.03888927361260703	yes
HPVVT-FJ-M03	Heterologous 2vHPV recall	pairwise_recall_dose_contrast	HPV16	vaccine_target_2vHPV_and_4vHPV	nAb	neutralizing_antibody	Neutralization	moderate	3	1	dose3_minus_dose1	19	20	3.736842105263157	5.75	-2.013157894736843	-3.551747221382335	-0.47456856809135095	0.24773027666764788	0.08527417949767352	0.7196819757087629	-2.6521160408009563	36.608734411164	0.011752891396651805	-0.8288960039145425	above_floor_binary_sensitivity_required	HPVVT-FJ-M03|Neutralization|pairwise_recall_dose_contrast	0.035258674189955416	yes
HPVVT-FJ-M02	Six-year 4vHPV persistence	pairwise_persistence_dose_contrast	HPV16	vaccine_target_2vHPV_and_4vHPV	nAb	neutralizing_antibody	Neutralization	moderate	3	2	dose3_minus_dose2	19	21	11.749119347669463	12.024808570727108	-0.2756892230576451	-1.427681252321916	0.8763028062066258	0.8260555898433959	0.3717278662388989	1.8356650105778787	-0.48461817777216837	37.64553584868388	0.6307551147346855	-0.15034881700511543	above_floor_binary_sensitivity_required	HPVVT-FJ-M02|Neutralization|pairwise_persistence_dose_contrast	0.7367720645318979	no
HPVVT-FJ-M03	Heterologous 2vHPV recall	pairwise_recall_dose_contrast	HPV16	vaccine_target_2vHPV_and_4vHPV	nAb	neutralizing_antibody	Neutralization	moderate	3	2	dose3_minus_dose2	19	21	3.736842105263157	3.4761904761904763	0.2606516290726808	-0.9368514508750438	1.4581547090204054	1.1980196978059159	0.522371665396674	2.7475670894995607	0.44443145810606816	30.153489501327247	0.6599042374374797	0.14090195345888307	above_floor_binary_sensitivity_required	HPVVT-FJ-M03|Neutralization|pairwise_recall_dose_contrast	0.7918850849249757	no
HPVVT-FJ-M02	Six-year 4vHPV persistence	pairwise_persistence_dose_contrast	HPV18	vaccine_target_2vHPV_and_4vHPV	ADCP	antibody_dependent_cellular_phagocytosis	Phagocytic function	none	2	1	dose2_minus_dose1	21	20	5.3912739470982	4.989071601870895	0.40220234522730447	0.0036137123793485992	0.8007909780752603	1.3215237430047493	1.0025079742660992	1.7420559717779596	2.062091270620602	29.55463271704631	0.04808702426362319	0.640117998078907	standard_continuous_model	HPVVT-FJ-M02|Phagocytic function|pairwise_persistence_dose_contrast	0.14426107279086958	no
HPVVT-FJ-M03	Heterologous 2vHPV recall	pairwise_recall_dose_contrast	HPV18	vaccine_target_2vHPV_and_4vHPV	ADCP	antibody_dependent_cellular_phagocytosis	Phagocytic function	none	2	1	dose2_minus_dose1	21	20	0.5662965464144832	0.9053317994925928	-0.33903525307810956	-0.6309643736235735	-0.04710613253264562	0.7905697983429291	0.645744621180125	0.9678758220390055	-2.3527910759595136	37.16421634566279	0.02403562048073672	-0.724005746786647	standard_continuous_model	HPVVT-FJ-M03|Phagocytic function|pairwise_recall_dose_contrast	0.062243256443731985	no
HPVVT-FJ-M02	Six-year 4vHPV persistence	pairwise_persistence_dose_contrast	HPV18	vaccine_target_2vHPV_and_4vHPV	ADCP	antibody_dependent_cellular_phagocytosis	Phagocytic function	none	3	1	dose3_minus_dose1	19	20	5.281601536093061	4.989071601870895	0.29252993422216544	-0.09242425454468689	0.6774841229890178	1.224786201204301	0.9379453335675233	1.5993482615396681	1.561417441778177	26.205766589400703	0.13042194034623464	0.4812842389525391	standard_continuous_model	HPVVT-FJ-M02|Phagocytic function|pairwise_persistence_dose_contrast	0.20823280493080967	no
HPVVT-FJ-M03	Heterologous 2vHPV recall	pairwise_recall_dose_contrast	HPV18	vaccine_target_2vHPV_and_4vHPV	ADCP	antibody_dependent_cellular_phagocytosis	Phagocytic function	none	3	1	dose3_minus_dose1	19	20	0.6044473078441164	0.9053317994925928	-0.3008844916484764	-0.5727324508393219	-0.02903653245763088	0.8117545709274628	0.6723421720075072	0.9800745972160612	-2.252793539670143	32.63080466187645	0.03112162822186599	-0.6993107358037298	standard_continuous_model	HPVVT-FJ-M03|Phagocytic function|pairwise_recall_dose_contrast	0.062243256443731985	no
HPVVT-FJ-M02	Six-year 4vHPV persistence	pairwise_persistence_dose_contrast	HPV18	vaccine_target_2vHPV_and_4vHPV	ADCP	antibody_dependent_cellular_phagocytosis	Phagocytic function	none	3	2	dose3_minus_dose2	19	21	5.281601536093061	5.3912739470982	-0.10967241100513903	-0.354256314716258	0.13491149270597996	0.9267984837105566	0.7822727878157393	1.0980254494171537	-0.908413302186604	37.16920353814384	0.3695125393381129	-0.27832672071953324	standard_continuous_model	HPVVT-FJ-M02|Phagocytic function|pairwise_persistence_dose_contrast	0.3695125393381129	no
HPVVT-FJ-M03	Heterologous 2vHPV recall	pairwise_recall_dose_contrast	HPV18	vaccine_target_2vHPV_and_4vHPV	ADCP	antibody_dependent_cellular_phagocytosis	Phagocytic function	none	3	2	dose3_minus_dose2	19	21	0.6044473078441164	0.5662965464144832	0.03815076142963314	-0.19949473170443194	0.2757962545636982	1.026796840239708	0.8708555055196542	1.210662095426638	0.3252634488629896	37.0481719033427	0.7468115202099888	0.09960298320924552	standard_continuous_model	HPVVT-FJ-M03|Phagocytic function|pairwise_recall_dose_contrast	0.7468115202099886	no
HPVVT-FJ-M02	Six-year 4vHPV persistence	pairwise_persistence_dose_contrast	HPV18	vaccine_target_2vHPV_and_4vHPV	FcgR2A	fc_gamma_receptor_binding	Fc-receptor engagement	low	2	1	dose2_minus_dose1	21	20	10.104856061187334	8.986664230101871	1.118191831085463	-0.13473377040966716	2.3711174325805935	2.170747362721466	0.9108379007311785	5.173416816515331	1.8127108717763807	34.51460971934856	0.07858230472847258	0.5597676970745536	continuous_model_plus_floor_summary	HPVVT-FJ-M02|Fc-receptor engagement|pairwise_persistence_dose_contrast	0.3094178248683608	no
HPVVT-FJ-M03	Heterologous 2vHPV recall	pairwise_recall_dose_contrast	HPV18	vaccine_target_2vHPV_and_4vHPV	FcgR2A	fc_gamma_receptor_binding	Fc-receptor engagement	low	2	1	dose2_minus_dose1	21	20	1.0063717069827915	0.8734429211837551	0.13292878579903644	-1.4988793742055613	1.7647369458036342	1.0965174610419286	0.3538281229200053	3.398120342858301	0.1675911741371448	25.54396635412638	0.8682246891709388	0.052239707850620785	continuous_model_plus_floor_summary	HPVVT-FJ-M03|Fc-receptor engagement|pairwise_recall_dose_contrast	0.9650646704198159	no
HPVVT-FJ-M02	Six-year 4vHPV persistence	pairwise_persistence_dose_contrast	HPV18	vaccine_target_2vHPV_and_4vHPV	FcgR2A	fc_gamma_receptor_binding	Fc-receptor engagement	low	3	1	dose3_minus_dose1	19	20	10.064632175243034	8.986664230101871	1.0779679451411628	-0.24104914904911912	2.3969850393314447	2.111060529660311	0.8461297705623135	5.26701306931673	1.657601019118059	35.913072533214674	0.10610949509111788	0.5171160937438449	continuous_model_plus_floor_summary	HPVVT-FJ-M02|Fc-receptor engagement|pairwise_persistence_dose_contrast	0.3518367468810751	no
HPVVT-FJ-M03	Heterologous 2vHPV recall	pairwise_recall_dose_contrast	HPV18	vaccine_target_2vHPV_and_4vHPV	FcgR2A	fc_gamma_receptor_binding	Fc-receptor engagement	low	3	1	dose3_minus_dose1	19	20	0.9214509603575735	0.8734429211837551	0.04800803917381835	-1.6791121270808809	1.7751282054285173	1.0338364971107303	0.31227476029781415	3.4226842468435845	0.05673869485744341	30.37664002534574	0.9551249266509574	0.017567107075757007	continuous_model_plus_floor_summary	HPVVT-FJ-M03|Fc-receptor engagement|pairwise_recall_dose_contrast	0.9705301674033922	no
HPVVT-FJ-M02	Six-year 4vHPV persistence	pairwise_persistence_dose_contrast	HPV18	vaccine_target_2vHPV_and_4vHPV	FcgR2A	fc_gamma_receptor_binding	Fc-receptor engagement	low	3	2	dose3_minus_dose2	19	21	10.064632175243034	10.104856061187334	-0.040223885944300264	-1.142153954147082	1.0617061822584815	0.9725040167795823	0.4530826168015352	2.0873986941474234	-0.07399038023969887	36.58930750207249	0.9414210735523557	-0.023072865707383466	continuous_model_plus_floor_summary	HPVVT-FJ-M02|Fc-receptor engagement|pairwise_persistence_dose_contrast	0.9414210735523557	no
HPVVT-FJ-M03	Heterologous 2vHPV recall	pairwise_recall_dose_contrast	HPV18	vaccine_target_2vHPV_and_4vHPV	FcgR2A	fc_gamma_receptor_binding	Fc-receptor engagement	low	3	2	dose3_minus_dose2	19	21	0.9214509603575735	1.0063717069827915	-0.08492074662521809	-1.152418158195783	0.982576664945347	0.9428363285053045	0.4498705531891047	1.9759913958531388	-0.1617627944952766	33.465204298022805	0.8724653704110259	-0.0508989896973882	continuous_model_plus_floor_summary	HPVVT-FJ-M03|Fc-receptor engagement|pairwise_recall_dose_contrast	0.9650646704198159	no
HPVVT-FJ-M02	Six-year 4vHPV persistence	pairwise_persistence_dose_contrast	HPV18	vaccine_target_2vHPV_and_4vHPV	FcgR2B	fc_gamma_receptor_binding	Fc-receptor engagement	none	2	1	dose2_minus_dose1	21	20	8.50062800480948	8.573289854461859	-0.07266184965237876	-1.6625901046864606	1.517266405381703	0.9508819503928272	0.3158715474367299	2.862481571766056	-0.09244326698961434	38.95276338827607	0.9268196794250151	-0.02831320783638344	standard_continuous_model	HPVVT-FJ-M02|Fc-receptor engagement|pairwise_persistence_dose_contrast	0.9414210735523557	no
HPVVT-FJ-M03	Heterologous 2vHPV recall	pairwise_recall_dose_contrast	HPV18	vaccine_target_2vHPV_and_4vHPV	FcgR2B	fc_gamma_receptor_binding	Fc-receptor engagement	none	2	1	dose2_minus_dose1	21	20	1.8169470483435017	1.710886797289525	0.10606025105397676	-1.3832252968413727	1.5953457989493263	1.0762850725753115	0.3833607931382793	3.02166934695017	0.14404717423512997	38.99847611364028	0.8862050279734129	0.04407303670256694	standard_continuous_model	HPVVT-FJ-M03|Fc-receptor engagement|pairwise_recall_dose_contrast	0.9650646704198159	no
HPVVT-FJ-M02	Six-year 4vHPV persistence	pairwise_persistence_dose_contrast	HPV18	vaccine_target_2vHPV_and_4vHPV	FcgR2B	fc_gamma_receptor_binding	Fc-receptor engagement	none	3	1	dose3_minus_dose1	19	20	9.431276780574237	8.573289854461859	0.8579869261123783	-0.4316340770575817	2.147607929282338	1.8125074512850972	0.7414215340677228	4.430925067606578	1.3615945495555828	28.5653098689004	0.1839693393648135	0.42074516855181937	standard_continuous_model	HPVVT-FJ-M02|Fc-receptor engagement|pairwise_persistence_dose_contrast	0.4519780040194472	no
HPVVT-FJ-M03	Heterologous 2vHPV recall	pairwise_recall_dose_contrast	HPV18	vaccine_target_2vHPV_and_4vHPV	FcgR2B	fc_gamma_receptor_binding	Fc-receptor engagement	none	3	1	dose3_minus_dose1	19	20	0.7107798963519194	1.710886797289525	-1.0001069009376056	-2.2655568097456307	0.26534300787041976	0.4999629523308473	0.20796940216587564	1.2019217783970337	-1.607187274850106	33.396709001380295	0.11742815082596339	-0.49938428120543105	standard_continuous_model	HPVVT-FJ-M03|Fc-receptor engagement|pairwise_recall_dose_contrast	0.5483150738778576	no
HPVVT-FJ-M02	Six-year 4vHPV persistence	pairwise_persistence_dose_contrast	HPV18	vaccine_target_2vHPV_and_4vHPV	FcgR2B	fc_gamma_receptor_binding	Fc-receptor engagement	none	3	2	dose3_minus_dose2	19	21	9.431276780574237	8.50062800480948	0.930648775764757	-0.3468538840521178	2.208151435581632	1.90613298584153	0.786296924147985	4.6208281479037465	1.4875577280812926	30.105555990577876	0.14726764117669125	0.44771330177120605	standard_continuous_model	HPVVT-FJ-M02|Fc-receptor engagement|pairwise_persistence_dose_contrast	0.4398345763435665	no
HPVVT-FJ-M03	Heterologous 2vHPV recall	pairwise_recall_dose_contrast	HPV18	vaccine_target_2vHPV_and_4vHPV	FcgR2B	fc_gamma_receptor_binding	Fc-receptor engagement	none	3	2	dose3_minus_dose2	19	21	0.7107798963519194	1.8169470483435017	-1.1061671519915823	-2.398345945010529	0.18601164102736423	0.4645265135328383	0.18968191718768682	1.137614407183891	-1.7392262174242283	34.252768602877474	0.09097612663874967	-0.5281060177902743	standard_continuous_model	HPVVT-FJ-M03|Fc-receptor engagement|pairwise_recall_dose_contrast	0.5483150738778576	no
HPVVT-FJ-M02	Six-year 4vHPV persistence	pairwise_persistence_dose_contrast	HPV18	vaccine_target_2vHPV_and_4vHPV	FcgR3A	fc_gamma_receptor_binding	Fc-receptor engagement	low	2	1	dose2_minus_dose1	21	20	7.879265987512164	7.478547023270383	0.400718964241781	-1.5518697601165088	2.353307688600071	1.320165648827806	0.34106774736015083	5.109944736300706	0.4156701994466456	37.410746388535095	0.6800260691230836	0.12654997974308096	continuous_model_plus_floor_summary	HPVVT-FJ-M02|Fc-receptor engagement|pairwise_persistence_dose_contrast	0.8568328470950854	no
HPVVT-FJ-M03	Heterologous 2vHPV recall	pairwise_recall_dose_contrast	HPV18	vaccine_target_2vHPV_and_4vHPV	FcgR3A	fc_gamma_receptor_binding	Fc-receptor engagement	low	2	1	dose2_minus_dose1	21	20	2.615614350216618	2.1475669673991553	0.4680473828174625	-1.6879604423201968	2.624055207955122	1.3832360582551986	0.31036538276460734	6.164804772407652	0.439238503272753	38.634479142134	0.6629357288375914	0.13473900147264778	continuous_model_plus_floor_summary	HPVVT-FJ-M03|Fc-receptor engagement|pairwise_recall_dose_contrast	0.8886159769525163	no
HPVVT-FJ-M02	Six-year 4vHPV persistence	pairwise_persistence_dose_contrast	HPV18	vaccine_target_2vHPV_and_4vHPV	FcgR3A	fc_gamma_receptor_binding	Fc-receptor engagement	low	3	1	dose3_minus_dose1	19	20	8.26745086070195	7.478547023270383	0.788903837431568	-1.1080071373935398	2.685814812256676	1.7277612073618616	0.4639344430236987	6.434440974480591	0.8439265851788385	35.437392587963075	0.40437152545898236	0.2659483845897869	continuous_model_plus_floor_summary	HPVVT-FJ-M02|Fc-receptor engagement|pairwise_persistence_dose_contrast	0.6402395123007198	no
HPVVT-FJ-M03	Heterologous 2vHPV recall	pairwise_recall_dose_contrast	HPV18	vaccine_target_2vHPV_and_4vHPV	FcgR3A	fc_gamma_receptor_binding	Fc-receptor engagement	low	3	1	dose3_minus_dose1	19	20	1.470449160518752	2.1475669673991553	-0.6771178068804034	-2.8834913459570433	1.5292557321962366	0.6254134682667998	0.13551351572089265	2.886368966289046	-0.6218217395535378	36.999971805235305	0.5378720744550195	-0.1948765631537723	continuous_model_plus_floor_summary	HPVVT-FJ-M03|Fc-receptor engagement|pairwise_recall_dose_contrast	0.8230809517448675	no
HPVVT-FJ-M02	Six-year 4vHPV persistence	pairwise_persistence_dose_contrast	HPV18	vaccine_target_2vHPV_and_4vHPV	FcgR3A	fc_gamma_receptor_binding	Fc-receptor engagement	low	3	2	dose3_minus_dose2	19	21	8.26745086070195	7.879265987512164	0.388184873189787	-1.724539779921848	2.500909526301422	1.3087457690600914	0.3025950348018814	5.660421656138956	0.3719553625340217	37.99989327668591	0.7119923219598052	0.11483523628768788	continuous_model_plus_floor_summary	HPVVT-FJ-M02|Fc-receptor engagement|pairwise_persistence_dose_contrast	0.8626060823743794	no
HPVVT-FJ-M03	Heterologous 2vHPV recall	pairwise_recall_dose_contrast	HPV18	vaccine_target_2vHPV_and_4vHPV	FcgR3A	fc_gamma_receptor_binding	Fc-receptor engagement	low	3	2	dose3_minus_dose2	19	21	1.470449160518752	2.615614350216618	-1.1451651896978658	-3.2733481350970424	0.9830177557013107	0.4521379156755722	0.10342464171583818	1.9765956294354283	-1.0896626631923578	37.63637324524824	0.2827896940701255	-0.33808074761393125	continuous_model_plus_floor_summary	HPVVT-FJ-M03|Fc-receptor engagement|pairwise_recall_dose_contrast	0.7005176272754953	no
HPVVT-FJ-M02	Six-year 4vHPV persistence	pairwise_persistence_dose_contrast	HPV18	vaccine_target_2vHPV_and_4vHPV	IgA1	antibody_isotype_or_subclass	Antibody abundance	none	2	1	dose2_minus_dose1	21	20	9.79118803926266	8.822809778569521	0.9683782606931395	-0.5723556797246367	2.5091122011109155	1.956639891711857	0.6725177823641186	5.692696559457472	1.2715055520286946	38.8006289101675	0.21111810133360523	0.38839944585964215	standard_continuous_model	HPVVT-FJ-M02|Antibody abundance|pairwise_persistence_dose_contrast	0.45471591056468813	no
HPVVT-FJ-M03	Heterologous 2vHPV recall	pairwise_recall_dose_contrast	HPV18	vaccine_target_2vHPV_and_4vHPV	IgA1	antibody_isotype_or_subclass	Antibody abundance	none	2	1	dose2_minus_dose1	21	20	1.8801186087905934	2.3867239275244474	-0.506605318733854	-1.6703574227723668	0.6571467853046589	0.7038767224337227	0.31417549808052286	1.5769607859651058	-0.8840022818756907	34.72049553744797	0.3827755905222848	-0.27291585164835563	standard_continuous_model	HPVVT-FJ-M03|Antibody abundance|pairwise_recall_dose_contrast	0.7307534000879983	no
HPVVT-FJ-M02	Six-year 4vHPV persistence	pairwise_persistence_dose_contrast	HPV18	vaccine_target_2vHPV_and_4vHPV	IgA1	antibody_isotype_or_subclass	Antibody abundance	none	3	1	dose3_minus_dose1	19	20	9.568359114352331	8.822809778569521	0.74554933578281	-0.5001072416627861	1.9912059132284061	1.6766125524906033	0.7070542208834547	3.9756917760235027	1.2183886679995628	32.51369764164396	0.2318436236073652	0.3781574570024095	standard_continuous_model	HPVVT-FJ-M02|Antibody abundance|pairwise_persistence_dose_contrast	0.4749966922687482	no
HPVVT-FJ-M03	Heterologous 2vHPV recall	pairwise_recall_dose_contrast	HPV18	vaccine_target_2vHPV_and_4vHPV	IgA1	antibody_isotype_or_subclass	Antibody abundance	none	3	1	dose3_minus_dose1	19	20	1.6779006065487532	2.3867239275244474	-0.7088233209756942	-2.0057144187454163	0.5880677767940277	0.6118189421203944	0.2490117252268055	1.503232097188906	-1.107474375884814	36.953360709960805	0.2752457737054965	-0.34674684517113785	standard_continuous_model	HPVVT-FJ-M03|Antibody abundance|pairwise_recall_dose_contrast	0.6422401386461585	no
HPVVT-FJ-M02	Six-year 4vHPV persistence	pairwise_persistence_dose_contrast	HPV18	vaccine_target_2vHPV_and_4vHPV	IgA1	antibody_isotype_or_subclass	Antibody abundance	none	3	2	dose3_minus_dose2	19	21	9.568359114352331	9.79118803926266	-0.22282892491032946	-1.5595962852922214	1.1139384354715625	0.8568835581818487	0.33924600104807145	2.1643569268730802	-0.33946525876934736	32.183709806374374	0.7364645873019383	-0.10260162190318274	standard_continuous_model	HPVVT-FJ-M02|Antibody abundance|pairwise_persistence_dose_contrast	0.8823234909486872	no
HPVVT-FJ-M03	Heterologous 2vHPV recall	pairwise_recall_dose_contrast	HPV18	vaccine_target_2vHPV_and_4vHPV	IgA1	antibody_isotype_or_subclass	Antibody abundance	none	3	2	dose3_minus_dose2	19	21	1.6779006065487532	1.8801186087905934	-0.20221800224184028	-1.3199815304910816	0.915545526007401	0.8692132054104169	0.4005400665111805	1.8862821965371646	-0.3674850978480174	34.44388039020188	0.7155056640921336	-0.1153451989856417	standard_continuous_model	HPVVT-FJ-M03|Antibody abundance|pairwise_recall_dose_contrast	0.8586067969105603	no
HPVVT-FJ-M02	Six-year 4vHPV persistence	pairwise_persistence_dose_contrast	HPV18	vaccine_target_2vHPV_and_4vHPV	IgA2	antibody_isotype_or_subclass	Antibody abundance	high	2	1	dose2_minus_dose1	21	20	5.071190720356872	2.8916423088833008	2.179548411473571	-0.667205696992514	5.026302519939655	4.530117314076797	0.6297251984304687	32.58875924045512	1.5486280062019544	38.997134435638145	0.12954931192137734	0.47379469089384046	two_part_floor_sensitivity_required	HPVVT-FJ-M02|Antibody abundance|pairwise_persistence_dose_contrast	0.3297618848907787	no
HPVVT-FJ-M03	Heterologous 2vHPV recall	pairwise_recall_dose_contrast	HPV18	vaccine_target_2vHPV_and_4vHPV	IgA2	antibody_isotype_or_subclass	Antibody abundance	high	2	1	dose2_minus_dose1	21	20	3.404783419719778	4.752425889451458	-1.3476424697316798	-4.061473839022734	1.3661888995593747	0.39293362351052313	0.059892790476008026	2.5778867749860166	-1.0048197182184893	38.537173993674045	0.321251516360333	-0.30832967910226006	two_part_floor_sensitivity_required	HPVVT-FJ-M03|Antibody abundance|pairwise_recall_dose_contrast	0.6831665838252613	no
HPVVT-FJ-M02	Six-year 4vHPV persistence	pairwise_persistence_dose_contrast	HPV18	vaccine_target_2vHPV_and_4vHPV	IgA2	antibody_isotype_or_subclass	Antibody abundance	high	3	1	dose3_minus_dose1	19	20	5.321424617880578	2.8916423088833008	2.4297823089972774	-0.4790790876038411	5.338643705598396	5.388121222245957	0.7174354368812834	40.46615042019629	1.693037646362818	36.646123668818326	0.09893424149335323	0.5319543321457678	two_part_floor_sensitivity_required	HPVVT-FJ-M02|Antibody abundance|pairwise_persistence_dose_contrast	0.2939005690691394	no
HPVVT-FJ-M03	Heterologous 2vHPV recall	pairwise_recall_dose_contrast	HPV18	vaccine_target_2vHPV_and_4vHPV	IgA2	antibody_isotype_or_subclass	Antibody abundance	high	3	1	dose3_minus_dose1	19	20	3.5007515923380756	4.752425889451458	-1.2516742971133823	-4.067161452766992	1.5638128585402278	0.41996054607934236	0.0596571367483406	2.956341351199112	-0.9007885122353406	36.98899967918121	0.37352860274557187	-0.28242518298549696	two_part_floor_sensitivity_required	HPVVT-FJ-M03|Antibody abundance|pairwise_recall_dose_contrast	0.7296837821076287	no
HPVVT-FJ-M02	Six-year 4vHPV persistence	pairwise_persistence_dose_contrast	HPV18	vaccine_target_2vHPV_and_4vHPV	IgA2	antibody_isotype_or_subclass	Antibody abundance	high	3	2	dose3_minus_dose2	19	21	5.321424617880578	5.071190720356872	0.2502338975237066	-2.7032871866524757	3.203754981699889	1.1893999313225323	0.15354280488058153	9.213536236558337	0.17156009206572537	37.69574178886709	0.8647010646161556	0.053205463473417494	two_part_floor_sensitivity_required	HPVVT-FJ-M02|Antibody abundance|pairwise_persistence_dose_contrast	0.9194289800981909	no
HPVVT-FJ-M03	Heterologous 2vHPV recall	pairwise_recall_dose_contrast	HPV18	vaccine_target_2vHPV_and_4vHPV	IgA2	antibody_isotype_or_subclass	Antibody abundance	high	3	2	dose3_minus_dose2	19	21	3.5007515923380756	3.404783419719778	0.09596817261829749	-2.6062356628466983	2.7981720080832932	1.0687824124781102	0.16422712485970486	6.9555857243336865	0.07193400794337293	37.396894205954375	0.9430377703318812	0.022351341471281483	two_part_floor_sensitivity_required	HPVVT-FJ-M03|Antibody abundance|pairwise_recall_dose_contrast	0.9660386915594881	no
HPVVT-FJ-M02	Six-year 4vHPV persistence	pairwise_persistence_dose_contrast	HPV18	vaccine_target_2vHPV_and_4vHPV	IgG	antibody_isotype_or_subclass	Antibody abundance	none	2	1	dose2_minus_dose1	21	20	13.76009035638194	12.300526888136757	1.4595634682451841	0.29527810476365923	2.623848831726709	2.7502513372407322	1.2271215036405079	6.16392296570032	2.5503988421249426	33.03284426085938	0.015580378647873755	0.788861658800094	standard_continuous_model	HPVVT-FJ-M02|Antibody abundance|pairwise_persistence_dose_contrast	0.14541686738015505	no
HPVVT-FJ-M03	Heterologous 2vHPV recall	pairwise_recall_dose_contrast	HPV18	vaccine_target_2vHPV_and_4vHPV	IgG	antibody_isotype_or_subclass	Antibody abundance	none	2	1	dose2_minus_dose1	21	20	1.1678656504228988	2.546237540786886	-1.3783718903639872	-2.478735176687951	-0.2780086040400238	0.3846526385189223	0.17940162003980328	0.8247286300243094	-2.546638209474137	33.66132405737307	0.015624343418706861	-0.787161171985161	standard_continuous_model	HPVVT-FJ-M03|Antibody abundance|pairwise_recall_dose_contrast	0.285880000241978	no
HPVVT-FJ-M02	Six-year 4vHPV persistence	pairwise_persistence_dose_contrast	HPV18	vaccine_target_2vHPV_and_4vHPV	IgG	antibody_isotype_or_subclass	Antibody abundance	none	3	1	dose3_minus_dose1	19	20	13.571900820529073	12.300526888136757	1.2713739323923168	0.0970186735820342	2.4457291912025996	2.4139134210281594	1.0695609317011419	5.4480093948009465	2.2026176011257954	32.99132154814399	0.03471708045085855	0.6840409601703477	standard_continuous_model	HPVVT-FJ-M02|Antibody abundance|pairwise_persistence_dose_contrast	0.21762607929248798	no
HPVVT-FJ-M03	Heterologous 2vHPV recall	pairwise_recall_dose_contrast	HPV18	vaccine_target_2vHPV_and_4vHPV	IgG	antibody_isotype_or_subclass	Antibody abundance	none	3	1	dose3_minus_dose1	19	20	1.3607197046128814	2.546237540786886	-1.1855178361740046	-2.3033458170270036	-0.06768985532100591	0.4396666971291458	0.20259271225265182	0.9541646509148886	-2.155536672467255	33.90179473260019	0.03830821839902181	-0.6702201254578385	standard_continuous_model	HPVVT-FJ-M03|Antibody abundance|pairwise_recall_dose_contrast	0.30336414934863154	no
HPVVT-FJ-M02	Six-year 4vHPV persistence	pairwise_persistence_dose_contrast	HPV18	vaccine_target_2vHPV_and_4vHPV	IgG	antibody_isotype_or_subclass	Antibody abundance	none	3	2	dose3_minus_dose2	19	21	13.571900820529073	13.76009035638194	-0.18818953585286735	-1.099170701957514	0.7227916302517794	0.8777064802557234	0.46678473848199364	1.650372435028974	-0.41828667574651907	37.754151499373556	0.6781073494577201	-0.12966128401210225	standard_continuous_model	HPVVT-FJ-M02|Antibody abundance|pairwise_persistence_dose_contrast	0.8823234909486872	no
HPVVT-FJ-M03	Heterologous 2vHPV recall	pairwise_recall_dose_contrast	HPV18	vaccine_target_2vHPV_and_4vHPV	IgG	antibody_isotype_or_subclass	Antibody abundance	none	3	2	dose3_minus_dose2	19	21	1.3607197046128814	1.1678656504228988	0.19285405418998258	-0.6976516588172305	1.0833597671971957	1.1430226991865993	0.6165750178521267	2.118965013222702	0.43856680218410465	37.608174543712686	0.6634846200360796	0.13609695241904152	standard_continuous_model	HPVVT-FJ-M03|Antibody abundance|pairwise_recall_dose_contrast	0.8586067969105603	no
HPVVT-FJ-M02	Six-year 4vHPV persistence	pairwise_persistence_dose_contrast	HPV18	vaccine_target_2vHPV_and_4vHPV	IgG1	antibody_isotype_or_subclass	IgG subclass architecture	none	2	1	dose2_minus_dose1	21	20	12.695299235638247	11.403489074119669	1.291810161518578	0.11845629803706981	2.465164025000086	2.4483505949216733	1.0855726643558474	5.521897181530686	2.2553405301532505	27.962621900070907	0.03212713565672159	0.7012413768638776	standard_continuous_model	HPVVT-FJ-M02|IgG subclass architecture|pairwise_persistence_dose_contrast	0.15874584677438902	no
HPVVT-FJ-M03	Heterologous 2vHPV recall	pairwise_recall_dose_contrast	HPV18	vaccine_target_2vHPV_and_4vHPV	IgG1	antibody_isotype_or_subclass	IgG subclass architecture	none	2	1	dose2_minus_dose1	21	20	1.3879506354933322	2.638168749138557	-1.2502181136452246	-2.2715234847083057	-0.22891274258214356	0.42038464702901557	0.20711106183349254	0.8532777046925052	-2.517912041778747	25.652181648384534	0.01839414129652173	-0.784765852729495	standard_continuous_model	HPVVT-FJ-M03|IgG subclass architecture|pairwise_recall_dose_contrast	0.16507399748432103	no
HPVVT-FJ-M02	Six-year 4vHPV persistence	pairwise_persistence_dose_contrast	HPV18	vaccine_target_2vHPV_and_4vHPV	IgG1	antibody_isotype_or_subclass	IgG subclass architecture	none	3	1	dose3_minus_dose1	19	20	12.61495490079306	11.403489074119669	1.2114658266733915	-0.000647330925644507	2.4235789842724276	2.3157280304713828	0.9995514050428196	5.365003024412879	2.0399115993805865	30.452165029213713	0.050114969290202795	0.6316382216296297	standard_continuous_model	HPVVT-FJ-M02|IgG subclass architecture|pairwise_persistence_dose_contrast	0.1853974158726755	no
HPVVT-FJ-M03	Heterologous 2vHPV recall	pairwise_recall_dose_contrast	HPV18	vaccine_target_2vHPV_and_4vHPV	IgG1	antibody_isotype_or_subclass	IgG subclass architecture	none	3	1	dose3_minus_dose1	19	20	1.7110230334190963	2.638168749138557	-0.9271457157194605	-1.9905117639935797	0.1362203325546587	0.5258977699613616	0.2516496045766802	1.0990220505832744	-1.7828205531876786	29.154024116126664	0.08503236200141047	-0.5512546583100989	standard_continuous_model	HPVVT-FJ-M03|IgG subclass architecture|pairwise_recall_dose_contrast	0.23041027122962837	no
HPVVT-FJ-M02	Six-year 4vHPV persistence	pairwise_persistence_dose_contrast	HPV18	vaccine_target_2vHPV_and_4vHPV	IgG1	antibody_isotype_or_subclass	IgG subclass architecture	none	3	2	dose3_minus_dose2	19	21	12.61495490079306	12.695299235638247	-0.08034433484518644	-0.8786696741210551	0.7179810044306822	0.9458318736191729	0.5438687077728955	1.6448784796192288	-0.2040375416725455	36.369899642139146	0.8394616104523073	-0.06367698924766592	standard_continuous_model	HPVVT-FJ-M02|IgG subclass architecture|pairwise_persistence_dose_contrast	0.9938674909216066	no
HPVVT-FJ-M03	Heterologous 2vHPV recall	pairwise_recall_dose_contrast	HPV18	vaccine_target_2vHPV_and_4vHPV	IgG1	antibody_isotype_or_subclass	IgG subclass architecture	none	3	2	dose3_minus_dose2	19	21	1.7110230334190963	1.3879506354933322	0.32307239792576414	-0.31565800870577065	0.9618028045572989	1.2509918563345235	0.8034844404125259	1.9477422908299291	1.0268717823065807	34.966601767978034	0.31153238842263864	0.3218589957488802	standard_continuous_model	HPVVT-FJ-M03|IgG subclass architecture|pairwise_recall_dose_contrast	0.5283625687796437	no
HPVVT-FJ-M02	Six-year 4vHPV persistence	pairwise_persistence_dose_contrast	HPV18	vaccine_target_2vHPV_and_4vHPV	IgG2	antibody_isotype_or_subclass	IgG subclass architecture	low	2	1	dose2_minus_dose1	21	20	8.037258269155476	6.587606923761091	1.4496513453943853	0.15814348623132002	2.7411592045574507	2.7314203342366348	1.1158502960147771	6.686073453515102	2.279788359209711	34.53540853867205	0.028911772990606845	0.7039849792151969	continuous_model_plus_floor_summary	HPVVT-FJ-M02|IgG subclass architecture|pairwise_persistence_dose_contrast	0.15874584677438902	no
HPVVT-FJ-M03	Heterologous 2vHPV recall	pairwise_recall_dose_contrast	HPV18	vaccine_target_2vHPV_and_4vHPV	IgG2	antibody_isotype_or_subclass	IgG subclass architecture	low	2	1	dose2_minus_dose1	21	20	2.534977917207841	2.8799955427788255	-0.3450176255709847	-1.9594165500297667	1.2693812988877973	0.7872983579959998	0.2571324242864506	2.4105816534933955	-0.43332741281247283	36.24601080692041	0.6673449343859605	-0.13352447001156617	continuous_model_plus_floor_summary	HPVVT-FJ-M03|IgG subclass architecture|pairwise_recall_dose_contrast	0.8243672718885395	no
HPVVT-FJ-M02	Six-year 4vHPV persistence	pairwise_persistence_dose_contrast	HPV18	vaccine_target_2vHPV_and_4vHPV	IgG2	antibody_isotype_or_subclass	IgG subclass architecture	low	3	1	dose3_minus_dose1	19	20	8.642359442675698	6.587606923761091	2.054752518914607	0.43560534282341457	3.673899695005799	4.154723647371047	1.352478202577479	12.763036441642988	2.5741437909488383	35.83006059448615	0.01433128178799837	0.8105650961347679	continuous_model_plus_floor_summary	HPVVT-FJ-M02|IgG subclass architecture|pairwise_persistence_dose_contrast	0.13697491205024984	no
HPVVT-FJ-M03	Heterologous 2vHPV recall	pairwise_recall_dose_contrast	HPV18	vaccine_target_2vHPV_and_4vHPV	IgG2	antibody_isotype_or_subclass	IgG subclass architecture	low	3	1	dose3_minus_dose1	19	20	1.4787573945043366	2.8799955427788255	-1.401238148274489	-3.436144701351662	0.6336684048026844	0.3786040769523561	0.09238838499641021	1.5515050630067313	-1.3979211958332607	35.00883834117443	0.1709318433876906	-0.4408637422781296	continuous_model_plus_floor_summary	HPVVT-FJ-M03|IgG subclass architecture|pairwise_recall_dose_contrast	0.3942793427182099	no
HPVVT-FJ-M02	Six-year 4vHPV persistence	pairwise_persistence_dose_contrast	HPV18	vaccine_target_2vHPV_and_4vHPV	IgG2	antibody_isotype_or_subclass	IgG subclass architecture	low	3	2	dose3_minus_dose2	19	21	8.642359442675698	8.037258269155476	0.6051011735202216	-0.8422131098337169	2.05241545687416	1.521085420392534	0.557787260705721	4.14799874275257	0.8538614111642766	29.98590651642948	0.3999518087378575	0.2708066614402861	continuous_model_plus_floor_summary	HPVVT-FJ-M02|IgG subclass architecture|pairwise_persistence_dose_contrast	0.633885885546793	no
HPVVT-FJ-M03	Heterologous 2vHPV recall	pairwise_recall_dose_contrast	HPV18	vaccine_target_2vHPV_and_4vHPV	IgG2	antibody_isotype_or_subclass	IgG subclass architecture	low	3	2	dose3_minus_dose2	19	21	1.4787573945043366	2.534977917207841	-1.0562205227035042	-2.9334600041425842	0.8210189587355758	0.4808902153893223	0.13090027160593337	1.7666533187445776	-1.1481200481062155	30.60745652975182	0.25981355966808156	-0.36363476558908603	continuous_model_plus_floor_summary	HPVVT-FJ-M03|IgG subclass architecture|pairwise_recall_dose_contrast	0.47444215243736637	no
HPVVT-FJ-M02	Six-year 4vHPV persistence	pairwise_persistence_dose_contrast	HPV18	vaccine_target_2vHPV_and_4vHPV	IgG3	antibody_isotype_or_subclass	IgG subclass architecture	none	2	1	dose2_minus_dose1	21	20	7.807793430842338	6.976750579458203	0.8310428513841348	-0.4788833124939018	2.140969015262171	1.7789708258448695	0.7175328001687332	4.410581925262462	1.2844303402616069	37.89669967808532	0.20678792170738283	0.39473354215672535	standard_continuous_model	HPVVT-FJ-M02|IgG subclass architecture|pairwise_persistence_dose_contrast	0.4453893698312861	no
HPVVT-FJ-M03	Heterologous 2vHPV recall	pairwise_recall_dose_contrast	HPV18	vaccine_target_2vHPV_and_4vHPV	IgG3	antibody_isotype_or_subclass	IgG subclass architecture	none	2	1	dose2_minus_dose1	21	20	3.559389144155444	3.9800401241197227	-0.4206509799642788	-1.8012334226937745	0.9599314627652169	0.7470874437738965	0.2869291756340921	1.9452174823670962	-0.6188835746807009	34.48857467633326	0.5400596849620839	-0.1911178663966525	standard_continuous_model	HPVVT-FJ-M03|IgG subclass architecture|pairwise_recall_dose_contrast	0.7200795799494453	no
HPVVT-FJ-M02	Six-year 4vHPV persistence	pairwise_persistence_dose_contrast	HPV18	vaccine_target_2vHPV_and_4vHPV	IgG3	antibody_isotype_or_subclass	IgG subclass architecture	none	3	1	dose3_minus_dose1	19	20	7.99628359455204	6.976750579458203	1.0195330150938364	-0.35553517166058346	2.394601201848256	2.0272626501961235	0.7815796602401061	5.258317305260548	1.5023132407410646	36.99308581099859	0.141505261527912	0.470639457161842	standard_continuous_model	HPVVT-FJ-M02|IgG subclass architecture|pairwise_persistence_dose_contrast	0.3747417003600259	no
HPVVT-FJ-M03	Heterologous 2vHPV recall	pairwise_recall_dose_contrast	HPV18	vaccine_target_2vHPV_and_4vHPV	IgG3	antibody_isotype_or_subclass	IgG subclass architecture	none	3	1	dose3_minus_dose1	19	20	2.2536630854375175	3.9800401241197227	-1.7263770386822053	-3.2686668891733266	-0.18408718819108372	0.3022099280971634	0.10376077826038202	0.8802058173783442	-2.268150409126424	36.945803805825776	0.029256967857148493	-0.7100993194270466	standard_continuous_model	HPVVT-FJ-M03|IgG subclass architecture|pairwise_recall_dose_contrast	0.16507399748432103	no
HPVVT-FJ-M02	Six-year 4vHPV persistence	pairwise_persistence_dose_contrast	HPV18	vaccine_target_2vHPV_and_4vHPV	IgG3	antibody_isotype_or_subclass	IgG subclass architecture	none	3	2	dose3_minus_dose2	19	21	7.99628359455204	7.807793430842338	0.18849016370970162	-1.0927098629934757	1.469690190412879	1.139570486904042	0.46887983406808215	2.769624113188355	0.298072335354403	37.07784811042114	0.7673119238230411	0.09276390308639776	standard_continuous_model	HPVVT-FJ-M02|IgG subclass architecture|pairwise_persistence_dose_contrast	0.9478559058990508	no
HPVVT-FJ-M03	Heterologous 2vHPV recall	pairwise_recall_dose_contrast	HPV18	vaccine_target_2vHPV_and_4vHPV	IgG3	antibody_isotype_or_subclass	IgG subclass architecture	none	3	2	dose3_minus_dose2	19	21	2.2536630854375175	3.559389144155444	-1.3057260587179265	-2.6288654470232347	0.017413329587381954	0.40451747732575494	0.1616711940493978	1.0121431367173241	-2.0049105346443086	34.27306404075448	0.05292244534134172	-0.6295752194388108	standard_continuous_model	HPVVT-FJ-M03|IgG subclass architecture|pairwise_recall_dose_contrast	0.21168978136536687	no
HPVVT-FJ-M02	Six-year 4vHPV persistence	pairwise_persistence_dose_contrast	HPV18	vaccine_target_2vHPV_and_4vHPV	IgG4	antibody_isotype_or_subclass	IgG subclass architecture	high	2	1	dose2_minus_dose1	21	20	4.192392052404651	2.909454316949914	1.282937735454737	-0.617534184873441	3.1834096557829152	2.433339695725213	0.651783987709139	9.084516015196135	1.3687680515132767	36.246020021203066	0.17949563159477214	0.4217689002546764	two_part_floor_sensitivity_required	HPVVT-FJ-M02|IgG subclass architecture|pairwise_persistence_dose_contrast	0.4075035960529962	no
HPVVT-FJ-M03	Heterologous 2vHPV recall	pairwise_recall_dose_contrast	HPV18	vaccine_target_2vHPV_and_4vHPV	IgG4	antibody_isotype_or_subclass	IgG subclass architecture	high	2	1	dose2_minus_dose1	21	20	1.8101030181419633	2.0124065787615644	-0.20230356061960109	-2.1015173178065005	1.6969101965672984	0.8691616586423718	0.23301305341729794	3.2420586648467906	-0.21546496253829012	38.95103934368489	0.8305291153077154	-0.06599291274354133	two_part_floor_sensitivity_required	HPVVT-FJ-M03|IgG subclass architecture|pairwise_recall_dose_contrast	0.9045116595151955	no
HPVVT-FJ-M02	Six-year 4vHPV persistence	pairwise_persistence_dose_contrast	HPV18	vaccine_target_2vHPV_and_4vHPV	IgG4	antibody_isotype_or_subclass	IgG subclass architecture	high	3	1	dose3_minus_dose1	19	20	4.183444984621222	2.909454316949914	1.2739906676713075	-0.8658524235476786	3.4138337588902936	2.4182957084415224	0.5487220959102801	10.657770439816403	1.2064000870893872	36.93362359231071	0.23533425698251403	0.3784942523321828	two_part_floor_sensitivity_required	HPVVT-FJ-M02|IgG subclass architecture|pairwise_persistence_dose_contrast	0.4492744906029813	no
HPVVT-FJ-M03	Heterologous 2vHPV recall	pairwise_recall_dose_contrast	HPV18	vaccine_target_2vHPV_and_4vHPV	IgG4	antibody_isotype_or_subclass	IgG subclass architecture	high	3	1	dose3_minus_dose1	19	20	1.9345140694584284	2.0124065787615644	-0.07789250930313596	-2.201727719134628	2.045942700528356	0.9474406588108658	0.21737716189834536	4.129430130234855	-0.07442684820864764	35.37461456532189	0.941090039021494	-0.02345701219778436	two_part_floor_sensitivity_required	HPVVT-FJ-M03|IgG subclass architecture|pairwise_recall_dose_contrast	0.9632408718828323	no
HPVVT-FJ-M02	Six-year 4vHPV persistence	pairwise_persistence_dose_contrast	HPV18	vaccine_target_2vHPV_and_4vHPV	IgG4	antibody_isotype_or_subclass	IgG subclass architecture	high	3	2	dose3_minus_dose2	19	21	4.183444984621222	4.192392052404651	-0.008947067783429574	-1.931152222199401	1.913258086632542	0.9938175556375792	0.2622196630111449	3.7665876103710603	-0.009453972822155578	34.5237025329465	0.9925113541472058	-0.0029667639861890656	two_part_floor_sensitivity_required	HPVVT-FJ-M02|IgG subclass architecture|pairwise_persistence_dose_contrast	0.9938674909216066	no
HPVVT-FJ-M03	Heterologous 2vHPV recall	pairwise_recall_dose_contrast	HPV18	vaccine_target_2vHPV_and_4vHPV	IgG4	antibody_isotype_or_subclass	IgG subclass architecture	high	3	2	dose3_minus_dose2	19	21	1.9345140694584284	1.8101030181419633	0.12441105131646513	-1.9902034219448979	2.239025524577828	1.090062647598567	0.2517033944941451	4.720780894026591	0.11934732274008956	35.770309338078434	0.9056679710322664	0.03732014438565135	two_part_floor_sensitivity_required	HPVVT-FJ-M03|IgG subclass architecture|pairwise_recall_dose_contrast	0.9415320477714232	no
HPVVT-FJ-M02	Six-year 4vHPV persistence	pairwise_persistence_dose_contrast	HPV18	vaccine_target_2vHPV_and_4vHPV	IgM	antibody_isotype_or_subclass	Antibody abundance	none	2	1	dose2_minus_dose1	21	20	10.643536289387136	10.938311119144828	-0.2947748297576922	-0.8169014340940749	0.2273517745786905	0.8151995556566439	0.5676598326538823	1.1706840563933016	-1.149050991806409	32.6757090683846	0.25887670860509915	-0.3478227569447783	standard_continuous_model	HPVVT-FJ-M02|Antibody abundance|pairwise_persistence_dose_contrast	0.4943311273803112	no
HPVVT-FJ-M03	Heterologous 2vHPV recall	pairwise_recall_dose_contrast	HPV18	vaccine_target_2vHPV_and_4vHPV	IgM	antibody_isotype_or_subclass	Antibody abundance	none	2	1	dose2_minus_dose1	21	20	0.6485369508997606	0.8213861852978122	-0.17284923439805155	-0.6701093111878359	0.3244108423917328	0.8870890035505121	0.6284590679041526	1.2521529888089007	-0.7031641504896363	38.878688649991986	0.48614312963664086	-0.21487606265607315	standard_continuous_model	HPVVT-FJ-M03|Antibody abundance|pairwise_recall_dose_contrast	0.7853081324899583	no
HPVVT-FJ-M02	Six-year 4vHPV persistence	pairwise_persistence_dose_contrast	HPV18	vaccine_target_2vHPV_and_4vHPV	IgM	antibody_isotype_or_subclass	Antibody abundance	none	3	1	dose3_minus_dose1	19	20	10.887043006580345	10.938311119144828	-0.05126811256448249	-0.6536794181554928	0.5511431930265278	0.9650876548984099	0.6356570785751763	1.465246298719791	-0.1746953173061502	26.755724712517626	0.8626342822567327	-0.05565978600672069	standard_continuous_model	HPVVT-FJ-M02|Antibody abundance|pairwise_persistence_dose_contrast	0.9194289800981909	no
HPVVT-FJ-M03	Heterologous 2vHPV recall	pairwise_recall_dose_contrast	HPV18	vaccine_target_2vHPV_and_4vHPV	IgM	antibody_isotype_or_subclass	Antibody abundance	none	3	1	dose3_minus_dose1	19	20	0.8252219123193689	0.8213861852978122	0.0038357270215567674	-0.6117214874773917	0.6193929415205053	1.002662260909788	0.6544153585298752	1.5362286296445968	0.01270095099406255	31.48232218500307	0.989946526975236	0.004024846810257044	standard_continuous_model	HPVVT-FJ-M03|Antibody abundance|pairwise_recall_dose_contrast	0.989946526975236	no
HPVVT-FJ-M02	Six-year 4vHPV persistence	pairwise_persistence_dose_contrast	HPV18	vaccine_target_2vHPV_and_4vHPV	IgM	antibody_isotype_or_subclass	Antibody abundance	none	3	2	dose3_minus_dose2	19	21	10.887043006580345	10.643536289387136	0.2435067171932097	-0.4493939223174013	0.9364073567038207	1.183866757779365	0.7323504445385909	1.9137566046785839	0.7126398484863623	36.13891335409323	0.4806448901818977	0.22258010077659185	standard_continuous_model	HPVVT-FJ-M02|Antibody abundance|pairwise_persistence_dose_contrast	0.6961063926772312	no
HPVVT-FJ-M03	Heterologous 2vHPV recall	pairwise_recall_dose_contrast	HPV18	vaccine_target_2vHPV_and_4vHPV	IgM	antibody_isotype_or_subclass	Antibody abundance	none	3	2	dose3_minus_dose2	19	21	0.8252219123193689	0.6485369508997606	0.17668496141960832	-0.4538592353004103	0.8072291581396269	1.1302837222609026	0.7300872369418016	1.749847454064999	0.5698640547278596	33.351293747527656	0.5725888950813971	0.1793584284685119	standard_continuous_model	HPVVT-FJ-M03|Antibody abundance|pairwise_recall_dose_contrast	0.8586067969105603	no
HPVVT-FJ-M02	Six-year 4vHPV persistence	pairwise_persistence_dose_contrast	HPV18	vaccine_target_2vHPV_and_4vHPV	nAb	neutralizing_antibody	Neutralization	high	2	1	dose2_minus_dose1	21	20	9.548618094536632	8.243856189774727	1.3047619047619055	-0.10877407208892342	2.7182978816127346	2.4704295331647903	0.92737576330968	6.580959218248205	1.8675356237447234	38.67978210483414	0.06941784319774542	0.5727873478476405	two_part_floor_sensitivity_required	HPVVT-FJ-M02|Neutralization|pairwise_persistence_dose_contrast	0.10412676479661814	no
HPVVT-FJ-M03	Heterologous 2vHPV recall	pairwise_recall_dose_contrast	HPV18	vaccine_target_2vHPV_and_4vHPV	nAb	neutralizing_antibody	Neutralization	high	2	1	dose2_minus_dose1	21	20	5.238095238095238	6.1	-0.8619047619047615	-2.091752502240923	0.3679429784314001	0.550225626088137	0.23459554109524736	1.2905114828297803	-1.4204352989429525	36.667804222439095	0.16392884930020635	-0.43743001807657544	two_part_floor_sensitivity_required	HPVVT-FJ-M03|Neutralization|pairwise_recall_dose_contrast	0.24589327395030952	no
HPVVT-FJ-M02	Six-year 4vHPV persistence	pairwise_persistence_dose_contrast	HPV18	vaccine_target_2vHPV_and_4vHPV	nAb	neutralizing_antibody	Neutralization	high	3	1	dose3_minus_dose1	19	20	9.749119347669463	8.243856189774727	1.5052631578947366	0.2479133296899232	2.7626129860995503	2.8387644761229254	1.1874883252356176	6.786242508361932	2.434848546632173	33.29328058205487	0.02041816254136027	0.7564531731922646	two_part_floor_sensitivity_required	HPVVT-FJ-M02|Neutralization|pairwise_persistence_dose_contrast	0.04083632508272054	yes
HPVVT-FJ-M03	Heterologous 2vHPV recall	pairwise_recall_dose_contrast	HPV18	vaccine_target_2vHPV_and_4vHPV	nAb	neutralizing_antibody	Neutralization	high	3	1	dose3_minus_dose1	19	20	5.157894736842105	6.1	-0.9421052631578943	-2.04648814412171	0.16227761780592131	0.5204728222703894	0.24207262678996655	1.1190524195746543	-1.7444721933166165	29.08912027927907	0.09163597406610927	-0.5393596619175302	two_part_floor_sensitivity_required	HPVVT-FJ-M03|Neutralization|pairwise_recall_dose_contrast	0.18327194813221856	no
HPVVT-FJ-M02	Six-year 4vHPV persistence	pairwise_persistence_dose_contrast	HPV18	vaccine_target_2vHPV_and_4vHPV	nAb	neutralizing_antibody	Neutralization	high	3	2	dose3_minus_dose2	19	21	9.749119347669463	9.548618094536632	0.20050125313283118	-1.0001416181133342	1.4011441243789966	1.1490975306169826	0.4999509213108884	2.641109514125601	0.33875929642368724	35.76310938094312	0.736772064531898	0.10327281682957985	two_part_floor_sensitivity_required	HPVVT-FJ-M02|Neutralization|pairwise_persistence_dose_contrast	0.7367720645318979	no
HPVVT-FJ-M03	Heterologous 2vHPV recall	pairwise_recall_dose_contrast	HPV18	vaccine_target_2vHPV_and_4vHPV	nAb	neutralizing_antibody	Neutralization	high	3	2	dose3_minus_dose2	19	21	5.157894736842105	5.238095238095238	-0.08020050125313283	-1.0070910057819342	0.8466900032756686	0.9459261757230811	0.4975484743627533	1.7983701609458231	-0.1757371882391795	34.56395107524155	0.8615259760123153	-0.05340220502514123	two_part_floor_sensitivity_required	HPVVT-FJ-M03|Neutralization|pairwise_recall_dose_contrast	0.8615259760123153	no
HPVVT-FJ-M02	Six-year 4vHPV persistence	pairwise_persistence_dose_contrast	HPV31	cross_reactive_non_booster_target	FcgR2A	fc_gamma_receptor_binding	Fc-receptor engagement	low	2	1	dose2_minus_dose1	21	20	8.447346420924422	5.528834882463714	2.9185115384607077	0.8693985606502932	4.967624516271123	7.560656645695234	1.8269011321983115	31.28988641290654	2.890097941992517	35.461683775927504	0.006532131292798356	0.891455984362251	continuous_model_plus_floor_summary	HPVVT-FJ-M02|Fc-receptor engagement|pairwise_persistence_dose_contrast	0.10288106786157411	no
HPVVT-FJ-M03	Heterologous 2vHPV recall	pairwise_recall_dose_contrast	HPV31	cross_reactive_non_booster_target	FcgR2A	fc_gamma_receptor_binding	Fc-receptor engagement	low	2	1	dose2_minus_dose1	21	20	2.330053899987353	3.73596922304689	-1.4059153230595371	-4.034404786943506	1.222574140824432	0.3773786411845552	0.0610271578452709	2.333627254662282	-1.090764679807532	31.085531458845878	0.28375940250113424	-0.3380700742377086	continuous_model_plus_floor_summary	HPVVT-FJ-M03|Fc-receptor engagement|pairwise_recall_dose_contrast	0.7005176272754953	no
HPVVT-FJ-M02	Six-year 4vHPV persistence	pairwise_persistence_dose_contrast	HPV31	cross_reactive_non_booster_target	FcgR2A	fc_gamma_receptor_binding	Fc-receptor engagement	low	3	1	dose3_minus_dose1	19	20	8.348677138664074	5.528834882463714	2.81984225620036	0.6540901028507453	4.985594409549975	7.0608518969007585	1.5736231675444525	31.682063748313936	2.6395429943841724	36.423739699705266	0.012144830026032134	0.8244840258849313	continuous_model_plus_floor_summary	HPVVT-FJ-M02|Fc-receptor engagement|pairwise_persistence_dose_contrast	0.1530248583280049	no
HPVVT-FJ-M03	Heterologous 2vHPV recall	pairwise_recall_dose_contrast	HPV31	cross_reactive_non_booster_target	FcgR2A	fc_gamma_receptor_binding	Fc-receptor engagement	low	3	1	dose3_minus_dose1	19	20	2.3431587035352526	3.73596922304689	-1.3928105195116376	-4.221040606994377	1.4354195679711022	0.3808221980163565	0.05362164886218184	2.704608112196497	-0.9997585169715628	35.00296444069866	0.32428899322392	-0.3113657426446194	continuous_model_plus_floor_summary	HPVVT-FJ-M03|Fc-receptor engagement|pairwise_recall_dose_contrast	0.7314411403017897	no
HPVVT-FJ-M02	Six-year 4vHPV persistence	pairwise_persistence_dose_contrast	HPV31	cross_reactive_non_booster_target	FcgR2A	fc_gamma_receptor_binding	Fc-receptor engagement	low	3	2	dose3_minus_dose2	19	21	8.348677138664074	8.447346420924422	-0.09866928226034766	-1.9623938407261532	1.7650552762054579	0.9338940025693342	0.2566023271039088	3.398870220229137	-0.10731171688131347	36.58527690871836	0.9151280230875181	-0.03346416409129118	continuous_model_plus_floor_summary	HPVVT-FJ-M02|Fc-receptor engagement|pairwise_persistence_dose_contrast	0.9414210735523557	no
HPVVT-FJ-M03	Heterologous 2vHPV recall	pairwise_recall_dose_contrast	HPV31	cross_reactive_non_booster_target	FcgR2A	fc_gamma_receptor_binding	Fc-receptor engagement	low	3	2	dose3_minus_dose2	19	21	2.3431587035352526	2.330053899987353	0.013104803547899557	-2.1598183332392056	2.1860279403350047	1.009124938340422	0.22378444529871655	4.550509039273252	0.012244515054905964	34.918331088676275	0.9903002273745755	0.003838387564852556	continuous_model_plus_floor_summary	HPVVT-FJ-M03|Fc-receptor engagement|pairwise_recall_dose_contrast	0.9903002273745755	no
HPVVT-FJ-M02	Six-year 4vHPV persistence	pairwise_persistence_dose_contrast	HPV31	cross_reactive_non_booster_target	FcgR2B	fc_gamma_receptor_binding	Fc-receptor engagement	moderate	2	1	dose2_minus_dose1	21	20	6.5046259943816525	5.278316430922641	1.2263095634590115	-1.235479860168068	3.688098987086091	2.339677305915901	0.4247012146220006	12.889272993226605	1.0076973534368525	38.85623185069548	0.31983411226658087	0.3078986138727729	above_floor_binary_sensitivity_required	HPVVT-FJ-M02|Fc-receptor engagement|pairwise_persistence_dose_contrast	0.57461165608687	no
HPVVT-FJ-M03	Heterologous 2vHPV recall	pairwise_recall_dose_contrast	HPV31	cross_reactive_non_booster_target	FcgR2B	fc_gamma_receptor_binding	Fc-receptor engagement	moderate	2	1	dose2_minus_dose1	21	20	3.3449162085835757	5.080293889823286	-1.7353776812397106	-3.9940541834706225	0.5232988209912013	0.3003303789940765	0.06275811439414726	1.4372378363735132	-1.555264735447184	38.08204545905787	0.12815543250492434	-0.477782049668348	above_floor_binary_sensitivity_required	HPVVT-FJ-M03|Fc-receptor engagement|pairwise_recall_dose_contrast	0.5483150738778576	no
HPVVT-FJ-M02	Six-year 4vHPV persistence	pairwise_persistence_dose_contrast	HPV31	cross_reactive_non_booster_target	FcgR2B	fc_gamma_receptor_binding	Fc-receptor engagement	moderate	3	1	dose3_minus_dose1	19	20	7.298338377448383	5.278316430922641	2.020021946525742	-0.17002694491330494	4.210070837964789	4.05589961773522	0.8888260805928829	18.507919680047724	1.8699938808142211	36.36217245801554	0.06955240869394018	0.5840072177881181	above_floor_binary_sensitivity_required	HPVVT-FJ-M02|Fc-receptor engagement|pairwise_persistence_dose_contrast	0.30402875512753147	no
HPVVT-FJ-M03	Heterologous 2vHPV recall	pairwise_recall_dose_contrast	HPV31	cross_reactive_non_booster_target	FcgR2B	fc_gamma_receptor_binding	Fc-receptor engagement	moderate	3	1	dose3_minus_dose1	19	20	2.7137680232993695	5.080293889823286	-2.366525866523917	-4.4493032993959725	-0.2837484336518612	0.19391201919231324	0.04577477803706796	0.8214539272433049	-2.309864176015234	33.70069778241585	0.02715446926325685	-0.7180085949371294	above_floor_binary_sensitivity_required	HPVVT-FJ-M03|Fc-receptor engagement|pairwise_recall_dose_contrast	0.5483150738778576	no
HPVVT-FJ-M02	Six-year 4vHPV persistence	pairwise_persistence_dose_contrast	HPV31	cross_reactive_non_booster_target	FcgR2B	fc_gamma_receptor_binding	Fc-receptor engagement	moderate	3	2	dose3_minus_dose2	19	21	7.298338377448383	6.5046259943816525	0.7937123830667305	-1.512677572850361	3.100102338983822	1.7335294946357906	0.35046017767778914	8.57479594025405	0.697495645149592	36.673854870259454	0.4898912383928845	0.21327040454870563	above_floor_binary_sensitivity_required	HPVVT-FJ-M02|Fc-receptor engagement|pairwise_persistence_dose_contrast	0.7014351822443573	no
HPVVT-FJ-M03	Heterologous 2vHPV recall	pairwise_recall_dose_contrast	HPV31	cross_reactive_non_booster_target	FcgR2B	fc_gamma_receptor_binding	Fc-receptor engagement	moderate	3	2	dose3_minus_dose2	19	21	2.7137680232993695	3.3449162085835757	-0.6311481852842062	-2.54094733213437	1.2786509615659574	0.6456623530453368	0.17182985975296622	2.4261200861094503	-0.6696365180533118	36.96270607393203	0.5072513382152635	-0.20498359315463627	above_floor_binary_sensitivity_required	HPVVT-FJ-M03|Fc-receptor engagement|pairwise_recall_dose_contrast	0.79892085768904	no
HPVVT-FJ-M02	Six-year 4vHPV persistence	pairwise_persistence_dose_contrast	HPV31	cross_reactive_non_booster_target	FcgR3A	fc_gamma_receptor_binding	Fc-receptor engagement	moderate	2	1	dose2_minus_dose1	21	20	6.2878735992114	4.6408213568402354	1.6470522423711644	-0.4134632565779546	3.7075677413202834	3.1319305953544503	0.7508188330838975	13.064388933650005	1.616821498158915	38.99701965631293	0.11397878784218436	0.4946560373256521	above_floor_binary_sensitivity_required	HPVVT-FJ-M02|Fc-receptor engagement|pairwise_persistence_dose_contrast	0.35903318170288073	no
HPVVT-FJ-M03	Heterologous 2vHPV recall	pairwise_recall_dose_contrast	HPV31	cross_reactive_non_booster_target	FcgR3A	fc_gamma_receptor_binding	Fc-receptor engagement	moderate	2	1	dose2_minus_dose1	21	20	4.110380332860128	5.399575353412487	-1.2891950205523592	-3.3883093758723097	0.8099193347675913	0.40917927504279744	0.0955030503898376	1.753113418274283	-1.243073869908191	38.21615221516944	0.22141328295552568	-0.38176045971088174	above_floor_binary_sensitivity_required	HPVVT-FJ-M03|Fc-receptor engagement|pairwise_recall_dose_contrast	0.6557877293699199	no
HPVVT-FJ-M02	Six-year 4vHPV persistence	pairwise_persistence_dose_contrast	HPV31	cross_reactive_non_booster_target	FcgR3A	fc_gamma_receptor_binding	Fc-receptor engagement	moderate	3	1	dose3_minus_dose1	19	20	6.855778120731547	4.6408213568402354	2.214956763891312	-0.015113632442274927	4.445027160224899	4.6426765191384884	0.9895787101611302	21.781435918169894	2.015118792239705	35.60834215694014	0.05148997626338892	0.6348213939850781	above_floor_binary_sensitivity_required	HPVVT-FJ-M02|Fc-receptor engagement|pairwise_persistence_dose_contrast	0.30402875512753147	no
HPVVT-FJ-M03	Heterologous 2vHPV recall	pairwise_recall_dose_contrast	HPV31	cross_reactive_non_booster_target	FcgR3A	fc_gamma_receptor_binding	Fc-receptor engagement	moderate	3	1	dose3_minus_dose1	19	20	3.575111601241427	5.399575353412487	-1.8244637521710603	-3.8792835268744135	0.23035602253229293	0.28234602934328673	0.06795466826686954	1.1731244124811113	-1.8002950052183846	36.254648788807934	0.08013916004333214	-0.5620795492849674	above_floor_binary_sensitivity_required	HPVVT-FJ-M03|Fc-receptor engagement|pairwise_recall_dose_contrast	0.5483150738778576	no
HPVVT-FJ-M02	Six-year 4vHPV persistence	pairwise_persistence_dose_contrast	HPV31	cross_reactive_non_booster_target	FcgR3A	fc_gamma_receptor_binding	Fc-receptor engagement	moderate	3	2	dose3_minus_dose2	19	21	6.855778120731547	6.2878735992114	0.5679045215201475	-1.6925404974104428	2.8283495404507377	1.482368902435101	0.30938164293902126	7.102611331531892	0.5092031911218053	36.6771873717654	0.6136598434079996	0.15873486084471805	above_floor_binary_sensitivity_required	HPVVT-FJ-M02|Fc-receptor engagement|pairwise_persistence_dose_contrast	0.8054285444729995	no
HPVVT-FJ-M03	Heterologous 2vHPV recall	pairwise_recall_dose_contrast	HPV31	cross_reactive_non_booster_target	FcgR3A	fc_gamma_receptor_binding	Fc-receptor engagement	moderate	3	2	dose3_minus_dose2	19	21	3.575111601241427	4.110380332860128	-0.535268731618701	-2.4564379419955937	1.3859004787581914	0.6900301324248527	0.18219585689955833	2.613350225174159	-0.564028899070569	37.999937803361064	0.5760484953037807	-0.1741086924449442	above_floor_binary_sensitivity_required	HPVVT-FJ-M03|Fc-receptor engagement|pairwise_recall_dose_contrast	0.8374988932822258	no
HPVVT-FJ-M02	Six-year 4vHPV persistence	pairwise_persistence_dose_contrast	HPV31	cross_reactive_non_booster_target	IgA1	antibody_isotype_or_subclass	Antibody abundance	low	2	1	dose2_minus_dose1	21	20	8.458720615263317	7.731991470815953	0.726729144447364	-1.0935632509220565	2.5470215398167846	1.6548829106999563	0.468602562671622	5.844264769942984	0.8114554721139309	33.87863032278532	0.4227688327685598	0.24593846895274935	continuous_model_plus_floor_summary	HPVVT-FJ-M02|Antibody abundance|pairwise_persistence_dose_contrast	0.6576404065288708	no
HPVVT-FJ-M03	Heterologous 2vHPV recall	pairwise_recall_dose_contrast	HPV31	cross_reactive_non_booster_target	IgA1	antibody_isotype_or_subclass	Antibody abundance	low	2	1	dose2_minus_dose1	21	20	3.2295791434205006	3.516461821768438	-0.28688267834793724	-1.8645622137068676	1.2907968570109931	0.819671261555221	0.2746065202453671	2.446631552736638	-0.36786312765559265	38.80105925918802	0.714974486264084	-0.11236923911080658	continuous_model_plus_floor_summary	HPVVT-FJ-M03|Antibody abundance|pairwise_recall_dose_contrast	0.8586067969105603	no
HPVVT-FJ-M02	Six-year 4vHPV persistence	pairwise_persistence_dose_contrast	HPV31	cross_reactive_non_booster_target	IgA1	antibody_isotype_or_subclass	Antibody abundance	low	3	1	dose3_minus_dose1	19	20	8.742262701744467	7.731991470815953	1.010271230928514	-0.9026887578036675	2.9232312196606953	2.01428975694129	0.5348889266416517	7.58543133504954	1.0788654090651615	29.801221444728004	0.2893028243650716	0.34255614858036737	continuous_model_plus_floor_summary	HPVVT-FJ-M02|Antibody abundance|pairwise_persistence_dose_contrast	0.5137493284703204	no
HPVVT-FJ-M03	Heterologous 2vHPV recall	pairwise_recall_dose_contrast	HPV31	cross_reactive_non_booster_target	IgA1	antibody_isotype_or_subclass	Antibody abundance	low	3	1	dose3_minus_dose1	19	20	3.381308922398691	3.516461821768438	-0.13515289936974684	-1.6733954043484327	1.403089605608939	0.9105733243080183	0.31351461333521313	2.644673465523045	-0.1780580732306308	36.798160775241264	0.8596539902671003	-0.055910321133472676	continuous_model_plus_floor_summary	HPVVT-FJ-M03|Antibody abundance|pairwise_recall_dose_contrast	0.9140624706637522	no
HPVVT-FJ-M02	Six-year 4vHPV persistence	pairwise_persistence_dose_contrast	HPV31	cross_reactive_non_booster_target	IgA1	antibody_isotype_or_subclass	Antibody abundance	low	3	2	dose3_minus_dose2	19	21	8.742262701744467	8.458720615263317	0.28354208648115	-1.9435131446237843	2.5105973175860843	1.2171796227500573	0.25998257834496136	5.698559662994761	0.25785119130560863	37.50694395916918	0.7979313239986703	0.08006868446500014	continuous_model_plus_floor_summary	HPVVT-FJ-M02|Antibody abundance|pairwise_persistence_dose_contrast	0.9181675509025795	no
HPVVT-FJ-M03	Heterologous 2vHPV recall	pairwise_recall_dose_contrast	HPV31	cross_reactive_non_booster_target	IgA1	antibody_isotype_or_subclass	Antibody abundance	low	3	2	dose3_minus_dose2	19	21	3.381308922398691	3.2295791434205006	0.1517297789781904	-1.461787737197307	1.7652472951536877	1.1109006342131873	0.36304298032928056	3.399322631099852	0.1903672716988601	37.9998179032139	0.8500347113255546	0.058774367284016894	continuous_model_plus_floor_summary	HPVVT-FJ-M03|Antibody abundance|pairwise_recall_dose_contrast	0.9140624706637522	no
HPVVT-FJ-M02	Six-year 4vHPV persistence	pairwise_persistence_dose_contrast	HPV31	cross_reactive_non_booster_target	IgA2	antibody_isotype_or_subclass	Antibody abundance	high	2	1	dose2_minus_dose1	21	20	3.087640196420213	2.9954651769949345	0.09217501942527839	-2.609011450717344	2.793361489567901	1.0659760462780457	0.16391145080129024	6.932431661630009	0.06905245024298287	38.471211082248374	0.9453055463077984	0.021069193818426587	two_part_floor_sensitivity_required	HPVVT-FJ-M02|Antibody abundance|pairwise_persistence_dose_contrast	0.968361779144574	no
HPVVT-FJ-M03	Heterologous 2vHPV recall	pairwise_recall_dose_contrast	HPV31	cross_reactive_non_booster_target	IgA2	antibody_isotype_or_subclass	Antibody abundance	high	2	1	dose2_minus_dose1	21	20	4.901327733755285	4.103218683831435	0.7981090499238501	-2.247963643637535	3.8441817434852354	1.7388205485670678	0.2105210435308458	14.36196994566043	0.5301990626715871	38.48060542241689	0.5990203149956568	0.16177790497102354	two_part_floor_sensitivity_required	HPVVT-FJ-M03|Antibody abundance|pairwise_recall_dose_contrast	0.8586067969105603	no
HPVVT-FJ-M02	Six-year 4vHPV persistence	pairwise_persistence_dose_contrast	HPV31	cross_reactive_non_booster_target	IgA2	antibody_isotype_or_subclass	Antibody abundance	high	3	1	dose3_minus_dose1	19	20	4.736184755897048	2.9954651769949345	1.7407195789021133	-1.031629565051865	4.513068722856092	3.3420181741404917	0.4891573195391859	22.833319731998014	1.2740943601702381	35.45322851587559	0.21091889916984602	0.4014961991187657	two_part_floor_sensitivity_required	HPVVT-FJ-M02|Antibody abundance|pairwise_persistence_dose_contrast	0.45471591056468813	no
HPVVT-FJ-M03	Heterologous 2vHPV recall	pairwise_recall_dose_contrast	HPV31	cross_reactive_non_booster_target	IgA2	antibody_isotype_or_subclass	Antibody abundance	high	3	1	dose3_minus_dose1	19	20	4.571850710320103	4.103218683831435	0.46863202648866764	-2.4283074847515658	3.365571537728901	1.383796720118553	0.18578327243848136	10.307135499752519	0.32783590380501154	36.7910075970442	0.74489413024679	0.102944184098492	two_part_floor_sensitivity_required	HPVVT-FJ-M03|Antibody abundance|pairwise_recall_dose_contrast	0.881283196348315	no
HPVVT-FJ-M02	Six-year 4vHPV persistence	pairwise_persistence_dose_contrast	HPV31	cross_reactive_non_booster_target	IgA2	antibody_isotype_or_subclass	Antibody abundance	high	3	2	dose3_minus_dose2	19	21	4.736184755897048	3.087640196420213	1.6485445594768349	-1.3006392413902832	4.597728360343953	3.1351719260573057	0.4059462882449627	24.2133092248069	1.1319221876141516	37.676049509946445	0.264820246810881	0.35109192975617154	two_part_floor_sensitivity_required	HPVVT-FJ-M02|Antibody abundance|pairwise_persistence_dose_contrast	0.4943311273803112	no
HPVVT-FJ-M03	Heterologous 2vHPV recall	pairwise_recall_dose_contrast	HPV31	cross_reactive_non_booster_target	IgA2	antibody_isotype_or_subclass	Antibody abundance	high	3	2	dose3_minus_dose2	19	21	4.571850710320103	4.901327733755285	-0.3294770234351825	-3.4426530734511993	2.7836990265808343	0.7958249177920724	0.09197253569924815	6.886156774559128	-0.21426001844771464	37.9345481374801	0.8314918761806387	-0.06600446907328224	two_part_floor_sensitivity_required	HPVVT-FJ-M03|Antibody abundance|pairwise_recall_dose_contrast	0.9140624706637522	no
HPVVT-FJ-M02	Six-year 4vHPV persistence	pairwise_persistence_dose_contrast	HPV31	cross_reactive_non_booster_target	IgG	antibody_isotype_or_subclass	Antibody abundance	none	2	1	dose2_minus_dose1	21	20	11.38702100107894	9.448152634197069	1.9388683668818718	0.5804818598588748	3.297254873904869	3.8340479151683766	1.4953486113777918	9.830432384768583	2.8870735980866513	38.99055328448518	0.006311436928152861	0.8838175686214569	standard_continuous_model	HPVVT-FJ-M02|Antibody abundance|pairwise_persistence_dose_contrast	0.11227599388027927	no
HPVVT-FJ-M03	Heterologous 2vHPV recall	pairwise_recall_dose_contrast	HPV31	cross_reactive_non_booster_target	IgG	antibody_isotype_or_subclass	Antibody abundance	none	2	1	dose2_minus_dose1	21	20	3.0819092706659355	5.041652973623409	-1.9597437029574731	-3.234968000612634	-0.6845194053023125	0.25707412222965764	0.10621298070040165	0.6222130655250413	-3.1117543641224166	37.74192601583973	0.003535641277862631	-0.9565979723673737	standard_continuous_model	HPVVT-FJ-M03|Antibody abundance|pairwise_recall_dose_contrast	0.1484969336702305	no
HPVVT-FJ-M02	Six-year 4vHPV persistence	pairwise_persistence_dose_contrast	HPV31	cross_reactive_non_booster_target	IgG	antibody_isotype_or_subclass	Antibody abundance	none	3	1	dose3_minus_dose1	19	20	11.246784148577019	9.448152634197069	1.7986315143799505	0.38807678067257223	3.2091862480873288	3.4789007347227416	1.3086477162345753	9.248287504660277	2.584610430007338	36.595308291184644	0.013876834872670898	0.8122353266674652	standard_continuous_model	HPVVT-FJ-M02|Antibody abundance|pairwise_persistence_dose_contrast	0.14541686738015505	no
HPVVT-FJ-M03	Heterologous 2vHPV recall	pairwise_recall_dose_contrast	HPV31	cross_reactive_non_booster_target	IgG	antibody_isotype_or_subclass	Antibody abundance	none	3	1	dose3_minus_dose1	19	20	3.306080448964209	5.041652973623409	-1.7355725246591995	-3.029523623966208	-0.4416214253521915	0.30028982056349995	0.1224679692875139	0.736306618446172	-2.7186226581333255	36.64178757189814	0.00995547592088707	-0.8497821599109641	standard_continuous_model	HPVVT-FJ-M03|Antibody abundance|pairwise_recall_dose_contrast	0.27875332578483797	no
HPVVT-FJ-M02	Six-year 4vHPV persistence	pairwise_persistence_dose_contrast	HPV31	cross_reactive_non_booster_target	IgG	antibody_isotype_or_subclass	Antibody abundance	none	3	2	dose3_minus_dose2	19	21	11.246784148577019	11.38702100107894	-0.1402368525019213	-1.5562903876775742	1.2758166826737316	0.9073701768200154	0.34002426565290295	2.4213584762883733	-0.20057922798387623	37.45286426538344	0.8421128614585691	-0.06230434051712701	standard_continuous_model	HPVVT-FJ-M02|Antibody abundance|pairwise_persistence_dose_contrast	0.9194289800981909	no
HPVVT-FJ-M03	Heterologous 2vHPV recall	pairwise_recall_dose_contrast	HPV31	cross_reactive_non_booster_target	IgG	antibody_isotype_or_subclass	Antibody abundance	none	3	2	dose3_minus_dose2	19	21	3.306080448964209	3.0819092706659355	0.2241711782982736	-0.9657467969027362	1.4140891534992834	1.16810598421585	0.5120133042546179	2.664914327465102	0.38146912017475937	37.73134012591416	0.7049949966113187	0.11827085801050555	standard_continuous_model	HPVVT-FJ-M03|Antibody abundance|pairwise_recall_dose_contrast	0.8586067969105603	no
HPVVT-FJ-M02	Six-year 4vHPV persistence	pairwise_persistence_dose_contrast	HPV31	cross_reactive_non_booster_target	IgG1	antibody_isotype_or_subclass	IgG subclass architecture	none	2	1	dose2_minus_dose1	21	20	10.416931974204507	8.611822189009372	1.8051097851951354	0.35755495198371534	3.2526646184065555	3.4945574999340057	1.281252617542839	9.531244621973778	2.5289363691096485	36.044878458619976	0.015958514120850795	0.7794711757436761	standard_continuous_model	HPVVT-FJ-M02|IgG subclass architecture|pairwise_persistence_dose_contrast	0.13697491205024984	no
HPVVT-FJ-M03	Heterologous 2vHPV recall	pairwise_recall_dose_contrast	HPV31	cross_reactive_non_booster_target	IgG1	antibody_isotype_or_subclass	IgG subclass architecture	none	2	1	dose2_minus_dose1	21	20	2.7062367657947872	4.676450545473426	-1.9702137796786392	-3.3440777700373294	-0.5963497893199492	0.2552152106353452	0.09847642713471934	0.661425334314138	-2.9174150420196185	33.06484218843246	0.0063006513672610965	-0.9023521446093796	standard_continuous_model	HPVVT-FJ-M03|IgG subclass architecture|pairwise_recall_dose_contrast	0.12087533554730381	no
HPVVT-FJ-M02	Six-year 4vHPV persistence	pairwise_persistence_dose_contrast	HPV31	cross_reactive_non_booster_target	IgG1	antibody_isotype_or_subclass	IgG subclass architecture	none	3	1	dose3_minus_dose1	19	20	10.355446795125141	8.611822189009372	1.7436246061157696	0.3232739245624212	3.163975287669118	3.3487544799855593	1.251166616615222	8.962960183161682	2.4943105032353783	34.17702034261165	0.01761550109191107	0.7758539938580177	standard_continuous_model	HPVVT-FJ-M02|IgG subclass architecture|pairwise_persistence_dose_contrast	0.13697491205024984	no
HPVVT-FJ-M03	Heterologous 2vHPV recall	pairwise_recall_dose_contrast	HPV31	cross_reactive_non_booster_target	IgG1	antibody_isotype_or_subclass	IgG subclass architecture	none	3	1	dose3_minus_dose1	19	20	3.184088939904793	4.676450545473426	-1.4923616055686333	-2.81519300794339	-0.1695302031938768	0.3554302543522116	0.14208311209050156	0.8891321695460188	-2.3048288749433556	29.74615934317808	0.028337590954368462	-0.713116662437808	standard_continuous_model	HPVVT-FJ-M03|IgG subclass architecture|pairwise_recall_dose_contrast	0.16507399748432103	no
HPVVT-FJ-M02	Six-year 4vHPV persistence	pairwise_persistence_dose_contrast	HPV31	cross_reactive_non_booster_target	IgG1	antibody_isotype_or_subclass	IgG subclass architecture	none	3	2	dose3_minus_dose2	19	21	10.355446795125141	10.416931974204507	-0.06148517907936579	-1.2691680426172798	1.1461976844585482	0.9582771152138146	0.4148989632684112	2.213297961288075	-0.10306545173638629	37.99867818079751	0.9184530493272943	-0.031807554262090226	standard_continuous_model	HPVVT-FJ-M02|IgG subclass architecture|pairwise_persistence_dose_contrast	0.9938674909216066	no
HPVVT-FJ-M03	Heterologous 2vHPV recall	pairwise_recall_dose_contrast	HPV31	cross_reactive_non_booster_target	IgG1	antibody_isotype_or_subclass	IgG subclass architecture	none	3	2	dose3_minus_dose2	19	21	3.184088939904793	2.7062367657947872	0.4778521741100059	-0.5096375751343105	1.4653419233543223	1.392668773414352	0.7023988679775838	2.7612890636169602	0.9799535958896975	37.605958263060714	0.3333716207776324	0.30095708423748724	standard_continuous_model	HPVVT-FJ-M03|IgG subclass architecture|pairwise_recall_dose_contrast	0.5283625687796437	no
HPVVT-FJ-M02	Six-year 4vHPV persistence	pairwise_persistence_dose_contrast	HPV31	cross_reactive_non_booster_target	IgG2	antibody_isotype_or_subclass	IgG subclass architecture	high	2	1	dose2_minus_dose1	21	20	2.4885593926058016	1.9757794015276837	0.5127799910781179	-0.9357782317881662	1.961338213944402	1.4267969046474385	0.5227604016157328	3.894230321997374	0.7160382523845666	38.96749091069295	0.4782370126935557	0.21927318605440244	two_part_floor_sensitivity_required	HPVVT-FJ-M02|IgG subclass architecture|pairwise_persistence_dose_contrast	0.7047703344957663	no
HPVVT-FJ-M03	Heterologous 2vHPV recall	pairwise_recall_dose_contrast	HPV31	cross_reactive_non_booster_target	IgG2	antibody_isotype_or_subclass	IgG subclass architecture	high	2	1	dose2_minus_dose1	21	20	3.794207910188667	3.517412942966112	0.27679496722255514	-1.5860436931011728	2.1396336275462833	1.21150047230222	0.3330836184330877	4.406501290255893	0.3014145231673869	35.77901652365283	0.7648433342587385	0.09293454310683223	two_part_floor_sensitivity_required	HPVVT-FJ-M03|IgG subclass architecture|pairwise_recall_dose_contrast	0.879628887777149	no
HPVVT-FJ-M02	Six-year 4vHPV persistence	pairwise_persistence_dose_contrast	HPV31	cross_reactive_non_booster_target	IgG2	antibody_isotype_or_subclass	IgG subclass architecture	high	3	1	dose3_minus_dose1	19	20	4.3642462202093055	1.9757794015276837	2.388466818681622	0.5341447574063034	4.24278887995694	5.2360062475072695	1.4480834631611608	18.932445623049002	2.624442940831304	31.76454551402532	0.01322931213027532	0.8313857750399992	two_part_floor_sensitivity_required	HPVVT-FJ-M02|IgG subclass architecture|pairwise_persistence_dose_contrast	0.13697491205024984	no
HPVVT-FJ-M03	Heterologous 2vHPV recall	pairwise_recall_dose_contrast	HPV31	cross_reactive_non_booster_target	IgG2	antibody_isotype_or_subclass	IgG subclass architecture	high	3	1	dose3_minus_dose1	19	20	1.7857907959200863	3.517412942966112	-1.7316221470460258	-4.019515896633595	0.5562716025415435	0.3011131988495031	0.061660230951457146	1.4704641406997148	-1.53527322852976	35.80929148588931	0.13350604586222517	-0.4834591393713812	two_part_floor_sensitivity_required	HPVVT-FJ-M03|IgG subclass architecture|pairwise_recall_dose_contrast	0.33983357128566405	no
HPVVT-FJ-M02	Six-year 4vHPV persistence	pairwise_persistence_dose_contrast	HPV31	cross_reactive_non_booster_target	IgG2	antibody_isotype_or_subclass	IgG subclass architecture	high	3	2	dose3_minus_dose2	19	21	4.3642462202093055	2.4885593926058016	1.875686827603504	0.023665116399603114	3.7277085388074047	3.669762830611892	1.0165386832610692	13.248053866221587	2.0630672836569626	31.958122572103694	0.047309590852770006	0.651446863720766	two_part_floor_sensitivity_required	HPVVT-FJ-M02|IgG subclass architecture|pairwise_persistence_dose_contrast	0.1853974158726755	no
HPVVT-FJ-M03	Heterologous 2vHPV recall	pairwise_recall_dose_contrast	HPV31	cross_reactive_non_booster_target	IgG2	antibody_isotype_or_subclass	IgG subclass architecture	high	3	2	dose3_minus_dose2	19	21	1.7857907959200863	3.794207910188667	-2.008417114268581	-4.088498926005553	0.07166469746839121	0.24854567186201446	0.05878129991692467	1.0509286301705887	-1.968640143387206	31.237357809358087	0.05792231179789627	-0.6226402293581162	two_part_floor_sensitivity_required	HPVVT-FJ-M03|IgG subclass architecture|pairwise_recall_dose_contrast	0.22115791777378577	no
HPVVT-FJ-M02	Six-year 4vHPV persistence	pairwise_persistence_dose_contrast	HPV31	cross_reactive_non_booster_target	IgG3	antibody_isotype_or_subclass	IgG subclass architecture	none	2	1	dose2_minus_dose1	21	20	6.692943331281335	5.411223810576123	1.2817195207052121	-0.8583046022048202	3.4217436436152444	2.4312858457896724	0.5516003960396167	10.71636443044297	1.2133432904883676	37.18093421205945	0.23265070180484063	0.3733624853184755	standard_continuous_model	HPVVT-FJ-M02|IgG subclass architecture|pairwise_persistence_dose_contrast	0.4492744906029813	no
HPVVT-FJ-M03	Heterologous 2vHPV recall	pairwise_recall_dose_contrast	HPV31	cross_reactive_non_booster_target	IgG3	antibody_isotype_or_subclass	IgG subclass architecture	none	2	1	dose2_minus_dose1	21	20	5.821540565135869	7.458074143004342	-1.6365335778684722	-4.117458917637904	0.8443917619009595	0.3216283362298961	0.05761311536835562	1.7955076028197006	-1.3365265598530807	37.03619779512866	0.189530465316506	-0.411361957256012	standard_continuous_model	HPVVT-FJ-M03|IgG subclass architecture|pairwise_recall_dose_contrast	0.39484554753652557	no
HPVVT-FJ-M02	Six-year 4vHPV persistence	pairwise_persistence_dose_contrast	HPV31	cross_reactive_non_booster_target	IgG3	antibody_isotype_or_subclass	IgG subclass architecture	none	3	1	dose3_minus_dose1	19	20	6.7024593736357865	5.411223810576123	1.2912355630596632	-1.176422690851803	3.7588938169711295	2.4473756568222806	0.4424472320229225	13.537541139586056	1.0608074367758984	36.415405304562874	0.2957627051763531	0.33355742393107984	standard_continuous_model	HPVVT-FJ-M02|IgG subclass architecture|pairwise_persistence_dose_contrast	0.5175847340586179	no
HPVVT-FJ-M03	Heterologous 2vHPV recall	pairwise_recall_dose_contrast	HPV31	cross_reactive_non_booster_target	IgG3	antibody_isotype_or_subclass	IgG subclass architecture	none	3	1	dose3_minus_dose1	19	20	4.785306082490975	7.458074143004342	-2.6727680605133664	-5.0667414852493	-0.2787946357774329	0.15682548608984892	0.029837252713509572	0.8242794108246345	-2.2678759221769256	34.42754179855219	0.029723553999199053	-0.7056782326084514	standard_continuous_model	HPVVT-FJ-M03|IgG subclass architecture|pairwise_recall_dose_contrast	0.16507399748432103	no
HPVVT-FJ-M02	Six-year 4vHPV persistence	pairwise_persistence_dose_contrast	HPV31	cross_reactive_non_booster_target	IgG3	antibody_isotype_or_subclass	IgG subclass architecture	none	3	2	dose3_minus_dose2	19	21	6.7024593736357865	6.692943331281335	0.009516042354451137	-2.274813112793958	2.2938451975028604	1.0066178195626283	0.2066393459359711	4.90361324979703	0.008465828889389602	34.0088359154744	0.9932947935351172	0.002660204335028512	standard_continuous_model	HPVVT-FJ-M02|IgG subclass architecture|pairwise_persistence_dose_contrast	0.9938674909216066	no
HPVVT-FJ-M03	Heterologous 2vHPV recall	pairwise_recall_dose_contrast	HPV31	cross_reactive_non_booster_target	IgG3	antibody_isotype_or_subclass	IgG subclass architecture	none	3	2	dose3_minus_dose2	19	21	4.785306082490975	5.821540565135869	-1.0362344826448942	-3.142407717825796	1.0699387525360078	0.48759847446324484	0.11325073214529625	2.0993442408288963	-0.9960792014585912	37.9073890167035	0.3255277883519616	-0.30672748107483966	standard_continuous_model	HPVVT-FJ-M03|IgG subclass architecture|pairwise_recall_dose_contrast	0.5283625687796437	no
HPVVT-FJ-M02	Six-year 4vHPV persistence	pairwise_persistence_dose_contrast	HPV31	cross_reactive_non_booster_target	IgG4	antibody_isotype_or_subclass	IgG subclass architecture	high	2	1	dose2_minus_dose1	21	20	1.0573258400026393	0.9189028864666454	0.13842295353599388	-1.0091293397127465	1.2859752467847345	1.1007012536111087	0.4968460016964784	2.4384683494770156	0.24425559751343637	37.699168328361	0.8083573688418693	0.07509369684172676	two_part_floor_sensitivity_required	HPVVT-FJ-M02|IgG subclass architecture|pairwise_persistence_dose_contrast	0.98408723163358	no
HPVVT-FJ-M03	Heterologous 2vHPV recall	pairwise_recall_dose_contrast	HPV31	cross_reactive_non_booster_target	IgG4	antibody_isotype_or_subclass	IgG subclass architecture	high	2	1	dose2_minus_dose1	21	20	1.7803082299175732	1.9893567999816308	-0.20904857006405764	-1.6503079667485359	1.2322108266204206	0.865107565207847	0.31857214515913546	2.349267224873027	-0.2937335998861816	37.59542824076675	0.7705770067059776	-0.08945496169474706	two_part_floor_sensitivity_required	HPVVT-FJ-M03|IgG subclass architecture|pairwise_recall_dose_contrast	0.879628887777149	no
HPVVT-FJ-M02	Six-year 4vHPV persistence	pairwise_persistence_dose_contrast	HPV31	cross_reactive_non_booster_target	IgG4	antibody_isotype_or_subclass	IgG subclass architecture	high	3	1	dose3_minus_dose1	19	20	0.8644112936416112	0.9189028864666454	-0.05449159282503424	-1.296349187094889	1.1873660014448206	0.9629337221236246	0.40715522255183667	2.2773657363189215	-0.08891121033974834	36.954319653645406	0.929632589957724	-0.027889565504529857	two_part_floor_sensitivity_required	HPVVT-FJ-M02|IgG subclass architecture|pairwise_persistence_dose_contrast	0.9938674909216066	no
HPVVT-FJ-M03	Heterologous 2vHPV recall	pairwise_recall_dose_contrast	HPV31	cross_reactive_non_booster_target	IgG4	antibody_isotype_or_subclass	IgG subclass architecture	high	3	1	dose3_minus_dose1	19	20	1.951499555650317	1.9893567999816308	-0.03785724433131388	-1.2975844391645566	1.2218699505019288	0.9741006517054658	0.4068067607721082	2.332488471558535	-0.06089103596073431	36.999560066948916	0.9517737186461319	-0.019084309737650962	two_part_floor_sensitivity_required	HPVVT-FJ-M03|IgG subclass architecture|pairwise_recall_dose_contrast	0.9632408718828323	no
HPVVT-FJ-M02	Six-year 4vHPV persistence	pairwise_persistence_dose_contrast	HPV31	cross_reactive_non_booster_target	IgG4	antibody_isotype_or_subclass	IgG subclass architecture	high	3	2	dose3_minus_dose2	19	21	0.8644112936416112	1.0573258400026393	-0.19291454636102812	-1.347449880278503	0.9616207875564468	0.8748365816469225	0.3929860808357326	1.9474965702604174	-0.3388045522595829	36.23210206758728	0.7367127147956042	-0.10578620380494322	two_part_floor_sensitivity_required	HPVVT-FJ-M02|IgG subclass architecture|pairwise_persistence_dose_contrast	0.9373745330928388	no
HPVVT-FJ-M03	Heterologous 2vHPV recall	pairwise_recall_dose_contrast	HPV31	cross_reactive_non_booster_target	IgG4	antibody_isotype_or_subclass	IgG subclass architecture	high	3	2	dose3_minus_dose2	19	21	1.951499555650317	1.7803082299175732	0.17119132573274376	-1.2582105304877111	1.6005931819531987	1.1259879012518317	0.41806218826977304	3.0326798006122706	0.24273438835428401	36.691683650339286	0.8095629785771492	0.07422482381600636	two_part_floor_sensitivity_required	HPVVT-FJ-M03|IgG subclass architecture|pairwise_recall_dose_contrast	0.8947801342168491	no
HPVVT-FJ-M02	Six-year 4vHPV persistence	pairwise_persistence_dose_contrast	HPV31	cross_reactive_non_booster_target	IgM	antibody_isotype_or_subclass	Antibody abundance	none	2	1	dose2_minus_dose1	21	20	8.661981529809339	8.611668810608814	0.050312719200524825	-0.7180881948542382	0.8187136332552879	1.0354893526364224	0.6079024781524797	1.763832584927296	0.1325993056896791	37.58824811915664	0.8952175908668623	0.040381882448550746	standard_continuous_model	HPVVT-FJ-M02|Antibody abundance|pairwise_persistence_dose_contrast	0.9399784704102053	no
HPVVT-FJ-M03	Heterologous 2vHPV recall	pairwise_recall_dose_contrast	HPV31	cross_reactive_non_booster_target	IgM	antibody_isotype_or_subclass	Antibody abundance	none	2	1	dose2_minus_dose1	21	20	0.938587594592861	1.7851589406181383	-0.8465713460252773	-1.8561306030811733	0.16298791103061872	0.5561047842313827	0.2762161150083813	1.119603506970073	-1.6979137508465023	37.76488756511918	0.0977509176899903	-0.5219403383271435	standard_continuous_model	HPVVT-FJ-M03|Antibody abundance|pairwise_recall_dose_contrast	0.4105538542979592	no
HPVVT-FJ-M02	Six-year 4vHPV persistence	pairwise_persistence_dose_contrast	HPV31	cross_reactive_non_booster_target	IgM	antibody_isotype_or_subclass	Antibody abundance	none	3	1	dose3_minus_dose1	19	20	8.744577967409151	8.611668810608814	0.13290915680033777	-0.6580249076694743	0.9238432212701498	1.0965025421624814	0.6337453195120673	1.897162453041029	0.34142218286642834	34.211418999657	0.7348740043581518	0.10780955619122005	standard_continuous_model	HPVVT-FJ-M02|Antibody abundance|pairwise_persistence_dose_contrast	0.8823234909486872	no
HPVVT-FJ-M03	Heterologous 2vHPV recall	pairwise_recall_dose_contrast	HPV31	cross_reactive_non_booster_target	IgM	antibody_isotype_or_subclass	Antibody abundance	none	3	1	dose3_minus_dose1	19	20	1.3660399141845556	1.7851589406181383	-0.4191190264335827	-1.53551076514681	0.6972727122796447	0.7478811743173089	0.3449571896639312	1.6214367105760323	-0.7608463355552035	36.76055834442415	0.451601966119238	-0.23894799722131718	standard_continuous_model	HPVVT-FJ-M03|Antibody abundance|pairwise_recall_dose_contrast	0.7438150030199214	no
HPVVT-FJ-M02	Six-year 4vHPV persistence	pairwise_persistence_dose_contrast	HPV31	cross_reactive_non_booster_target	IgM	antibody_isotype_or_subclass	Antibody abundance	none	3	2	dose3_minus_dose2	19	21	8.744577967409151	8.661981529809339	0.08259643759981294	-0.7839530360391391	0.949145911238765	1.058922082946305	0.580773271530897	1.930729309900219	0.19301422868655693	37.66649529990604	0.8479848297819815	0.0598720491947101	standard_continuous_model	HPVVT-FJ-M02|Antibody abundance|pairwise_persistence_dose_contrast	0.9194289800981909	no
HPVVT-FJ-M03	Heterologous 2vHPV recall	pairwise_recall_dose_contrast	HPV31	cross_reactive_non_booster_target	IgM	antibody_isotype_or_subclass	Antibody abundance	none	3	2	dose3_minus_dose2	19	21	1.3660399141845556	0.938587594592861	0.4274523195916946	-0.6167452353688962	1.4716498745522855	1.3448565729406357	0.6521405185553635	2.773388787110131	0.8305497702002411	35.59274380885024	0.411764739892048	0.25985552309063853	standard_continuous_model	HPVVT-FJ-M03|Antibody abundance|pairwise_recall_dose_contrast	0.7438150030199214	no
HPVVT-FJ-M02	Six-year 4vHPV persistence	pairwise_persistence_dose_contrast	HPV33	cross_reactive_non_booster_target	FcgR2A	fc_gamma_receptor_binding	Fc-receptor engagement	moderate	2	1	dose2_minus_dose1	21	20	4.073575007934342	2.5097503038469067	1.5638247040874353	-0.04945247953546317	3.177101887710334	2.95636562495331	0.9663029831806231	9.044883292854184	1.9615037124702062	38.49954831318691	0.05708100772887404	0.5985393868375865	above_floor_binary_sensitivity_required	HPVVT-FJ-M02|Fc-receptor engagement|pairwise_persistence_dose_contrast	0.30402875512753147	no
HPVVT-FJ-M03	Heterologous 2vHPV recall	pairwise_recall_dose_contrast	HPV33	cross_reactive_non_booster_target	FcgR2A	fc_gamma_receptor_binding	Fc-receptor engagement	moderate	2	1	dose2_minus_dose1	21	20	2.5539314034723497	3.0410379055636256	-0.48710650209127593	-3.082636172120698	2.108423167938146	0.7134545825387176	0.11804131703980826	4.312197238309657	-0.3796444445747555	38.8612063113704	0.7062762020857211	-0.11634877513213365	above_floor_binary_sensitivity_required	HPVVT-FJ-M03|Fc-receptor engagement|pairwise_recall_dose_contrast	0.9179135200157884	no
HPVVT-FJ-M02	Six-year 4vHPV persistence	pairwise_persistence_dose_contrast	HPV33	cross_reactive_non_booster_target	FcgR2A	fc_gamma_receptor_binding	Fc-receptor engagement	moderate	3	1	dose3_minus_dose1	19	20	3.315530853961242	2.5097503038469067	0.8057805501143354	-0.9459595717987181	2.5575206720273886	1.7480913165564622	0.5190841812047514	5.886951214594505	0.9347017372878466	34.106635546473996	0.3565129915644647	0.29519249172315337	above_floor_binary_sensitivity_required	HPVVT-FJ-M02|Fc-receptor engagement|pairwise_persistence_dose_contrast	0.6070356342854399	no
HPVVT-FJ-M03	Heterologous 2vHPV recall	pairwise_recall_dose_contrast	HPV33	cross_reactive_non_booster_target	FcgR2A	fc_gamma_receptor_binding	Fc-receptor engagement	moderate	3	1	dose3_minus_dose1	19	20	3.6298339111919606	3.0410379055636256	0.588796005628335	-1.7080057672262	2.88559777848287	1.5039910748371617	0.306082874520118	7.390119936426454	0.5210748965636763	33.82482776040317	0.6057095293877457	0.16200051186435313	above_floor_binary_sensitivity_required	HPVVT-FJ-M03|Fc-receptor engagement|pairwise_recall_dose_contrast	0.8470974091349343	no
HPVVT-FJ-M02	Six-year 4vHPV persistence	pairwise_persistence_dose_contrast	HPV33	cross_reactive_non_booster_target	FcgR2A	fc_gamma_receptor_binding	Fc-receptor engagement	moderate	3	2	dose3_minus_dose2	19	21	3.315530853961242	4.073575007934342	-0.7580441539731	-2.606491991888918	1.0904036839427176	0.5912974030686986	0.16419794860210576	2.129336096171564	-0.8311049687457059	36.77953700684007	0.4112774932818837	-0.2589778973374241	above_floor_binary_sensitivity_required	HPVVT-FJ-M02|Fc-receptor engagement|pairwise_persistence_dose_contrast	0.6402395123007198	no
HPVVT-FJ-M03	Heterologous 2vHPV recall	pairwise_recall_dose_contrast	HPV33	cross_reactive_non_booster_target	FcgR2A	fc_gamma_receptor_binding	Fc-receptor engagement	moderate	3	2	dose3_minus_dose2	19	21	3.6298339111919606	2.5539314034723497	1.075902507719611	-1.1653495447741964	3.3171545602134183	2.108040387778354	0.445856221913245	9.966967058204238	0.973805089613176	35.75876856019145	0.336695128075427	0.2968665678707069	above_floor_binary_sensitivity_required	HPVVT-FJ-M03|Fc-receptor engagement|pairwise_recall_dose_contrast	0.7314411403017897	no
HPVVT-FJ-M02	Six-year 4vHPV persistence	pairwise_persistence_dose_contrast	HPV33	cross_reactive_non_booster_target	FcgR2B	fc_gamma_receptor_binding	Fc-receptor engagement	none	2	1	dose2_minus_dose1	21	20	5.673857567345926	6.081393968926818	-0.40753640158089244	-1.4289383638856252	0.6138655607238404	0.7539096786553113	0.3714040972859593	1.5303541552815334	-0.8113260156842268	33.477524023082665	0.4229095456892261	-0.24579483922573203	standard_continuous_model	HPVVT-FJ-M02|Fc-receptor engagement|pairwise_persistence_dose_contrast	0.6402395123007198	no
HPVVT-FJ-M03	Heterologous 2vHPV recall	pairwise_recall_dose_contrast	HPV33	cross_reactive_non_booster_target	FcgR2B	fc_gamma_receptor_binding	Fc-receptor engagement	none	2	1	dose2_minus_dose1	21	20	2.0267299116392694	1.3975427278630768	0.6291871837761926	-0.3214053244167311	1.5797796919691165	1.5466933390223598	0.8002899380295856	2.989241987555388	1.3388070522790554	38.99161511959517	0.18838720081954297	0.4098387248521279	standard_continuous_model	HPVVT-FJ-M03|Fc-receptor engagement|pairwise_recall_dose_contrast	0.6557877293699199	no
HPVVT-FJ-M02	Six-year 4vHPV persistence	pairwise_persistence_dose_contrast	HPV33	cross_reactive_non_booster_target	FcgR2B	fc_gamma_receptor_binding	Fc-receptor engagement	none	3	1	dose3_minus_dose1	19	20	5.981312018436997	6.081393968926818	-0.10008195048982138	-0.9351776789870366	0.7350137780073939	0.9329799932683783	0.5229780571610141	1.664413364805991	-0.2430977227903132	35.82584249628933	0.8093162318581882	-0.07654905922722956	standard_continuous_model	HPVVT-FJ-M02|Fc-receptor engagement|pairwise_persistence_dose_contrast	0.9104807608404617	no
HPVVT-FJ-M03	Heterologous 2vHPV recall	pairwise_recall_dose_contrast	HPV33	cross_reactive_non_booster_target	FcgR2B	fc_gamma_receptor_binding	Fc-receptor engagement	none	3	1	dose3_minus_dose1	19	20	1.189212519716112	1.3975427278630768	-0.20833020814696468	-1.354468814314157	0.9378083980202276	0.8655384359456938	0.39107878630326376	1.915616009707008	-0.3697302013711658	33.183324575361354	0.7139327377900577	-0.116915647662856	standard_continuous_model	HPVVT-FJ-M03|Fc-receptor engagement|pairwise_recall_dose_contrast	0.9179135200157884	no
HPVVT-FJ-M02	Six-year 4vHPV persistence	pairwise_persistence_dose_contrast	HPV33	cross_reactive_non_booster_target	FcgR2B	fc_gamma_receptor_binding	Fc-receptor engagement	none	3	2	dose3_minus_dose2	19	21	5.981312018436997	5.673857567345926	0.30745445109107106	-0.7628146393706134	1.3777235415527556	1.2375222386486144	0.5893454194363499	2.5985801206609325	0.5826947449087612	35.84498276349848	0.5637467166297654	0.17768117954385101	standard_continuous_model	HPVVT-FJ-M02|Fc-receptor engagement|pairwise_persistence_dose_contrast	0.7720878945146786	no
HPVVT-FJ-M03	Heterologous 2vHPV recall	pairwise_recall_dose_contrast	HPV33	cross_reactive_non_booster_target	FcgR2B	fc_gamma_receptor_binding	Fc-receptor engagement	none	3	2	dose3_minus_dose2	19	21	1.189212519716112	2.0267299116392694	-0.8375173919231573	-1.9873045796443936	0.3122697957980789	0.5596057176355248	0.2522096567102525	1.2416596703517127	-1.4807235246866879	33.74343108586366	0.14795803580831077	-0.46559445147914097	standard_continuous_model	HPVVT-FJ-M03|Fc-receptor engagement|pairwise_recall_dose_contrast	0.5483150738778576	no
HPVVT-FJ-M02	Six-year 4vHPV persistence	pairwise_persistence_dose_contrast	HPV33	cross_reactive_non_booster_target	FcgR3A	fc_gamma_receptor_binding	Fc-receptor engagement	high	2	1	dose2_minus_dose1	21	20	3.2966865502647584	2.5900706213362454	0.706615928928513	-0.7373723445016953	2.1506042023587213	1.6319715746160373	0.5998308611355024	4.440137033484675	0.9898792690834685	38.90768463418084	0.32834951776392574	0.303282161539613	two_part_floor_sensitivity_required	HPVVT-FJ-M02|Fc-receptor engagement|pairwise_persistence_dose_contrast	0.57461165608687	no
HPVVT-FJ-M03	Heterologous 2vHPV recall	pairwise_recall_dose_contrast	HPV33	cross_reactive_non_booster_target	FcgR3A	fc_gamma_receptor_binding	Fc-receptor engagement	high	2	1	dose2_minus_dose1	21	20	2.792564101068946	3.574388881722844	-0.7818247806538978	-2.2535790798791413	0.6899295185713457	0.5816306571537395	0.20970322011232095	1.6132047050107012	-1.0749000111976061	38.54367042697024	0.2891025128438552	-0.32982740428338175	two_part_floor_sensitivity_required	HPVVT-FJ-M03|Fc-receptor engagement|pairwise_recall_dose_contrast	0.7005176272754953	no
HPVVT-FJ-M02	Six-year 4vHPV persistence	pairwise_persistence_dose_contrast	HPV33	cross_reactive_non_booster_target	FcgR3A	fc_gamma_receptor_binding	Fc-receptor engagement	high	3	1	dose3_minus_dose1	19	20	2.8892822998420673	2.5900706213362454	0.29921167850582187	-1.3312848307997824	1.9297081878114262	1.230471871704223	0.3974141563845973	3.8097813143577643	0.3724309576752988	35.30023033827406	0.7117987429211635	0.11739442461988794	two_part_floor_sensitivity_required	HPVVT-FJ-M02|Fc-receptor engagement|pairwise_persistence_dose_contrast	0.8626060823743794	no
HPVVT-FJ-M03	Heterologous 2vHPV recall	pairwise_recall_dose_contrast	HPV33	cross_reactive_non_booster_target	FcgR3A	fc_gamma_receptor_binding	Fc-receptor engagement	high	3	1	dose3_minus_dose1	19	20	3.4700671618544887	3.574388881722844	-0.10432171986835526	-1.7745694725665038	1.5659260328297933	0.9302421912886795	0.29228152145051806	2.9606747979107673	-0.1266951702573262	35.814440270602155	0.8998903072914051	-0.03989600965536365	two_part_floor_sensitivity_required	HPVVT-FJ-M03|Fc-receptor engagement|pairwise_recall_dose_contrast	0.9650646704198159	no
HPVVT-FJ-M02	Six-year 4vHPV persistence	pairwise_persistence_dose_contrast	HPV33	cross_reactive_non_booster_target	FcgR3A	fc_gamma_receptor_binding	Fc-receptor engagement	high	3	2	dose3_minus_dose2	19	21	2.8892822998420673	3.2966865502647584	-0.4074042504226911	-2.0227315691828514	1.2079230683374689	0.7539787400976776	0.24609178959530284	2.3100483825736378	-0.5117775434656782	35.46363395779223	0.6119789921780336	-0.16018235652022203	two_part_floor_sensitivity_required	HPVVT-FJ-M02|Fc-receptor engagement|pairwise_persistence_dose_contrast	0.8054285444729995	no
HPVVT-FJ-M03	Heterologous 2vHPV recall	pairwise_recall_dose_contrast	HPV33	cross_reactive_non_booster_target	FcgR3A	fc_gamma_receptor_binding	Fc-receptor engagement	high	3	2	dose3_minus_dose2	19	21	3.4700671618544887	2.792564101068946	0.6775030607855426	-0.9388301887616617	2.293836310332747	1.5993692558107253	0.5216556942077837	4.903583043059181	0.8508632332718572	35.08979031681975	0.4006144604974391	0.26660002013101686	two_part_floor_sensitivity_required	HPVVT-FJ-M03|Fc-receptor engagement|pairwise_recall_dose_contrast	0.7688215008282212	no
HPVVT-FJ-M02	Six-year 4vHPV persistence	pairwise_persistence_dose_contrast	HPV33	cross_reactive_non_booster_target	IgA1	antibody_isotype_or_subclass	Antibody abundance	none	2	1	dose2_minus_dose1	21	20	6.764470688497052	7.085648463255994	-0.3211777747589428	-1.9268641208970312	1.2845085713791455	0.800416174038216	0.2630002141037788	2.4359906087725522	-0.4047335675634982	38.56972472902763	0.6879093103239378	-0.12352739852491816	standard_continuous_model	HPVVT-FJ-M02|Antibody abundance|pairwise_persistence_dose_contrast	0.8823234909486872	no
HPVVT-FJ-M03	Heterologous 2vHPV recall	pairwise_recall_dose_contrast	HPV33	cross_reactive_non_booster_target	IgA1	antibody_isotype_or_subclass	Antibody abundance	none	2	1	dose2_minus_dose1	21	20	1.3237535039340425	1.4773909378778434	-0.15363743394380092	-1.853799703308014	1.5465248354204122	0.8989810226194754	0.2766627461033441	2.9211264993664043	-0.1830626926706551	37.22224539938934	0.8557423378162796	-0.05571596877726768	standard_continuous_model	HPVVT-FJ-M03|Antibody abundance|pairwise_recall_dose_contrast	0.9140624706637522	no
HPVVT-FJ-M02	Six-year 4vHPV persistence	pairwise_persistence_dose_contrast	HPV33	cross_reactive_non_booster_target	IgA1	antibody_isotype_or_subclass	Antibody abundance	none	3	1	dose3_minus_dose1	19	20	7.897816342929227	7.085648463255994	0.8121678796732326	-0.4348794792798454	2.0592152386263107	1.7558479031385676	0.7397555501842877	4.167595441748384	1.3281293603151931	31.08664353076442	0.19380465460438392	0.4115329109520334	standard_continuous_model	HPVVT-FJ-M02|Antibody abundance|pairwise_persistence_dose_contrast	0.4480797587201694	no
HPVVT-FJ-M03	Heterologous 2vHPV recall	pairwise_recall_dose_contrast	HPV33	cross_reactive_non_booster_target	IgA1	antibody_isotype_or_subclass	Antibody abundance	none	3	1	dose3_minus_dose1	19	20	0.859958871055299	1.4773909378778434	-0.6174320668225444	-1.8758584970084105	0.6409943633633217	0.651830124463071	0.2724647507393736	1.5594035925915584	-0.9986400457011253	32.63087926125301	0.32531742086917204	-0.3099972352636195	standard_continuous_model	HPVVT-FJ-M03|Antibody abundance|pairwise_recall_dose_contrast	0.6831665838252613	no
HPVVT-FJ-M02	Six-year 4vHPV persistence	pairwise_persistence_dose_contrast	HPV33	cross_reactive_non_booster_target	IgA1	antibody_isotype_or_subclass	Antibody abundance	none	3	2	dose3_minus_dose2	19	21	7.897816342929227	6.764470688497052	1.1333456544321754	-0.24625967997348552	2.5129509888378365	2.1936686939746104	0.8430793453099156	5.707864112309996	1.677264430168933	30.198448813812426	0.10381354357916717	0.5049025630389053	standard_continuous_model	HPVVT-FJ-M02|Antibody abundance|pairwise_persistence_dose_contrast	0.2939005690691394	no
HPVVT-FJ-M03	Heterologous 2vHPV recall	pairwise_recall_dose_contrast	HPV33	cross_reactive_non_booster_target	IgA1	antibody_isotype_or_subclass	Antibody abundance	none	3	2	dose3_minus_dose2	19	21	0.859958871055299	1.3237535039340425	-0.46379463287874345	-1.9848399371234848	1.057250671365998	0.7250766234906167	0.2526408898488822	2.08096207326939	-0.623004476236376	29.683986887959705	0.538039103905178	-0.18735116530648335	standard_continuous_model	HPVVT-FJ-M03|Antibody abundance|pairwise_recall_dose_contrast	0.8217324496006354	no
HPVVT-FJ-M02	Six-year 4vHPV persistence	pairwise_persistence_dose_contrast	HPV33	cross_reactive_non_booster_target	IgA2	antibody_isotype_or_subclass	Antibody abundance	high	2	1	dose2_minus_dose1	21	20	2.2538845054229246	2.996344666578041	-0.7424601611551163	-2.775483569338521	1.2905632470282886	0.5977192198122494	0.14604819474128253	2.4462354113027414	-0.7387624780120805	38.87534026911246	0.46448840247672385	-0.22575004376823524	two_part_floor_sensitivity_required	HPVVT-FJ-M02|Antibody abundance|pairwise_persistence_dose_contrast	0.6845092247025405	no
HPVVT-FJ-M03	Heterologous 2vHPV recall	pairwise_recall_dose_contrast	HPV33	cross_reactive_non_booster_target	IgA2	antibody_isotype_or_subclass	Antibody abundance	high	2	1	dose2_minus_dose1	21	20	1.221037068962779	1.2007624138707151	0.02027465509206383	-1.7694695805779344	1.810018890762062	1.0141525321239868	0.2933165578784222	3.5064687989411185	0.022923204859965945	38.49195330158706	0.9818299547452267	0.007034937669090367	two_part_floor_sensitivity_required	HPVVT-FJ-M03|Antibody abundance|pairwise_recall_dose_contrast	0.989946526975236	no
HPVVT-FJ-M02	Six-year 4vHPV persistence	pairwise_persistence_dose_contrast	HPV33	cross_reactive_non_booster_target	IgA2	antibody_isotype_or_subclass	Antibody abundance	high	3	1	dose3_minus_dose1	19	20	4.9866699782676385	2.996344666578041	1.9903253116895976	-0.4942622890704773	4.474912912449673	3.9732658080036862	0.7099245997464778	22.23734913072297	1.6321028233210735	31.81148439590043	0.1125192835224512	0.5169972489090411	two_part_floor_sensitivity_required	HPVVT-FJ-M02|Antibody abundance|pairwise_persistence_dose_contrast	0.30489096180277103	no
HPVVT-FJ-M03	Heterologous 2vHPV recall	pairwise_recall_dose_contrast	HPV33	cross_reactive_non_booster_target	IgA2	antibody_isotype_or_subclass	Antibody abundance	high	3	1	dose3_minus_dose1	19	20	1.6722170431620789	1.2007624138707151	0.4714546292913637	-1.5075157658796419	2.450425024462369	1.3865067397672963	0.35171633217822074	5.465771030632785	0.4829920060806241	36.358693968260745	0.6319971011322479	0.15189523374121902	two_part_floor_sensitivity_required	HPVVT-FJ-M03|Antibody abundance|pairwise_recall_dose_contrast	0.8586067969105603	no
HPVVT-FJ-M02	Six-year 4vHPV persistence	pairwise_persistence_dose_contrast	HPV33	cross_reactive_non_booster_target	IgA2	antibody_isotype_or_subclass	Antibody abundance	high	3	2	dose3_minus_dose2	19	21	4.9866699782676385	2.2538845054229246	2.732785472844714	0.1853910875859901	5.280179858103438	6.6473783614516115	1.137125184784058	38.85908048785888	2.180847862096745	33.7049449918503	0.03627101321541466	0.6858048506878212	two_part_floor_sensitivity_required	HPVVT-FJ-M02|Antibody abundance|pairwise_persistence_dose_contrast	0.21762607929248798	no
HPVVT-FJ-M03	Heterologous 2vHPV recall	pairwise_recall_dose_contrast	HPV33	cross_reactive_non_booster_target	IgA2	antibody_isotype_or_subclass	Antibody abundance	high	3	2	dose3_minus_dose2	19	21	1.6722170431620789	1.221037068962779	0.4511799741992999	-1.454907819435328	2.3572677678339278	1.36715799236183	0.36477839272087387	5.123990382591191	0.48013847966454826	35.8300841277607	0.634047317109064	0.15011226598894062	two_part_floor_sensitivity_required	HPVVT-FJ-M03|Antibody abundance|pairwise_recall_dose_contrast	0.8586067969105603	no
HPVVT-FJ-M02	Six-year 4vHPV persistence	pairwise_persistence_dose_contrast	HPV33	cross_reactive_non_booster_target	IgG	antibody_isotype_or_subclass	Antibody abundance	none	2	1	dose2_minus_dose1	21	20	9.037479389359584	8.756847015112474	0.2806323742471104	-0.4157127088231224	0.9769774573173432	1.2147272171878938	0.749649067434136	1.968337287775906	0.817856064677448	35.35418838702034	0.4189174909968817	0.2523027853697975	standard_continuous_model	HPVVT-FJ-M02|Antibody abundance|pairwise_persistence_dose_contrast	0.6576404065288708	no
HPVVT-FJ-M03	Heterologous 2vHPV recall	pairwise_recall_dose_contrast	HPV33	cross_reactive_non_booster_target	IgG	antibody_isotype_or_subclass	Antibody abundance	none	2	1	dose2_minus_dose1	21	20	1.6418443888792542	2.1997382608134917	-0.5578938719342375	-1.4594727078086778	0.34368496394020287	0.6792931108474074	0.36362600711355686	1.2689937502205255	-1.2553746292362002	35.67502947242662	0.21750364970312486	-0.3871186641564045	standard_continuous_model	HPVVT-FJ-M03|Antibody abundance|pairwise_recall_dose_contrast	0.5791727523535292	no
HPVVT-FJ-M02	Six-year 4vHPV persistence	pairwise_persistence_dose_contrast	HPV33	cross_reactive_non_booster_target	IgG	antibody_isotype_or_subclass	Antibody abundance	none	3	1	dose3_minus_dose1	19	20	9.818362965400583	8.756847015112474	1.0615159502881095	0.25029685674282454	1.8727350438333945	2.0871234705024104	1.1894518378743388	3.6622620962163155	2.65186838751001	36.79193268507816	0.01173995225596308	0.8327129982215888	standard_continuous_model	HPVVT-FJ-M02|Antibody abundance|pairwise_persistence_dose_contrast	0.14087942707155696	no
HPVVT-FJ-M03	Heterologous 2vHPV recall	pairwise_recall_dose_contrast	HPV33	cross_reactive_non_booster_target	IgG	antibody_isotype_or_subclass	Antibody abundance	none	3	1	dose3_minus_dose1	19	20	1.528036337955067	2.1997382608134917	-0.6717019228584247	-1.6374726235294264	0.294068777812577	0.6277656857465691	0.3214190574750613	1.2260933103863554	-1.409585317010371	36.729173603133304	0.167073774946389	-0.44075544481824874	standard_continuous_model	HPVVT-FJ-M03|Antibody abundance|pairwise_recall_dose_contrast	0.519785077610988	no
HPVVT-FJ-M02	Six-year 4vHPV persistence	pairwise_persistence_dose_contrast	HPV33	cross_reactive_non_booster_target	IgG	antibody_isotype_or_subclass	Antibody abundance	none	3	2	dose3_minus_dose2	19	21	9.818362965400583	9.037479389359584	0.7808835760409991	0.060219612091918284	1.50154753999008	1.7181828487667568	1.0426244607089141	2.831462729916181	2.2046717525303023	32.94111042088038	0.03457050247810679	0.6945769479232435	standard_continuous_model	HPVVT-FJ-M02|Antibody abundance|pairwise_persistence_dose_contrast	0.21762607929248798	no
HPVVT-FJ-M03	Heterologous 2vHPV recall	pairwise_recall_dose_contrast	HPV33	cross_reactive_non_booster_target	IgG	antibody_isotype_or_subclass	Antibody abundance	none	3	2	dose3_minus_dose2	19	21	1.528036337955067	1.6418443888792542	-0.11380805092418722	-0.9544542570385176	0.7268381551901432	0.9241455208686592	0.5160367592198977	1.6550079591862428	-0.27452236977903716	36.16807099428614	0.7852452189580068	-0.08573370472219007	standard_continuous_model	HPVVT-FJ-M03|Antibody abundance|pairwise_recall_dose_contrast	0.9140624706637522	no
HPVVT-FJ-M02	Six-year 4vHPV persistence	pairwise_persistence_dose_contrast	HPV33	cross_reactive_non_booster_target	IgG1	antibody_isotype_or_subclass	IgG subclass architecture	none	2	1	dose2_minus_dose1	21	20	8.153786794062341	7.559203451750423	0.5945833423119185	-0.177180497280244	1.3663471819040809	1.510036416361035	0.8844297763556045	2.5781696180926277	1.568760261294995	32.28158814980621	0.1264551948425709	0.4856181465809177	standard_continuous_model	HPVVT-FJ-M02|IgG subclass architecture|pairwise_persistence_dose_contrast	0.3540745455591985	no
HPVVT-FJ-M03	Heterologous 2vHPV recall	pairwise_recall_dose_contrast	HPV33	cross_reactive_non_booster_target	IgG1	antibody_isotype_or_subclass	IgG subclass architecture	none	2	1	dose2_minus_dose1	21	20	1.3492373409346503	2.0294186868507946	-0.6801813459161443	-1.4172722115378193	0.05690951970553071	0.6240868221745702	0.374419580458363	1.040235024928847	-1.8674800487297771	38.384368240167774	0.06948443805603793	-0.5732830667625741	standard_continuous_model	HPVVT-FJ-M03|IgG subclass architecture|pairwise_recall_dose_contrast	0.22756390428179293	no
HPVVT-FJ-M02	Six-year 4vHPV persistence	pairwise_persistence_dose_contrast	HPV33	cross_reactive_non_booster_target	IgG1	antibody_isotype_or_subclass	IgG subclass architecture	none	3	1	dose3_minus_dose1	19	20	8.33097308573554	7.559203451750423	0.7717696339851168	0.05278700229196909	1.4907522656782644	1.7073627795031523	1.037266784477631	2.8103547751225557	2.206708315274508	25.936266586497045	0.03639110801579251	0.6799900297171713	standard_continuous_model	HPVVT-FJ-M02|IgG subclass architecture|pairwise_persistence_dose_contrast	0.1608870038592932	no
HPVVT-FJ-M03	Heterologous 2vHPV recall	pairwise_recall_dose_contrast	HPV33	cross_reactive_non_booster_target	IgG1	antibody_isotype_or_subclass	IgG subclass architecture	none	3	1	dose3_minus_dose1	19	20	1.671071471995084	2.0294186868507946	-0.3583472148557105	-1.0912247683679177	0.37453033865649665	0.7800577203101664	0.4693627423907828	1.2964174444610608	-0.9909962892788113	36.702800780898	0.32817603720705435	-0.30983580522243453	standard_continuous_model	HPVVT-FJ-M03|IgG subclass architecture|pairwise_recall_dose_contrast	0.5283625687796437	no
HPVVT-FJ-M02	Six-year 4vHPV persistence	pairwise_persistence_dose_contrast	HPV33	cross_reactive_non_booster_target	IgG1	antibody_isotype_or_subclass	IgG subclass architecture	none	3	2	dose3_minus_dose2	19	21	8.33097308573554	8.153786794062341	0.17718629167319833	-0.322177516998187	0.6765501003445836	1.130676559190304	0.7998617029688609	1.5983131543331248	0.7204400932305788	34.85253571322433	0.4760585964937045	0.21908359258100388	standard_continuous_model	HPVVT-FJ-M02|IgG subclass architecture|pairwise_persistence_dose_contrast	0.7047703344957663	no
HPVVT-FJ-M03	Heterologous 2vHPV recall	pairwise_recall_dose_contrast	HPV33	cross_reactive_non_booster_target	IgG1	antibody_isotype_or_subclass	IgG subclass architecture	none	3	2	dose3_minus_dose2	19	21	1.671071471995084	1.3492373409346503	0.3218341310604338	-0.3717197899724364	1.015388052093304	1.2499185891990647	0.7728606453139132	2.0214465429156663	0.9394332266411599	37.94952033331216	0.35344966800813815	0.29054939269947655	standard_continuous_model	HPVVT-FJ-M03|IgG subclass architecture|pairwise_recall_dose_contrast	0.5418851497083278	no
HPVVT-FJ-M02	Six-year 4vHPV persistence	pairwise_persistence_dose_contrast	HPV33	cross_reactive_non_booster_target	IgG2	antibody_isotype_or_subclass	IgG subclass architecture	high	2	1	dose2_minus_dose1	21	20	3.127233042098059	3.1344587173845633	-0.007225675286504085	-1.9023733618490593	1.887922011276051	0.9950040649525104	0.2675029373020314	3.7010176383752973	-0.0077413500169524335	34.86035132635569	0.9938674909216065	-0.002389574754116123	two_part_floor_sensitivity_required	HPVVT-FJ-M02|IgG subclass architecture|pairwise_persistence_dose_contrast	0.9938674909216066	no
HPVVT-FJ-M03	Heterologous 2vHPV recall	pairwise_recall_dose_contrast	HPV33	cross_reactive_non_booster_target	IgG2	antibody_isotype_or_subclass	IgG subclass architecture	high	2	1	dose2_minus_dose1	21	20	0.7288561051003166	1.6303759364159691	-0.9015198313156525	-2.4755379379913767	0.6724982753600717	0.5353224896499053	0.1797996430715914	1.593830571793006	-1.160184943326377	37.30292772637937	0.25334526423046455	-0.35693381103765504	two_part_floor_sensitivity_required	HPVVT-FJ-M03|IgG subclass architecture|pairwise_recall_dose_contrast	0.4738781584244044	no
HPVVT-FJ-M02	Six-year 4vHPV persistence	pairwise_persistence_dose_contrast	HPV33	cross_reactive_non_booster_target	IgG2	antibody_isotype_or_subclass	IgG subclass architecture	high	3	1	dose3_minus_dose1	19	20	5.69574099128062	3.1344587173845633	2.561282273896057	0.19305332633400596	4.929511221458108	5.902320547790905	1.1431805900150405	30.47408970477392	2.1938733660564593	35.78710525317414	0.03482340832582533	0.6908850412420223	two_part_floor_sensitivity_required	HPVVT-FJ-M02|IgG subclass architecture|pairwise_persistence_dose_contrast	0.1608870038592932	no
HPVVT-FJ-M03	Heterologous 2vHPV recall	pairwise_recall_dose_contrast	HPV33	cross_reactive_non_booster_target	IgG2	antibody_isotype_or_subclass	IgG subclass architecture	high	3	1	dose3_minus_dose1	19	20	-0.24289328216036346	1.6303759364159691	-1.8732692185763327	-3.9638073615425777	0.2172689243899124	0.2729541962204695	0.06408775923038099	1.1625307879237532	-1.8230625056464982	33.00300351689286	0.07736362229574777	-0.5766234185899175	two_part_floor_sensitivity_required	HPVVT-FJ-M03|IgG subclass architecture|pairwise_recall_dose_contrast	0.23041027122962837	no
HPVVT-FJ-M02	Six-year 4vHPV persistence	pairwise_persistence_dose_contrast	HPV33	cross_reactive_non_booster_target	IgG2	antibody_isotype_or_subclass	IgG subclass architecture	high	3	2	dose3_minus_dose2	19	21	5.69574099128062	3.127233042098059	2.568507949182561	0.44172108857830894	4.695294809786812	5.931956215749341	1.358223678310541	25.907444486122337	2.4656137937292972	30.241775752170163	0.019567844578607118	0.7815432588687165	two_part_floor_sensitivity_required	HPVVT-FJ-M02|IgG subclass architecture|pairwise_persistence_dose_contrast	0.13697491205024984	no
HPVVT-FJ-M03	Heterologous 2vHPV recall	pairwise_recall_dose_contrast	HPV33	cross_reactive_non_booster_target	IgG2	antibody_isotype_or_subclass	IgG subclass architecture	high	3	2	dose3_minus_dose2	19	21	-0.24289328216036346	0.7288561051003166	-0.97174938726068	-2.955656106703952	1.0121573321825923	0.5098874071197317	0.12890176232902742	2.0169248522425893	-1.0009131615896996	29.59434741647473	0.32498294589574106	-0.31771726570193315	two_part_floor_sensitivity_required	HPVVT-FJ-M03|IgG subclass architecture|pairwise_recall_dose_contrast	0.5283625687796437	no
HPVVT-FJ-M02	Six-year 4vHPV persistence	pairwise_persistence_dose_contrast	HPV33	cross_reactive_non_booster_target	IgG3	antibody_isotype_or_subclass	IgG subclass architecture	none	2	1	dose2_minus_dose1	21	20	6.707295755484779	6.823110021526865	-0.11581426604208644	-1.7411929376018713	1.5095644055176984	0.9228612950638865	0.2991222352733805	2.847240590953105	-0.14417855901695953	38.54578444801516	0.8861106605993835	-0.04424014763604584	standard_continuous_model	HPVVT-FJ-M02|IgG subclass architecture|pairwise_persistence_dose_contrast	0.9938674909216066	no
HPVVT-FJ-M03	Heterologous 2vHPV recall	pairwise_recall_dose_contrast	HPV33	cross_reactive_non_booster_target	IgG3	antibody_isotype_or_subclass	IgG subclass architecture	none	2	1	dose2_minus_dose1	21	20	2.447719946957564	2.6193049367877683	-0.1715849898302042	-1.8811419836563923	1.5379720039959839	0.8878667070526738	0.27146874601417964	2.9038602088337	-0.20346331767244744	36.478263245295224	0.8399036838355386	-0.06267452604133023	standard_continuous_model	HPVVT-FJ-M03|IgG subclass architecture|pairwise_recall_dose_contrast	0.9045116595151955	no
HPVVT-FJ-M02	Six-year 4vHPV persistence	pairwise_persistence_dose_contrast	HPV33	cross_reactive_non_booster_target	IgG3	antibody_isotype_or_subclass	IgG subclass architecture	none	3	1	dose3_minus_dose1	19	20	8.059188265509754	6.823110021526865	1.2360782439828881	-0.18574641386129231	2.6579029018270686	2.355573329293874	0.8791940854882054	6.31114995115042	1.7714518361851743	31.715873672857324	0.08609525121402328	0.5492950488934969	standard_continuous_model	HPVVT-FJ-M02|IgG subclass architecture|pairwise_persistence_dose_contrast	0.25828575364206985	no
HPVVT-FJ-M03	Heterologous 2vHPV recall	pairwise_recall_dose_contrast	HPV33	cross_reactive_non_booster_target	IgG3	antibody_isotype_or_subclass	IgG subclass architecture	none	3	1	dose3_minus_dose1	19	20	0.2403816809346365	2.6193049367877683	-2.378923255853132	-4.001595239027303	-0.7562512726789614	0.1922528305239888	0.06243092972912949	0.5920326832364943	-2.9833294481878103	32.819866747895105	0.005346153610575285	-0.9262989982980392	standard_continuous_model	HPVVT-FJ-M03|IgG subclass architecture|pairwise_recall_dose_contrast	0.12087533554730381	no
HPVVT-FJ-M02	Six-year 4vHPV persistence	pairwise_persistence_dose_contrast	HPV33	cross_reactive_non_booster_target	IgG3	antibody_isotype_or_subclass	IgG subclass architecture	none	3	2	dose3_minus_dose2	19	21	8.059188265509754	6.707295755484779	1.3518925100249746	0.01483873921477974	2.6889462808351694	2.5524673554879187	1.0103385071041826	6.448422538605346	2.0534732829442564	34.60632305587868	0.04764506453898488	0.6240658232585529	standard_continuous_model	HPVVT-FJ-M02|IgG subclass architecture|pairwise_persistence_dose_contrast	0.1853974158726755	no
HPVVT-FJ-M03	Heterologous 2vHPV recall	pairwise_recall_dose_contrast	HPV33	cross_reactive_non_booster_target	IgG3	antibody_isotype_or_subclass	IgG subclass architecture	none	3	2	dose3_minus_dose2	19	21	0.2403816809346365	2.447719946957564	-2.2073382660229277	-3.591534876537767	-0.8231416555080886	0.2165334379550997	0.08295456144561147	0.5652097839537844	-3.22949775000593	37.555589624643815	0.0025777237629191385	-0.9915025695204576	standard_continuous_model	HPVVT-FJ-M03|IgG subclass architecture|pairwise_recall_dose_contrast	0.10826439804260382	no
HPVVT-FJ-M02	Six-year 4vHPV persistence	pairwise_persistence_dose_contrast	HPV33	cross_reactive_non_booster_target	IgG4	antibody_isotype_or_subclass	IgG subclass architecture	none	2	1	dose2_minus_dose1	21	20	2.169510830446884	1.8844566622525925	0.2850541681942915	-1.202620418357875	1.772728754746458	1.2184560116129417	0.4344853932280492	3.4169964638062615	0.38869161454718354	35.76842822019166	0.6998084756688757	0.11984614737282447	standard_continuous_model	HPVVT-FJ-M02|IgG subclass architecture|pairwise_persistence_dose_contrast	0.933077967558501	no
HPVVT-FJ-M03	Heterologous 2vHPV recall	pairwise_recall_dose_contrast	HPV33	cross_reactive_non_booster_target	IgG4	antibody_isotype_or_subclass	IgG subclass architecture	none	2	1	dose2_minus_dose1	21	20	0.41723968977087644	-0.030446370413626588	0.447686060184503	-0.928360083007062	1.823732203376068	1.3638510197419058	0.5254552895162287	3.5399579015820093	0.6623766060188844	32.40418998465505	0.5124137650573344	0.20044935678536838	standard_continuous_model	HPVVT-FJ-M03|IgG subclass architecture|pairwise_recall_dose_contrast	0.7056189551609195	no
HPVVT-FJ-M02	Six-year 4vHPV persistence	pairwise_persistence_dose_contrast	HPV33	cross_reactive_non_booster_target	IgG4	antibody_isotype_or_subclass	IgG subclass architecture	none	3	1	dose3_minus_dose1	19	20	1.8482904640138882	1.8844566622525925	-0.03616619823870426	-1.5582998215071548	1.4859674250297463	0.9752431072056972	0.33955099816899154	2.801049395469217	-0.04820207847156311	35.69796216140604	0.9618238686369923	-0.015030782405044789	standard_continuous_model	HPVVT-FJ-M02|IgG subclass architecture|pairwise_persistence_dose_contrast	0.9938674909216066	no
HPVVT-FJ-M03	Heterologous 2vHPV recall	pairwise_recall_dose_contrast	HPV33	cross_reactive_non_booster_target	IgG4	antibody_isotype_or_subclass	IgG subclass architecture	none	3	1	dose3_minus_dose1	19	20	0.19741264650058257	-0.030446370413626588	0.22785901691420915	-1.2242768024412354	1.6799948362696537	1.1710957337763013	0.4280120139416845	3.2042680415412637	0.3212392806947194	28.35752776278123	0.7503848045725685	0.10216535196346438	standard_continuous_model	HPVVT-FJ-M03|IgG subclass architecture|pairwise_recall_dose_contrast	0.879628887777149	no
HPVVT-FJ-M02	Six-year 4vHPV persistence	pairwise_persistence_dose_contrast	HPV33	cross_reactive_non_booster_target	IgG4	antibody_isotype_or_subclass	IgG subclass architecture	none	3	2	dose3_minus_dose2	19	21	1.8482904640138882	2.169510830446884	-0.3212203664329958	-1.6261148221406168	0.9836740892746252	0.8003925442615779	0.3239594568387016	1.9774950580574928	-0.49854679006120967	37.51826554185041	0.6210090554383028	-0.1547994877836158	standard_continuous_model	HPVVT-FJ-M02|IgG subclass architecture|pairwise_persistence_dose_contrast	0.869412677613624	no
HPVVT-FJ-M03	Heterologous 2vHPV recall	pairwise_recall_dose_contrast	HPV33	cross_reactive_non_booster_target	IgG4	antibody_isotype_or_subclass	IgG subclass architecture	none	3	2	dose3_minus_dose2	19	21	0.19741264650058257	0.41723968977087644	-0.21982704327029387	-1.9393887138833115	1.499734627342724	0.8586683712696996	0.2607268897251873	2.8279069051761536	-0.25891299267188933	37.48650150304621	0.7971188534226776	-0.08040826102740582	standard_continuous_model	HPVVT-FJ-M03|IgG subclass architecture|pairwise_recall_dose_contrast	0.8927731158333989	no
HPVVT-FJ-M02	Six-year 4vHPV persistence	pairwise_persistence_dose_contrast	HPV33	cross_reactive_non_booster_target	IgM	antibody_isotype_or_subclass	Antibody abundance	none	2	1	dose2_minus_dose1	21	20	11.007220412611916	11.201926711941303	-0.1947062993293862	-0.7013048652774574	0.31189226661868497	0.8737507540611602	0.6150156956740646	1.2413347912783044	-0.7783914886699912	37.50841518909689	0.4412212118450797	-0.23939029415816937	standard_continuous_model	HPVVT-FJ-M02|Antibody abundance|pairwise_persistence_dose_contrast	0.6633014851958293	no
HPVVT-FJ-M03	Heterologous 2vHPV recall	pairwise_recall_dose_contrast	HPV33	cross_reactive_non_booster_target	IgM	antibody_isotype_or_subclass	Antibody abundance	none	2	1	dose2_minus_dose1	21	20	0.029746397062499333	0.2337468368742762	-0.20400043981177685	-0.5459371824294434	0.1379363028058897	0.8681399629448078	0.6849463131438931	1.1003300270388963	-1.2086707563876113	37.14701715660537	0.2344270664288094	-0.37194490701551114	standard_continuous_model	HPVVT-FJ-M03|Antibody abundance|pairwise_recall_dose_contrast	0.5791727523535292	no
HPVVT-FJ-M02	Six-year 4vHPV persistence	pairwise_persistence_dose_contrast	HPV33	cross_reactive_non_booster_target	IgM	antibody_isotype_or_subclass	Antibody abundance	none	3	1	dose3_minus_dose1	19	20	10.861326227256924	11.201926711941303	-0.3406004846843782	-0.8663609600199225	0.18515999065116606	0.789712545923207	0.5485287106026723	1.1369430498967126	-1.3127985550791337	36.84902108677459	0.19736846515055081	-0.41072658986824484	standard_continuous_model	HPVVT-FJ-M02|Antibody abundance|pairwise_persistence_dose_contrast	0.4480797587201694	no
HPVVT-FJ-M03	Heterologous 2vHPV recall	pairwise_recall_dose_contrast	HPV33	cross_reactive_non_booster_target	IgM	antibody_isotype_or_subclass	Antibody abundance	none	3	1	dose3_minus_dose1	19	20	0.09519678156351136	0.2337468368742762	-0.13855005531076484	-0.46980812884548084	0.19270801822395114	0.9084316933077342	0.7220606217918885	1.1429070032347084	-0.8493291863159356	34.73892258076167	0.4015134896513032	-0.2644043454867404	standard_continuous_model	HPVVT-FJ-M03|Antibody abundance|pairwise_recall_dose_contrast	0.7438150030199214	no
HPVVT-FJ-M02	Six-year 4vHPV persistence	pairwise_persistence_dose_contrast	HPV33	cross_reactive_non_booster_target	IgM	antibody_isotype_or_subclass	Antibody abundance	none	3	2	dose3_minus_dose2	19	21	10.861326227256924	11.007220412611916	-0.145894185354992	-0.6271418708256642	0.33535350011568016	0.9038190150367863	0.6474578270013348	1.2616865189898807	-0.6140893472648085	37.30146554746365	0.5428837319315813	-0.19090679512681957	standard_continuous_model	HPVVT-FJ-M02|Antibody abundance|pairwise_persistence_dose_contrast	0.7423812066924015	no
HPVVT-FJ-M03	Heterologous 2vHPV recall	pairwise_recall_dose_contrast	HPV33	cross_reactive_non_booster_target	IgM	antibody_isotype_or_subclass	Antibody abundance	none	3	2	dose3_minus_dose2	19	21	0.09519678156351136	0.029746397062499333	0.06545038450101202	-0.2277935670774935	0.35869433607951756	1.0464115604426887	0.8539398945414332	1.282264900407431	0.45185340878440655	37.94852183999913	0.6539467344068581	0.1392301432790567	standard_continuous_model	HPVVT-FJ-M03|Antibody abundance|pairwise_recall_dose_contrast	0.8586067969105603	no
HPVVT-FJ-M02	Six-year 4vHPV persistence	pairwise_persistence_dose_contrast	HPV45	cross_reactive_non_booster_target	FcgR2A	fc_gamma_receptor_binding	Fc-receptor engagement	moderate	2	1	dose2_minus_dose1	21	20	6.272897364978822	4.5535880496357235	1.7193093153430983	-0.2745588652505102	3.7131774959367068	3.2927872825161746	0.8267030615877475	13.115287207327487	1.7512247232227467	34.63159437528388	0.08876092395143405	0.5407073918978024	above_floor_binary_sensitivity_required	HPVVT-FJ-M02|Fc-receptor engagement|pairwise_persistence_dose_contrast	0.31066323383001915	no
HPVVT-FJ-M03	Heterologous 2vHPV recall	pairwise_recall_dose_contrast	HPV45	cross_reactive_non_booster_target	FcgR2A	fc_gamma_receptor_binding	Fc-receptor engagement	moderate	2	1	dose2_minus_dose1	21	20	3.2861049111250793	2.790458247698408	0.4956466634266712	-2.427833301860884	3.4191266287142263	1.4099526007111882	0.1858443454482048	10.696942817699522	0.34528431481564625	32.13591599493974	0.7321305908861016	0.10690089340972002	above_floor_binary_sensitivity_required	HPVVT-FJ-M03|Fc-receptor engagement|pairwise_recall_dose_contrast	0.922484544516488	no
HPVVT-FJ-M02	Six-year 4vHPV persistence	pairwise_persistence_dose_contrast	HPV45	cross_reactive_non_booster_target	FcgR2A	fc_gamma_receptor_binding	Fc-receptor engagement	moderate	3	1	dose3_minus_dose1	19	20	6.081789328690308	4.5535880496357235	1.528201279054585	-0.6135658364878305	3.6699683945970003	2.88426011531186	0.6535792849905924	12.728304895554523	1.446450610725374	36.46629084163767	0.15659220014783024	0.45186797451237715	above_floor_binary_sensitivity_required	HPVVT-FJ-M02|Fc-receptor engagement|pairwise_persistence_dose_contrast	0.4398345763435665	no
HPVVT-FJ-M03	Heterologous 2vHPV recall	pairwise_recall_dose_contrast	HPV45	cross_reactive_non_booster_target	FcgR2A	fc_gamma_receptor_binding	Fc-receptor engagement	moderate	3	1	dose3_minus_dose1	19	20	3.535896797004563	2.790458247698408	0.7454385493061548	-2.2699908104304853	3.760867909042795	1.6764838081194902	0.20733120709201153	13.556077728518272	0.5026135518380604	33.58948450140298	0.6185155685747139	0.15621142676672528	above_floor_binary_sensitivity_required	HPVVT-FJ-M03|Fc-receptor engagement|pairwise_recall_dose_contrast	0.8470974091349343	no
HPVVT-FJ-M02	Six-year 4vHPV persistence	pairwise_persistence_dose_contrast	HPV45	cross_reactive_non_booster_target	FcgR2A	fc_gamma_receptor_binding	Fc-receptor engagement	moderate	3	2	dose3_minus_dose2	19	21	6.081789328690308	6.272897364978822	-0.19110803628851336	-2.003872605306932	1.6216565327299053	0.8759327183467072	0.24932982850571894	3.0772817342737353	-0.2138358218237358	35.86957652757491	0.8318859799245263	-0.06684611171090928	above_floor_binary_sensitivity_required	HPVVT-FJ-M02|Fc-receptor engagement|pairwise_persistence_dose_contrast	0.9182848662312926	no
HPVVT-FJ-M03	Heterologous 2vHPV recall	pairwise_recall_dose_contrast	HPV45	cross_reactive_non_booster_target	FcgR2A	fc_gamma_receptor_binding	Fc-receptor engagement	moderate	3	2	dose3_minus_dose2	19	21	3.535896797004563	3.2861049111250793	0.24979188587948364	-2.0607353349425632	2.5603191067015305	1.1890355798300327	0.23969382786345747	5.89838137554014	0.2190416081091109	37.053874644956466	0.8278197345282388	0.06817589182318341	above_floor_binary_sensitivity_required	HPVVT-FJ-M03|Fc-receptor engagement|pairwise_recall_dose_contrast	0.9650646704198159	no
HPVVT-FJ-M02	Six-year 4vHPV persistence	pairwise_persistence_dose_contrast	HPV45	cross_reactive_non_booster_target	FcgR2B	fc_gamma_receptor_binding	Fc-receptor engagement	moderate	2	1	dose2_minus_dose1	21	20	4.3140433364801565	4.152407331555884	0.16163600492427221	-1.8967959385506137	2.220067948399158	1.1185548516254618	0.2685390986291883	4.659153778655255	0.15893539225436076	38.20374051674509	0.8745570154583738	0.048461546148521266	above_floor_binary_sensitivity_required	HPVVT-FJ-M02|Fc-receptor engagement|pairwise_persistence_dose_contrast	0.9182848662312926	no
HPVVT-FJ-M03	Heterologous 2vHPV recall	pairwise_recall_dose_contrast	HPV45	cross_reactive_non_booster_target	FcgR2B	fc_gamma_receptor_binding	Fc-receptor engagement	moderate	2	1	dose2_minus_dose1	21	20	4.684634540440045	4.793248138353397	-0.10861359791335268	-2.003575543054513	1.7863483472278079	0.9274789231140268	0.24938117276372948	3.4494069591843175	-0.11593728645985817	38.97221695766142	0.9082975993841642	-0.03545437877975325	above_floor_binary_sensitivity_required	HPVVT-FJ-M03|Fc-receptor engagement|pairwise_recall_dose_contrast	0.9650646704198159	no
HPVVT-FJ-M02	Six-year 4vHPV persistence	pairwise_persistence_dose_contrast	HPV45	cross_reactive_non_booster_target	FcgR2B	fc_gamma_receptor_binding	Fc-receptor engagement	moderate	3	1	dose3_minus_dose1	19	20	5.360902422164247	4.152407331555884	1.2084950906083627	-0.5797289370855077	2.996719118302233	2.3109644882531657	0.6690894784608254	7.9818275998789305	1.3695801458329135	36.78973405348478	0.1791203687745778	0.428361506810462	above_floor_binary_sensitivity_required	HPVVT-FJ-M02|Fc-receptor engagement|pairwise_persistence_dose_contrast	0.4519780040194472	no
HPVVT-FJ-M03	Heterologous 2vHPV recall	pairwise_recall_dose_contrast	HPV45	cross_reactive_non_booster_target	FcgR2B	fc_gamma_receptor_binding	Fc-receptor engagement	moderate	3	1	dose3_minus_dose1	19	20	3.4406681622974955	4.793248138353397	-1.3525799760559019	-3.0036822496823086	0.29852229757050486	0.3915911387564743	0.1246813641834287	1.2298840404649107	-1.6628243563508607	35.13972882740633	0.10524335684580063	-0.517989506413444	above_floor_binary_sensitivity_required	HPVVT-FJ-M03|Fc-receptor engagement|pairwise_recall_dose_contrast	0.5483150738778576	no
HPVVT-FJ-M02	Six-year 4vHPV persistence	pairwise_persistence_dose_contrast	HPV45	cross_reactive_non_booster_target	FcgR2B	fc_gamma_receptor_binding	Fc-receptor engagement	moderate	3	2	dose3_minus_dose2	19	21	5.360902422164247	4.3140433364801565	1.0468590856840905	-0.9338507297709049	3.0275689011390856	2.0660269676493	0.5234592985500968	8.154344459783545	1.0715824800744596	36.31272494278467	0.2909781872671143	0.3272391693028746	above_floor_binary_sensitivity_required	HPVVT-FJ-M02|Fc-receptor engagement|pairwise_persistence_dose_contrast	0.57461165608687	no
HPVVT-FJ-M03	Heterologous 2vHPV recall	pairwise_recall_dose_contrast	HPV45	cross_reactive_non_booster_target	FcgR2B	fc_gamma_receptor_binding	Fc-receptor engagement	moderate	3	2	dose3_minus_dose2	19	21	3.4406681622974955	4.684634540440045	-1.2439663781425492	-2.950436018233593	0.4625032619484948	0.42221028316384823	0.12936901104661352	1.3779306324376763	-1.4788316907358885	35.71443000921239	0.14795192578558078	-0.45076643988313897	above_floor_binary_sensitivity_required	HPVVT-FJ-M03|Fc-receptor engagement|pairwise_recall_dose_contrast	0.5483150738778576	no
HPVVT-FJ-M02	Six-year 4vHPV persistence	pairwise_persistence_dose_contrast	HPV45	cross_reactive_non_booster_target	FcgR3A	fc_gamma_receptor_binding	Fc-receptor engagement	high	2	1	dose2_minus_dose1	21	20	3.4910081533843154	2.457707939024538	1.0333002143597771	-0.7856145242792651	2.8522149529988194	2.0467007987293337	0.5801048055677264	7.221081637859722	1.1491832257330616	38.87241755063158	0.25750235540252664	0.35116007634502155	two_part_floor_sensitivity_required	HPVVT-FJ-M02|Fc-receptor engagement|pairwise_persistence_dose_contrast	0.5594016686330752	no
HPVVT-FJ-M03	Heterologous 2vHPV recall	pairwise_recall_dose_contrast	HPV45	cross_reactive_non_booster_target	FcgR3A	fc_gamma_receptor_binding	Fc-receptor engagement	high	2	1	dose2_minus_dose1	21	20	5.7771702456410985	6.018662477327074	-0.24149223168597533	-2.18038224288624	1.6973977795142894	0.8458699458354099	0.22061728865010416	3.243154558038131	-0.2527068800675163	35.577778536058986	0.8019491248790612	-0.07793656904047477	two_part_floor_sensitivity_required	HPVVT-FJ-M03|Fc-receptor engagement|pairwise_recall_dose_contrast	0.9650646704198159	no
HPVVT-FJ-M02	Six-year 4vHPV persistence	pairwise_persistence_dose_contrast	HPV45	cross_reactive_non_booster_target	FcgR3A	fc_gamma_receptor_binding	Fc-receptor engagement	high	3	1	dose3_minus_dose1	19	20	4.347219931277363	2.457707939024538	1.8895119922528245	-0.06780494001381032	3.8468289245194596	3.705098744442351	0.9540885396349968	14.388346716039667	1.959491611813506	35.145388535331264	0.058024298104555734	0.617822614381467	two_part_floor_sensitivity_required	HPVVT-FJ-M02|Fc-receptor engagement|pairwise_persistence_dose_contrast	0.30402875512753147	no
HPVVT-FJ-M03	Heterologous 2vHPV recall	pairwise_recall_dose_contrast	HPV45	cross_reactive_non_booster_target	FcgR3A	fc_gamma_receptor_binding	Fc-receptor engagement	high	3	1	dose3_minus_dose1	19	20	4.358099361223715	6.018662477327074	-1.6605631161033587	-3.7466683674924073	0.42554213528568985	0.31631565932571987	0.0744972836436435	1.3430771088685478	-1.6132204359095692	36.76466066060752	0.11524872845348719	-0.5045063293310244	two_part_floor_sensitivity_required	HPVVT-FJ-M03|Fc-receptor engagement|pairwise_recall_dose_contrast	0.5483150738778576	no
HPVVT-FJ-M02	Six-year 4vHPV persistence	pairwise_persistence_dose_contrast	HPV45	cross_reactive_non_booster_target	FcgR3A	fc_gamma_receptor_binding	Fc-receptor engagement	high	3	2	dose3_minus_dose2	19	21	4.347219931277363	3.4910081533843154	0.8562117778930474	-1.1670499752644536	2.8794735310505484	1.810278642947035	0.4453310236743444	7.358815332629056	0.857549596753873	36.875677122369716	0.39668055315345163	0.267113784945434	two_part_floor_sensitivity_required	HPVVT-FJ-M02|Fc-receptor engagement|pairwise_persistence_dose_contrast	0.6402395123007198	no
HPVVT-FJ-M03	Heterologous 2vHPV recall	pairwise_recall_dose_contrast	HPV45	cross_reactive_non_booster_target	FcgR3A	fc_gamma_receptor_binding	Fc-receptor engagement	high	3	2	dose3_minus_dose2	19	21	4.358099361223715	5.7771702456410985	-1.4190708844173834	-3.232872470905304	0.3947307020705373	0.37395306557832103	0.10636736826863796	1.3146973318193458	-1.586733094545185	35.99644956320592	0.12131976753273528	-0.49581926548651595	two_part_floor_sensitivity_required	HPVVT-FJ-M03|Fc-receptor engagement|pairwise_recall_dose_contrast	0.5483150738778576	no
HPVVT-FJ-M02	Six-year 4vHPV persistence	pairwise_persistence_dose_contrast	HPV45	cross_reactive_non_booster_target	IgA1	antibody_isotype_or_subclass	Antibody abundance	none	2	1	dose2_minus_dose1	21	20	7.796181288167797	8.346753351082786	-0.5505720629149886	-2.3888055941646313	1.2876614683346541	0.6827493483316346	0.19094041508705775	2.4413200968204443	-0.6062315435890241	38.18753306410211	0.5479480335110583	-0.1848413416886581	standard_continuous_model	HPVVT-FJ-M02|Antibody abundance|pairwise_persistence_dose_contrast	0.7423812066924015	no
HPVVT-FJ-M03	Heterologous 2vHPV recall	pairwise_recall_dose_contrast	HPV45	cross_reactive_non_booster_target	IgA1	antibody_isotype_or_subclass	Antibody abundance	none	2	1	dose2_minus_dose1	21	20	2.757085696599544	1.6264471622331702	1.1306385343663736	-0.7625119354268473	3.0237890041595943	2.189556281972299	0.5894690879140674	8.133007837424119	1.215781513973502	32.4960528110136	0.23282680444004	0.36795555326758356	standard_continuous_model	HPVVT-FJ-M03|Antibody abundance|pairwise_recall_dose_contrast	0.5791727523535292	no
HPVVT-FJ-M02	Six-year 4vHPV persistence	pairwise_persistence_dose_contrast	HPV45	cross_reactive_non_booster_target	IgA1	antibody_isotype_or_subclass	Antibody abundance	none	3	1	dose3_minus_dose1	19	20	8.997963615420094	8.346753351082786	0.6512102643373083	-0.9124948248164393	2.214915353491056	1.5704851096583747	0.5312655890408974	4.642543259975397	0.8442358788281975	36.46109414272279	0.40404298862070787	0.2637333185733353	standard_continuous_model	HPVVT-FJ-M02|Antibody abundance|pairwise_persistence_dose_contrast	0.6576404065288708	no
HPVVT-FJ-M03	Heterologous 2vHPV recall	pairwise_recall_dose_contrast	HPV45	cross_reactive_non_booster_target	IgA1	antibody_isotype_or_subclass	Antibody abundance	none	3	1	dose3_minus_dose1	19	20	1.0130246791644233	1.6264471622331702	-0.6134224830687469	-1.8181462092753469	0.591301243137853	0.6536442311348147	0.28358512997110125	1.5066050217067521	-1.0342236763662225	34.50422137773584	0.30822623359109425	-0.32184846776514126	standard_continuous_model	HPVVT-FJ-M03|Antibody abundance|pairwise_recall_dose_contrast	0.6831665838252613	no
HPVVT-FJ-M02	Six-year 4vHPV persistence	pairwise_persistence_dose_contrast	HPV45	cross_reactive_non_booster_target	IgA1	antibody_isotype_or_subclass	Antibody abundance	none	3	2	dose3_minus_dose2	19	21	8.997963615420094	7.796181288167797	1.201782327252297	-0.5393014817335944	2.9428661362381883	2.3002367025263517	0.6881039918436263	7.689373917847756	1.4004408489711233	35.59746246546305	0.17003792152063685	0.4267277536121253	standard_continuous_model	HPVVT-FJ-M02|Antibody abundance|pairwise_persistence_dose_contrast	0.42009368846274986	no
HPVVT-FJ-M03	Heterologous 2vHPV recall	pairwise_recall_dose_contrast	HPV45	cross_reactive_non_booster_target	IgA1	antibody_isotype_or_subclass	Antibody abundance	none	3	2	dose3_minus_dose2	19	21	1.0130246791644233	2.757085696599544	-1.7440610174351205	-3.5325177651188433	0.044395730248602217	0.2985281705323546	0.08641839427154151	1.0312511514778566	-1.9995840676961605	27.384242223026273	0.05555564537615028	-0.598629825609798	standard_continuous_model	HPVVT-FJ-M03|Antibody abundance|pairwise_recall_dose_contrast	0.30336414934863154	no
HPVVT-FJ-M02	Six-year 4vHPV persistence	pairwise_persistence_dose_contrast	HPV45	cross_reactive_non_booster_target	IgA2	antibody_isotype_or_subclass	Antibody abundance	high	2	1	dose2_minus_dose1	21	20	7.509355090925804	4.07833184954063	3.431023241385174	0.38496924938732446	6.477077233383023	10.785515603924173	1.3058319533753262	89.08293792459881	2.2809225756826264	37.65836068293406	0.028300475661041633	0.701297445760477	two_part_floor_sensitivity_required	HPVVT-FJ-M02|Antibody abundance|pairwise_persistence_dose_contrast	0.21762607929248798	no
HPVVT-FJ-M03	Heterologous 2vHPV recall	pairwise_recall_dose_contrast	HPV45	cross_reactive_non_booster_target	IgA2	antibody_isotype_or_subclass	Antibody abundance	high	2	1	dose2_minus_dose1	21	20	-0.3327411514153591	0.9263233621139648	-1.259064513529324	-4.596156065728753	2.0780270386701045	0.4178147954639794	0.04134463473650831	4.222294003106964	-0.769940291698815	30.564948332511523	0.44724551374888843	-0.23876108733832524	two_part_floor_sensitivity_required	HPVVT-FJ-M03|Antibody abundance|pairwise_recall_dose_contrast	0.7438150030199214	no
HPVVT-FJ-M02	Six-year 4vHPV persistence	pairwise_persistence_dose_contrast	HPV45	cross_reactive_non_booster_target	IgA2	antibody_isotype_or_subclass	Antibody abundance	high	3	1	dose3_minus_dose1	19	20	5.806347764368564	4.07833184954063	1.7280159148279335	-1.4927804095961505	4.9488122392520175	3.3127191887958056	0.3553270904720869	30.88452504208379	1.0870968814171553	36.99223218300983	0.28402680602127556	0.34055459667571386	two_part_floor_sensitivity_required	HPVVT-FJ-M02|Antibody abundance|pairwise_persistence_dose_contrast	0.5137493284703204	no
HPVVT-FJ-M03	Heterologous 2vHPV recall	pairwise_recall_dose_contrast	HPV45	cross_reactive_non_booster_target	IgA2	antibody_isotype_or_subclass	Antibody abundance	high	3	1	dose3_minus_dose1	19	20	-0.06913347018498683	0.9263233621139648	-0.9954568322989517	-5.168362285741586	3.177448621143683	0.501577023728156	0.02780788274573018	9.047057376945554	-0.48346086471781125	36.75745253935384	0.6316361324365077	-0.15183566046225502	two_part_floor_sensitivity_required	HPVVT-FJ-M03|Antibody abundance|pairwise_recall_dose_contrast	0.8586067969105603	no
HPVVT-FJ-M02	Six-year 4vHPV persistence	pairwise_persistence_dose_contrast	HPV45	cross_reactive_non_booster_target	IgA2	antibody_isotype_or_subclass	Antibody abundance	high	3	2	dose3_minus_dose2	19	21	5.806347764368564	7.509355090925804	-1.7030073265572403	-4.679736573458708	1.2737219203442276	0.3071451853067196	0.03901745333086071	2.417845266761239	-1.1593389370028684	36.867860388368975	0.2537718016352446	-0.36112829200532764	two_part_floor_sensitivity_required	HPVVT-FJ-M02|Antibody abundance|pairwise_persistence_dose_contrast	0.4943311273803112	no
HPVVT-FJ-M03	Heterologous 2vHPV recall	pairwise_recall_dose_contrast	HPV45	cross_reactive_non_booster_target	IgA2	antibody_isotype_or_subclass	Antibody abundance	high	3	2	dose3_minus_dose2	19	21	-0.06913347018498683	-0.3327411514153591	0.26360768123037226	-3.2262941425165534	3.7535095049772975	1.2004769318213335	0.10685348429368606	13.487111565535713	0.1546943075926971	28.12478188070295	0.878167129886992	0.04926230427022029	two_part_floor_sensitivity_required	HPVVT-FJ-M03|Antibody abundance|pairwise_recall_dose_contrast	0.9220754863813415	no
HPVVT-FJ-M02	Six-year 4vHPV persistence	pairwise_persistence_dose_contrast	HPV45	cross_reactive_non_booster_target	IgG	antibody_isotype_or_subclass	Antibody abundance	none	2	1	dose2_minus_dose1	21	20	9.734332504769696	8.750243556218349	0.9840889485513475	0.0990769766208256	1.8691009204818694	1.9780637854125531	1.071087970773395	3.6530485318917267	2.2491347568952547	38.99791315430141	0.03022547850161272	0.6883840025827399	standard_continuous_model	HPVVT-FJ-M02|Antibody abundance|pairwise_persistence_dose_contrast	0.21762607929248798	no
HPVVT-FJ-M03	Heterologous 2vHPV recall	pairwise_recall_dose_contrast	HPV45	cross_reactive_non_booster_target	IgG	antibody_isotype_or_subclass	Antibody abundance	none	2	1	dose2_minus_dose1	21	20	3.669228503340243	4.49560184411158	-0.8263733407713372	-1.8771369082169214	0.22439022667424702	0.5639451120695201	0.2722234192741685	1.1682833544412914	-1.591068059152864	38.754581061552756	0.11971960118087695	-0.48785310497404466	standard_continuous_model	HPVVT-FJ-M03|Antibody abundance|pairwise_recall_dose_contrast	0.47387185077648764	no
HPVVT-FJ-M02	Six-year 4vHPV persistence	pairwise_persistence_dose_contrast	HPV45	cross_reactive_non_booster_target	IgG	antibody_isotype_or_subclass	Antibody abundance	none	3	1	dose3_minus_dose1	19	20	9.713549899809848	8.750243556218349	0.9633063435914995	-0.04876593843634236	1.9753786256193413	1.9497732350118324	0.9667629311026742	3.932314268227522	1.9333239537466465	34.48344488011962	0.06144013109588998	0.6102283662917795	standard_continuous_model	HPVVT-FJ-M02|Antibody abundance|pairwise_persistence_dose_contrast	0.28672061178081987	no
HPVVT-FJ-M03	Heterologous 2vHPV recall	pairwise_recall_dose_contrast	HPV45	cross_reactive_non_booster_target	IgG	antibody_isotype_or_subclass	Antibody abundance	none	3	1	dose3_minus_dose1	19	20	3.757959687739072	4.49560184411158	-0.7376421563725084	-1.768614134940795	0.2933298221957781	0.5997186916544774	0.29349053142634934	1.2254654600672	-1.449954889172562	36.81186175152835	0.15553834720248697	-0.45354896962828556	standard_continuous_model	HPVVT-FJ-M03|Antibody abundance|pairwise_recall_dose_contrast	0.510250310368232	no
HPVVT-FJ-M02	Six-year 4vHPV persistence	pairwise_persistence_dose_contrast	HPV45	cross_reactive_non_booster_target	IgG	antibody_isotype_or_subclass	Antibody abundance	none	3	2	dose3_minus_dose2	19	21	9.713549899809848	9.734332504769696	-0.020782604959848072	-1.0391666031152986	0.9976013931956025	0.9856978573646854	0.48660849005252277	1.9966775875785903	-0.04141834120396645	35.260867538829324	0.9671960344736519	-0.012971265693713055	standard_continuous_model	HPVVT-FJ-M02|Antibody abundance|pairwise_persistence_dose_contrast	0.9788489987444188	no
HPVVT-FJ-M03	Heterologous 2vHPV recall	pairwise_recall_dose_contrast	HPV45	cross_reactive_non_booster_target	IgG	antibody_isotype_or_subclass	Antibody abundance	none	3	2	dose3_minus_dose2	19	21	3.757959687739072	3.669228503340243	0.08873118439882877	-0.9117967454145388	1.0892591142121963	1.063434505981758	0.5315227156645402	2.1276474460715353	0.17953247244310302	37.997673757193056	0.85847359168347	0.055445099541647176	standard_continuous_model	HPVVT-FJ-M03|Antibody abundance|pairwise_recall_dose_contrast	0.9140624706637522	no
HPVVT-FJ-M02	Six-year 4vHPV persistence	pairwise_persistence_dose_contrast	HPV45	cross_reactive_non_booster_target	IgG1	antibody_isotype_or_subclass	IgG subclass architecture	none	2	1	dose2_minus_dose1	21	20	8.764785060564174	8.091989672172595	0.6727953883915792	-0.3468736707891269	1.6924644475722852	1.5941588439397623	0.7862861400645044	3.232083449293505	1.3373841305814167	36.621084532965405	0.18934493628513452	0.4118818652897608	standard_continuous_model	HPVVT-FJ-M02|IgG subclass architecture|pairwise_persistence_dose_contrast	0.41855196441977105	no
HPVVT-FJ-M03	Heterologous 2vHPV recall	pairwise_recall_dose_contrast	HPV45	cross_reactive_non_booster_target	IgG1	antibody_isotype_or_subclass	IgG subclass architecture	none	2	1	dose2_minus_dose1	21	20	3.8836316572683707	4.309510923357007	-0.4258792660886366	-1.5174529111666222	0.665694378989349	0.7443849198487448	0.3493020679186119	1.5863316017565938	-0.7892143414500297	38.910365137614534	0.43476958548089384	-0.2412188820415391	standard_continuous_model	HPVVT-FJ-M03|IgG subclass architecture|pairwise_recall_dose_contrast	0.6189939861083913	no
HPVVT-FJ-M02	Six-year 4vHPV persistence	pairwise_persistence_dose_contrast	HPV45	cross_reactive_non_booster_target	IgG1	antibody_isotype_or_subclass	IgG subclass architecture	none	3	1	dose3_minus_dose1	19	20	8.822225324650494	8.091989672172595	0.7302356524778997	-0.3175608193143269	1.7780321242701262	1.6589100389355822	0.8024254009921943	3.429580511631916	1.4130093026015864	36.311052421327325	0.16616807737956427	0.4412279232844436	standard_continuous_model	HPVVT-FJ-M02|IgG subclass architecture|pairwise_persistence_dose_contrast	0.4075035960529962	no
HPVVT-FJ-M03	Heterologous 2vHPV recall	pairwise_recall_dose_contrast	HPV45	cross_reactive_non_booster_target	IgG1	antibody_isotype_or_subclass	IgG subclass architecture	none	3	1	dose3_minus_dose1	19	20	3.624392876802324	4.309510923357007	-0.6851180465546833	-1.6872998069410778	0.31706371383171117	0.6219549339526816	0.31050753706540696	1.2457924323640526	-1.3854296733468103	36.787027194086676	0.17426449206315295	-0.4333132083826322	standard_continuous_model	HPVVT-FJ-M03|IgG subclass architecture|pairwise_recall_dose_contrast	0.3942793427182099	no
HPVVT-FJ-M02	Six-year 4vHPV persistence	pairwise_persistence_dose_contrast	HPV45	cross_reactive_non_booster_target	IgG1	antibody_isotype_or_subclass	IgG subclass architecture	none	3	2	dose3_minus_dose2	19	21	8.822225324650494	8.764785060564174	0.057440264086320525	-0.8686653123900198	0.9835458405626608	1.0406177811213564	0.5476532695235323	1.9773192759865457	0.12561907042298986	37.462763822362426	0.9007051953968699	0.039017821555171285	standard_continuous_model	HPVVT-FJ-M02|IgG subclass architecture|pairwise_persistence_dose_contrast	0.9938674909216066	no
HPVVT-FJ-M03	Heterologous 2vHPV recall	pairwise_recall_dose_contrast	HPV45	cross_reactive_non_booster_target	IgG1	antibody_isotype_or_subclass	IgG subclass architecture	none	3	2	dose3_minus_dose2	19	21	3.624392876802324	3.8836316572683707	-0.25923878046604676	-1.3038123830294117	0.7853348220973182	0.8355286591231049	0.4050544091672802	1.7234922628079516	-0.5026567576075718	37.4344270414298	0.6181500932698047	-0.15421334324644462	standard_continuous_model	HPVVT-FJ-M03|IgG subclass architecture|pairwise_recall_dose_contrast	0.7749941467860239	no
HPVVT-FJ-M02	Six-year 4vHPV persistence	pairwise_persistence_dose_contrast	HPV45	cross_reactive_non_booster_target	IgG2	antibody_isotype_or_subclass	IgG subclass architecture	high	2	1	dose2_minus_dose1	21	20	1.8244887535714231	1.8040636147803333	0.02042513879108987	-1.5258618272609925	1.5667121048431722	1.0142583212060263	0.3472720419966175	2.9622884013959485	0.026787056051171317	36.090986834385404	0.9787771488537181	0.008255825178564402	two_part_floor_sensitivity_required	HPVVT-FJ-M02|IgG subclass architecture|pairwise_persistence_dose_contrast	0.9938674909216066	no
HPVVT-FJ-M03	Heterologous 2vHPV recall	pairwise_recall_dose_contrast	HPV45	cross_reactive_non_booster_target	IgG2	antibody_isotype_or_subclass	IgG subclass architecture	high	2	1	dose2_minus_dose1	21	20	2.7012734875132223	1.9789670754065696	0.7223064121066527	-1.1286747233652206	2.573287547578526	1.6498174625780389	0.45733564611708305	5.951641169756102	0.7894813559125375	38.7409009441343	0.43463622655569945	0.2420840427565009	two_part_floor_sensitivity_required	HPVVT-FJ-M03|IgG subclass architecture|pairwise_recall_dose_contrast	0.6189939861083913	no
HPVVT-FJ-M02	Six-year 4vHPV persistence	pairwise_persistence_dose_contrast	HPV45	cross_reactive_non_booster_target	IgG2	antibody_isotype_or_subclass	IgG subclass architecture	high	3	1	dose3_minus_dose1	19	20	4.857275172684536	1.8040636147803333	3.053211557904202	0.9160393058959371	5.190383809912467	8.300576606185473	1.8869279100091183	36.51415172232021	2.9076464951362526	32.676676379019476	0.006496937456811321	0.9200579858056359	two_part_floor_sensitivity_required	HPVVT-FJ-M02|IgG subclass architecture|pairwise_persistence_dose_contrast	0.09095712439535848	no
HPVVT-FJ-M03	Heterologous 2vHPV recall	pairwise_recall_dose_contrast	HPV45	cross_reactive_non_booster_target	IgG2	antibody_isotype_or_subclass	IgG subclass architecture	high	3	1	dose3_minus_dose1	19	20	1.0121173061502902	1.9789670754065696	-0.9668497692562794	-2.9423192374164593	1.0086196989039005	0.5116220083248153	0.13009890843190555	2.011985208464085	-0.9919865844129094	36.65888753627493	0.3277069508137138	-0.311668443821847	two_part_floor_sensitivity_required	HPVVT-FJ-M03|IgG subclass architecture|pairwise_recall_dose_contrast	0.5283625687796437	no
HPVVT-FJ-M02	Six-year 4vHPV persistence	pairwise_persistence_dose_contrast	HPV45	cross_reactive_non_booster_target	IgG2	antibody_isotype_or_subclass	IgG subclass architecture	high	3	2	dose3_minus_dose2	19	21	4.857275172684536	1.8244887535714231	3.0327864191131124	1.0333470140551344	5.032225824171091	8.183888100928263	2.0467671928907873	32.722834663927	3.1074386887354253	27.92477820107361	0.004306799348549996	0.9899963032115201	two_part_floor_sensitivity_required	HPVVT-FJ-M02|IgG subclass architecture|pairwise_persistence_dose_contrast	0.07235422905563994	no
HPVVT-FJ-M03	Heterologous 2vHPV recall	pairwise_recall_dose_contrast	HPV45	cross_reactive_non_booster_target	IgG2	antibody_isotype_or_subclass	IgG subclass architecture	high	3	2	dose3_minus_dose2	19	21	1.0121173061502902	2.7012734875132223	-1.689156181362932	-3.614857002777628	0.2365446400517639	0.31010825132457026	0.0816243267420521	1.178167482391477	-1.7775739439348712	36.83420461323294	0.08373159366040053	-0.553781855153731	two_part_floor_sensitivity_required	HPVVT-FJ-M03|IgG subclass architecture|pairwise_recall_dose_contrast	0.23041027122962837	no
HPVVT-FJ-M02	Six-year 4vHPV persistence	pairwise_persistence_dose_contrast	HPV45	cross_reactive_non_booster_target	IgG3	antibody_isotype_or_subclass	IgG subclass architecture	low	2	1	dose2_minus_dose1	21	20	6.178105520216316	5.655063669809687	0.5230418504066288	-0.884936528307664	1.9310202291209215	1.4369818606153524	0.5415113461521918	3.8132476492140115	0.7519457084765313	38.13113526649307	0.45670034415577554	0.23097499008632333	continuous_model_plus_floor_summary	HPVVT-FJ-M02|IgG subclass architecture|pairwise_persistence_dose_contrast	0.7047703344957663	no
HPVVT-FJ-M03	Heterologous 2vHPV recall	pairwise_recall_dose_contrast	HPV45	cross_reactive_non_booster_target	IgG3	antibody_isotype_or_subclass	IgG subclass architecture	low	2	1	dose2_minus_dose1	21	20	2.4476105729759827	3.216928631153975	-0.7693180581779924	-2.603430309048318	1.064794192692333	0.5866947314989565	0.16454677898035497	2.0918714428905805	-0.848417853128069	38.99927305704691	0.401382863934601	-0.25959659138028707	continuous_model_plus_floor_summary	HPVVT-FJ-M03|IgG subclass architecture|pairwise_recall_dose_contrast	0.5915115889562541	no
HPVVT-FJ-M02	Six-year 4vHPV persistence	pairwise_persistence_dose_contrast	HPV45	cross_reactive_non_booster_target	IgG3	antibody_isotype_or_subclass	IgG subclass architecture	low	3	1	dose3_minus_dose1	19	20	6.430681392553336	5.655063669809687	0.7756177227436494	-0.7265854297531165	2.2778208752404154	1.7119228932436783	0.6043325566603975	4.849449132125264	1.0462108582859557	36.950918358959306	0.30225952331752676	0.3281853275178345	continuous_model_plus_floor_summary	HPVVT-FJ-M02|IgG subclass architecture|pairwise_persistence_dose_contrast	0.5181591828300459	no
HPVVT-FJ-M03	Heterologous 2vHPV recall	pairwise_recall_dose_contrast	HPV45	cross_reactive_non_booster_target	IgG3	antibody_isotype_or_subclass	IgG subclass architecture	low	3	1	dose3_minus_dose1	19	20	1.242646757018369	3.216928631153975	-1.974281874135606	-3.7462959302502576	-0.2022678180209545	0.2544965714764263	0.07451651788490807	0.8691831922861953	-2.2574927258149837	36.99074380391851	0.029969266710970607	-0.7071795938058261	continuous_model_plus_floor_summary	HPVVT-FJ-M03|IgG subclass architecture|pairwise_recall_dose_contrast	0.16507399748432103	no
HPVVT-FJ-M02	Six-year 4vHPV persistence	pairwise_persistence_dose_contrast	HPV45	cross_reactive_non_booster_target	IgG3	antibody_isotype_or_subclass	IgG subclass architecture	low	3	2	dose3_minus_dose2	19	21	6.430681392553336	6.178105520216316	0.2525758723370206	-1.164698249122719	1.6698499937967601	1.1913322917733904	0.4460575463554995	3.1818150842154003	0.3611887429354697	36.71078104809083	0.720028767893513	0.11257937766824704	continuous_model_plus_floor_summary	HPVVT-FJ-M02|IgG subclass architecture|pairwise_persistence_dose_contrast	0.9373745330928388	no
HPVVT-FJ-M03	Heterologous 2vHPV recall	pairwise_recall_dose_contrast	HPV45	cross_reactive_non_booster_target	IgG3	antibody_isotype_or_subclass	IgG subclass architecture	low	3	2	dose3_minus_dose2	19	21	1.242646757018369	2.4476105729759827	-1.2049638159576137	-3.0036965707309653	0.5937689388157381	0.43378022302366454	0.12468012652822773	1.5091842391085424	-1.3561514761413969	37.984653991441164	0.18305826626202604	-0.4182271586550627	continuous_model_plus_floor_summary	HPVVT-FJ-M03|IgG subclass architecture|pairwise_recall_dose_contrast	0.3942793427182099	no
HPVVT-FJ-M02	Six-year 4vHPV persistence	pairwise_persistence_dose_contrast	HPV45	cross_reactive_non_booster_target	IgG4	antibody_isotype_or_subclass	IgG subclass architecture	none	2	1	dose2_minus_dose1	21	20	2.0317351227370235	2.2843963204451114	-0.2526611977080879	-1.8273383899850835	1.3220159945689076	0.839346726025566	0.2817840017016953	2.50015232318137	-0.3252130895735437	36.649276650279994	0.7468691582994145	-0.10015365939458305	standard_continuous_model	HPVVT-FJ-M02|IgG subclass architecture|pairwise_persistence_dose_contrast	0.9373745330928388	no
HPVVT-FJ-M03	Heterologous 2vHPV recall	pairwise_recall_dose_contrast	HPV45	cross_reactive_non_booster_target	IgG4	antibody_isotype_or_subclass	IgG subclass architecture	none	2	1	dose2_minus_dose1	21	20	1.6210638922484726	0.28998435991948507	1.3310795323289875	-0.07725703133876571	2.7394160959967406	2.5159086358781866	0.947858079170081	6.6780000120151275	1.914314713170937	37.42103324438846	0.06324989335516452	0.5828193997283233	standard_continuous_model	HPVVT-FJ-M03|IgG subclass architecture|pairwise_recall_dose_contrast	0.22537742414024917	no
HPVVT-FJ-M02	Six-year 4vHPV persistence	pairwise_persistence_dose_contrast	HPV45	cross_reactive_non_booster_target	IgG4	antibody_isotype_or_subclass	IgG subclass architecture	none	3	1	dose3_minus_dose1	19	20	1.9244638805692194	2.2843963204451114	-0.3599324398758921	-1.9663337783179184	1.2464688985661343	0.7792010680983072	0.25590251329210767	2.3726000058174033	-0.45435360407268305	36.1463136344432	0.6522911185714169	-0.14181805559349964	standard_continuous_model	HPVVT-FJ-M02|IgG subclass architecture|pairwise_persistence_dose_contrast	0.8942087712454122	no
HPVVT-FJ-M03	Heterologous 2vHPV recall	pairwise_recall_dose_contrast	HPV45	cross_reactive_non_booster_target	IgG4	antibody_isotype_or_subclass	IgG subclass architecture	none	3	1	dose3_minus_dose1	19	20	1.1130898485610936	0.28998435991948507	0.8231054886416085	-0.6179585214464745	2.264169498729691	1.7692102290898393	0.6515923081749665	4.803778060982912	1.1605666605496336	34.16681080434047	0.2538632991559309	0.3664916921716252	standard_continuous_model	HPVVT-FJ-M03|IgG subclass architecture|pairwise_recall_dose_contrast	0.4738781584244044	no
HPVVT-FJ-M02	Six-year 4vHPV persistence	pairwise_persistence_dose_contrast	HPV45	cross_reactive_non_booster_target	IgG4	antibody_isotype_or_subclass	IgG subclass architecture	none	3	2	dose3_minus_dose2	19	21	1.9244638805692194	2.0317351227370235	-0.10727124216780415	-1.5251461502527193	1.310603665917111	0.928342297572235	0.34744435580129795	2.4804530770808295	-0.1532102815539824	37.61123544692216	0.8790515051003158	-0.047543544097045524	standard_continuous_model	HPVVT-FJ-M02|IgG subclass architecture|pairwise_persistence_dose_contrast	0.9938674909216066	no
HPVVT-FJ-M03	Heterologous 2vHPV recall	pairwise_recall_dose_contrast	HPV45	cross_reactive_non_booster_target	IgG4	antibody_isotype_or_subclass	IgG subclass architecture	none	3	2	dose3_minus_dose2	19	21	1.1130898485610936	1.6210638922484726	-0.507974043687379	-2.095504289122613	1.0795562017478553	0.7032092516635805	0.23398625846516904	2.113385866627139	-0.6479126332590907	37.73056116976012	0.5209649250049634	-0.20088039305329056	standard_continuous_model	HPVVT-FJ-M03|IgG subclass architecture|pairwise_recall_dose_contrast	0.7058234467809181	no
HPVVT-FJ-M02	Six-year 4vHPV persistence	pairwise_persistence_dose_contrast	HPV45	cross_reactive_non_booster_target	IgM	antibody_isotype_or_subclass	Antibody abundance	none	2	1	dose2_minus_dose1	21	20	9.573876521047584	10.077242112412085	-0.503365591364501	-1.1079771329001415	0.10124595017113969	0.705459129624573	0.4639440918145321	1.0726994746806937	-1.688265463363425	36.130433875167874	0.09997509490861999	-0.5202993793615978	standard_continuous_model	HPVVT-FJ-M02|Antibody abundance|pairwise_persistence_dose_contrast	0.2939005690691394	no
HPVVT-FJ-M03	Heterologous 2vHPV recall	pairwise_recall_dose_contrast	HPV45	cross_reactive_non_booster_target	IgM	antibody_isotype_or_subclass	Antibody abundance	none	2	1	dose2_minus_dose1	21	20	0.7148673178675794	0.41554917338179953	0.29931814448577987	-0.4902719070832151	1.0889081960547748	1.230562679687781	0.711890913914427	2.1271299844436524	0.767011141454591	38.60864638218063	0.4477400180216137	0.23412566789170428	standard_continuous_model	HPVVT-FJ-M03|Antibody abundance|pairwise_recall_dose_contrast	0.7438150030199214	no
HPVVT-FJ-M02	Six-year 4vHPV persistence	pairwise_persistence_dose_contrast	HPV45	cross_reactive_non_booster_target	IgM	antibody_isotype_or_subclass	Antibody abundance	none	3	1	dose3_minus_dose1	19	20	9.45561333300715	10.077242112412085	-0.6216287794049347	-1.3436884071298065	0.1004308483199372	0.6499367452684682	0.39401203244377786	1.0720935861532228	-1.745635809595851	36.22218086373588	0.08935262418766465	-0.5491811636825037	standard_continuous_model	HPVVT-FJ-M02|Antibody abundance|pairwise_persistence_dose_contrast	0.2939005690691394	no
HPVVT-FJ-M03	Heterologous 2vHPV recall	pairwise_recall_dose_contrast	HPV45	cross_reactive_non_booster_target	IgM	antibody_isotype_or_subclass	Antibody abundance	none	3	1	dose3_minus_dose1	19	20	0.6257083959784469	0.41554917338179953	0.21015922259664732	-0.7145003533217845	1.134818798515079	1.1568158484873985	0.6094161535899146	2.195909805522041	0.4627970519801011	32.289748433958685	0.6466137480177797	0.14651291695697463	standard_continuous_model	HPVVT-FJ-M03|Antibody abundance|pairwise_recall_dose_contrast	0.8586067969105603	no
HPVVT-FJ-M02	Six-year 4vHPV persistence	pairwise_persistence_dose_contrast	HPV45	cross_reactive_non_booster_target	IgM	antibody_isotype_or_subclass	Antibody abundance	none	3	2	dose3_minus_dose2	19	21	9.45561333300715	9.573876521047584	-0.11826318804043368	-0.7750129803221001	0.5384866042412327	0.9212961006179728	0.5843833663998959	1.452448091126971	-0.36663889446919906	32.35706712987788	0.716275126934188	-0.1156664027177059	standard_continuous_model	HPVVT-FJ-M02|Antibody abundance|pairwise_persistence_dose_contrast	0.8823234909486872	no
HPVVT-FJ-M03	Heterologous 2vHPV recall	pairwise_recall_dose_contrast	HPV45	cross_reactive_non_booster_target	IgM	antibody_isotype_or_subclass	Antibody abundance	none	3	2	dose3_minus_dose2	19	21	0.6257083959784469	0.7148673178675794	-0.08915892188913255	-1.053065156415173	0.8747473126369077	0.9400706421398268	0.4819431373878932	1.8336868888785767	-0.18777798101287066	35.01010545605382	0.8521348181446111	-0.058849357336061885	standard_continuous_model	HPVVT-FJ-M03|Antibody abundance|pairwise_recall_dose_contrast	0.9140624706637522	no
HPVVT-FJ-M02	Six-year 4vHPV persistence	pairwise_persistence_dose_contrast	HPV52	cross_reactive_non_booster_target	FcgR2A	fc_gamma_receptor_binding	Fc-receptor engagement	high	2	1	dose2_minus_dose1	21	20	6.628941608186267	3.220551774564637	3.40838983362163	1.1865665569503756	5.6302131102928845	10.61762974896509	2.2761041230834835	49.529395576765346	3.1044196247452165	38.415971250536536	0.0035712087389900534	0.9529214123452531	two_part_floor_sensitivity_required	HPVVT-FJ-M02|Fc-receptor engagement|pairwise_persistence_dose_contrast	0.10288106786157411	no
HPVVT-FJ-M03	Heterologous 2vHPV recall	pairwise_recall_dose_contrast	HPV52	cross_reactive_non_booster_target	FcgR2A	fc_gamma_receptor_binding	Fc-receptor engagement	high	2	1	dose2_minus_dose1	21	20	2.7068322681099812	4.956728302507235	-2.249896034397254	-5.142269359446088	0.6424772906515801	0.21023925383652875	0.028315398429865173	1.561007307144957	-1.5760654214870558	37.03677925480885	0.12351516433046168	-0.48508783014541645	two_part_floor_sensitivity_required	HPVVT-FJ-M03|Fc-receptor engagement|pairwise_recall_dose_contrast	0.5483150738778576	no
HPVVT-FJ-M02	Six-year 4vHPV persistence	pairwise_persistence_dose_contrast	HPV52	cross_reactive_non_booster_target	FcgR2A	fc_gamma_receptor_binding	Fc-receptor engagement	high	3	1	dose3_minus_dose1	19	20	5.58565986177224	3.220551774564637	2.365108087207603	0.13772783147423562	4.592488342940971	5.151912486632331	1.100171039389454	24.12552350464331	2.1518179770114494	36.828654603895096	0.03803786637063425	0.6731510311408352	two_part_floor_sensitivity_required	HPVVT-FJ-M02|Fc-receptor engagement|pairwise_persistence_dose_contrast	0.30402875512753147	no
HPVVT-FJ-M03	Heterologous 2vHPV recall	pairwise_recall_dose_contrast	HPV52	cross_reactive_non_booster_target	FcgR2A	fc_gamma_receptor_binding	Fc-receptor engagement	high	3	1	dose3_minus_dose1	19	20	3.730942200292192	4.956728302507235	-1.2257861022150434	-4.1086187130681955	1.6570465086381088	0.427564476087702	0.057967227168261075	3.1537023615344877	-0.8625759805397111	35.72989029153523	0.39412353743888995	-0.2689928580057106	two_part_floor_sensitivity_required	HPVVT-FJ-M03|Fc-receptor engagement|pairwise_recall_dose_contrast	0.7688215008282212	no
HPVVT-FJ-M02	Six-year 4vHPV persistence	pairwise_persistence_dose_contrast	HPV52	cross_reactive_non_booster_target	FcgR2A	fc_gamma_receptor_binding	Fc-receptor engagement	high	3	2	dose3_minus_dose2	19	21	5.58565986177224	6.628941608186267	-1.043281746414027	-3.1574065944552014	1.0708431016271476	0.4852224656952737	0.1120794281833517	2.100660621057429	-0.9991010490041244	37.88482627823428	0.32408473909240987	-0.30929827213533534	two_part_floor_sensitivity_required	HPVVT-FJ-M02|Fc-receptor engagement|pairwise_persistence_dose_contrast	0.57461165608687	no
HPVVT-FJ-M03	Heterologous 2vHPV recall	pairwise_recall_dose_contrast	HPV52	cross_reactive_non_booster_target	FcgR2A	fc_gamma_receptor_binding	Fc-receptor engagement	high	3	2	dose3_minus_dose2	19	21	3.730942200292192	2.7068322681099812	1.0241099321822107	-1.5388546275997323	3.5870744919641537	2.0337043072848524	0.3441585776069837	12.017579913966483	0.8089529509574762	37.935606200565765	0.4235869099544294	0.25025463410042553	two_part_floor_sensitivity_required	HPVVT-FJ-M03|Fc-receptor engagement|pairwise_recall_dose_contrast	0.7848816272685015	no
HPVVT-FJ-M02	Six-year 4vHPV persistence	pairwise_persistence_dose_contrast	HPV52	cross_reactive_non_booster_target	FcgR2B	fc_gamma_receptor_binding	Fc-receptor engagement	high	2	1	dose2_minus_dose1	21	20	4.653178686380305	3.761809769168535	0.89136891721177	-1.4012137835151472	3.1839516179386873	1.8549353650325247	0.37861047100990386	9.087929341389872	0.786810586846216	38.42401174022824	0.4362189762282057	0.24151128657344514	two_part_floor_sensitivity_required	HPVVT-FJ-M02|Fc-receptor engagement|pairwise_persistence_dose_contrast	0.6402395123007198	no
HPVVT-FJ-M03	Heterologous 2vHPV recall	pairwise_recall_dose_contrast	HPV52	cross_reactive_non_booster_target	FcgR2B	fc_gamma_receptor_binding	Fc-receptor engagement	high	2	1	dose2_minus_dose1	21	20	3.8170290982875965	5.072012448298682	-1.2549833500110852	-3.8610653173602407	1.3510986173380704	0.41899840292175267	0.06881823409641642	2.551063158711905	-0.9826076110873457	30.64550958575276	0.33349500608860594	-0.3046849340311348	two_part_floor_sensitivity_required	HPVVT-FJ-M03|Fc-receptor engagement|pairwise_recall_dose_contrast	0.7314411403017897	no
HPVVT-FJ-M02	Six-year 4vHPV persistence	pairwise_persistence_dose_contrast	HPV52	cross_reactive_non_booster_target	FcgR2B	fc_gamma_receptor_binding	Fc-receptor engagement	high	3	1	dose3_minus_dose1	19	20	3.959201357174104	3.761809769168535	0.19739158800556877	-2.1123674407014255	2.507150616712563	1.1466233693222558	0.23126719795290093	5.684961649181561	0.1731766576037683	36.88253582197881	0.8634594945602136	0.05419138284488766	two_part_floor_sensitivity_required	HPVVT-FJ-M02|Fc-receptor engagement|pairwise_persistence_dose_contrast	0.9182848662312926	no
HPVVT-FJ-M03	Heterologous 2vHPV recall	pairwise_recall_dose_contrast	HPV52	cross_reactive_non_booster_target	FcgR2B	fc_gamma_receptor_binding	Fc-receptor engagement	high	3	1	dose3_minus_dose1	19	20	3.9525569713179705	5.072012448298682	-1.1194554769807112	-3.639250795230489	1.4003398412690666	0.46026751341520605	0.08025578534335065	2.639637541382165	-0.9108268485382657	27.46953601273754	0.37031044093813503	-0.28112641724845067	two_part_floor_sensitivity_required	HPVVT-FJ-M03|Fc-receptor engagement|pairwise_recall_dose_contrast	0.7688215008282212	no
HPVVT-FJ-M02	Six-year 4vHPV persistence	pairwise_persistence_dose_contrast	HPV52	cross_reactive_non_booster_target	FcgR2B	fc_gamma_receptor_binding	Fc-receptor engagement	high	3	2	dose3_minus_dose2	19	21	3.959201357174104	4.653178686380305	-0.6939773292062013	-2.8887120317677644	1.5007573733553619	0.6181473440731725	0.13502401867343017	2.829912357362738	-0.640207461574447	37.83446966811897	0.525896162438328	-0.1983048529012505	two_part_floor_sensitivity_required	HPVVT-FJ-M02|Fc-receptor engagement|pairwise_persistence_dose_contrast	0.7362546274136592	no
HPVVT-FJ-M03	Heterologous 2vHPV recall	pairwise_recall_dose_contrast	HPV52	cross_reactive_non_booster_target	FcgR2B	fc_gamma_receptor_binding	Fc-receptor engagement	high	3	2	dose3_minus_dose2	19	21	3.9525569713179705	3.8170290982875965	0.13552787303037395	-1.5601717020621066	1.8312274481228545	1.0984946725469031	0.3391107202655184	3.5583969290888473	0.16187473033247357	37.46354026983786	0.872274400286589	0.04967071432837994	two_part_floor_sensitivity_required	HPVVT-FJ-M03|Fc-receptor engagement|pairwise_recall_dose_contrast	0.9650646704198159	no
HPVVT-FJ-M02	Six-year 4vHPV persistence	pairwise_persistence_dose_contrast	HPV52	cross_reactive_non_booster_target	FcgR3A	fc_gamma_receptor_binding	Fc-receptor engagement	moderate	2	1	dose2_minus_dose1	21	20	4.228311106132798	3.193372835503602	1.0349382706291963	-0.9855847601829768	3.0554613014413694	2.0490259714105843	0.5050209841874282	8.31353065114795	1.0360528875780919	38.99506073644773	0.3065598490077203	0.3171319072463261	above_floor_binary_sensitivity_required	HPVVT-FJ-M02|Fc-receptor engagement|pairwise_persistence_dose_contrast	0.57461165608687	no
HPVVT-FJ-M03	Heterologous 2vHPV recall	pairwise_recall_dose_contrast	HPV52	cross_reactive_non_booster_target	FcgR3A	fc_gamma_receptor_binding	Fc-receptor engagement	moderate	2	1	dose2_minus_dose1	21	20	4.787867908517309	5.692508219630346	-0.9046403111130372	-3.067696814270756	1.2584161920446815	0.5341658642349172	0.11927000605498725	2.3923296388723947	-0.8460273035621694	38.86905176628831	0.40271602424335395	-0.2592689157809699	above_floor_binary_sensitivity_required	HPVVT-FJ-M03|Fc-receptor engagement|pairwise_recall_dose_contrast	0.7688215008282212	no
HPVVT-FJ-M02	Six-year 4vHPV persistence	pairwise_persistence_dose_contrast	HPV52	cross_reactive_non_booster_target	FcgR3A	fc_gamma_receptor_binding	Fc-receptor engagement	moderate	3	1	dose3_minus_dose1	19	20	4.410510983174983	3.193372835503602	1.2171381476713807	-0.7583566846102532	3.1926329799530144	2.3248508243485735	0.5911693243452637	9.142780474038213	1.2483763081589596	36.997864773341526	0.2197356840443923	0.39114935525109623	above_floor_binary_sensitivity_required	HPVVT-FJ-M02|Fc-receptor engagement|pairwise_persistence_dose_contrast	0.512716596103582	no
HPVVT-FJ-M03	Heterologous 2vHPV recall	pairwise_recall_dose_contrast	HPV52	cross_reactive_non_booster_target	FcgR3A	fc_gamma_receptor_binding	Fc-receptor engagement	moderate	3	1	dose3_minus_dose1	19	20	4.106362138532975	5.692508219630346	-1.5861460810973709	-3.5069294207224555	0.33463725852771375	0.3330599803438529	0.0879648267526312	1.2610602965045863	-1.678096004179025	34.05099853986716	0.10248496553142442	-0.521877879962743	above_floor_binary_sensitivity_required	HPVVT-FJ-M03|Fc-receptor engagement|pairwise_recall_dose_contrast	0.5483150738778576	no
HPVVT-FJ-M02	Six-year 4vHPV persistence	pairwise_persistence_dose_contrast	HPV52	cross_reactive_non_booster_target	FcgR3A	fc_gamma_receptor_binding	Fc-receptor engagement	moderate	3	2	dose3_minus_dose2	19	21	4.410510983174983	4.228311106132798	0.18219987704218443	-1.8063902486377577	2.1707900027221267	1.1346126680610624	0.28590539550414373	4.502698888402002	0.1854804186810319	37.99949383061785	0.8538387611520296	0.05726984423316112	above_floor_binary_sensitivity_required	HPVVT-FJ-M02|Fc-receptor engagement|pairwise_persistence_dose_contrast	0.9182848662312926	no
HPVVT-FJ-M03	Heterologous 2vHPV recall	pairwise_recall_dose_contrast	HPV52	cross_reactive_non_booster_target	FcgR3A	fc_gamma_receptor_binding	Fc-receptor engagement	moderate	3	2	dose3_minus_dose2	19	21	4.106362138532975	4.787867908517309	-0.6815057699843337	-2.5584433198574876	1.19543177988882	0.6235141603832975	0.16975861312330423	2.290133625892109	-0.7364342799238783	35.937559549621795	0.466246801754447	-0.22462376897085223	above_floor_binary_sensitivity_required	HPVVT-FJ-M03|Fc-receptor engagement|pairwise_recall_dose_contrast	0.7953935586224332	no
HPVVT-FJ-M02	Six-year 4vHPV persistence	pairwise_persistence_dose_contrast	HPV52	cross_reactive_non_booster_target	IgA1	antibody_isotype_or_subclass	Antibody abundance	moderate	2	1	dose2_minus_dose1	21	20	6.500655317480638	6.743578986380077	-0.24292366889943828	-2.7373911655777046	2.251543827778828	0.8450310927154852	0.14995575898190766	4.761921466064409	-0.19723495577055336	37.482814533930004	0.844709341208937	-0.06066130612714891	above_floor_binary_sensitivity_required	HPVVT-FJ-M02|Antibody abundance|pairwise_persistence_dose_contrast	0.9194289800981909	no
HPVVT-FJ-M03	Heterologous 2vHPV recall	pairwise_recall_dose_contrast	HPV52	cross_reactive_non_booster_target	IgA1	antibody_isotype_or_subclass	Antibody abundance	moderate	2	1	dose2_minus_dose1	21	20	1.2960559603639987	2.050698106177875	-0.7546421458138763	-2.7554239557357887	1.2461396641080362	0.5926933822366489	0.148093070791592	2.3720586214426898	-0.766381275769607	34.154590532072575	0.4487142773028906	-0.23675688176561135	above_floor_binary_sensitivity_required	HPVVT-FJ-M03|Antibody abundance|pairwise_recall_dose_contrast	0.7438150030199214	no
HPVVT-FJ-M02	Six-year 4vHPV persistence	pairwise_persistence_dose_contrast	HPV52	cross_reactive_non_booster_target	IgA1	antibody_isotype_or_subclass	Antibody abundance	moderate	3	1	dose3_minus_dose1	19	20	6.282530896162737	6.743578986380077	-0.4610480902173393	-3.1394613590647875	2.217365178630109	0.7264583089124453	0.11348225595135573	4.650433410613081	-0.3487787109162338	36.998402256982125	0.7292325260059109	-0.10932228546302933	above_floor_binary_sensitivity_required	HPVVT-FJ-M02|Antibody abundance|pairwise_persistence_dose_contrast	0.8823234909486872	no
HPVVT-FJ-M03	Heterologous 2vHPV recall	pairwise_recall_dose_contrast	HPV52	cross_reactive_non_booster_target	IgA1	antibody_isotype_or_subclass	Antibody abundance	moderate	3	1	dose3_minus_dose1	19	20	0.2504407937538809	2.050698106177875	-1.8002573124239942	-3.6152472454853815	0.014732620637393001	0.2871233741833397	0.08160225070402391	1.0102641935875045	-2.0391409657638895	25.92251426304366	0.051753115428595994	-0.6283454511555959	above_floor_binary_sensitivity_required	HPVVT-FJ-M03|Antibody abundance|pairwise_recall_dose_contrast	0.30336414934863154	no
HPVVT-FJ-M02	Six-year 4vHPV persistence	pairwise_persistence_dose_contrast	HPV52	cross_reactive_non_booster_target	IgA1	antibody_isotype_or_subclass	Antibody abundance	moderate	3	2	dose3_minus_dose2	19	21	6.282530896162737	6.500655317480638	-0.218124421317901	-2.685429932858631	2.249181090222829	0.8596823420757107	0.15545512308297912	4.754129131416826	-0.1792242893655421	36.41684001950657	0.8587550583141076	-0.05592384237083767	above_floor_binary_sensitivity_required	HPVVT-FJ-M02|Antibody abundance|pairwise_persistence_dose_contrast	0.9194289800981909	no
HPVVT-FJ-M03	Heterologous 2vHPV recall	pairwise_recall_dose_contrast	HPV52	cross_reactive_non_booster_target	IgA1	antibody_isotype_or_subclass	Antibody abundance	moderate	3	2	dose3_minus_dose2	19	21	0.2504407937538809	1.2960559603639987	-1.0456151666101179	-2.3936543805663186	0.3024240473460831	0.48443829944552663	0.1902997563315728	1.2332147475836663	-1.5777496536604336	33.18550060236218	0.12410929425098485	-0.4778976402545296	above_floor_binary_sensitivity_required	HPVVT-FJ-M03|Antibody abundance|pairwise_recall_dose_contrast	0.47387185077648764	no
HPVVT-FJ-M02	Six-year 4vHPV persistence	pairwise_persistence_dose_contrast	HPV52	cross_reactive_non_booster_target	IgA2	antibody_isotype_or_subclass	Antibody abundance	high	2	1	dose2_minus_dose1	21	20	2.9738731622473	3.8849223253083296	-0.9110491630610298	-3.2858117131116873	1.4637133869896277	0.5317982139239645	0.10253499492248683	2.7581738366156214	-0.7765868065103723	38.0712501334718	0.4422009901305529	-0.2385754209099223	two_part_floor_sensitivity_required	HPVVT-FJ-M02|Antibody abundance|pairwise_persistence_dose_contrast	0.6633014851958293	no
HPVVT-FJ-M03	Heterologous 2vHPV recall	pairwise_recall_dose_contrast	HPV52	cross_reactive_non_booster_target	IgA2	antibody_isotype_or_subclass	Antibody abundance	high	2	1	dose2_minus_dose1	21	20	0.4172285805384668	1.124350732154068	-0.7071221516156012	-2.5543939975662022	1.1401496943349996	0.6125408005102575	0.17023575688499104	2.2040389114211254	-0.7745679124140513	38.53840090116245	0.4433214654106905	-0.2363808927452712	two_part_floor_sensitivity_required	HPVVT-FJ-M03|Antibody abundance|pairwise_recall_dose_contrast	0.7438150030199214	no
HPVVT-FJ-M02	Six-year 4vHPV persistence	pairwise_persistence_dose_contrast	HPV52	cross_reactive_non_booster_target	IgA2	antibody_isotype_or_subclass	Antibody abundance	high	3	1	dose3_minus_dose1	19	20	5.021975682164123	3.8849223253083296	1.1370533568557932	-1.5019960454699608	3.7761027591815473	2.199313636879565	0.3530645688700358	13.699988330307164	0.8733509564205504	36.56413984360244	0.38817165722174174	0.27448695835752823	two_part_floor_sensitivity_required	HPVVT-FJ-M02|Antibody abundance|pairwise_persistence_dose_contrast	0.6521283841325262	no
HPVVT-FJ-M03	Heterologous 2vHPV recall	pairwise_recall_dose_contrast	HPV52	cross_reactive_non_booster_target	IgA2	antibody_isotype_or_subclass	Antibody abundance	high	3	1	dose3_minus_dose1	19	20	-1.2764390407390132	1.124350732154068	-2.400789772893081	-4.583986903884587	-0.21759264190157523	0.18936088082493782	0.04169485253721544	0.8599992806016294	-2.2402032953335005	31.90739939792339	0.03217173543881394	-0.7095408874063746	two_part_floor_sensitivity_required	HPVVT-FJ-M03|Antibody abundance|pairwise_recall_dose_contrast	0.30336414934863154	no
HPVVT-FJ-M02	Six-year 4vHPV persistence	pairwise_persistence_dose_contrast	HPV52	cross_reactive_non_booster_target	IgA2	antibody_isotype_or_subclass	Antibody abundance	high	3	2	dose3_minus_dose2	19	21	5.021975682164123	2.9738731622473	2.048102519916823	-0.44969439423404367	4.54589943406769	4.135616817235153	0.7321979328698346	23.358883836180855	1.6637184251699295	35.535445340934906	0.10496448895326409	0.5206198391642421	two_part_floor_sensitivity_required	HPVVT-FJ-M02|Antibody abundance|pairwise_persistence_dose_contrast	0.2939005690691394	no
HPVVT-FJ-M03	Heterologous 2vHPV recall	pairwise_recall_dose_contrast	HPV52	cross_reactive_non_booster_target	IgA2	antibody_isotype_or_subclass	Antibody abundance	high	3	2	dose3_minus_dose2	19	21	-1.2764390407390132	0.4172285805384668	-1.69366762127748	-3.9738687293575525	0.5865334868025929	0.3091400289861456	0.06364236553277346	1.5016342765000024	-1.5082052828307948	34.806537968963745	0.14052620360852242	-0.47293380503092103	two_part_floor_sensitivity_required	HPVVT-FJ-M03|Antibody abundance|pairwise_recall_dose_contrast	0.510250310368232	no
HPVVT-FJ-M02	Six-year 4vHPV persistence	pairwise_persistence_dose_contrast	HPV52	cross_reactive_non_booster_target	IgG	antibody_isotype_or_subclass	Antibody abundance	none	2	1	dose2_minus_dose1	21	20	10.369009959156065	9.185577598463617	1.1834323606924482	0.0390464526886638	2.3278182686962325	2.27116474675432	1.0274345207483446	5.020455515882981	2.09455001193918	37.410683784949775	0.04303982509531344	0.6442768751118296	standard_continuous_model	HPVVT-FJ-M02|Antibody abundance|pairwise_persistence_dose_contrast	0.24102302053375527	no
HPVVT-FJ-M03	Heterologous 2vHPV recall	pairwise_recall_dose_contrast	HPV52	cross_reactive_non_booster_target	IgG	antibody_isotype_or_subclass	Antibody abundance	none	2	1	dose2_minus_dose1	21	20	3.181324734446331	4.433932293106385	-1.252607558660054	-2.4306687553957285	-0.07454636192437958	0.4196889666556312	0.18547944815723352	0.9496406770800622	-2.157871285840431	35.32030803546301	0.0378177923321373	-0.6657157123325563	standard_continuous_model	HPVVT-FJ-M03|Antibody abundance|pairwise_recall_dose_contrast	0.30336414934863154	no
HPVVT-FJ-M02	Six-year 4vHPV persistence	pairwise_persistence_dose_contrast	HPV52	cross_reactive_non_booster_target	IgG	antibody_isotype_or_subclass	Antibody abundance	none	3	1	dose3_minus_dose1	19	20	9.779995984785657	9.185577598463617	0.5944183863220402	-0.626537634254426	1.8153744068985065	1.5098637705107347	0.6477290552398806	3.519509565086023	0.9864489217112774	36.99572690859976	0.3303207540309403	0.30905500419347065	standard_continuous_model	HPVVT-FJ-M02|Antibody abundance|pairwise_persistence_dose_contrast	0.5662641497673262	no
HPVVT-FJ-M03	Heterologous 2vHPV recall	pairwise_recall_dose_contrast	HPV52	cross_reactive_non_booster_target	IgG	antibody_isotype_or_subclass	Antibody abundance	none	3	1	dose3_minus_dose1	19	20	3.6222835143800807	4.433932293106385	-0.8116487787263043	-1.9546683102800617	0.3313707528274532	0.5697303714691021	0.2579801001593742	1.2582082725520114	-1.4450484089588151	32.78748468849647	0.15793461987588134	-0.44865751389583514	standard_continuous_model	HPVVT-FJ-M03|Antibody abundance|pairwise_recall_dose_contrast	0.510250310368232	no
HPVVT-FJ-M02	Six-year 4vHPV persistence	pairwise_persistence_dose_contrast	HPV52	cross_reactive_non_booster_target	IgG	antibody_isotype_or_subclass	Antibody abundance	none	3	2	dose3_minus_dose2	19	21	9.779995984785657	10.369009959156065	-0.5890139743704079	-1.7093894093285358	0.5313614605877199	0.6647971146384046	0.30578946106963534	1.4452924639247287	-1.0656343396051566	36.58704235307032	0.2935710448401831	-0.33230599256939974	standard_continuous_model	HPVVT-FJ-M02|Antibody abundance|pairwise_persistence_dose_contrast	0.5137493284703204	no
HPVVT-FJ-M03	Heterologous 2vHPV recall	pairwise_recall_dose_contrast	HPV52	cross_reactive_non_booster_target	IgG	antibody_isotype_or_subclass	Antibody abundance	none	3	2	dose3_minus_dose2	19	21	3.6222835143800807	3.181324734446331	0.44095877993374977	-0.49864402722317314	1.3805615870906727	1.3575061932390156	0.7077716952886303	2.6036970352859026	0.950124435768106	37.915668990542315	0.34806641325532517	0.2926099550943096	standard_continuous_model	HPVVT-FJ-M03|Antibody abundance|pairwise_recall_dose_contrast	0.6961328265106503	no
HPVVT-FJ-M02	Six-year 4vHPV persistence	pairwise_persistence_dose_contrast	HPV52	cross_reactive_non_booster_target	IgG1	antibody_isotype_or_subclass	IgG subclass architecture	none	2	1	dose2_minus_dose1	21	20	9.199002182062879	8.093269387684071	1.1057327943788078	-0.1553834468385462	2.3668490355961618	2.1520816195410437	0.8978936944058512	5.158133224480545	1.7859706692339787	31.995429071806022	0.08358533125434477	0.5530219757034325	standard_continuous_model	HPVVT-FJ-M02|IgG subclass architecture|pairwise_persistence_dose_contrast	0.25828575364206985	no
HPVVT-FJ-M03	Heterologous 2vHPV recall	pairwise_recall_dose_contrast	HPV52	cross_reactive_non_booster_target	IgG1	antibody_isotype_or_subclass	IgG subclass architecture	none	2	1	dose2_minus_dose1	21	20	3.099520294829498	4.170886389476325	-1.071366094646827	-2.2824592441647846	0.13972705487113068	0.4758681838187565	0.2055470762369868	1.1016966649035391	-1.7935104853444022	36.34838417256159	0.08121481713567602	-0.5525703714869158	standard_continuous_model	HPVVT-FJ-M03|IgG subclass architecture|pairwise_recall_dose_contrast	0.23041027122962837	no
HPVVT-FJ-M02	Six-year 4vHPV persistence	pairwise_persistence_dose_contrast	HPV52	cross_reactive_non_booster_target	IgG1	antibody_isotype_or_subclass	IgG subclass architecture	none	3	1	dose3_minus_dose1	19	20	8.983016961067968	8.093269387684071	0.8897475733838967	-0.40722507940022723	2.1867202261680205	1.8528519041482576	0.7540723839565041	4.552693152205196	1.3952060901824592	33.3203415241476	0.17218429185545847	0.4334746008105464	standard_continuous_model	HPVVT-FJ-M02|IgG subclass architecture|pairwise_persistence_dose_contrast	0.4075035960529962	no
HPVVT-FJ-M03	Heterologous 2vHPV recall	pairwise_recall_dose_contrast	HPV52	cross_reactive_non_booster_target	IgG1	antibody_isotype_or_subclass	IgG subclass architecture	none	3	1	dose3_minus_dose1	19	20	3.110324158947204	4.170886389476325	-1.0605622305291211	-2.18840358231982	0.06727912126157753	0.4794451793859725	0.2193940670936643	1.0477388157370342	-1.9169410864320702	31.36707864308073	0.0643935497543569	-0.5941704051546612	standard_continuous_model	HPVVT-FJ-M03|IgG subclass architecture|pairwise_recall_dose_contrast	0.22537742414024917	no
HPVVT-FJ-M02	Six-year 4vHPV persistence	pairwise_persistence_dose_contrast	HPV52	cross_reactive_non_booster_target	IgG1	antibody_isotype_or_subclass	IgG subclass architecture	none	3	2	dose3_minus_dose2	19	21	8.983016961067968	9.199002182062879	-0.21598522099491113	-1.2027187055729627	0.7707482635831404	0.8609580079696975	0.43445579383008315	1.7061544626955858	-0.4434515014310935	37.148849974972194	0.6600112359192328	-0.13796258243688347	standard_continuous_model	HPVVT-FJ-M02|IgG subclass architecture|pairwise_persistence_dose_contrast	0.8942087712454122	no
HPVVT-FJ-M03	Heterologous 2vHPV recall	pairwise_recall_dose_contrast	HPV52	cross_reactive_non_booster_target	IgG1	antibody_isotype_or_subclass	IgG subclass architecture	none	3	2	dose3_minus_dose2	19	21	3.110324158947204	3.099520294829498	0.010803864117705952	-0.9373394963543928	0.9589472245898047	1.0075167781516958	0.5221949835576192	1.943890864943876	0.023091893003027747	36.81483982165926	0.9817016834720429	0.007064497877793405	standard_continuous_model	HPVVT-FJ-M03|IgG subclass architecture|pairwise_recall_dose_contrast	0.9817016834720429	no
HPVVT-FJ-M02	Six-year 4vHPV persistence	pairwise_persistence_dose_contrast	HPV52	cross_reactive_non_booster_target	IgG2	antibody_isotype_or_subclass	IgG subclass architecture	high	2	1	dose2_minus_dose1	21	20	2.112996192031882	3.07774464268329	-0.9647484506514084	-2.700115550048084	0.7706186487452673	0.5123677405374786	0.15388072637627356	1.7060011849798389	-1.1306657101656337	33.30174595669069	0.2662733449509878	-0.3496239010367261	two_part_floor_sensitivity_required	HPVVT-FJ-M02|IgG subclass architecture|pairwise_persistence_dose_contrast	0.49676055944137937	no
HPVVT-FJ-M03	Heterologous 2vHPV recall	pairwise_recall_dose_contrast	HPV52	cross_reactive_non_booster_target	IgG2	antibody_isotype_or_subclass	IgG subclass architecture	high	2	1	dose2_minus_dose1	21	20	3.6433666444970667	1.9257523427772696	1.7176143017197971	0.15327758526542024	3.281951018174174	3.2889208785298574	1.1120931119264934	9.726704022553632	2.2210178699525587	38.9239821368641	0.03223810648878134	0.6789058012427505	two_part_floor_sensitivity_required	HPVVT-FJ-M03|IgG subclass architecture|pairwise_recall_dose_contrast	0.16507399748432103	no
HPVVT-FJ-M02	Six-year 4vHPV persistence	pairwise_persistence_dose_contrast	HPV52	cross_reactive_non_booster_target	IgG2	antibody_isotype_or_subclass	IgG subclass architecture	high	3	1	dose3_minus_dose1	19	20	4.324015000746187	3.07774464268329	1.246270358062897	-0.8463585719254776	3.338899288051272	2.372273516313837	0.5561868067083582	10.118329971740852	1.2069604920026262	36.76847358457369	0.23515516561029579	0.3790390779706176	two_part_floor_sensitivity_required	HPVVT-FJ-M02|IgG subclass architecture|pairwise_persistence_dose_contrast	0.4492744906029813	no
HPVVT-FJ-M03	Heterologous 2vHPV recall	pairwise_recall_dose_contrast	HPV52	cross_reactive_non_booster_target	IgG2	antibody_isotype_or_subclass	IgG subclass architecture	high	3	1	dose3_minus_dose1	19	20	1.532312892677406	1.9257523427772696	-0.3934394500998637	-2.4835341911624518	1.6966552909627246	0.7613124360224852	0.17880584574954653	3.2414858855024913	-0.3845983226145154	29.70357811869587	0.7032749439360524	-0.12212942410340157	two_part_floor_sensitivity_required	HPVVT-FJ-M03|IgG subclass architecture|pairwise_recall_dose_contrast	0.8561608013134551	no
HPVVT-FJ-M02	Six-year 4vHPV persistence	pairwise_persistence_dose_contrast	HPV52	cross_reactive_non_booster_target	IgG2	antibody_isotype_or_subclass	IgG subclass architecture	high	3	2	dose3_minus_dose2	19	21	4.324015000746187	2.112996192031882	2.2110188087143055	0.4048330149467567	4.017204602481854	4.63002123011355	1.323935662303723	16.191947389649155	2.4973996140013313	30.770243144227113	0.018073323724621247	0.7906965261184057	two_part_floor_sensitivity_required	HPVVT-FJ-M02|IgG subclass architecture|pairwise_persistence_dose_contrast	0.13697491205024984	no
HPVVT-FJ-M03	Heterologous 2vHPV recall	pairwise_recall_dose_contrast	HPV52	cross_reactive_non_booster_target	IgG2	antibody_isotype_or_subclass	IgG subclass architecture	high	3	2	dose3_minus_dose2	19	21	1.532312892677406	3.6433666444970667	-2.111053751819661	-4.238017550781904	0.01591004714258215	0.23147788108627007	0.052994353094771816	1.0110890369086427	-2.0236380868769874	31.235906169316415	0.05163423473668228	-0.6400370180287878	two_part_floor_sensitivity_required	HPVVT-FJ-M03|IgG subclass architecture|pairwise_recall_dose_contrast	0.21168978136536687	no
HPVVT-FJ-M02	Six-year 4vHPV persistence	pairwise_persistence_dose_contrast	HPV52	cross_reactive_non_booster_target	IgG3	antibody_isotype_or_subclass	IgG subclass architecture	low	2	1	dose2_minus_dose1	21	20	7.151066905850278	6.022251098898552	1.1288158069517253	-0.9874415732816519	3.2450731871851026	2.186791703124615	0.5043714176741885	9.481223132956647	1.0794712376978952	38.37296175117319	0.2871162402961579	0.3313882960600551	continuous_model_plus_floor_summary	HPVVT-FJ-M02|IgG subclass architecture|pairwise_persistence_dose_contrast	0.5131439188271758	no
HPVVT-FJ-M03	Heterologous 2vHPV recall	pairwise_recall_dose_contrast	HPV52	cross_reactive_non_booster_target	IgG3	antibody_isotype_or_subclass	IgG subclass architecture	low	2	1	dose2_minus_dose1	21	20	4.117724507598211	6.216801706450782	-2.0990771988525703	-4.382345529382823	0.1841911316776823	0.23340749622055787	0.04794933012982532	1.1361797786214078	-1.8637025825011777	36.442163559753	0.0704364465634121	-0.5741211986583086	continuous_model_plus_floor_summary	HPVVT-FJ-M03|IgG subclass architecture|pairwise_recall_dose_contrast	0.22756390428179293	no
HPVVT-FJ-M02	Six-year 4vHPV persistence	pairwise_persistence_dose_contrast	HPV52	cross_reactive_non_booster_target	IgG3	antibody_isotype_or_subclass	IgG subclass architecture	low	3	1	dose3_minus_dose1	19	20	7.043316773938202	6.022251098898552	1.02106567503965	-1.1735027182427986	3.2156340683220987	2.0294174751522376	0.4433436391376754	9.289713271772731	0.9427254988148764	36.99999564617414	0.35193650227159545	0.2954371410452901	continuous_model_plus_floor_summary	HPVVT-FJ-M02|IgG subclass architecture|pairwise_persistence_dose_contrast	0.5912533238162804	no
HPVVT-FJ-M03	Heterologous 2vHPV recall	pairwise_recall_dose_contrast	HPV52	cross_reactive_non_booster_target	IgG3	antibody_isotype_or_subclass	IgG subclass architecture	low	3	1	dose3_minus_dose1	19	20	3.494173292961086	6.216801706450782	-2.7226284134896956	-5.219365038755288	-0.2258917882241036	0.15149809800669425	0.026841981024863973	0.8550663111782097	-2.209516957047774	36.99746879129664	0.033407832824207825	-0.692287910564812	continuous_model_plus_floor_summary	HPVVT-FJ-M03|IgG subclass architecture|pairwise_recall_dose_contrast	0.16507399748432103	no
HPVVT-FJ-M02	Six-year 4vHPV persistence	pairwise_persistence_dose_contrast	HPV52	cross_reactive_non_booster_target	IgG3	antibody_isotype_or_subclass	IgG subclass architecture	low	3	2	dose3_minus_dose2	19	21	7.043316773938202	7.151066905850278	-0.10775013191207528	-2.194491841147131	1.9789915773229803	0.9280341937700276	0.21847016192810118	3.942174332666183	-0.10458687164721972	37.38936538605889	0.9172626757539768	-0.032498586362693746	continuous_model_plus_floor_summary	HPVVT-FJ-M02|IgG subclass architecture|pairwise_persistence_dose_contrast	0.9938674909216066	no
HPVVT-FJ-M03	Heterologous 2vHPV recall	pairwise_recall_dose_contrast	HPV52	cross_reactive_non_booster_target	IgG3	antibody_isotype_or_subclass	IgG subclass architecture	low	3	2	dose3_minus_dose2	19	21	3.494173292961086	4.117724507598211	-0.6235512146371254	-2.859843746384966	1.6127413171107152	0.649071261462556	0.1377530582630763	3.0583241328263004	-0.5657096358330623	35.61747925602528	0.5751380662643086	-0.17698132906933645	continuous_model_plus_floor_summary	HPVVT-FJ-M03|IgG subclass architecture|pairwise_recall_dose_contrast	0.7548687119719051	no
HPVVT-FJ-M02	Six-year 4vHPV persistence	pairwise_persistence_dose_contrast	HPV52	cross_reactive_non_booster_target	IgG4	antibody_isotype_or_subclass	IgG subclass architecture	none	2	1	dose2_minus_dose1	21	20	0.6272130447478749	0.9306998300545765	-0.3034867853067016	-1.4997417038465872	0.892768133233184	0.8102916701125606	0.35361669548702407	1.8567352702324418	-0.5154642045880541	34.19990622780471	0.6095449144651064	-0.15923333478238894	standard_continuous_model	HPVVT-FJ-M02|IgG subclass architecture|pairwise_persistence_dose_contrast	0.869412677613624	no
HPVVT-FJ-M03	Heterologous 2vHPV recall	pairwise_recall_dose_contrast	HPV52	cross_reactive_non_booster_target	IgG4	antibody_isotype_or_subclass	IgG subclass architecture	none	2	1	dose2_minus_dose1	21	20	1.8187150899895148	1.1113698544706156	0.7073452355188992	-0.8209890082807674	2.2356794793185655	1.6327967722334313	0.5660537637341521	4.709844665334677	0.9366308409665365	38.37598737058277	0.35480575278521465	0.28571072926831387	standard_continuous_model	HPVVT-FJ-M03|IgG subclass architecture|pairwise_recall_dose_contrast	0.5418851497083278	no
HPVVT-FJ-M02	Six-year 4vHPV persistence	pairwise_persistence_dose_contrast	HPV52	cross_reactive_non_booster_target	IgG4	antibody_isotype_or_subclass	IgG subclass architecture	none	3	1	dose3_minus_dose1	19	20	0.3890693380409874	0.9306998300545765	-0.541630492013589	-1.740618219576735	0.6573572355495569	0.6869940494483632	0.2992414185945849	1.5771908387350515	-0.9184374508035758	33.610832377112956	0.3649341652019755	-0.2854568895853635	standard_continuous_model	HPVVT-FJ-M02|IgG subclass architecture|pairwise_persistence_dose_contrast	0.6010680368032538	no
HPVVT-FJ-M03	Heterologous 2vHPV recall	pairwise_recall_dose_contrast	HPV52	cross_reactive_non_booster_target	IgG4	antibody_isotype_or_subclass	IgG subclass architecture	none	3	1	dose3_minus_dose1	19	20	0.9141729682655537	1.1113698544706156	-0.19719688620506193	-1.5842835860818962	1.1898898136717724	0.8722436615802933	0.3334902328372795	2.2813531859513865	-0.2880562694595232	36.999518209245096	0.7749111630417741	-0.0902651108017548	standard_continuous_model	HPVVT-FJ-M03|IgG subclass architecture|pairwise_recall_dose_contrast	0.879628887777149	no
HPVVT-FJ-M02	Six-year 4vHPV persistence	pairwise_persistence_dose_contrast	HPV52	cross_reactive_non_booster_target	IgG4	antibody_isotype_or_subclass	IgG subclass architecture	none	3	2	dose3_minus_dose2	19	21	0.3890693380409874	0.6272130447478749	-0.23814370670688745	-1.2024371635413091	0.7261497501275344	0.8478355076178066	0.43454058618003133	1.6542184339939485	-0.5000028772499402	37.873767353111006	0.6199658758813509	-0.15480971196018253	standard_continuous_model	HPVVT-FJ-M02|IgG subclass architecture|pairwise_persistence_dose_contrast	0.869412677613624	no
HPVVT-FJ-M03	Heterologous 2vHPV recall	pairwise_recall_dose_contrast	HPV52	cross_reactive_non_booster_target	IgG4	antibody_isotype_or_subclass	IgG subclass architecture	none	3	2	dose3_minus_dose2	19	21	0.9141729682655537	1.8187150899895148	-0.9045421217239611	-2.414847148132763	0.6057629046848407	0.5342022206396142	0.18752474063716246	1.521783267459386	-1.2131148944510801	37.364249399907266	0.2326996998246227	-0.3720388837230021	standard_continuous_model	HPVVT-FJ-M03|IgG subclass architecture|pairwise_recall_dose_contrast	0.4653993996492454	no
HPVVT-FJ-M02	Six-year 4vHPV persistence	pairwise_persistence_dose_contrast	HPV52	cross_reactive_non_booster_target	IgM	antibody_isotype_or_subclass	Antibody abundance	none	2	1	dose2_minus_dose1	21	20	9.697946961374523	9.813702835296777	-0.11575587392225373	-0.8329162591236428	0.6014045112791353	0.9228986480153798	0.561393296025937	1.5171928851627476	-0.3265373196680814	38.786185636483644	0.7457734268732952	-0.10010946313292457	standard_continuous_model	HPVVT-FJ-M02|Antibody abundance|pairwise_persistence_dose_contrast	0.8823234909486872	no
HPVVT-FJ-M03	Heterologous 2vHPV recall	pairwise_recall_dose_contrast	HPV52	cross_reactive_non_booster_target	IgM	antibody_isotype_or_subclass	Antibody abundance	none	2	1	dose2_minus_dose1	21	20	0.07113848981235786	0.2960263287674475	-0.22488783895508963	-0.9160954240256027	0.46631974611542354	0.8556615457438849	0.5299413386854477	1.3815806154714678	-0.6637045605277381	30.841007184142256	0.5118107486782162	-0.20575909889267774	standard_continuous_model	HPVVT-FJ-M03|Antibody abundance|pairwise_recall_dose_contrast	0.8028225173897283	no
HPVVT-FJ-M02	Six-year 4vHPV persistence	pairwise_persistence_dose_contrast	HPV52	cross_reactive_non_booster_target	IgM	antibody_isotype_or_subclass	Antibody abundance	none	3	1	dose3_minus_dose1	19	20	9.219156586567694	9.813702835296777	-0.5945462487290829	-1.3152759391784716	0.12618344172030582	0.6622527117940721	0.4018486278547833	1.0914026423827736	-1.6714638356049045	36.992281290040786	0.1030699329371279	-0.5236197322801935	standard_continuous_model	HPVVT-FJ-M02|Antibody abundance|pairwise_persistence_dose_contrast	0.2939005690691394	no
HPVVT-FJ-M03	Heterologous 2vHPV recall	pairwise_recall_dose_contrast	HPV52	cross_reactive_non_booster_target	IgM	antibody_isotype_or_subclass	Antibody abundance	none	3	1	dose3_minus_dose1	19	20	0.14465695012662683	0.2960263287674475	-0.15136937864082067	-0.95073321507332	0.6479944577916786	0.9003954187058314	0.5173694545046391	1.5669883541978222	-0.38375052100431767	36.812303469144894	0.7033709226621279	-0.12003824335545749	standard_continuous_model	HPVVT-FJ-M03|Antibody abundance|pairwise_recall_dose_contrast	0.8586067969105603	no
HPVVT-FJ-M02	Six-year 4vHPV persistence	pairwise_persistence_dose_contrast	HPV52	cross_reactive_non_booster_target	IgM	antibody_isotype_or_subclass	Antibody abundance	none	3	2	dose3_minus_dose2	19	21	9.219156586567694	9.697946961374523	-0.4787903748068292	-1.1813703721714375	0.223789622557779	0.7175790247587792	0.4409324708134267	1.1677970910689417	-1.3797353326117405	37.86439656197263	0.17576197580815142	-0.4272365423648609	standard_continuous_model	HPVVT-FJ-M02|Antibody abundance|pairwise_persistence_dose_contrast	0.4218287419395634	no
HPVVT-FJ-M03	Heterologous 2vHPV recall	pairwise_recall_dose_contrast	HPV52	cross_reactive_non_booster_target	IgM	antibody_isotype_or_subclass	Antibody abundance	none	3	2	dose3_minus_dose2	19	21	0.14465695012662683	0.07113848981235786	0.07351846031426897	-0.5695759907666291	0.7166129113951671	1.052279868348012	0.6738147940445652	1.6433193974326337	0.2330694667226588	31.289494244095675	0.8172254536488169	0.07370647334187588	standard_continuous_model	HPVVT-FJ-M03|Antibody abundance|pairwise_recall_dose_contrast	0.9140624706637522	no
HPVVT-FJ-M02	Six-year 4vHPV persistence	pairwise_persistence_dose_contrast	HPV58	cross_reactive_non_booster_target	FcgR2A	fc_gamma_receptor_binding	Fc-receptor engagement	moderate	2	1	dose2_minus_dose1	21	20	6.275762346247733	3.1033338756732745	3.1724284705744585	1.22462571087385	5.120231230275067	9.015631011245322	2.3369481265996788	34.78108974938833	3.2952827329111494	38.67611579665226	0.0021111250490321505	1.0107014933390543	above_floor_binary_sensitivity_required	HPVVT-FJ-M02|Fc-receptor engagement|pairwise_persistence_dose_contrast	0.10288106786157411	no
HPVVT-FJ-M03	Heterologous 2vHPV recall	pairwise_recall_dose_contrast	HPV58	cross_reactive_non_booster_target	FcgR2A	fc_gamma_receptor_binding	Fc-receptor engagement	moderate	2	1	dose2_minus_dose1	21	20	2.810645944980559	4.4235463033998785	-1.6129003584193193	-4.326166292550803	1.1003655757121642	0.32694041691304176	0.04985333080209387	2.1440901639170744	-1.2093612611765165	33.0402194050554	0.235106861228816	-0.37406352670609005	above_floor_binary_sensitivity_required	HPVVT-FJ-M03|Fc-receptor engagement|pairwise_recall_dose_contrast	0.6557877293699199	no
HPVVT-FJ-M02	Six-year 4vHPV persistence	pairwise_persistence_dose_contrast	HPV58	cross_reactive_non_booster_target	FcgR2A	fc_gamma_receptor_binding	Fc-receptor engagement	moderate	3	1	dose3_minus_dose1	19	20	5.85810307040526	3.1033338756732745	2.7547691947319857	0.8318415397371426	4.6776968497268285	6.749446492572991	1.7799559520196775	25.59334566926532	2.9031878112930163	36.818767535944836	0.006207594059570357	0.9081549467570501	above_floor_binary_sensitivity_required	HPVVT-FJ-M02|Fc-receptor engagement|pairwise_persistence_dose_contrast	0.10288106786157411	no
HPVVT-FJ-M03	Heterologous 2vHPV recall	pairwise_recall_dose_contrast	HPV58	cross_reactive_non_booster_target	FcgR2A	fc_gamma_receptor_binding	Fc-receptor engagement	moderate	3	1	dose3_minus_dose1	19	20	3.665671163616598	4.4235463033998785	-0.7578751397832804	-3.5504958156873263	2.0347455361207656	0.5913666786278787	0.08534817912054307	4.097504506773872	-0.5514483826273715	34.121169527111256	0.5849198619748879	-0.17151412456135334	above_floor_binary_sensitivity_required	HPVVT-FJ-M03|Fc-receptor engagement|pairwise_recall_dose_contrast	0.8374988932822258	no
HPVVT-FJ-M02	Six-year 4vHPV persistence	pairwise_persistence_dose_contrast	HPV58	cross_reactive_non_booster_target	FcgR2A	fc_gamma_receptor_binding	Fc-receptor engagement	moderate	3	2	dose3_minus_dose2	19	21	5.85810307040526	6.275762346247733	-0.41765927584247287	-2.2723520689213856	1.43703351723644	0.7486382799112244	0.20699214572121336	2.707635462184587	-0.4558811092874307	37.983027401949066	0.6510712866227124	-0.14088544871831463	above_floor_binary_sensitivity_required	HPVVT-FJ-M02|Fc-receptor engagement|pairwise_persistence_dose_contrast	0.8370916542292017	no
HPVVT-FJ-M03	Heterologous 2vHPV recall	pairwise_recall_dose_contrast	HPV58	cross_reactive_non_booster_target	FcgR2A	fc_gamma_receptor_binding	Fc-receptor engagement	moderate	3	2	dose3_minus_dose2	19	21	3.665671163616598	2.810645944980559	0.855025218636039	-1.3448470769068326	3.0548975141789105	1.8087903729111838	0.3936957171146139	8.310282461578586	0.7873747203573616	37.20478329103173	0.4360500927338644	0.24489549718549325	above_floor_binary_sensitivity_required	HPVVT-FJ-M03|Fc-receptor engagement|pairwise_recall_dose_contrast	0.7848901669209559	no
HPVVT-FJ-M02	Six-year 4vHPV persistence	pairwise_persistence_dose_contrast	HPV58	cross_reactive_non_booster_target	FcgR2B	fc_gamma_receptor_binding	Fc-receptor engagement	low	2	1	dose2_minus_dose1	21	20	5.5949289500926405	4.996834284844407	0.5980946652482331	-0.9424901186147969	2.138679449111263	1.5137161151454395	0.5203339986899029	4.403587855147134	0.7854050930435037	38.776990816316264	0.4369888734750945	0.2398883708853171	continuous_model_plus_floor_summary	HPVVT-FJ-M02|Fc-receptor engagement|pairwise_persistence_dose_contrast	0.6402395123007198	no
HPVVT-FJ-M03	Heterologous 2vHPV recall	pairwise_recall_dose_contrast	HPV58	cross_reactive_non_booster_target	FcgR2B	fc_gamma_receptor_binding	Fc-receptor engagement	low	2	1	dose2_minus_dose1	21	20	3.0726422716416044	4.047478197925714	-0.9748359262841095	-2.525445893203846	0.5757740406356269	0.508797706916759	0.17368608809110217	1.4904769254055996	-1.274258083824496	36.630871351014356	0.21059700734805684	-0.3924350305047041	continuous_model_plus_floor_summary	HPVVT-FJ-M03|Fc-receptor engagement|pairwise_recall_dose_contrast	0.6557877293699199	no
HPVVT-FJ-M02	Six-year 4vHPV persistence	pairwise_persistence_dose_contrast	HPV58	cross_reactive_non_booster_target	FcgR2B	fc_gamma_receptor_binding	Fc-receptor engagement	low	3	1	dose3_minus_dose1	19	20	6.29651084135897	4.996834284844407	1.2996765565145623	0.006519774324224237	2.5928333387049003	2.4617368583326473	1.0045293900084447	6.03282334986988	2.040996296341068	34.6894869020253	0.04891768825231783	0.6353330737533129	continuous_model_plus_floor_summary	HPVVT-FJ-M02|Fc-receptor engagement|pairwise_persistence_dose_contrast	0.30402875512753147	no
HPVVT-FJ-M03	Heterologous 2vHPV recall	pairwise_recall_dose_contrast	HPV58	cross_reactive_non_booster_target	FcgR2B	fc_gamma_receptor_binding	Fc-receptor engagement	low	3	1	dose3_minus_dose1	19	20	2.6693060917569764	4.047478197925714	-1.3781721061687375	-2.9211971961165	0.1648529837790249	0.38470590884759265	0.1320176569791731	1.1210518326772023	-1.8125960280577493	35.338237943254875	0.0783971180268774	-0.5648392086559346	continuous_model_plus_floor_summary	HPVVT-FJ-M03|Fc-receptor engagement|pairwise_recall_dose_contrast	0.5483150738778576	no
HPVVT-FJ-M02	Six-year 4vHPV persistence	pairwise_persistence_dose_contrast	HPV58	cross_reactive_non_booster_target	FcgR2B	fc_gamma_receptor_binding	Fc-receptor engagement	low	3	2	dose3_minus_dose2	19	21	6.29651084135897	5.5949289500926405	0.7015818912663292	-0.6826264277877183	2.0857902103203765	1.6262870122751656	0.6230300146188964	4.245075492731594	1.0295944385600115	34.40155312098503	0.3103852823092427	0.31274325378051254	continuous_model_plus_floor_summary	HPVVT-FJ-M02|Fc-receptor engagement|pairwise_persistence_dose_contrast	0.57461165608687	no
HPVVT-FJ-M03	Heterologous 2vHPV recall	pairwise_recall_dose_contrast	HPV58	cross_reactive_non_booster_target	FcgR2B	fc_gamma_receptor_binding	Fc-receptor engagement	low	3	2	dose3_minus_dose2	19	21	2.6693060917569764	3.0726422716416044	-0.403336179884628	-1.752800103837654	0.946127744068398	0.7561077882580391	0.2967253100716504	1.9266943804908834	-0.6050901144947963	37.94923373136092	0.5487206344965783	-0.187144215283824	continuous_model_plus_floor_summary	HPVVT-FJ-M03|Fc-receptor engagement|pairwise_recall_dose_contrast	0.8230809517448675	no
HPVVT-FJ-M02	Six-year 4vHPV persistence	pairwise_persistence_dose_contrast	HPV58	cross_reactive_non_booster_target	FcgR3A	fc_gamma_receptor_binding	Fc-receptor engagement	high	2	1	dose2_minus_dose1	21	20	3.577963061629789	2.0004901534961865	1.5774729081336023	-0.10529252668213918	3.260238342949344	2.9844661859734987	0.9296164307143341	9.581412420147169	1.897175738005668	38.33832313454521	0.0653559388621404	0.5786608795798521	two_part_floor_sensitivity_required	HPVVT-FJ-M02|Fc-receptor engagement|pairwise_persistence_dose_contrast	0.30402875512753147	no
HPVVT-FJ-M03	Heterologous 2vHPV recall	pairwise_recall_dose_contrast	HPV58	cross_reactive_non_booster_target	FcgR3A	fc_gamma_receptor_binding	Fc-receptor engagement	high	2	1	dose2_minus_dose1	21	20	4.961473050805968	6.358503677251621	-1.3970306264456527	-3.21512455388702	0.42106330099571454	0.379709861646221	0.10768397275565962	1.3389140030944349	-1.557886430643103	36.34202064146006	0.12792699050025377	-0.47998016238339397	two_part_floor_sensitivity_required	HPVVT-FJ-M03|Fc-receptor engagement|pairwise_recall_dose_contrast	0.5483150738778576	no
HPVVT-FJ-M02	Six-year 4vHPV persistence	pairwise_persistence_dose_contrast	HPV58	cross_reactive_non_booster_target	FcgR3A	fc_gamma_receptor_binding	Fc-receptor engagement	high	3	1	dose3_minus_dose1	19	20	3.840391150539118	2.0004901534961865	1.8399009970429314	-0.11910589294954166	3.7989078870354045	3.5798546126979702	0.9207581116322988	13.918268963535015	1.9131767779783393	31.962859452340744	0.06471930915772835	0.6059205195771971	two_part_floor_sensitivity_required	HPVVT-FJ-M02|Fc-receptor engagement|pairwise_persistence_dose_contrast	0.30402875512753147	no
HPVVT-FJ-M03	Heterologous 2vHPV recall	pairwise_recall_dose_contrast	HPV58	cross_reactive_non_booster_target	FcgR3A	fc_gamma_receptor_binding	Fc-receptor engagement	high	3	1	dose3_minus_dose1	19	20	4.320035048492859	6.358503677251621	-2.0384686287587614	-4.120676343659786	0.04373908614226396	0.2434219838449831	0.05748477265696585	1.0307818832757782	-1.9840463823783958	36.77139926052282	0.05475292386378228	-0.6230701640665868	two_part_floor_sensitivity_required	HPVVT-FJ-M03|Fc-receptor engagement|pairwise_recall_dose_contrast	0.5483150738778576	no
HPVVT-FJ-M02	Six-year 4vHPV persistence	pairwise_persistence_dose_contrast	HPV58	cross_reactive_non_booster_target	FcgR3A	fc_gamma_receptor_binding	Fc-receptor engagement	high	3	2	dose3_minus_dose2	19	21	3.840391150539118	3.577963061629789	0.2624280889093291	-1.8007586087441454	2.3256147865628036	1.199495785719637	0.2870236241438532	5.012793439044806	0.25815356507654136	35.2561701824735	0.7977894526295989	0.08084880978505381	two_part_floor_sensitivity_required	HPVVT-FJ-M02|Fc-receptor engagement|pairwise_persistence_dose_contrast	0.9104807608404617	no
HPVVT-FJ-M03	Heterologous 2vHPV recall	pairwise_recall_dose_contrast	HPV58	cross_reactive_non_booster_target	FcgR3A	fc_gamma_receptor_binding	Fc-receptor engagement	high	3	2	dose3_minus_dose2	19	21	4.320035048492859	4.961473050805968	-0.6414380023131088	-2.5249025563159773	1.2420265516897597	0.641073641831777	0.1737515127502256	2.3653055317121194	-0.6921525625137401	33.93924434070606	0.49355011839268526	-0.21753216259456665	two_part_floor_sensitivity_required	HPVVT-FJ-M03|Fc-receptor engagement|pairwise_recall_dose_contrast	0.7972732681727992	no
HPVVT-FJ-M02	Six-year 4vHPV persistence	pairwise_persistence_dose_contrast	HPV58	cross_reactive_non_booster_target	IgA1	antibody_isotype_or_subclass	Antibody abundance	none	2	1	dose2_minus_dose1	21	20	9.139579857896683	8.120298016928576	1.019281840968107	-0.14408534691553232	2.1826490288517464	2.0269097331996266	0.9049529261178002	4.539863840392272	1.7884250432597553	30.367623773540423	0.08368930122696959	0.5401356832557465	standard_continuous_model	HPVVT-FJ-M02|Antibody abundance|pairwise_persistence_dose_contrast	0.2939005690691394	no
HPVVT-FJ-M03	Heterologous 2vHPV recall	pairwise_recall_dose_contrast	HPV58	cross_reactive_non_booster_target	IgA1	antibody_isotype_or_subclass	Antibody abundance	none	2	1	dose2_minus_dose1	21	20	1.197066638482191	1.2622898395453077	-0.06522320106311663	-1.0810289745154882	0.9505825723892549	0.9557974335983285	0.47269156492996967	1.9326529218021806	-0.13005469928084673	37.37246646300515	0.8972206531697862	-0.0400070020758948	standard_continuous_model	HPVVT-FJ-M03|Antibody abundance|pairwise_recall_dose_contrast	0.9304510477316301	no
HPVVT-FJ-M02	Six-year 4vHPV persistence	pairwise_persistence_dose_contrast	HPV58	cross_reactive_non_booster_target	IgA1	antibody_isotype_or_subclass	Antibody abundance	none	3	1	dose3_minus_dose1	19	20	8.76520093866191	8.120298016928576	0.6449029217333333	-0.13259684974034813	1.4224026932070148	1.5636340665206565	0.9121880339810817	2.6803152452169	1.6808007965909473	36.89561824984978	0.10124984473250603	0.5274820090484409	standard_continuous_model	HPVVT-FJ-M02|Antibody abundance|pairwise_persistence_dose_contrast	0.2939005690691394	no
HPVVT-FJ-M03	Heterologous 2vHPV recall	pairwise_recall_dose_contrast	HPV58	cross_reactive_non_booster_target	IgA1	antibody_isotype_or_subclass	Antibody abundance	none	3	1	dose3_minus_dose1	19	20	0.7242248619989885	1.2622898395453077	-0.5380649775463192	-1.4204496680148706	0.3443197129222323	0.6886940044016947	0.3735958493702565	1.2695521979120856	-1.2496258598786998	27.73502638887833	0.2218790863383318	-0.38580525079629796	standard_continuous_model	HPVVT-FJ-M03|Antibody abundance|pairwise_recall_dose_contrast	0.5791727523535292	no
HPVVT-FJ-M02	Six-year 4vHPV persistence	pairwise_persistence_dose_contrast	HPV58	cross_reactive_non_booster_target	IgA1	antibody_isotype_or_subclass	Antibody abundance	none	3	2	dose3_minus_dose2	19	21	8.76520093866191	9.139579857896683	-0.37437891923477373	-1.5441233574976472	0.7953655190280997	0.7714374453431356	0.3429040009212233	1.7355170265693742	-0.6530254344836517	30.680872150005307	0.5186038169762808	-0.19676746114893995	standard_continuous_model	HPVVT-FJ-M02|Antibody abundance|pairwise_persistence_dose_contrast	0.7260453437667931	no
HPVVT-FJ-M03	Heterologous 2vHPV recall	pairwise_recall_dose_contrast	HPV58	cross_reactive_non_booster_target	IgA1	antibody_isotype_or_subclass	Antibody abundance	none	3	2	dose3_minus_dose2	19	21	0.7242248619989885	1.197066638482191	-0.4728417764832026	-1.2330728591661846	0.2873893061997794	0.7205438937086713	0.42541038008230964	1.2204297945442701	-1.2665288547300158	32.24986641477492	0.21439537355652716	-0.38285513890138617	standard_continuous_model	HPVVT-FJ-M03|Antibody abundance|pairwise_recall_dose_contrast	0.5791727523535292	no
HPVVT-FJ-M02	Six-year 4vHPV persistence	pairwise_persistence_dose_contrast	HPV58	cross_reactive_non_booster_target	IgA2	antibody_isotype_or_subclass	Antibody abundance	high	2	1	dose2_minus_dose1	21	20	4.260366792930972	1.8591348474534928	2.401231945477479	-0.2099151133419963	5.012379004296955	5.282540582276002	0.864588101265323	32.275756470108284	1.87024057996282	33.336004554410195	0.07025276058386863	0.5665139863638124	two_part_floor_sensitivity_required	HPVVT-FJ-M02|Antibody abundance|pairwise_persistence_dose_contrast	0.2939005690691394	no
HPVVT-FJ-M03	Heterologous 2vHPV recall	pairwise_recall_dose_contrast	HPV58	cross_reactive_non_booster_target	IgA2	antibody_isotype_or_subclass	Antibody abundance	high	2	1	dose2_minus_dose1	21	20	1.2663463789881337	3.151005691198407	-1.8846593122102733	-4.479008798740567	0.7096901743200204	0.2708077041988283	0.04484189947285277	1.6354528580538412	-1.472298893317163	36.72218947835487	0.14945968376079863	-0.45336565406942175	two_part_floor_sensitivity_required	HPVVT-FJ-M03|Antibody abundance|pairwise_recall_dose_contrast	0.510250310368232	no
HPVVT-FJ-M02	Six-year 4vHPV persistence	pairwise_persistence_dose_contrast	HPV58	cross_reactive_non_booster_target	IgA2	antibody_isotype_or_subclass	Antibody abundance	high	3	1	dose3_minus_dose1	19	20	5.231494742493157	1.8591348474534928	3.3723598950396645	0.9520445314695012	5.792675258609828	10.355748261032558	1.9346123737204501	55.43307977486097	2.8364144465429475	32.51381143340713	0.007790707275180996	0.8977037291269669	two_part_floor_sensitivity_required	HPVVT-FJ-M02|Antibody abundance|pairwise_persistence_dose_contrast	0.11227599388027927	no
HPVVT-FJ-M03	Heterologous 2vHPV recall	pairwise_recall_dose_contrast	HPV58	cross_reactive_non_booster_target	IgA2	antibody_isotype_or_subclass	Antibody abundance	high	3	1	dose3_minus_dose1	19	20	0.4554803152402348	3.151005691198407	-2.695525375958172	-5.484708182905711	0.09365743098936719	0.15437110318061825	0.02233255023060861	1.0670719309315377	-1.9582184726560004	36.96469287373607	0.057783647494977435	-0.6131865167172831	two_part_floor_sensitivity_required	HPVVT-FJ-M03|Antibody abundance|pairwise_recall_dose_contrast	0.30336414934863154	no
HPVVT-FJ-M02	Six-year 4vHPV persistence	pairwise_persistence_dose_contrast	HPV58	cross_reactive_non_booster_target	IgA2	antibody_isotype_or_subclass	Antibody abundance	high	3	2	dose3_minus_dose2	19	21	5.231494742493157	4.260366792930972	0.9711279495621854	-1.9872560373860892	3.92951193651046	1.9603726842682856	0.2522181429335533	15.237052404424748	0.6646056589265386	37.87506366920858	0.5103292005139362	0.2045724021854954	two_part_floor_sensitivity_required	HPVVT-FJ-M02|Antibody abundance|pairwise_persistence_dose_contrast	0.7260453437667931	no
HPVVT-FJ-M03	Heterologous 2vHPV recall	pairwise_recall_dose_contrast	HPV58	cross_reactive_non_booster_target	IgA2	antibody_isotype_or_subclass	Antibody abundance	high	3	2	dose3_minus_dose2	19	21	0.4554803152402348	1.2663463789881337	-0.8108660637478989	-3.317968104163806	1.6962359766680084	0.5700395549577062	0.10027486269725183	3.240543895806155	-0.655792163806312	36.2378625553226	0.5161001897505396	-0.20475640139434892	two_part_floor_sensitivity_required	HPVVT-FJ-M03|Antibody abundance|pairwise_recall_dose_contrast	0.8028225173897283	no
HPVVT-FJ-M02	Six-year 4vHPV persistence	pairwise_persistence_dose_contrast	HPV58	cross_reactive_non_booster_target	IgG	antibody_isotype_or_subclass	Antibody abundance	none	2	1	dose2_minus_dose1	21	20	10.472818179168737	8.89431800593336	1.5785001732353763	0.8026432756235462	2.3543570708472066	2.986592019667491	1.7442940597125782	5.113662941334171	4.115273857204408	38.9825716358613	0.00019382282767167982	1.259981145237899	standard_continuous_model	HPVVT-FJ-M02|Antibody abundance|pairwise_persistence_dose_contrast	0.016281117524421105	yes
HPVVT-FJ-M03	Heterologous 2vHPV recall	pairwise_recall_dose_contrast	HPV58	cross_reactive_non_booster_target	IgG	antibody_isotype_or_subclass	Antibody abundance	none	2	1	dose2_minus_dose1	21	20	2.5037487786885464	4.338625600943137	-1.834876822254591	-2.7918911773383392	-0.8778624671708427	0.28031545190475804	0.14439661451254213	0.5441730946520469	-3.9012319353086147	32.895630394589695	0.0004466417240606597	-1.2068637875193013	standard_continuous_model	HPVVT-FJ-M03|Antibody abundance|pairwise_recall_dose_contrast	0.03751790482109541	yes
HPVVT-FJ-M02	Six-year 4vHPV persistence	pairwise_persistence_dose_contrast	HPV58	cross_reactive_non_booster_target	IgG	antibody_isotype_or_subclass	Antibody abundance	none	3	1	dose3_minus_dose1	19	20	10.466364112814803	8.89431800593336	1.5720461068814426	0.660220483975505	2.4838717297873805	2.973260989360117	1.5803241228040308	5.593966948479562	3.5038955175451023	33.953939304819045	0.0013083622545440798	1.106825357485076	standard_continuous_model	HPVVT-FJ-M02|Antibody abundance|pairwise_persistence_dose_contrast	0.054951214690851354	no
HPVVT-FJ-M03	Heterologous 2vHPV recall	pairwise_recall_dose_contrast	HPV58	cross_reactive_non_booster_target	IgG	antibody_isotype_or_subclass	Antibody abundance	none	3	1	dose3_minus_dose1	19	20	3.335402683273118	4.338625600943137	-1.0032229176700196	-2.0804048764915737	0.07395904115153451	0.4988842685635686	0.23644804582660714	1.0526012703979815	-1.887414847966645	36.80344516056674	0.06701005237537706	-0.5903628096621992	standard_continuous_model	HPVVT-FJ-M03|Antibody abundance|pairwise_recall_dose_contrast	0.30637847694101356	no
HPVVT-FJ-M02	Six-year 4vHPV persistence	pairwise_persistence_dose_contrast	HPV58	cross_reactive_non_booster_target	IgG	antibody_isotype_or_subclass	Antibody abundance	none	3	2	dose3_minus_dose2	19	21	10.466364112814803	10.472818179168737	-0.006454066353933641	-0.9192996642956072	0.9063915315877399	0.9955363738268952	0.5287656397180005	1.8743515031365687	-0.014361693870903317	34.444506458803616	0.9886242857407219	-0.004507801079148796	standard_continuous_model	HPVVT-FJ-M02|Antibody abundance|pairwise_persistence_dose_contrast	0.9886242857407219	no
HPVVT-FJ-M03	Heterologous 2vHPV recall	pairwise_recall_dose_contrast	HPV58	cross_reactive_non_booster_target	IgG	antibody_isotype_or_subclass	Antibody abundance	none	3	2	dose3_minus_dose2	19	21	3.335402683273118	2.5037487786885464	0.8316539045845714	-0.06158955306954805	1.724897362238691	1.779724468179061	0.9582077896907857	3.3055660961150917	1.893365070730636	33.40377275443739	0.06699861430764938	0.595840062677053	standard_continuous_model	HPVVT-FJ-M03|Antibody abundance|pairwise_recall_dose_contrast	0.30637847694101356	no
HPVVT-FJ-M02	Six-year 4vHPV persistence	pairwise_persistence_dose_contrast	HPV58	cross_reactive_non_booster_target	IgG1	antibody_isotype_or_subclass	IgG subclass architecture	none	2	1	dose2_minus_dose1	21	20	9.31394504631284	7.786163923108106	1.5277811232047345	0.5140865895500673	2.5414756568594017	2.883420254994245	1.4280896900599978	5.821841880646712	3.0550780806788853	36.53262069968638	0.004186434268211456	0.9410091182100655	standard_continuous_model	HPVVT-FJ-M02|IgG subclass architecture|pairwise_persistence_dose_contrast	0.07235422905563994	no
HPVVT-FJ-M03	Heterologous 2vHPV recall	pairwise_recall_dose_contrast	HPV58	cross_reactive_non_booster_target	IgG1	antibody_isotype_or_subclass	IgG subclass architecture	none	2	1	dose2_minus_dose1	21	20	2.588367526482062	4.19510075016283	-1.6067332236807679	-2.586975887495828	-0.6264905598657077	0.3283409910003859	0.16643423333223648	0.647750190646832	-3.3313459174207836	33.928740710861355	0.002094950306686085	-1.0294079127088178	standard_continuous_model	HPVVT-FJ-M03|IgG subclass architecture|pairwise_recall_dose_contrast	0.10826439804260382	no
HPVVT-FJ-M02	Six-year 4vHPV persistence	pairwise_persistence_dose_contrast	HPV58	cross_reactive_non_booster_target	IgG1	antibody_isotype_or_subclass	IgG subclass architecture	none	3	1	dose3_minus_dose1	19	20	9.451266578448173	7.786163923108106	1.6651026553400676	0.6739433266244205	2.656261984055715	3.171362197513163	1.595427805211746	6.30397574554035	3.41225768661645	34.49977511633026	0.0016602866934682203	1.0618811267084396	standard_continuous_model	HPVVT-FJ-M02|IgG subclass architecture|pairwise_persistence_dose_contrast	0.04648802741711017	yes
HPVVT-FJ-M03	Heterologous 2vHPV recall	pairwise_recall_dose_contrast	HPV58	cross_reactive_non_booster_target	IgG1	antibody_isotype_or_subclass	IgG subclass architecture	none	3	1	dose3_minus_dose1	19	20	3.147898600238105	4.19510075016283	-1.0472021499247246	-2.0635941770549397	-0.030810122794509454	0.48390570399820365	0.23921932126570888	0.9788704738523294	-2.0915392886868656	35.05051924610825	0.04379295910343698	-0.6514420458774062	standard_continuous_model	HPVVT-FJ-M03|IgG subclass architecture|pairwise_recall_dose_contrast	0.19755759327284203	no
HPVVT-FJ-M02	Six-year 4vHPV persistence	pairwise_persistence_dose_contrast	HPV58	cross_reactive_non_booster_target	IgG1	antibody_isotype_or_subclass	IgG subclass architecture	none	3	2	dose3_minus_dose2	19	21	9.451266578448173	9.31394504631284	0.13732153213533316	-0.720520226401196	0.9951632906718623	1.099861247079813	0.606878566293298	1.9933061241832175	0.32406290571662133	37.99257279688809	0.7476677823478595	0.09996965493742486	standard_continuous_model	HPVVT-FJ-M02|IgG subclass architecture|pairwise_persistence_dose_contrast	0.9373745330928388	no
HPVVT-FJ-M03	Heterologous 2vHPV recall	pairwise_recall_dose_contrast	HPV58	cross_reactive_non_booster_target	IgG1	antibody_isotype_or_subclass	IgG subclass architecture	none	3	2	dose3_minus_dose2	19	21	3.147898600238105	2.588367526482062	0.5595310737560433	-0.267826849994554	1.3868889975066405	1.4737901062058831	0.8305697017875262	2.6151414775613824	1.3702397846692291	37.037651328942935	0.17886097582661784	0.4265129198881331	standard_continuous_model	HPVVT-FJ-M03|IgG subclass architecture|pairwise_recall_dose_contrast	0.3942793427182099	no
HPVVT-FJ-M02	Six-year 4vHPV persistence	pairwise_persistence_dose_contrast	HPV58	cross_reactive_non_booster_target	IgG2	antibody_isotype_or_subclass	IgG subclass architecture	none	2	1	dose2_minus_dose1	21	20	3.70475068179959	2.1857043027868315	1.5190463790127584	-0.005312374138639608	3.0434051321641564	2.8660154344446505	0.9963245140389612	8.244346450110278	2.0180800654347335	37.57987248685455	0.050763578155613526	0.6205715927029356	standard_continuous_model	HPVVT-FJ-M02|IgG subclass architecture|pairwise_persistence_dose_contrast	0.1853974158726755	no
HPVVT-FJ-M03	Heterologous 2vHPV recall	pairwise_recall_dose_contrast	HPV58	cross_reactive_non_booster_target	IgG2	antibody_isotype_or_subclass	IgG subclass architecture	none	2	1	dose2_minus_dose1	21	20	1.7791270129782337	2.1682482787140382	-0.3891212657358045	-1.902658959972675	1.124416428501066	0.7635945623396538	0.267449987251381	2.180133420932428	-0.5205580968736915	37.7817198797905	0.6057121033491418	-0.16001492046113475	standard_continuous_model	HPVVT-FJ-M03|IgG subclass architecture|pairwise_recall_dose_contrast	0.7709063133534533	no
HPVVT-FJ-M02	Six-year 4vHPV persistence	pairwise_persistence_dose_contrast	HPV58	cross_reactive_non_booster_target	IgG2	antibody_isotype_or_subclass	IgG subclass architecture	none	3	1	dose3_minus_dose1	19	20	5.514273990971875	2.1857043027868315	3.328569688185044	1.3904542839248728	5.266685092445215	10.046142145224099	2.6216121857430323	38.49729283030591	3.490369583014061	33.96298242479967	0.00135760066243748	1.1025384639993754	standard_continuous_model	HPVVT-FJ-M02|IgG subclass architecture|pairwise_persistence_dose_contrast	0.04648802741711017	yes
HPVVT-FJ-M03	Heterologous 2vHPV recall	pairwise_recall_dose_contrast	HPV58	cross_reactive_non_booster_target	IgG2	antibody_isotype_or_subclass	IgG subclass architecture	none	3	1	dose3_minus_dose1	19	20	1.1876474503871237	2.1682482787140382	-0.9806008283269145	-2.8442379647756466	0.8830363081218175	0.5067686458243905	0.1392512357167988	1.8442526493120763	-1.068599236734368	34.63235874700494	0.29264236450298625	-0.3372113692449367	standard_continuous_model	HPVVT-FJ-M03|IgG subclass architecture|pairwise_recall_dose_contrast	0.5230203961329967	no
HPVVT-FJ-M02	Six-year 4vHPV persistence	pairwise_persistence_dose_contrast	HPV58	cross_reactive_non_booster_target	IgG2	antibody_isotype_or_subclass	IgG subclass architecture	none	3	2	dose3_minus_dose2	19	21	5.514273990971875	3.70475068179959	1.8095233091722855	-0.030369561409888002	3.649416179754459	3.505264495259338	0.979169440974579	12.548266589586806	2.0058088957871667	31.0152679991532	0.05366680243682046	0.6347099246172977	standard_continuous_model	HPVVT-FJ-M02|IgG subclass architecture|pairwise_persistence_dose_contrast	0.18783380852887163	no
HPVVT-FJ-M03	Heterologous 2vHPV recall	pairwise_recall_dose_contrast	HPV58	cross_reactive_non_booster_target	IgG2	antibody_isotype_or_subclass	IgG subclass architecture	none	3	2	dose3_minus_dose2	19	21	1.1876474503871237	1.7791270129782337	-0.59147956259111	-2.3624251102625244	1.1794659850803044	0.6636619363444015	0.19446398416415647	2.2649292497298505	-0.6802186901723148	32.11841473853467	0.5012401234833199	-0.2147115172932476	standard_continuous_model	HPVVT-FJ-M03|IgG subclass architecture|pairwise_recall_dose_contrast	0.7017361728766479	no
HPVVT-FJ-M02	Six-year 4vHPV persistence	pairwise_persistence_dose_contrast	HPV58	cross_reactive_non_booster_target	IgG3	antibody_isotype_or_subclass	IgG subclass architecture	low	2	1	dose2_minus_dose1	21	20	6.799314146260055	5.951415162705872	0.8478989835541828	-0.6928567662661327	2.3886547333744983	1.799877829052818	0.6186276549220092	5.2366882950363705	1.114987428971934	37.05318702817587	0.2720355444559934	0.34316657518896215	continuous_model_plus_floor_summary	HPVVT-FJ-M02|IgG subclass architecture|pairwise_persistence_dose_contrast	0.49676055944137937	no
HPVVT-FJ-M03	Heterologous 2vHPV recall	pairwise_recall_dose_contrast	HPV58	cross_reactive_non_booster_target	IgG3	antibody_isotype_or_subclass	IgG subclass architecture	low	2	1	dose2_minus_dose1	21	20	4.195767953699142	5.505721553370764	-1.3099535996716218	-3.256291203940135	0.6363840045968912	0.4033338515293649	0.10465468455246937	1.5544282273188819	-1.361734277032037	38.65180326224564	0.1811665998103686	-0.41769535697462484	continuous_model_plus_floor_summary	HPVVT-FJ-M03|IgG subclass architecture|pairwise_recall_dose_contrast	0.3942793427182099	no
HPVVT-FJ-M02	Six-year 4vHPV persistence	pairwise_persistence_dose_contrast	HPV58	cross_reactive_non_booster_target	IgG3	antibody_isotype_or_subclass	IgG subclass architecture	low	3	1	dose3_minus_dose1	19	20	7.404074226225616	5.951415162705872	1.4526590635197438	-0.359510203461783	3.2648283305012704	2.7371207156795574	0.779429151792927	9.611944581452537	1.625551023960066	36.12556628072709	0.11273885329411797	0.5115246648074652	continuous_model_plus_floor_summary	HPVVT-FJ-M02|IgG subclass architecture|pairwise_persistence_dose_contrast	0.32655391988641064	no
HPVVT-FJ-M03	Heterologous 2vHPV recall	pairwise_recall_dose_contrast	HPV58	cross_reactive_non_booster_target	IgG3	antibody_isotype_or_subclass	IgG subclass architecture	low	3	1	dose3_minus_dose1	19	20	2.6067853068324793	5.505721553370764	-2.8989362465382844	-4.963194520163558	-0.8346779729130112	0.13407050161816217	0.0320574944030515	0.560708181935598	-2.8459960719179462	36.80176689385984	0.007194960449244274	-0.893628397128385	continuous_model_plus_floor_summary	HPVVT-FJ-M03|IgG subclass architecture|pairwise_recall_dose_contrast	0.12087533554730381	no
HPVVT-FJ-M02	Six-year 4vHPV persistence	pairwise_persistence_dose_contrast	HPV58	cross_reactive_non_booster_target	IgG3	antibody_isotype_or_subclass	IgG subclass architecture	low	3	2	dose3_minus_dose2	19	21	7.404074226225616	6.799314146260055	0.604760079965561	-1.0735343976768719	2.283054557607994	1.5207258356640583	0.4751535134341016	4.86707348650781	0.7328888685744495	33.277956021203536	0.4687575533440701	0.23070950848311061	continuous_model_plus_floor_summary	HPVVT-FJ-M02|IgG subclass architecture|pairwise_persistence_dose_contrast	0.7047703344957663	no
HPVVT-FJ-M03	Heterologous 2vHPV recall	pairwise_recall_dose_contrast	HPV58	cross_reactive_non_booster_target	IgG3	antibody_isotype_or_subclass	IgG subclass architecture	low	3	2	dose3_minus_dose2	19	21	2.6067853068324793	4.195767953699142	-1.5889826468666626	-3.588201286155284	0.41023599242195896	0.3324057752896079	0.08314646358622632	1.328903174953423	-1.6104861833217843	36.9560212711255	0.11580147252955711	-0.5014725476159605	continuous_model_plus_floor_summary	HPVVT-FJ-M03|IgG subclass architecture|pairwise_recall_dose_contrast	0.3039788653900874	no
HPVVT-FJ-M02	Six-year 4vHPV persistence	pairwise_persistence_dose_contrast	HPV58	cross_reactive_non_booster_target	IgG4	antibody_isotype_or_subclass	IgG subclass architecture	none	2	1	dose2_minus_dose1	21	20	1.3803077112536946	0.8713197772717475	0.5089879339819471	-0.6770635834711439	1.6950394514350382	1.4230515594555473	0.625436974750694	3.2378574062975445	0.8682276494786133	38.720745094622245	0.3906192714891288	0.26625153135401053	standard_continuous_model	HPVVT-FJ-M02|IgG subclass architecture|pairwise_persistence_dose_contrast	0.6310003616362849	no
HPVVT-FJ-M03	Heterologous 2vHPV recall	pairwise_recall_dose_contrast	HPV58	cross_reactive_non_booster_target	IgG4	antibody_isotype_or_subclass	IgG subclass architecture	none	2	1	dose2_minus_dose1	21	20	1.597181873475692	0.7684966264857342	0.8286852469899577	-0.5720265054088074	2.229396999388723	1.7760660647927833	0.6726712457307739	4.68937937592627	1.1966593620214958	38.99948525460125	0.23866349953053972	0.366223247902738	standard_continuous_model	HPVVT-FJ-M03|IgG subclass architecture|pairwise_recall_dose_contrast	0.4662263711759381	no
HPVVT-FJ-M02	Six-year 4vHPV persistence	pairwise_persistence_dose_contrast	HPV58	cross_reactive_non_booster_target	IgG4	antibody_isotype_or_subclass	IgG subclass architecture	none	3	1	dose3_minus_dose1	19	20	0.7652762708550328	0.8713197772717475	-0.10604350641671467	-1.1805618230027872	0.9684748101693579	0.9291326545788258	0.4411796578451278	1.9567708402995883	-0.20047196421934052	34.41436445313971	0.8422915239277555	-0.06237816902612086	standard_continuous_model	HPVVT-FJ-M02|IgG subclass architecture|pairwise_persistence_dose_contrast	0.9938674909216066	no
HPVVT-FJ-M03	Heterologous 2vHPV recall	pairwise_recall_dose_contrast	HPV58	cross_reactive_non_booster_target	IgG4	antibody_isotype_or_subclass	IgG subclass architecture	none	3	1	dose3_minus_dose1	19	20	1.669670634125714	0.7684966264857342	0.9011740076399797	-0.34437809096095795	2.1467261062409175	1.8675851311149383	0.7876474381205207	4.428217566839733	1.4683367752878953	35.319027528305284	0.15086326530184876	0.45754595641553547	standard_continuous_model	HPVVT-FJ-M03|IgG subclass architecture|pairwise_recall_dose_contrast	0.3727210083928028	no
HPVVT-FJ-M02	Six-year 4vHPV persistence	pairwise_persistence_dose_contrast	HPV58	cross_reactive_non_booster_target	IgG4	antibody_isotype_or_subclass	IgG subclass architecture	none	3	2	dose3_minus_dose2	19	21	0.7652762708550328	1.3803077112536946	-0.6150314403986618	-1.6474433053365494	0.41738042453922597	0.6529156645134541	0.31920534063736444	1.3355004152369283	-1.2074673339475106	36.62439909468465	0.23499248815922938	-0.3691352929365674	standard_continuous_model	HPVVT-FJ-M02|IgG subclass architecture|pairwise_persistence_dose_contrast	0.4492744906029813	no
HPVVT-FJ-M03	Heterologous 2vHPV recall	pairwise_recall_dose_contrast	HPV58	cross_reactive_non_booster_target	IgG4	antibody_isotype_or_subclass	IgG subclass architecture	none	3	2	dose3_minus_dose2	19	21	1.669670634125714	1.597181873475692	0.07248876065002197	-1.1891312617608778	1.3341087830609217	1.0515290889997566	0.43856687010604195	2.5211968809803293	0.1164895041098438	36.34564489550212	0.907905903208158	0.035577401272567026	standard_continuous_model	HPVVT-FJ-M03|IgG subclass architecture|pairwise_recall_dose_contrast	0.9415320477714232	no
HPVVT-FJ-M02	Six-year 4vHPV persistence	pairwise_persistence_dose_contrast	HPV58	cross_reactive_non_booster_target	IgM	antibody_isotype_or_subclass	Antibody abundance	none	2	1	dose2_minus_dose1	21	20	10.767445894051404	10.841915619687065	-0.07446972563566057	-0.48925177748223664	0.3403123262109155	0.9496911235486805	0.712394469960096	1.2660306447882372	-0.36324868544004524	38.68044529778205	0.7183968375269318	-0.11141086287036919	standard_continuous_model	HPVVT-FJ-M02|Antibody abundance|pairwise_persistence_dose_contrast	0.8823234909486872	no
HPVVT-FJ-M03	Heterologous 2vHPV recall	pairwise_recall_dose_contrast	HPV58	cross_reactive_non_booster_target	IgM	antibody_isotype_or_subclass	Antibody abundance	none	2	1	dose2_minus_dose1	21	20	-0.058912619225241075	0.15085635286802787	-0.20976897209326895	-0.5563389061647739	0.13680096197823594	0.8646756862233024	0.6800256613504686	1.0994644538280314	-1.230140800834153	33.93953920850153	0.22710311897767652	-0.38011706154971664	standard_continuous_model	HPVVT-FJ-M03|Antibody abundance|pairwise_recall_dose_contrast	0.5791727523535292	no
HPVVT-FJ-M02	Six-year 4vHPV persistence	pairwise_persistence_dose_contrast	HPV58	cross_reactive_non_booster_target	IgM	antibody_isotype_or_subclass	Antibody abundance	none	3	1	dose3_minus_dose1	19	20	10.861771807289552	10.841915619687065	0.019856187602487196	-0.5090806804329844	0.5487930556379588	1.0138584101446904	0.7026700532958119	1.4628613685751986	0.07640502491553872	32.66558460389492	0.9395629270200166	0.024176958141273762	standard_continuous_model	HPVVT-FJ-M02|Antibody abundance|pairwise_persistence_dose_contrast	0.968361779144574	no
HPVVT-FJ-M03	Heterologous 2vHPV recall	pairwise_recall_dose_contrast	HPV58	cross_reactive_non_booster_target	IgM	antibody_isotype_or_subclass	Antibody abundance	none	3	1	dose3_minus_dose1	19	20	0.04229565947523808	0.15085635286802787	-0.10856069339278979	-0.6366982407080937	0.41957685392251415	0.9275129349641086	0.643183258174116	1.3375351948182213	-0.41919759442950794	31.058856870911924	0.677956922801633	-0.13290776864145276	standard_continuous_model	HPVVT-FJ-M03|Antibody abundance|pairwise_recall_dose_contrast	0.8586067969105603	no
HPVVT-FJ-M02	Six-year 4vHPV persistence	pairwise_persistence_dose_contrast	HPV58	cross_reactive_non_booster_target	IgM	antibody_isotype_or_subclass	Antibody abundance	none	3	2	dose3_minus_dose2	19	21	10.861771807289552	10.767445894051404	0.09432591323814776	-0.42438936135052896	0.6130411878268245	1.0675664803059737	0.745154060562607	1.5294799427280696	0.37055647542153547	31.673502851933797	0.7134346395530009	0.11708469009177988	standard_continuous_model	HPVVT-FJ-M02|Antibody abundance|pairwise_persistence_dose_contrast	0.8823234909486872	no
HPVVT-FJ-M03	Heterologous 2vHPV recall	pairwise_recall_dose_contrast	HPV58	cross_reactive_non_booster_target	IgM	antibody_isotype_or_subclass	Antibody abundance	none	3	2	dose3_minus_dose2	19	21	0.04229565947523808	-0.058912619225241075	0.10120827870047916	-0.38880940456999574	0.5912259619709541	1.072671464853215	0.7637596431251853	1.5065264077088019	0.42545604585308056	24.90896518958467	0.6741576305152424	0.1364671172283238	standard_continuous_model	HPVVT-FJ-M03|Antibody abundance|pairwise_recall_dose_contrast	0.8586067969105603	no
