model_id	model_family	contrast_type	antigen_target	feature	maximum_floor_severity	previous_4vHPV_doses	participants	raw_effect_log2	sd_log2_change	se_log2_change	ci95_lower_log2_change	ci95_upper_log2_change	raw_geometric_mean_ratio	gmr_ci95_lower	gmr_ci95_upper	test_statistic	degrees_freedom	raw_p_value	cohen_dz	sensitivity_requirement	bh_family	raw_q_value	fdr_significant_0_05	evidence_id	mixed_fit_method	mixed_effect_log2	mixed_standard_error	mixed_p_value	mixed_q_value	mixed_raw_effect_difference	mixed_direction_agreement	antigen_class	assay_family	outcome_family	floor_robustness_classification	floor_detection_effect	floor_detection_q_value	floor_conditional_effect	floor_conditional_q_value	bpv_calibrated_effect_log2	bpv_calibrated_q_value	calibration_classification	cluster_robust_estimate_log2	cluster_robust_standard_error	cluster_robust_p_value	boundary_direction_agreement	nominal_significance_agreement	raw_fdr_significant	effect_direction	analysis_context	antigen_group	floor_status	bpv_status	method_status	evidence_grade	evidence_grade_label	claim_readiness	interpretation_guardrail	evidence_priority_score	grade_order
HPVVT-FJ-M01	Primary 2vHPV induction	primary_induction	HPV16	IgA2	high	0	20	9.639142316027357	2.8596509367314944	0.6394373886452571	8.300784480304829	10.977500151749885	797.3903390975588	315.34439497141534	2016.3077670803543	15.074411486086712	19.0	5.045015868360928e-12	3.3707408803693517	two_part_floor_sensitivity_required	HPVVT-FJ-M01|Antibody abundance|primary_induction	1.4126044431410598e-10	yes	HPV16|IgA2|dose0	mixedlm_powell	9.63914231602742	0.7168340182850658	3.2137343617765347e-41	4.499228106487148e-40	6.394884621840903e-14	yes	vaccine_target_2vHPV_and_4vHPV	antibody_isotype_or_subclass	Antibody abundance	sensitivity_supported	0.75	0.002197265625	8.723708996674192	0.0215321238830122	8.702616424256552	4.73501213898343e-08	bpv_calibrated_supported						True	increased	primary_2vHPV_induction	vaccine_type	supported	bpv_calibrated_supported	not_applicable	A1_robust_bpv_calibrated	Robust and supported after BPV calibration	claim_ready	May support a primary HPV-associated systems-serology claim.	27.489121748100168	1
HPVVT-FJ-M01	Primary 2vHPV induction	primary_induction	HPV16	IgG	none	0	20	6.454572587157871	2.141023367206544	0.4787473790489326	5.452542806823545	7.456602367492198	87.70411244850604	43.790402546629394	175.6551868229459	13.482209761608225	19.0	3.538527290007962e-11	3.014713751386722	standard_continuous_model	HPVVT-FJ-M01|Antibody abundance|primary_induction	4.953938206011147e-10	yes	HPV16|IgG|dose0	mixedlm_powell	6.454572587157935	0.3195846801813926	1.0455145455924746e-90	2.927440727658929e-89	6.394884621840903e-14	yes	vaccine_target_2vHPV_and_4vHPV	antibody_isotype_or_subclass	Antibody abundance						6.529829771636206	3.2857549242191344e-08	bpv_calibrated_supported						True	increased	primary_2vHPV_induction	vaccine_type	not_required	bpv_calibrated_supported	not_applicable	A1_robust_bpv_calibrated	Robust and supported after BPV calibration	claim_ready	May support a primary HPV-associated systems-serology claim.	23.759622002137718	1
HPVVT-FJ-M01	Primary 2vHPV induction	primary_induction	HPV16	IgG1	none	0	20	6.35407373764079	2.0931570512574478	0.4680441454194664	5.374446082752888	7.333701392528692	81.80254015087215	41.48293547631192	161.31104268057885	13.57580006036866	19.0	3.1394582087337286e-11	3.0356411783930075	standard_continuous_model	HPVVT-FJ-M01|IgG subclass architecture|primary_induction	8.790482984454442e-10	yes	HPV16|IgG1|dose0	mixedlm_powell	6.354073737640918	0.3234024248961695	6.064041192975623e-86	1.6979315340331744e-84	1.2789769243681806e-13	yes	vaccine_target_2vHPV_and_4vHPV	antibody_isotype_or_subclass	IgG subclass architecture						6.205850401576598	1.0213724607150325e-07	bpv_calibrated_supported						True	increased	primary_2vHPV_induction	vaccine_type	not_required	bpv_calibrated_supported	not_applicable	A1_robust_bpv_calibrated	Robust and supported after BPV calibration	claim_ready	May support a primary HPV-associated systems-serology claim.	23.410061000027675	1
HPVVT-FJ-M01	Primary 2vHPV induction	primary_induction	HPV18	IgG1	none	0	20	3.767649968659086	1.4305424529947657	0.3198790169595593	3.0981354916622594	4.437164445655912	13.6199544056478	8.563113760162183	21.663049587748507	11.77835921990285	19.0	3.547410184876609e-10	2.6337211879114166	standard_continuous_model	HPVVT-FJ-M01|IgG subclass architecture|primary_induction	4.966374258827252e-09	yes	HPV18|IgG1|dose0	mixedlm_lbfgs	3.767649968659156	0.3113318306981839	1.0342397591398326e-33	1.4479356627957656e-32	7.016609515630989e-14	yes	vaccine_target_2vHPV_and_4vHPV	antibody_isotype_or_subclass	IgG subclass architecture						3.619426632594892	1.4785739269367918e-07	bpv_calibrated_supported						True	increased	primary_2vHPV_induction	vaccine_type	not_required	bpv_calibrated_supported	not_applicable	A1_robust_bpv_calibrated	Robust and supported after BPV calibration	claim_ready	May support a primary HPV-associated systems-serology claim.	20.07161052439926	1
HPVVT-FJ-M03	Heterologous 2vHPV recall	dose_specific_recall	HPV45	IgG	none	1	20	4.49560184411158	1.6861237718571176	0.3770287372350862	3.7064716278753727	5.284732060347788	22.55854078825004	13.054466799468432	38.98188798610008	11.923764424642432	19.0	2.885126153177985e-10	2.666234780119415	standard_continuous_model	HPVVT-FJ-M03|Antibody abundance|dose_specific_recall	2.423505968669508e-08	yes	HPV45|IgG|dose1	mixedlm_powell	4.495601844111574	0.3934241332505141	3.070166377478636e-30	1.289469878541027e-28	-6.217248937900877e-15	yes	cross_reactive_non_booster_target	antibody_isotype_or_subclass	Antibody abundance						3.48826919722593	1.0584832407118777e-07	bpv_calibrated_supported						True	increased	heterologous_2vHPV_recall	cross_reactive_type	not_required	bpv_calibrated_supported	not_applicable	A1_robust_bpv_calibrated	Robust and supported after BPV calibration	claim_ready	May support a primary HPV-associated systems-serology claim.	20.11115775046046	1
HPVVT-FJ-M01	Primary 2vHPV induction	primary_induction	HPV16	IgA1	none	0	20	5.513085080474395	2.36366289619883	0.5285310911794613	4.406856793133136	6.619313367815655	45.66715724611298	21.212706414142623	98.31320955589156	10.430956990952955	19.0	2.6559128498128093e-09	2.332432890214746	standard_continuous_model	HPVVT-FJ-M01|Antibody abundance|primary_induction	2.4788519931586225e-08	yes	HPV16|IgA1|dose0	mixedlm_powell	5.513085080474381	0.496530744952508	1.2101795697561575e-28	1.1295009317724135e-27	-1.4210854715202004e-14	yes	vaccine_target_2vHPV_and_4vHPV	antibody_isotype_or_subclass	Antibody abundance						4.51648405041395	1.890431000707802e-06	bpv_calibrated_supported						True	increased	primary_2vHPV_induction	vaccine_type	not_required	bpv_calibrated_supported	not_applicable	A1_robust_bpv_calibrated	Robust and supported after BPV calibration	claim_ready	May support a primary HPV-associated systems-serology claim.	21.118834483707953	1
HPVVT-FJ-M03	Heterologous 2vHPV recall	dose_specific_recall	HPV58	IgG	none	1	20	4.338625600943137	1.7629591417412305	0.3942096482488078	3.5135353246785623	5.1637158772077125	20.232821302971097	11.420352881977122	35.845394805969455	11.005883849409967	19.0	1.100091884646656e-09	2.4609904439747745	standard_continuous_model	HPVVT-FJ-M03|Antibody abundance|dose_specific_recall	3.080257277010637e-08	yes	HPV58|IgG|dose1	mixedlm_powell	4.3386256009431365	0.3222546204121986	2.570074505516305e-41	2.158862584633696e-39	-8.881784197001252e-16	yes	cross_reactive_non_booster_target	antibody_isotype_or_subclass	Antibody abundance						3.3312929540574885	5.3514988777535696e-08	bpv_calibrated_supported						True	increased	heterologous_2vHPV_recall	cross_reactive_type	not_required	bpv_calibrated_supported	not_applicable	A1_robust_bpv_calibrated	Robust and supported after BPV calibration	claim_ready	May support a primary HPV-associated systems-serology claim.	19.850038608689562	1
HPVVT-FJ-M03	Heterologous 2vHPV recall	dose_specific_recall	HPV52	IgG	none	3	19	3.6222835143800807	1.3572702719113074	0.3113791554912294	2.96810018373694	4.276466845023221	12.314477530075976	7.825051156499869	19.3795994180538	11.63303146822912	18.0	8.306527277170151e-10	2.668800451423122	standard_continuous_model	HPVVT-FJ-M03|Antibody abundance|dose_specific_recall	3.080257277010637e-08	yes	HPV52|IgG|dose3	mixedlm_powell	3.6222835143800793	0.4326076073397049	5.610348952349459e-17	5.890866399966932e-16	-1.3322676295501878e-15	yes	cross_reactive_non_booster_target	antibody_isotype_or_subclass	Antibody abundance						2.3511304650788194	3.1922967703192484e-05	bpv_calibrated_supported						True	increased	heterologous_2vHPV_recall	cross_reactive_type	not_required	bpv_calibrated_supported	not_applicable	A1_robust_bpv_calibrated	Robust and supported after BPV calibration	claim_ready	May support a primary HPV-associated systems-serology claim.	19.133696522126506	1
HPVVT-FJ-M03	Heterologous 2vHPV recall	dose_specific_recall	HPV45	IgG1	none	1	20	4.309510923357007	1.6424259624519886	0.3672576100053163	3.5408319114513915	5.078189935262623	19.828600122514043	11.638489388477202	33.78216619828936	11.734299864595382	19.0	3.778109998239354e-10	2.623869216560185	standard_continuous_model	HPVVT-FJ-M03|IgG subclass architecture|dose_specific_recall	3.173612398521058e-08	yes	HPV45|IgG1|dose1	mixedlm_powell	4.3095109233570055	0.3655075549516428	4.3702303803374877e-32	1.8354967597417453e-30	-1.7763568394002505e-15	yes	cross_reactive_non_booster_target	antibody_isotype_or_subclass	IgG subclass architecture						3.112611538709446	1.0213724607150325e-07	bpv_calibrated_supported						True	increased	heterologous_2vHPV_recall	cross_reactive_type	not_required	bpv_calibrated_supported	not_applicable	A1_robust_bpv_calibrated	Robust and supported after BPV calibration	claim_ready	May support a primary HPV-associated systems-serology claim.	19.80795703920615	1
HPVVT-FJ-M03	Heterologous 2vHPV recall	dose_specific_recall	HPV31	IgG	none	1	20	5.041652973623409	2.142086336705684	0.4789850662547411	4.0391257082499	6.044180238996917	32.93735895293997	16.439855443264705	65.99021618765379	10.52569971136027	19.0	2.291364146399657e-09	2.353618006535148	standard_continuous_model	HPVVT-FJ-M03|Antibody abundance|dose_specific_recall	3.20790980495952e-08	yes	HPV31|IgG|dose1	mixedlm_powell	5.041652973623405	0.4747668100205636	2.425808134119108e-26	6.792262775533503e-25	-3.552713678800501e-15	yes	cross_reactive_non_booster_target	antibody_isotype_or_subclass	Antibody abundance						4.03432032673776	7.710370439838729e-07	bpv_calibrated_supported						True	increased	heterologous_2vHPV_recall	cross_reactive_type	not_required	bpv_calibrated_supported	not_applicable	A1_robust_bpv_calibrated	Robust and supported after BPV calibration	claim_ready	May support a primary HPV-associated systems-serology claim.	20.535430824659365	1
HPVVT-FJ-M03	Heterologous 2vHPV recall	dose_specific_recall	HPV45	IgG	none	3	19	3.757959687739072	1.4888060351744288	0.3415555291504629	3.0403781485807007	4.475541226897443	13.528778567163478	8.227066748702386	22.247035925435988	11.002485297445164	18.0	2.013641350929117e-09	2.524143238913448	standard_continuous_model	HPVVT-FJ-M03|Antibody abundance|dose_specific_recall	3.20790980495952e-08	yes	HPV45|IgG|dose3	mixedlm_powell	3.757959687739071	0.4036446439028926	1.2774873118908051e-20	1.5329847742689662e-19	-8.881784197001252e-16	yes	cross_reactive_non_booster_target	antibody_isotype_or_subclass	Antibody abundance						2.4868066384378107	0.0001322443247922	bpv_calibrated_supported						True	increased	heterologous_2vHPV_recall	cross_reactive_type	not_required	bpv_calibrated_supported	not_applicable	A1_robust_bpv_calibrated	Robust and supported after BPV calibration	claim_ready	May support a primary HPV-associated systems-serology claim.	19.25173753877503	1
HPVVT-FJ-M03	Heterologous 2vHPV recall	dose_specific_recall	HPV45	IgG	none	2	21	3.669228503340243	1.6369983880180567	0.3572223345530207	2.924075770915674	4.414381235764813	12.721778812954511	7.58987313380278	21.323631279808925	10.271554011121436	20.0	2.012410165722082e-09	2.241436845751964	standard_continuous_model	HPVVT-FJ-M03|Antibody abundance|dose_specific_recall	3.20790980495952e-08	yes	HPV45|IgG|dose2	mixedlm_powell	3.6692285033402414	0.3839426403388902	1.215595026464958e-21	1.701833037050941e-20	-1.7763568394002505e-15	yes	cross_reactive_non_booster_target	antibody_isotype_or_subclass	Antibody abundance						3.047909002230116	6.742206910539109e-06	bpv_calibrated_supported						True	increased	heterologous_2vHPV_recall	cross_reactive_type	not_required	bpv_calibrated_supported	not_applicable	A1_robust_bpv_calibrated	Robust and supported after BPV calibration	claim_ready	May support a primary HPV-associated systems-serology claim.	19.1630063543762	1
HPVVT-FJ-M03	Heterologous 2vHPV recall	dose_specific_recall	HPV58	IgG	none	2	21	2.5037487786885464	1.1756032477612022	0.2565376604810301	1.968620596078024	3.038876961299069	5.671572446850558	3.913937168239748	8.218510578273047	9.759770842198382	20.0	4.754435705187191e-09	2.1297566023712853	standard_continuous_model	HPVVT-FJ-M03|Antibody abundance|dose_specific_recall	5.705322846224628e-08	yes	HPV58|IgG|dose2	mixedlm_powell	2.503748778688552	0.3144883075682666	1.7018412213734465e-15	1.58838513994855e-14	5.3290705182007506e-15	yes	cross_reactive_non_booster_target	antibody_isotype_or_subclass	Antibody abundance						1.882429277578419	1.3683081947448457e-05	bpv_calibrated_supported						True	increased	heterologous_2vHPV_recall	cross_reactive_type	not_required	bpv_calibrated_supported	not_applicable	A1_robust_bpv_calibrated	Robust and supported after BPV calibration	claim_ready	May support a primary HPV-associated systems-serology claim.	17.747468553884048	1
HPVVT-FJ-M03	Heterologous 2vHPV recall	dose_specific_recall	HPV58	IgG1	none	1	20	4.19510075016283	1.7792132698702934	0.3978441817899654	3.362403307770058	5.0277981925556015	18.316865677575677	10.284525353896614	32.62256221899752	10.54458238219896	19.0	2.2251771349949915e-09	2.357840300094354	standard_continuous_model	HPVVT-FJ-M03|IgG subclass architecture|dose_specific_recall	6.230495977985976e-08	yes	HPV58|IgG1|dose1	mixedlm_lbfgs	4.19510075016283	0.2992879211761647	1.227967146346447e-44	1.0314924029310154e-42	0.0	yes	cross_reactive_non_booster_target	antibody_isotype_or_subclass	IgG subclass architecture						2.998201365515269	2.559359068213553e-07	bpv_calibrated_supported						True	increased	heterologous_2vHPV_recall	cross_reactive_type	not_required	bpv_calibrated_supported	not_applicable	A1_robust_bpv_calibrated	Robust and supported after BPV calibration	claim_ready	May support a primary HPV-associated systems-serology claim.	19.400578130160362	1
HPVVT-FJ-M03	Heterologous 2vHPV recall	dose_specific_recall	HPV45	IgG1	none	3	19	3.624392876802324	1.4435036586161871	0.3311624511862734	2.928646384204861	4.3201393693997865	12.332495679572355	7.613956799111704	19.975218365359616	10.944456002844545	18.0	2.188823751829972e-09	2.510830405706656	standard_continuous_model	HPVVT-FJ-M03|IgG subclass architecture|dose_specific_recall	6.230495977985976e-08	yes	HPV45|IgG1|dose3	mixedlm_powell	3.624392876802325	0.3750028389039603	4.247256650534881e-22	5.0967079806418575e-21	8.881784197001252e-16	yes	cross_reactive_non_booster_target	antibody_isotype_or_subclass	IgG subclass architecture						2.7600614752201893	1.7798853055429093e-07	bpv_calibrated_supported						True	increased	heterologous_2vHPV_recall	cross_reactive_type	not_required	bpv_calibrated_supported	not_applicable	A1_robust_bpv_calibrated	Robust and supported after BPV calibration	claim_ready	May support a primary HPV-associated systems-serology claim.	18.829870256799854	1
HPVVT-FJ-M03	Heterologous 2vHPV recall	dose_specific_recall	HPV52	IgG1	none	3	19	3.110324158947204	1.2639124319265898	0.289961398118565	2.5011378668208275	3.719510451073581	8.635766043126997	5.661317622281745	13.172985535753766	10.72668354866807	18.0	3.002412193305938e-09	2.460869978314967	standard_continuous_model	HPVVT-FJ-M03|IgG subclass architecture|dose_specific_recall	6.30506560594247e-08	yes	HPV52|IgG1|dose3	mixedlm_powell	3.110324158947204	0.4114800043026314	4.065837333725861e-14	2.276868906886482e-13	0.0	yes	cross_reactive_non_booster_target	antibody_isotype_or_subclass	IgG subclass architecture						2.2459927573650686	1.0303544598188386e-06	bpv_calibrated_supported						True	increased	heterologous_2vHPV_recall	cross_reactive_type	not_required	bpv_calibrated_supported	not_applicable	A1_robust_bpv_calibrated	Robust and supported after BPV calibration	claim_ready	May support a primary HPV-associated systems-serology claim.	18.310634549061014	1
HPVVT-FJ-M03	Heterologous 2vHPV recall	dose_specific_recall	HPV45	IgG1	none	2	21	3.8836316572683702	1.8118062098496368	0.3953685286298574	3.058907358347212	4.708355956189529	14.760110912910427	8.33341229064363	26.143057197112597	9.822814351782188	20.0	4.26967033469476e-09	2.1435138240257365	standard_continuous_model	HPVVT-FJ-M03|IgG subclass architecture|dose_specific_recall	7.173046162287196e-08	yes	HPV45|IgG1|dose2	mixedlm_powell	3.883631657268372	0.3566988495405482	1.3192361057823931e-27	3.6938610961907006e-26	1.7763568394002505e-15	yes	cross_reactive_non_booster_target	antibody_isotype_or_subclass	IgG subclass architecture						3.3822484398164234	2.014580604098245e-06	bpv_calibrated_supported						True	increased	heterologous_2vHPV_recall	cross_reactive_type	not_required	bpv_calibrated_supported	not_applicable	A1_robust_bpv_calibrated	Robust and supported after BPV calibration	claim_ready	May support a primary HPV-associated systems-serology claim.	19.0279280315128	1
HPVVT-FJ-M03	Heterologous 2vHPV recall	dose_specific_recall	HPV58	IgG1	none	3	19	3.147898600238105	1.3250291468016082	0.3039825341133752	2.509254994471016	3.7865422060051945	8.863635780747789	5.693260032316354	13.799481985330644	10.355524567947858	18.0	5.202980823323543e-09	2.3757202683703897	standard_continuous_model	HPVVT-FJ-M03|IgG subclass architecture|dose_specific_recall	7.28417315265296e-08	yes	HPV58|IgG1|dose3	mixedlm_lbfgs	3.147898600238108	0.3070629281673129	1.1635236319062487e-24	1.9547197016024978e-23	2.664535259100376e-15	yes	cross_reactive_non_booster_target	antibody_isotype_or_subclass	IgG subclass architecture						2.28356719865597	2.94105874821494e-07	bpv_calibrated_supported						True	increased	heterologous_2vHPV_recall	cross_reactive_type	not_required	bpv_calibrated_supported	not_applicable	A1_robust_bpv_calibrated	Robust and supported after BPV calibration	claim_ready	May support a primary HPV-associated systems-serology claim.	18.28551833934423	1
HPVVT-FJ-M03	Heterologous 2vHPV recall	dose_specific_recall	HPV31	IgG1	none	3	19	3.184088939904793	1.3817073721446766	0.3169854107749363	2.518127303972895	3.850050575836691	9.088794411058243	5.728380417025011	14.420512925603571	10.044906900038804	18.0	8.335499655422733e-09	2.304459688133872	standard_continuous_model	HPVVT-FJ-M03|IgG subclass architecture|dose_specific_recall	8.75227463819387e-08	yes	HPV31|IgG1|dose3	mixedlm_powell	3.1840889399047896	0.4704190145855876	1.3001387381487493e-11	5.460582700224747e-11	-3.552713678800501e-15	yes	cross_reactive_non_booster_target	antibody_isotype_or_subclass	IgG subclass architecture						2.3197575383226576	1.160456763652786e-05	bpv_calibrated_supported						True	increased	heterologous_2vHPV_recall	cross_reactive_type	not_required	bpv_calibrated_supported	not_applicable	A1_robust_bpv_calibrated	Robust and supported after BPV calibration	claim_ready	May support a primary HPV-associated systems-serology claim.	18.241968002946887	1
HPVVT-FJ-M03	Heterologous 2vHPV recall	dose_specific_recall	HPV58	IgG1	none	2	21	2.588367526482062	1.2494605984110243	0.2726546557182542	2.0196198809269323	3.1571151720371917	6.014177828596152	4.054769433983458	8.920441850732635	9.493208614624695	20.0	7.530666702375801e-09	2.071587955453549	standard_continuous_model	HPVVT-FJ-M03|IgG subclass architecture|dose_specific_recall	8.75227463819387e-08	yes	HPV58|IgG1|dose2	mixedlm_lbfgs	2.5883675264820623	0.292075104108434	7.859653950832941e-19	7.335677020777409e-18	4.440892098500626e-16	yes	cross_reactive_non_booster_target	antibody_isotype_or_subclass	IgG subclass architecture						2.086984309030114	6.595571525190678e-06	bpv_calibrated_supported						True	increased	heterologous_2vHPV_recall	cross_reactive_type	not_required	bpv_calibrated_supported	not_applicable	A1_robust_bpv_calibrated	Robust and supported after BPV calibration	claim_ready	May support a primary HPV-associated systems-serology claim.	17.646246589524157	1
HPVVT-FJ-M01	Primary 2vHPV induction	primary_induction	HPV18	IgG	none	0	20	3.750673700138944	1.7864243581986583	0.3994566301593633	2.9146013645225315	4.586746035755357	13.4606269307239	7.540192545821873	24.02968840212556	9.389439095409712	19.0	1.4376758314072433e-08	2.099542408793025	standard_continuous_model	HPVVT-FJ-M01|Antibody abundance|primary_induction	1.0063730819850702e-07	yes	HPV18|IgG|dose0	mixedlm_powell	3.750673700139008	0.3625689802884219	4.42218269607393e-25	2.4764223098014013e-24	6.394884621840903e-14	yes	vaccine_target_2vHPV_and_4vHPV	antibody_isotype_or_subclass	Antibody abundance						3.825930884617277	8.648292375665001e-08	bpv_calibrated_supported						True	increased	primary_2vHPV_induction	vaccine_type	not_required	bpv_calibrated_supported	not_applicable	A1_robust_bpv_calibrated	Robust and supported after BPV calibration	claim_ready	May support a primary HPV-associated systems-serology claim.	18.747914688196026	1
HPVVT-FJ-M03	Heterologous 2vHPV recall	dose_specific_recall	HPV52	IgG	none	1	20	4.433932293106385	2.0905634197370127	0.4674641917806386	3.455518495134991	5.4123460910777785	21.61457093874417	10.970204350936342	42.58714440685217	9.485073661400452	19.0	1.2247729373120316e-08	2.120926947848424	standard_continuous_model	HPVVT-FJ-M03|Antibody abundance|dose_specific_recall	1.1431214081578961e-07	yes	HPV52|IgG|dose1	mixedlm_powell	4.4339322931063805	0.4216537380739973	7.323127095602787e-26	1.5378566900765852e-24	-4.440892098500626e-15	yes	cross_reactive_non_booster_target	antibody_isotype_or_subclass	Antibody abundance						3.426599646220737	7.710370439838729e-07	bpv_calibrated_supported						True	increased	heterologous_2vHPV_recall	cross_reactive_type	not_required	bpv_calibrated_supported	not_applicable	A1_robust_bpv_calibrated	Robust and supported after BPV calibration	claim_ready	May support a primary HPV-associated systems-serology claim.	19.37583993489576	1
HPVVT-FJ-M03	Heterologous 2vHPV recall	dose_specific_recall	HPV52	IgG	none	2	21	3.181324734446331	1.5770834335458834	0.3441478195945175	2.46344496231593	3.899204506576732	9.071396941986375	5.515321409162499	14.920298632528032	9.244064769013027	20.0	1.1664655203317757e-08	2.017220311098889	standard_continuous_model	HPVVT-FJ-M03|Antibody abundance|dose_specific_recall	1.1431214081578961e-07	yes	HPV52|IgG|dose2	mixedlm_powell	3.1813247344463296	0.4114919137454355	1.0654064193367891e-14	8.949413922429031e-14	-1.3322676295501878e-15	yes	cross_reactive_non_booster_target	antibody_isotype_or_subclass	Antibody abundance						2.5600052333362027	1.2074363548313014e-05	bpv_calibrated_supported						True	increased	heterologous_2vHPV_recall	cross_reactive_type	not_required	bpv_calibrated_supported	not_applicable	A1_robust_bpv_calibrated	Robust and supported after BPV calibration	claim_ready	May support a primary HPV-associated systems-serology claim.	18.123232376235705	1
HPVVT-FJ-M03	Heterologous 2vHPV recall	dose_specific_recall	HPV18	IgG3	none	2	21	3.559389144155444	1.7948129852181829	0.3916603030024752	2.7424000683472185	4.376378219963669	11.78916099730706	6.691826627366697	20.76926447138361	9.08794972804009	20.0	1.540403545735139e-08	1.9831532162236691	standard_continuous_model	HPVVT-FJ-M03|IgG subclass architecture|dose_specific_recall	1.4377099760194633e-07	yes	HPV18|IgG3|dose2	mixedlm_powell	3.5593891441554457	0.5249581912100466	1.199026828562322e-11	5.3009607157492124e-11	1.7763568394002505e-15	yes	vaccine_target_2vHPV_and_4vHPV	antibody_isotype_or_subclass	IgG subclass architecture						2.274550080603936	0.0050443745976716	bpv_calibrated_supported						True	increased	heterologous_2vHPV_recall	vaccine_type	not_required	bpv_calibrated_supported	not_applicable	A1_robust_bpv_calibrated	Robust and supported after BPV calibration	claim_ready	May support a primary HPV-associated systems-serology claim.	18.401717857912345	1
HPVVT-FJ-M03	Heterologous 2vHPV recall	dose_specific_recall	HPV45	FcgR3A	high	2	21	5.7771702456410985	2.6194815109019767	0.5716177288212191	4.58479655751092	6.969543933771277	54.84051619417462	23.99723960511819	125.32617359048602	10.10670235430711	20.0	2.6458481911597253e-09	2.205463265000035	two_part_floor_sensitivity_required	HPVVT-FJ-M03|Fc-receptor engagement|dose_specific_recall	1.6668843604306274e-07	yes	HPV45|FcgR3A|dose2	mixedlm_powell	5.777170245641095	0.5998506929565178	5.914310836679864e-22	1.2420052757027715e-20	-3.552713678800501e-15	yes	cross_reactive_non_booster_target	fc_gamma_receptor_binding	Fc-receptor engagement	sensitivity_supported	0.3333333333333333	0.125	4.430251740368671	1.934472949082169e-05	4.593993674214588	3.1895829520702574e-05	bpv_calibrated_supported						True	increased	heterologous_2vHPV_recall	cross_reactive_type	supported	bpv_calibrated_supported	not_applicable	A1_robust_bpv_calibrated	Robust and supported after BPV calibration	claim_ready	May support a primary HPV-associated systems-serology claim.	20.555264773808823	1
HPVVT-FJ-M03	Heterologous 2vHPV recall	dose_specific_recall	HPV58	IgG	none	3	19	3.335402683273118	1.554153063317383	0.356547165568139	2.586324884745572	4.084480481800664	10.093836256710125	6.005668672006937	16.964893659914207	9.354730608945747	18.0	2.467731294492281e-08	2.146122387812696	standard_continuous_model	HPVVT-FJ-M03|Antibody abundance|dose_specific_recall	2.0728942873735165e-07	yes	HPV58|IgG|dose3	mixedlm_powell	3.3354026832731165	0.3306262644023345	6.234213123888407e-24	1.0473478048132524e-22	-1.3322676295501878e-15	yes	cross_reactive_non_booster_target	antibody_isotype_or_subclass	Antibody abundance						2.064249633971856	0.0010278263036358	bpv_calibrated_supported						True	increased	heterologous_2vHPV_recall	cross_reactive_type	not_required	bpv_calibrated_supported	not_applicable	A1_robust_bpv_calibrated	Robust and supported after BPV calibration	claim_ready	May support a primary HPV-associated systems-serology claim.	18.018825528589286	1
HPVVT-FJ-M01	Primary 2vHPV induction	primary_induction	HPV16	FcgR3A	low	0	20	6.662738455416481	3.13368090977363	0.700712353404722	5.196130644519373	8.129346266313588	101.31742144355236	36.65989235386677	280.0122757831191	9.508521468249572	19.0	1.1777724444886764e-08	2.1261700368522147	continuous_model_plus_floor_summary	HPVVT-FJ-M01|Fc-receptor engagement|primary_induction	2.473322133426221e-07	yes	HPV16|FcgR3A|dose0	mixedlm_powell	6.662738455416506	0.5093125568339286	4.182678638412597e-39	4.3918125703332253e-38	2.5757174171303632e-14	yes	vaccine_target_2vHPV_and_4vHPV	fc_gamma_receptor_binding	Fc-receptor engagement						6.294517917069219	4.662949455420815e-06	bpv_calibrated_supported						True	increased	primary_2vHPV_induction	vaccine_type	not_required	bpv_calibrated_supported	not_applicable	A1_robust_bpv_calibrated	Robust and supported after BPV calibration	claim_ready	May support a primary HPV-associated systems-serology claim.	21.26945777146178	1
HPVVT-FJ-M03	Heterologous 2vHPV recall	dose_specific_recall	HPV52	IgG1	none	1	20	4.170886389476325	2.107208403807745	0.4711861233672945	3.1846824991651985	5.157090279787452	18.01199889878309	9.09253452788824	35.68115175528658	8.851887147417276	19.0	3.612628552529027e-08	1.979342139078173	standard_continuous_model	HPVVT-FJ-M03|IgG subclass architecture|dose_specific_recall	3.0346079841243826e-07	yes	HPV52|IgG1|dose1	mixedlm_powell	4.170886389476327	0.4010610978938856	2.4890190427320142e-25	5.22693998973723e-24	1.7763568394002505e-15	yes	cross_reactive_non_booster_target	antibody_isotype_or_subclass	IgG subclass architecture						2.973987004828767	6.595571525190678e-06	bpv_calibrated_supported						True	increased	heterologous_2vHPV_recall	cross_reactive_type	not_required	bpv_calibrated_supported	not_applicable	A1_robust_bpv_calibrated	Robust and supported after BPV calibration	claim_ready	May support a primary HPV-associated systems-serology claim.	18.688783793349312	1
HPVVT-FJ-M01	Primary 2vHPV induction	primary_induction	HPV18	IgA1	none	0	20	3.80363064622432	1.989256742878739	0.4448113301776681	2.872629832489124	4.734631459959515	13.96390600973548	7.323990056724336	26.6235575879436	8.551110073354156	19.0	6.14480432354836e-08	1.9120863407103104	standard_continuous_model	HPVVT-FJ-M01|Antibody abundance|primary_induction	3.4410904211870817e-07	yes	HPV18|IgA1|dose0	mixedlm_lbfgs	3.803630646224328	0.4108576036587911	2.0872030606218555e-20	9.74028094956866e-20	7.993605777301127e-15	yes	vaccine_target_2vHPV_and_4vHPV	antibody_isotype_or_subclass	Antibody abundance						2.807029616163875	0.0002479211094178	bpv_calibrated_supported						True	increased	primary_2vHPV_induction	vaccine_type	not_required	bpv_calibrated_supported	not_applicable	A1_robust_bpv_calibrated	Robust and supported after BPV calibration	claim_ready	May support a primary HPV-associated systems-serology claim.	18.266934561541007	1
HPVVT-FJ-M01	Primary 2vHPV induction	primary_induction	HPV16	FcgR2B	moderate	0	20	7.728529739934484	3.8910062866761614	0.870055455788693	5.907482742299605	9.549576737569364	212.08955168930208	60.02463174320403	749.3919850805578	8.882801307105971	19.0	3.4228892676576137e-08	1.9862547553312937	above_floor_binary_sensitivity_required	HPVVT-FJ-M01|Fc-receptor engagement|primary_induction	3.594033731040495e-07	yes	HPV16|FcgR2B|dose0	mixedlm_powell	7.72852973993451	0.5155650656481651	8.48328508407147e-51	1.781489867655009e-49	2.5757174171303632e-14	yes	vaccine_target_2vHPV_and_4vHPV	fc_gamma_receptor_binding	Fc-receptor engagement	sensitivity_supported	0.55	0.0625	4.543077802665149	0.0121762511356631	7.808529353445612	4.662949455420815e-06	bpv_calibrated_supported						True	increased	primary_2vHPV_induction	vaccine_type	supported	bpv_calibrated_supported	not_applicable	A1_robust_bpv_calibrated	Robust and supported after BPV calibration	claim_ready	May support a primary HPV-associated systems-serology claim.	22.17294759116375	1
HPVVT-FJ-M03	Heterologous 2vHPV recall	dose_specific_recall	HPV52	IgG1	none	2	21	3.099520294829498	1.6826170678612666	0.3671771466237572	2.333602188300972	3.865438401358024	8.571337202909351	5.040623462800653	14.575145711272386	8.44148478011227	20.0	5.033689092945708e-08	1.84208299917534	standard_continuous_model	HPVVT-FJ-M03|IgG subclass architecture|dose_specific_recall	3.843908034613086e-07	yes	HPV52|IgG1|dose2	mixedlm_powell	3.0995202948294995	0.3913955546914618	2.3913879186553187e-15	1.545204501284975e-14	1.3322676295501878e-15	yes	cross_reactive_non_booster_target	antibody_isotype_or_subclass	IgG subclass architecture						2.598137077377552	0.0001018889828762	bpv_calibrated_supported						True	increased	heterologous_2vHPV_recall	cross_reactive_type	not_required	bpv_calibrated_supported	not_applicable	A1_robust_bpv_calibrated	Robust and supported after BPV calibration	claim_ready	May support a primary HPV-associated systems-serology claim.	17.51474730619143	1
HPVVT-FJ-M01	Primary 2vHPV induction	primary_induction	HPV16	IgM	none	0	20	3.971182214883811	2.1378604472558056	0.4780401286472084	2.970632726652783	4.971731703114839	15.683571382626807	7.8387995103549954	31.379092039415	8.307215183214307	19.0	9.533224608156785e-08	1.857549785338556	standard_continuous_model	HPVVT-FJ-M01|Antibody abundance|primary_induction	4.448838150473166e-07	yes	HPV16|IgM|dose0	mixedlm_powell	3.971182214883761	0.3786132493707893	9.73003865290456e-26	6.811027057033192e-25	-4.973799150320701e-14	yes	vaccine_target_2vHPV_and_4vHPV	antibody_isotype_or_subclass	Antibody abundance						4.090902187591764	1.3982056735380874e-07	bpv_calibrated_supported						True	increased	primary_2vHPV_induction	vaccine_type	not_required	bpv_calibrated_supported	not_applicable	A1_robust_bpv_calibrated	Robust and supported after BPV calibration	claim_ready	May support a primary HPV-associated systems-serology claim.	18.322935608559227	1
HPVVT-FJ-M01	Primary 2vHPV induction	primary_induction	HPV16	IgG3	none	0	20	6.048283248858004	3.152865970847082	0.7050022634759946	4.572696552990475	7.523869944725533	66.17815881068151	23.796814406713967	184.0392847849479	8.579097631597815	19.0	5.845651282766759e-08	1.9183445489860165	standard_continuous_model	HPVVT-FJ-M01|IgG subclass architecture|primary_induction	5.455941197248974e-07	yes	HPV16|IgG3|dose0	mixedlm_lbfgs	6.048283248858066	0.6174016608536814	1.1672664960322504e-22	1.0894487296301004e-21	6.217248937900878e-14	yes	vaccine_target_2vHPV_and_4vHPV	antibody_isotype_or_subclass	IgG subclass architecture						7.312336102796371	6.595571525190678e-06	bpv_calibrated_supported						True	increased	primary_2vHPV_induction	vaccine_type	not_required	bpv_calibrated_supported	not_applicable	A1_robust_bpv_calibrated	Robust and supported after BPV calibration	claim_ready	May support a primary HPV-associated systems-serology claim.	20.311413567900182	1
HPVVT-FJ-M03	Heterologous 2vHPV recall	dose_specific_recall	HPV58	FcgR3A	high	2	21	4.961473050805968	2.5253499680995675	0.5510765421462183	3.811947527243306	6.11099857436863	31.156754405955223	14.044637930114042	69.11843152834682	9.00323761102778	20.0	1.793549479661962e-08	1.9646675167718184	two_part_floor_sensitivity_required	HPVVT-FJ-M03|Fc-receptor engagement|dose_specific_recall	5.649680860935181e-07	yes	HPV58|FcgR3A|dose2	mixedlm_lbfgs	4.961473050805973	0.5841245756676011	1.9988305439449936e-17	1.798947489550494e-16	4.440892098500626e-15	yes	cross_reactive_non_booster_target	fc_gamma_receptor_binding	Fc-receptor engagement	sensitivity_supported	0.3333333333333333	0.125	3.57861162130752	2.1922330793454963e-05	3.7782964793794593	0.0003263907938964	bpv_calibrated_supported						True	increased	heterologous_2vHPV_recall	cross_reactive_type	supported	bpv_calibrated_supported	not_applicable	A1_robust_bpv_calibrated	Robust and supported after BPV calibration	claim_ready	May support a primary HPV-associated systems-serology claim.	19.20944913471208	1
HPVVT-FJ-M03	Heterologous 2vHPV recall	dose_specific_recall	HPV58	FcgR3A	high	1	20	6.358503677251621	3.163765375118155	0.7074394443624316	4.877815903163835	7.839191451339406	82.05410907916908	29.401460223242477	228.9980417861592	8.988053646036263	19.0	2.851059330484089e-08	2.009789893795192	two_part_floor_sensitivity_required	HPVVT-FJ-M03|Fc-receptor engagement|dose_specific_recall	5.987224594016586e-07	yes	HPV58|FcgR3A|dose1	mixedlm_lbfgs	6.358503677251623	0.598549576805295	2.324872772491508e-26	1.4646698466696501e-24	1.7763568394002505e-15	yes	cross_reactive_non_booster_target	fc_gamma_receptor_binding	Fc-receptor engagement	sensitivity_supported	0.5	0.0625	3.804579534135829	0.0013662394132982	5.725786260369379	4.662949455420815e-06	bpv_calibrated_supported						True	increased	heterologous_2vHPV_recall	cross_reactive_type	supported	bpv_calibrated_supported	not_applicable	A1_robust_bpv_calibrated	Robust and supported after BPV calibration	claim_ready	May support a primary HPV-associated systems-serology claim.	20.581278127455263	1
HPVVT-FJ-M03	Heterologous 2vHPV recall	dose_specific_recall	HPV31	IgG1	none	1	20	4.676450545473426	2.524947604745785	0.5645954483836846	3.494738690996956	5.858162399949897	25.57124583449712	11.272524113539962	58.007293392512665	8.282834299959553	19.0	9.96528115418729e-08	1.8520980541076448	standard_continuous_model	HPVVT-FJ-M03|IgG subclass architecture|dose_specific_recall	6.975696807931103e-07	yes	HPV31|IgG1|dose1	mixedlm_powell	4.676450545473427	0.4585077391053411	1.9973999584303192e-24	2.796359941802447e-23	8.881784197001252e-16	yes	cross_reactive_non_booster_target	antibody_isotype_or_subclass	IgG subclass architecture						3.479551160825866	4.430544450283473e-06	bpv_calibrated_supported						True	increased	heterologous_2vHPV_recall	cross_reactive_type	not_required	bpv_calibrated_supported	not_applicable	A1_robust_bpv_calibrated	Robust and supported after BPV calibration	claim_ready	May support a primary HPV-associated systems-serology claim.	18.832862949337905	1
HPVVT-FJ-M03	Heterologous 2vHPV recall	dose_specific_recall	HPV31	IgG3	none	1	20	7.458074143004342	4.249718566217075	0.950265959930432	5.469144630784589	9.447003655224094	175.83447413462383	44.2972315071462	697.9615032874442	7.848407138092519	19.0	2.2241007281376458e-07	1.754957187586945	standard_continuous_model	HPVVT-FJ-M03|IgG subclass architecture|dose_specific_recall	1.387675826573715e-06	yes	HPV31|IgG3|dose1	mixedlm_powell	7.458074143004344	0.8448117887929931	1.0647877132269453e-18	8.944216791106341e-18	2.664535259100376e-15	yes	cross_reactive_non_booster_target	antibody_isotype_or_subclass	IgG subclass architecture						5.0476139403227736	2.2474954483949003e-05	bpv_calibrated_supported						True	increased	heterologous_2vHPV_recall	cross_reactive_type	not_required	bpv_calibrated_supported	not_applicable	A1_robust_bpv_calibrated	Robust and supported after BPV calibration	claim_ready	May support a primary HPV-associated systems-serology claim.	21.315786120094046	1
HPVVT-FJ-M03	Heterologous 2vHPV recall	dose_specific_recall	HPV58	IgG3	low	1	20	5.505721553370764	3.145584645581381	0.7033741096499552	4.033542622625412	6.977900484116115	45.43466553237625	16.376357789739952	126.05420927797635	7.827586312653404	19.0	2.312793044289525e-07	1.750301509483993	continuous_model_plus_floor_summary	HPVVT-FJ-M03|IgG subclass architecture|dose_specific_recall	1.387675826573715e-06	yes	HPV58|IgG3|dose1	mixedlm_powell	5.505721553370761	0.6949525398106724	2.3288975241828136e-15	1.545204501284975e-14	-2.664535259100376e-15	yes	cross_reactive_non_booster_target	antibody_isotype_or_subclass	IgG subclass architecture						3.095261350689193	6.133619258342804e-05	bpv_calibrated_supported						True	increased	heterologous_2vHPV_recall	cross_reactive_type	not_required	bpv_calibrated_supported	not_applicable	A1_robust_bpv_calibrated	Robust and supported after BPV calibration	claim_ready	May support a primary HPV-associated systems-serology claim.	19.363433530460465	1
HPVVT-FJ-M01	Primary 2vHPV induction	primary_induction	HPV18	IgA2	high	0	20	5.806649541396817	3.431341863685995	0.7672713661242702	4.20073211584003	7.412566966953604	55.97262646594236	18.38850281640327	170.37465990440558	7.567921595625335	19.0	3.7847907842184483e-07	1.6922387136206924	two_part_floor_sensitivity_required	HPVVT-FJ-M01|Antibody abundance|primary_induction	1.5139163136873791e-06	yes	HPV18|IgA2|dose0	mixedlm_powell	5.806649541396872	0.8899184925927813	6.80365276991003e-11	2.721461107964012e-10	5.506706202140776e-14	yes	vaccine_target_2vHPV_and_4vHPV	antibody_isotype_or_subclass	Antibody abundance	sensitivity_supported	0.4	0.0401785714285714	4.357511716702502	0.0024543989956124	4.870123649626015	0.0002355589933081	bpv_calibrated_supported						True	increased	primary_2vHPV_induction	vaccine_type	supported	bpv_calibrated_supported	not_applicable	A1_robust_bpv_calibrated	Robust and supported after BPV calibration	claim_ready	May support a primary HPV-associated systems-serology claim.	19.626547672513006	1
HPVVT-FJ-M03	Heterologous 2vHPV recall	dose_specific_recall	HPV31	IgG3	none	2	21	5.821540565135869	3.5387328059398637	0.7722148070210905	4.210728704252433	7.432352426019306	56.55334936777776	18.516361181921287	172.7273136061213	7.538758014228123	20.0	2.881307881821591e-07	1.6450918688645406	standard_continuous_model	HPVVT-FJ-M03|IgG subclass architecture|dose_specific_recall	1.6135324138200912e-06	yes	HPV31|IgG3|dose2	mixedlm_powell	5.821540565135868	0.8244518863108629	1.6518482528961838e-12	7.70862518018219e-12	-1.7763568394002505e-15	yes	cross_reactive_non_booster_target	antibody_isotype_or_subclass	IgG subclass architecture						4.5367015015843615	2.254142237944794e-06	bpv_calibrated_supported						True	increased	heterologous_2vHPV_recall	cross_reactive_type	not_required	bpv_calibrated_supported	not_applicable	A1_robust_bpv_calibrated	Robust and supported after BPV calibration	claim_ready	May support a primary HPV-associated systems-serology claim.	19.613762870882894	1
HPVVT-FJ-M03	Heterologous 2vHPV recall	dose_specific_recall	HPV31	IgG	none	2	21	3.0819092706659355	1.8738503387828984	0.4089076675472036	2.228942822855738	3.9348757184761327	8.467342641390198	4.687903339204547	15.29380753376844	7.536931965968002	20.0	2.8918133141503895e-07	1.6446933924657476	standard_continuous_model	HPVVT-FJ-M03|Antibody abundance|dose_specific_recall	2.2082938035330245e-06	yes	HPV31|IgG|dose2	mixedlm_powell	3.081909270665939	0.4633249645326104	2.8968174058171613e-11	1.738090443490297e-10	3.552713678800501e-15	yes	cross_reactive_non_booster_target	antibody_isotype_or_subclass	Antibody abundance						2.460589769555808	0.0002355589933081	bpv_calibrated_supported						True	increased	heterologous_2vHPV_recall	cross_reactive_type	not_required	bpv_calibrated_supported	not_applicable	A1_robust_bpv_calibrated	Robust and supported after BPV calibration	claim_ready	May support a primary HPV-associated systems-serology claim.	16.73785241684217	1
HPVVT-FJ-M03	Heterologous 2vHPV recall	dose_specific_recall	HPV33	IgG1	none	1	20	2.029418686850794	1.2085224010611488	0.2702338241103992	1.4638127926729974	2.595024581028592	4.082403225908326	2.758363888978279	6.041993286491268	7.509861852162931	19.0	4.230650288366149e-07	1.6792561603068787	standard_continuous_model	HPVVT-FJ-M03|IgG subclass architecture|dose_specific_recall	2.221091401392228e-06	yes	HPV33|IgG1|dose1	mixedlm_lbfgs	2.029418686850794	0.2238764704861849	1.2471415772577846e-19	1.3094986561206738e-18	0.0	yes	cross_reactive_non_booster_target	antibody_isotype_or_subclass	IgG subclass architecture						0.8325193022032344	0.0039350627206301	bpv_calibrated_supported						True	increased	heterologous_2vHPV_recall	cross_reactive_type	not_required	bpv_calibrated_supported	not_applicable	A1_robust_bpv_calibrated	Robust and supported after BPV calibration	claim_ready	May support a primary HPV-associated systems-serology claim.	15.682852256035993	1
HPVVT-FJ-M03	Heterologous 2vHPV recall	dose_specific_recall	HPV31	IgG1	none	2	21	2.7062367657947872	1.6980324784555028	0.370541065000753	1.9333016484922625	3.479171883097312	6.526170891859375	3.819282534651187	11.151546428769874	7.303473275733387	20.0	4.622255118862356e-07	1.5937485296254918	standard_continuous_model	HPVVT-FJ-M03|IgG subclass architecture|dose_specific_recall	2.28393782343787e-06	yes	HPV31|IgG1|dose2	mixedlm_powell	2.7062367657947863	0.4474577360403694	1.4662978391245684e-09	5.1320424369359895e-09	-8.881784197001252e-16	yes	cross_reactive_non_booster_target	antibody_isotype_or_subclass	IgG subclass architecture						2.204853548342841	0.0001616747486086	bpv_calibrated_supported						True	increased	heterologous_2vHPV_recall	cross_reactive_type	not_required	bpv_calibrated_supported	not_applicable	A1_robust_bpv_calibrated	Robust and supported after BPV calibration	claim_ready	May support a primary HPV-associated systems-serology claim.	16.347552489034193	1
HPVVT-FJ-M03	Heterologous 2vHPV recall	dose_specific_recall	HPV31	IgG	none	3	19	3.306080448964209	1.8396911546187904	0.4220540963320508	2.4193776958062223	4.192783202122196	9.890753609813933	5.349402265320121	18.287465050862675	7.833309705311217	18.0	3.303394604132341e-07	1.7970844946793667	standard_continuous_model	HPVVT-FJ-M03|Antibody abundance|dose_specific_recall	2.312376222892639e-06	yes	HPV31|IgG|dose3	mixedlm_powell	3.3060804489642086	0.4871004693696232	1.1427840517179058e-11	7.384143103408007e-11	-4.440892098500626e-16	yes	cross_reactive_non_booster_target	antibody_isotype_or_subclass	Antibody abundance						2.034927399662948	0.0031833427891021	bpv_calibrated_supported						True	increased	heterologous_2vHPV_recall	cross_reactive_type	not_required	bpv_calibrated_supported	not_applicable	A1_robust_bpv_calibrated	Robust and supported after BPV calibration	claim_ready	May support a primary HPV-associated systems-serology claim.	16.94202195388975	1
HPVVT-FJ-M01	Primary 2vHPV induction	primary_induction	HPV18	FcgR3A	low	0	20	3.8067782894436752	2.2559947400624463	0.5044557595661597	2.750940250286912	4.862616328600439	13.994405440334916	6.731557062750618	29.093325927842752	7.546307515088275	19.0	3.9447905744370523e-07	1.6874056582854902	continuous_model_plus_floor_summary	HPVVT-FJ-M01|Fc-receptor engagement|primary_induction	2.761353402105937e-06	yes	HPV18|FcgR3A|dose0	mixedlm_lbfgs	3.8067782894436615	0.6831645237312282	2.5143898647451624e-08	1.3200546789912102e-07	-1.376676550535194e-14	yes	vaccine_target_2vHPV_and_4vHPV	fc_gamma_receptor_binding	Fc-receptor engagement						3.4385577510964147	3.112957943473436e-05	bpv_calibrated_supported						True	increased	primary_2vHPV_induction	vaccine_type	not_required	bpv_calibrated_supported	not_applicable	A1_robust_bpv_calibrated	Robust and supported after BPV calibration	claim_ready	May support a primary HPV-associated systems-serology claim.	17.36565629759516	1
HPVVT-FJ-M03	Heterologous 2vHPV recall	dose_specific_recall	HPV18	IgG1	none	2	21	1.3879506354933322	0.8878860679289203	0.19375262451338	0.9837897429465988	1.7921115280400657	2.6170665935541875	1.9776535903360333	3.463213976687173	7.163519147052814	20.0	6.14452226198851e-07	1.5632080349350008	standard_continuous_model	HPVVT-FJ-M03|IgG subclass architecture|dose_specific_recall	2.8674437222613044e-06	yes	HPV18|IgG1|dose2	mixedlm_lbfgs	1.3879506354933355	0.3038287562895557	4.919296685827607e-06	1.0595408246397924e-05	3.3306690738754696e-15	yes	vaccine_target_2vHPV_and_4vHPV	antibody_isotype_or_subclass	IgG subclass architecture						0.8865674180413854	0.0083965955320002	bpv_calibrated_supported						True	increased	heterologous_2vHPV_recall	vaccine_type	not_required	bpv_calibrated_supported	not_applicable	A1_robust_bpv_calibrated	Robust and supported after BPV calibration	claim_ready	May support a primary HPV-associated systems-serology claim.	14.930455732494993	1
HPVVT-FJ-M03	Heterologous 2vHPV recall	dose_specific_recall	HPV45	FcgR3A	high	1	20	6.018662477327074	3.424810678359324	0.7658109486878616	4.415801740594167	7.62152321405998	64.83327190447967	21.34463727030627	196.92783215799668	7.859201396427452	19.0	2.1795160306067375e-07	1.7573708571273057	two_part_floor_sensitivity_required	HPVVT-FJ-M03|Fc-receptor engagement|dose_specific_recall	3.432737748205612e-06	yes	HPV45|FcgR3A|dose1	mixedlm_powell	6.018662477327073	0.6146640517652188	1.2211232474014515e-22	3.8465382293145715e-21	-8.881784197001252e-16	yes	cross_reactive_non_booster_target	fc_gamma_receptor_binding	Fc-receptor engagement	sensitivity_supported	0.45	0.0833333333333333	3.373152155456596	0.0010178269886111	5.385945060444833	1.982694135220545e-05	bpv_calibrated_supported						True	increased	heterologous_2vHPV_recall	cross_reactive_type	supported	bpv_calibrated_supported	not_applicable	A1_robust_bpv_calibrated	Robust and supported after BPV calibration	claim_ready	May support a primary HPV-associated systems-serology claim.	19.483021851547022	1
HPVVT-FJ-M03	Heterologous 2vHPV recall	dose_specific_recall	HPV52	IgG3	low	1	20	6.216801706450782	3.964817236515551	0.8865600859211633	4.36121012093953	8.072393291962033	74.37787919087656	20.552046023196382	269.1736339383813	7.012273398245007	19.0	1.1194755743851e-06	1.567991999528929	continuous_model_plus_floor_summary	HPVVT-FJ-M03|IgG subclass architecture|dose_specific_recall	4.60750911786394e-06	yes	HPV52|IgG3|dose1	mixedlm_powell	6.216801706450778	0.8088989288081766	1.5238737766330726e-14	9.143242659798437e-14	-3.552713678800501e-15	yes	cross_reactive_non_booster_target	antibody_isotype_or_subclass	IgG subclass architecture						3.80634150376921	0.001755744742628	bpv_calibrated_supported						True	increased	heterologous_2vHPV_recall	cross_reactive_type	not_required	bpv_calibrated_supported	not_applicable	A1_robust_bpv_calibrated	Robust and supported after BPV calibration	claim_ready	May support a primary HPV-associated systems-serology claim.	19.55333550312742	1
HPVVT-FJ-M03	Heterologous 2vHPV recall	dose_specific_recall	HPV31	IgG2	high	2	21	3.794207910188667	2.534935680441787	0.5531683160699465	2.6403190226811635	4.948096797696171	13.87300014298802	6.234695160957995	30.869213008607307	6.859047779788061	20.0	1.151877279465985e-06	1.4967669355332185	two_part_floor_sensitivity_required	HPVVT-FJ-M03|IgG subclass architecture|dose_specific_recall	4.60750911786394e-06	yes	HPV31|IgG2|dose2	mixedlm_powell	3.79420791018867	0.6456415455404603	4.186578460989737e-09	1.3525868873966842e-08	2.664535259100376e-15	yes	cross_reactive_non_booster_target	antibody_isotype_or_subclass	IgG subclass architecture	sensitivity_supported	0.3333333333333333	0.048076923076923	3.3357717590457345	0.0059256228520218	2.9097070989512805	0.0003043965867668	bpv_calibrated_supported						True	increased	heterologous_2vHPV_recall	cross_reactive_type	supported	bpv_calibrated_supported	not_applicable	A1_robust_bpv_calibrated	Robust and supported after BPV calibration	claim_ready	May support a primary HPV-associated systems-serology claim.	17.130741706865308	1
HPVVT-FJ-M03	Heterologous 2vHPV recall	dose_specific_recall	HPV52	FcgR3A	moderate	1	20	5.692508219630346	3.435673618313305	0.7682399759051216	4.084563470502902	7.30045296875779	51.71490421983983	16.965869566091698	157.63597073812093	7.409804746132316	19.0	5.131211037785927e-07	1.6568827112352429	above_floor_binary_sensitivity_required	HPVVT-FJ-M03|Fc-receptor engagement|dose_specific_recall	5.387771589675224e-06	yes	HPV52|FcgR3A|dose1	mixedlm_powell	5.692508219630345	0.6539742399380813	3.190232201373082e-18	5.024615717162605e-17	-8.881784197001252e-16	yes	cross_reactive_non_booster_target	fc_gamma_receptor_binding	Fc-receptor engagement	sensitivity_supported	0.35	0.125	3.735749380529617	0.0006850151226928	5.059790802748104	3.391497056554969e-05	bpv_calibrated_supported						True	increased	heterologous_2vHPV_recall	cross_reactive_type	supported	bpv_calibrated_supported	not_applicable	A1_robust_bpv_calibrated	Robust and supported after BPV calibration	claim_ready	May support a primary HPV-associated systems-serology claim.	18.961099043760974	1
HPVVT-FJ-M03	Heterologous 2vHPV recall	dose_specific_recall	HPV45	FcgR2B	moderate	1	20	4.793248138353397	2.8839591535533327	0.6448728711678006	3.44351370696387	6.142982569742925	27.727548033141392	10.879299086996374	70.66787242287526	7.432857471075349	19.0	4.907471828925855e-07	1.6620374572391656	above_floor_binary_sensitivity_required	HPVVT-FJ-M03|Fc-receptor engagement|dose_specific_recall	5.387771589675224e-06	yes	HPV45|FcgR2B|dose1	mixedlm_lbfgs	4.793248138353394	0.5582073636532815	8.93789162356846e-18	9.384786204746883e-17	-3.552713678800501e-15	yes	cross_reactive_non_booster_target	fc_gamma_receptor_binding	Fc-receptor engagement	sensitivity_supported	0.3	0.1666666666666666	3.2932502074203365	1.360232019887548e-05	4.364962773129888	0.000178012268235	bpv_calibrated_supported						True	increased	heterologous_2vHPV_recall	cross_reactive_type	supported	bpv_calibrated_supported	not_applicable	A1_robust_bpv_calibrated	Robust and supported after BPV calibration	claim_ready	May support a primary HPV-associated systems-serology claim.	18.061838962484025	1
HPVVT-FJ-M03	Heterologous 2vHPV recall	dose_specific_recall	HPV52	FcgR3A	moderate	3	19	4.106362138532975	2.4002511615538777	0.5506553817015511	2.9494781105388874	5.263246166527063	17.22416498294409	7.724695746511357	38.40563681665533	7.457226924477015	18.0	6.567272934140503e-07	1.7108051875182066	above_floor_binary_sensitivity_required	HPVVT-FJ-M03|Fc-receptor engagement|dose_specific_recall	5.910545640726452e-06	yes	HPV52|FcgR3A|dose3	mixedlm_powell	4.106362138532973	0.670963412997814	9.3517565168762e-10	3.27311478090667e-09	-1.7763568394002505e-15	yes	cross_reactive_non_booster_target	fc_gamma_receptor_binding	Fc-receptor engagement	sensitivity_supported	0.1578947368421052	0.5161290322580645	3.7268941176775594	2.1922330793454963e-05	2.951472283862239	0.0007758461205954	bpv_calibrated_supported						True	increased	heterologous_2vHPV_recall	cross_reactive_type	supported	bpv_calibrated_supported	not_applicable	A1_robust_bpv_calibrated	Robust and supported after BPV calibration	claim_ready	May support a primary HPV-associated systems-serology claim.	17.334734563266238	1
HPVVT-FJ-M03	Heterologous 2vHPV recall	dose_specific_recall	HPV52	FcgR2B	high	3	19	3.9525569713179705	2.34796958002316	0.5386611643067679	2.8208718590040247	5.084242083631916	15.482397302464577	7.065892787353693	33.92418105471087	7.3377425981780755	18.0	8.201981017236678e-07	1.6833936031143055	two_part_floor_sensitivity_required	HPVVT-FJ-M03|Fc-receptor engagement|dose_specific_recall	6.459060051073884e-06	yes	HPV52|FcgR2B|dose3	mixedlm_powell	3.952556971317967	0.8312683578602691	1.985930787191024e-06	4.3142634342425695e-06	-3.552713678800501e-15	yes	cross_reactive_non_booster_target	fc_gamma_receptor_binding	Fc-receptor engagement	sensitivity_supported	0.2105263157894736	0.32	3.856995383673443	3.074815913180765e-05	2.9872206146171028	0.0003266074911288	bpv_calibrated_supported						True	increased	heterologous_2vHPV_recall	cross_reactive_type	supported	bpv_calibrated_supported	not_applicable	A1_robust_bpv_calibrated	Robust and supported after BPV calibration	claim_ready	May support a primary HPV-associated systems-serology claim.	17.142387649040067	1
HPVVT-FJ-M03	Heterologous 2vHPV recall	dose_specific_recall	HPV33	IgG1	none	3	19	1.671071471995084	1.0473192263495947	0.2402715089097412	1.1662797632846569	2.1758631807055115	3.184510153788918	2.2443221313770803	4.51856031618879	6.954929777474479	18.0	1.6937431574079024e-06	1.5955703189175303	standard_continuous_model	HPVVT-FJ-M03|IgG subclass architecture|dose_specific_recall	6.467019328284718e-06	yes	HPV33|IgG1|dose3	mixedlm_lbfgs	1.6710714719950823	0.2296924122600566	3.457599786349178e-13	1.708461070901947e-12	-1.7763568394002505e-15	yes	cross_reactive_non_booster_target	antibody_isotype_or_subclass	IgG subclass architecture						0.806740070412949	0.0003043965867668	bpv_calibrated_supported						True	increased	heterologous_2vHPV_recall	cross_reactive_type	not_required	bpv_calibrated_supported	not_applicable	A1_robust_bpv_calibrated	Robust and supported after BPV calibration	claim_ready	May support a primary HPV-associated systems-serology claim.	14.860367313049691	1
HPVVT-FJ-M03	Heterologous 2vHPV recall	dose_specific_recall	HPV18	IgG1	none	3	19	1.7110230334190963	1.0804833741311697	0.247879886211243	1.1902467171454747	2.231799349692718	3.2739289960214206	2.2819176320581267	4.697194552689619	6.902629574232433	18.0	1.8730265711794088e-06	1.5835718294091767	standard_continuous_model	HPVVT-FJ-M03|IgG subclass architecture|dose_specific_recall	6.84061878169871e-06	yes	HPV18|IgG1|dose3	mixedlm_lbfgs	1.711023033419095	0.3194197186113745	8.477413159983403e-08	2.455526570477952e-07	-1.3322676295501878e-15	yes	vaccine_target_2vHPV_and_4vHPV	antibody_isotype_or_subclass	IgG subclass architecture						0.8466916318369611	0.0376641341717067	bpv_calibrated_supported						True	increased	heterologous_2vHPV_recall	vaccine_type	not_required	bpv_calibrated_supported	not_applicable	A1_robust_bpv_calibrated	Robust and supported after BPV calibration	claim_ready	May support a primary HPV-associated systems-serology claim.	14.875927644955928	1
HPVVT-FJ-M03	Heterologous 2vHPV recall	dose_specific_recall	HPV31	IgG3	none	3	19	4.785306082490975	3.0385500938941568	0.6970911996931922	3.320771816997535	6.249840347984415	27.575326877515348	9.99198850332624	76.10083339754554	6.864677225300092	18.0	2.015365649201265e-06	1.574864963426752	standard_continuous_model	HPVVT-FJ-M03|IgG subclass architecture|dose_specific_recall	7.053779772204429e-06	yes	HPV31|IgG3|dose3	mixedlm_powell	4.785306082490976	0.8667586068879465	3.372267433346775e-08	1.0491498681523301e-07	8.881784197001252e-16	yes	cross_reactive_non_booster_target	antibody_isotype_or_subclass	IgG subclass architecture						3.9074428614189234	0.0006492967032037	bpv_calibrated_supported						True	increased	heterologous_2vHPV_recall	cross_reactive_type	not_required	bpv_calibrated_supported	not_applicable	A1_robust_bpv_calibrated	Robust and supported after BPV calibration	claim_ready	May support a primary HPV-associated systems-serology claim.	17.936884186162825	1
HPVVT-FJ-M03	Heterologous 2vHPV recall	dose_specific_recall	HPV31	FcgR3A	moderate	1	20	5.399575353412487	3.466976684698402	0.7752395543392481	3.7769803182517	7.022170388573275	42.21182657784146	13.708324261286688	129.98221147057376	6.965041093671558	19.0	1.2299435709269786e-06	1.557430535152908	above_floor_binary_sensitivity_required	HPVVT-FJ-M03|Fc-receptor engagement|dose_specific_recall	7.748644496839965e-06	yes	HPV31|FcgR3A|dose1	mixedlm_powell	5.399575353412481	0.6702726009377457	7.896707184281428e-16	6.2186569076216235e-15	-6.217248937900877e-15	yes	cross_reactive_non_booster_target	fc_gamma_receptor_binding	Fc-receptor engagement	sensitivity_supported	0.15	0.5161290322580645	4.4738475220255705	3.956426536380328e-05	4.766857936530245	3.391497056554969e-05	bpv_calibrated_supported						True	increased	heterologous_2vHPV_recall	cross_reactive_type	supported	bpv_calibrated_supported	not_applicable	A1_robust_bpv_calibrated	Robust and supported after BPV calibration	claim_ready	May support a primary HPV-associated systems-serology claim.	18.51034961723268	1
HPVVT-FJ-M03	Heterologous 2vHPV recall	dose_specific_recall	HPV52	IgG2	high	2	21	3.6433666444970663	2.591930843414039	0.565605680287408	2.4635338698516067	4.823199419142527	12.495759132948823	5.515661306875206	28.30920675169854	6.441531214194524	20.0	2.782018822108761e-06	1.4056573514508195	two_part_floor_sensitivity_required	HPVVT-FJ-M03|IgG subclass architecture|dose_specific_recall	9.347583242285438e-06	yes	HPV52|IgG2|dose2	mixedlm_lbfgs	3.643366644497066	0.6041115898890875	1.629988657269987e-09	5.476761888427157e-09	-4.440892098500626e-16	yes	cross_reactive_non_booster_target	antibody_isotype_or_subclass	IgG subclass architecture	sensitivity_supported	0.3809523809523809	0.0347222222222222	2.837768358475586	0.0059256228520218	2.75886583325968	0.0018265232698567	bpv_calibrated_supported						True	increased	heterologous_2vHPV_recall	cross_reactive_type	supported	bpv_calibrated_supported	not_applicable	A1_robust_bpv_calibrated	Robust and supported after BPV calibration	claim_ready	May support a primary HPV-associated systems-serology claim.	16.672667303165674	1
HPVVT-FJ-M03	Heterologous 2vHPV recall	dose_specific_recall	HPV58	FcgR2B	low	1	20	4.047478197925714	2.6814984359163905	0.5996012784268412	2.792498299124389	5.302458096727039	16.535310114126293	6.9282851034330895	39.46380330607995	6.750282802173105	19.0	1.8939419614874525e-06	1.5094091213006826	continuous_model_plus_floor_summary	HPVVT-FJ-M03|Fc-receptor engagement|dose_specific_recall	9.943195297809123e-06	yes	HPV58|FcgR2B|dose1	mixedlm_powell	4.047478197925718	0.53865791983301	5.734547832561983e-14	3.96010197929927e-13	4.440892098500626e-15	yes	cross_reactive_non_booster_target	fc_gamma_receptor_binding	Fc-receptor engagement						3.619192832702205	0.0003263907938964	bpv_calibrated_supported						True	increased	heterologous_2vHPV_recall	cross_reactive_type	not_required	bpv_calibrated_supported	not_applicable	A1_robust_bpv_calibrated	Robust and supported after BPV calibration	claim_ready	May support a primary HPV-associated systems-serology claim.	17.04995222829598	1
HPVVT-FJ-M03	Heterologous 2vHPV recall	dose_specific_recall	HPV45	FcgR2B	moderate	3	19	3.4406681622974955	2.1610484980958367	0.4957785271205316	2.39907612759177	4.482260197003221	10.857862109222676	5.2746527815293005	22.350887246214583	6.939929775258327	18.0	1.7432650595292811e-06	1.592129082401052	above_floor_binary_sensitivity_required	HPVVT-FJ-M03|Fc-receptor engagement|dose_specific_recall	9.943195297809123e-06	yes	HPV45|FcgR2B|dose3	mixedlm_lbfgs	3.4406681622974924	0.5727086710827921	1.8816089109641278e-09	6.239019020565266e-09	-3.1086244689504387e-15	yes	cross_reactive_non_booster_target	fc_gamma_receptor_binding	Fc-receptor engagement	sensitivity_supported	0.0526315789473684	1.0	3.267935997757522	2.7889682975314225e-06	2.475331805596628	0.0025359812425532	bpv_calibrated_supported						True	increased	heterologous_2vHPV_recall	cross_reactive_type	supported	bpv_calibrated_supported	not_applicable	A1_robust_bpv_calibrated	Robust and supported after BPV calibration	claim_ready	May support a primary HPV-associated systems-serology claim.	16.443142192667757	1
HPVVT-FJ-M03	Heterologous 2vHPV recall	dose_specific_recall	HPV58	IgG3	low	2	21	4.195767953699142	3.007300169492385	0.6562466982929706	2.826861328671113	5.56467457872717	18.3253386421218	7.095288411867116	47.32972317048804	6.393583334762943	20.0	3.0829932160286737e-06	1.39519426635997	continuous_model_plus_floor_summary	HPVVT-FJ-M03|IgG subclass architecture|dose_specific_recall	9.960439621015716e-06	yes	HPV58|IgG3|dose2	mixedlm_powell	4.195767953699136	0.6782042342970037	6.148164849068595e-10	2.347481124189827e-09	-6.217248937900877e-15	yes	cross_reactive_non_booster_target	antibody_isotype_or_subclass	IgG subclass architecture						2.9109288901476336	2.379634712231333e-05	bpv_calibrated_supported						True	increased	heterologous_2vHPV_recall	cross_reactive_type	not_required	bpv_calibrated_supported	not_applicable	A1_robust_bpv_calibrated	Robust and supported after BPV calibration	claim_ready	May support a primary HPV-associated systems-serology claim.	17.197489446523658	1
HPVVT-FJ-M03	Heterologous 2vHPV recall	dose_specific_recall	HPV33	FcgR3A	high	1	20	3.574388881722844	2.3937676578192058	0.53526272052242	2.4540711322414115	4.6947066312042764	11.912372615680868	5.479602085599663	25.896884320806297	6.677821459776269	19.0	2.193980345661936e-06	1.4932062725666615	two_part_floor_sensitivity_required	HPVVT-FJ-M03|Fc-receptor engagement|dose_specific_recall	1.0632366290515537e-05	yes	HPV33|FcgR3A|dose1	mixedlm_powell	3.574388881722846	0.5281421658638354	1.3070687341788023e-11	5.881809303804611e-11	2.220446049250313e-15	yes	cross_reactive_non_booster_target	fc_gamma_receptor_binding	Fc-receptor engagement	sensitivity_supported	0.35	0.125	2.264247527125732	0.0007700832545708	2.941671464840601	0.0008603002103462	bpv_calibrated_supported						True	increased	heterologous_2vHPV_recall	cross_reactive_type	supported	bpv_calibrated_supported	not_applicable	A1_robust_bpv_calibrated	Robust and supported after BPV calibration	claim_ready	May support a primary HPV-associated systems-serology claim.	16.547758951861017	1
HPVVT-FJ-M01	Primary 2vHPV induction	primary_induction	HPV18	FcgR2B	none	0	20	2.768739693389392	1.8466655165885089	0.4129269626796671	1.9044736277871055	3.633005758991679	6.815122991610872	3.743722830468581	12.4063408254424	6.705155980664974	19.0	2.0754136287334365e-06	1.4993184572506144	standard_continuous_model	HPVVT-FJ-M01|Fc-receptor engagement|primary_induction	1.089592155085054e-05	yes	HPV18|FcgR2B|dose0	mixedlm_powell	2.768739693389393	0.4504655975712306	7.926353252397717e-10	5.548447276678401e-09	8.881784197001252e-16	yes	vaccine_target_2vHPV_and_4vHPV	fc_gamma_receptor_binding	Fc-receptor engagement						2.8487393069005207	0.0005107057964954	bpv_calibrated_supported						True	increased	primary_2vHPV_induction	vaccine_type	not_required	bpv_calibrated_supported	not_applicable	A1_robust_bpv_calibrated	Robust and supported after BPV calibration	claim_ready	May support a primary HPV-associated systems-serology claim.	15.731475725670478	1
HPVVT-FJ-M03	Heterologous 2vHPV recall	dose_specific_recall	HPV52	FcgR3A	moderate	2	21	4.787867908517309	3.4083017383652665	0.7437524146337338	3.236427557775636	6.339308259258981	27.624336506416707	9.424574974360688	80.96958955663796	6.437448557226035	20.0	2.806426674731426e-06	1.4047664426605984	above_floor_binary_sensitivity_required	HPVVT-FJ-M03|Fc-receptor engagement|dose_specific_recall	1.178699203387199e-05	yes	HPV52|FcgR3A|dose2	mixedlm_powell	4.787867908517306	0.6382135084620354	6.285876157617888e-14	3.96010197929927e-13	-2.664535259100376e-15	yes	cross_reactive_non_booster_target	fc_gamma_receptor_binding	Fc-receptor engagement	sensitivity_supported	0.2857142857142857	0.1666666666666666	2.89614917861562	4.624677202167253e-05	3.604691337090798	0.0022591791153314	bpv_calibrated_supported						True	increased	heterologous_2vHPV_recall	cross_reactive_type	supported	bpv_calibrated_supported	not_applicable	A1_robust_bpv_calibrated	Robust and supported after BPV calibration	claim_ready	May support a primary HPV-associated systems-serology claim.	17.716464918499593	1
HPVVT-FJ-M03	Heterologous 2vHPV recall	dose_specific_recall	HPV31	IgA1	low	1	20	3.516461821768438	2.343195718005601	0.5239544910046952	2.419812468680373	4.613111174856503	11.443542502258977	5.351014612640094	24.472866265711225	6.71138788222912	19.0	2.04932048451208e-06	1.5007119528032666	continuous_model_plus_floor_summary	HPVVT-FJ-M03|Antibody abundance|dose_specific_recall	1.324176313069344e-05	yes	HPV31|IgA1|dose1	mixedlm_lbfgs	3.516461821768436	0.5580101734727525	2.942314163929604e-10	1.544714936063042e-09	-1.7763568394002505e-15	yes	cross_reactive_non_booster_target	antibody_isotype_or_subclass	Antibody abundance						3.242354216115716	0.0064822696479863	bpv_calibrated_supported						True	increased	heterologous_2vHPV_recall	cross_reactive_type	not_required	bpv_calibrated_supported	not_applicable	A1_robust_bpv_calibrated	Robust and supported after BPV calibration	claim_ready	May support a primary HPV-associated systems-serology claim.	16.394516006834593	1
HPVVT-FJ-M03	Heterologous 2vHPV recall	dose_specific_recall	HPV45	FcgR3A	high	3	19	4.358099361223715	2.9981120370090126	0.6878140731965874	2.913055615257096	5.803143107190334	20.50777914870916	7.532118070560436	55.83675158466245	6.336159045088492	18.0	5.7034283348594885e-06	1.453614577249574	two_part_floor_sensitivity_required	HPVVT-FJ-M03|Fc-receptor engagement|dose_specific_recall	2.245724906850924e-05	yes	HPV45|FcgR3A|dose3	mixedlm_powell	4.358099361223713	0.6306320109160629	4.823179972400053e-12	2.337387217393872e-11	-1.7763568394002505e-15	yes	cross_reactive_non_booster_target	fc_gamma_receptor_binding	Fc-receptor engagement	sensitivity_supported	0.2105263157894736	0.32	3.374014388800801	4.624677202167253e-05	3.2032095065529798	0.0025492208342598	bpv_calibrated_supported						True	increased	heterologous_2vHPV_recall	cross_reactive_type	supported	bpv_calibrated_supported	not_applicable	A1_robust_bpv_calibrated	Robust and supported after BPV calibration	claim_ready	May support a primary HPV-associated systems-serology claim.	17.00674280553771	1
HPVVT-FJ-M03	Heterologous 2vHPV recall	dose_specific_recall	HPV31	FcgR2B	moderate	1	20	5.080293889823286	3.7501205796474895	0.8385524539912702	3.3251834327364795	6.835404346910093	33.831468367342154	10.022589759019498	114.1988527326938	6.058409185546519	19.0	7.933873931909126e-06	1.3547014774391153	above_floor_binary_sensitivity_required	HPVVT-FJ-M03|Fc-receptor engagement|dose_specific_recall	2.517322797282496e-05	yes	HPV31|FcgR2B|dose1	mixedlm_powell	5.080293889823286	0.707741541913458	7.064718533832615e-13	4.04615697846777e-12	0.0	yes	cross_reactive_non_booster_target	fc_gamma_receptor_binding	Fc-receptor engagement	sensitivity_supported	0.25	0.2222222222222222	3.2549088951593963	0.0001579789258734	4.652008524599777	0.0004962044813277	bpv_calibrated_supported						True	increased	heterologous_2vHPV_recall	cross_reactive_type	supported	bpv_calibrated_supported	not_applicable	A1_robust_bpv_calibrated	Robust and supported after BPV calibration	claim_ready	May support a primary HPV-associated systems-serology claim.	17.679354980953537	1
HPVVT-FJ-M03	Heterologous 2vHPV recall	dose_specific_recall	HPV31	FcgR3A	moderate	2	21	4.110380332860128	3.156943124349985	0.688901468190676	2.67335705144661	5.547403614273646	17.27220459735346	6.379118379904097	46.76650187158357	5.96657217708592	20.0	7.795657602677675e-06	1.302012792424461	above_floor_binary_sensitivity_required	HPVVT-FJ-M03|Fc-receptor engagement|dose_specific_recall	2.517322797282496e-05	yes	HPV31|FcgR3A|dose2	mixedlm_powell	4.110380332860126	0.654119080150549	3.303084131458285e-10	1.3005893767616994e-09	-1.7763568394002505e-15	yes	cross_reactive_non_booster_target	fc_gamma_receptor_binding	Fc-receptor engagement	sensitivity_supported	0.1428571428571428	0.5161290322580645	3.1036408110864557	3.797364885563204e-05	2.927203761433617	0.0079311361039166	bpv_calibrated_supported						True	increased	heterologous_2vHPV_recall	cross_reactive_type	supported	bpv_calibrated_supported	not_applicable	A1_robust_bpv_calibrated	Robust and supported after BPV calibration	claim_ready	May support a primary HPV-associated systems-serology claim.	16.70944142399038	1
HPVVT-FJ-M03	Heterologous 2vHPV recall	dose_specific_recall	HPV52	IgG3	low	2	21	4.117724507598211	3.183322365105994	0.6946578904544795	2.668693539755372	5.566755475441051	17.360354556137633	6.358531171867979	47.39803929061655	5.92770133929407	20.0	8.492028817818184e-06	1.2935304802098184	continuous_model_plus_floor_summary	HPVVT-FJ-M03|IgG subclass architecture|dose_specific_recall	2.547608645345455e-05	yes	HPV52|IgG3|dose2	mixedlm_powell	4.1177245075982105	0.7894045236318897	1.8259024980360424e-07	4.947606768871858e-07	-8.881784197001252e-16	yes	cross_reactive_non_booster_target	antibody_isotype_or_subclass	IgG subclass architecture						2.8328854440467035	0.0009474781192727	bpv_calibrated_supported						True	increased	heterologous_2vHPV_recall	cross_reactive_type	not_required	bpv_calibrated_supported	not_applicable	A1_robust_bpv_calibrated	Robust and supported after BPV calibration	claim_ready	May support a primary HPV-associated systems-serology claim.	16.71159179359771	1
HPVVT-FJ-M03	Heterologous 2vHPV recall	dose_specific_recall	HPV33	IgG	none	2	21	1.6418443888792542	1.2222932626856864	0.2667262570329381	1.085463166282513	2.1982256114759955	3.120645305339714	2.12205664355367	4.589145700385494	6.15554091728023	20.0	5.156365090165468e-06	1.343249152230217	standard_continuous_model	HPVVT-FJ-M03|Antibody abundance|dose_specific_recall	3.09381905409928e-05	yes	HPV33|IgG|dose2	mixedlm_powell	1.6418443888792549	0.2859930436228384	9.420012440598843e-09	3.956405225051514e-08	6.661338147750939e-16	yes	cross_reactive_non_booster_target	antibody_isotype_or_subclass	Antibody abundance						1.0205248877691266	0.0091505964837448	bpv_calibrated_supported						True	increased	heterologous_2vHPV_recall	cross_reactive_type	not_required	bpv_calibrated_supported	not_applicable	A1_robust_bpv_calibrated	Robust and supported after BPV calibration	claim_ready	May support a primary HPV-associated systems-serology claim.	14.151349479032453	1
HPVVT-FJ-M03	Heterologous 2vHPV recall	dose_specific_recall	HPV33	IgG	none	1	20	2.199738260813492	1.589668377932452	0.3554606554738789	1.455750558510935	2.9437259631160484	4.593959890814672	2.7429922737340804	7.693958047385999	6.188415586757223	19.0	6.032751833593594e-06	1.3837717925008397	standard_continuous_model	HPVVT-FJ-M03|Antibody abundance|dose_specific_recall	3.378341026812413e-05	yes	HPV33|IgG|dose1	mixedlm_powell	2.199738260813493	0.293055663741016	6.086231533326927e-14	4.647667716358744e-13	8.881784197001252e-16	yes	cross_reactive_non_booster_target	antibody_isotype_or_subclass	Antibody abundance						1.1924056139278427	0.0010278263036358	bpv_calibrated_supported						True	increased	heterologous_2vHPV_recall	cross_reactive_type	not_required	bpv_calibrated_supported	not_applicable	A1_robust_bpv_calibrated	Robust and supported after BPV calibration	claim_ready	May support a primary HPV-associated systems-serology claim.	14.671034773486355	1
HPVVT-FJ-M03	Heterologous 2vHPV recall	dose_specific_recall	HPV18	IgG1	none	1	20	2.638168749138557	2.044512971960387	0.4571669986183546	1.6813072241487117	3.595030274128402	6.225409543497324	3.2071842197411398	12.084034258373732	5.770689391648135	19.0	1.4657265272362243e-05	1.2903653756762137	standard_continuous_model	HPVVT-FJ-M03|IgG subclass architecture|dose_specific_recall	4.245552699580788e-05	yes	HPV18|IgG1|dose1	mixedlm_lbfgs	2.638168749138554	0.3113318306981815	2.3748177854652748e-17	1.8134972179916646e-16	-2.664535259100376e-15	yes	vaccine_target_2vHPV_and_4vHPV	antibody_isotype_or_subclass	IgG subclass architecture						1.441269364490997	0.0191122975223932	bpv_calibrated_supported						True	increased	heterologous_2vHPV_recall	vaccine_type	not_required	bpv_calibrated_supported	not_applicable	A1_robust_bpv_calibrated	Robust and supported after BPV calibration	claim_ready	May support a primary HPV-associated systems-serology claim.	15.0102345130384	1
HPVVT-FJ-M03	Heterologous 2vHPV recall	dose_specific_recall	HPV31	IgA1	low	3	19	3.381308922398691	2.393868451418606	0.5491910875717847	2.2275012622152253	4.535116582582157	10.420184538142053	4.683221461481554	23.18494794704519	6.156889649008954	18.0	8.18601068770339e-06	1.4124873571874546	continuous_model_plus_floor_summary	HPVVT-FJ-M03|Antibody abundance|dose_specific_recall	4.29765561104428e-05	yes	HPV31|IgA1|dose3	mixedlm_lbfgs	3.381308922398688	0.5725063582263256	3.501933037830269e-09	1.6342354176541256e-08	-3.1086244689504387e-15	yes	cross_reactive_non_booster_target	antibody_isotype_or_subclass	Antibody abundance						2.228551641996636	0.0387015542921502	bpv_calibrated_supported						True	increased	heterologous_2vHPV_recall	cross_reactive_type	not_required	bpv_calibrated_supported	not_applicable	A1_robust_bpv_calibrated	Robust and supported after BPV calibration	claim_ready	May support a primary HPV-associated systems-serology claim.	15.7480773116657	1
HPVVT-FJ-M03	Heterologous 2vHPV recall	dose_specific_recall	HPV33	FcgR3A	high	2	21	2.792564101068946	2.256781409756378	0.4924700779608454	1.765289519570466	3.8198386825674255	6.928601112718673	3.3994221230312407	14.121668813627728	5.670525430970393	20.0	1.5024464810919668e-05	1.2374100960759007	two_part_floor_sensitivity_required	HPVVT-FJ-M03|Fc-receptor engagement|dose_specific_recall	4.507339443275901e-05	yes	HPV33|FcgR3A|dose2	mixedlm_powell	2.7925641010689475	0.5154139781937134	6.023596887377535e-08	1.7249391086581124e-07	1.3322676295501878e-15	yes	cross_reactive_non_booster_target	fc_gamma_receptor_binding	Fc-receptor engagement	sensitivity_supported	0.1904761904761904	0.32	2.2175086205535424	3.074815913180765e-05	1.6093875296424354	0.0425167340615359	bpv_calibrated_supported						True	increased	heterologous_2vHPV_recall	cross_reactive_type	supported	bpv_calibrated_supported	not_applicable	A1_robust_bpv_calibrated	Robust and supported after BPV calibration	claim_ready	May support a primary HPV-associated systems-serology claim.	15.138643835478435	1
HPVVT-FJ-M03	Heterologous 2vHPV recall	dose_specific_recall	HPV58	FcgR3A	high	3	19	4.320035048492859	3.2477210534363503	0.7450783088809741	2.754683607659359	5.885386489326359	19.973774014683976	6.749046097329172	59.112301595857154	5.798095310251452	18.0	1.7085977653777345e-05	1.3301742906527994	two_part_floor_sensitivity_required	HPVVT-FJ-M03|Fc-receptor engagement|dose_specific_recall	4.892802691763512e-05	yes	HPV58|FcgR3A|dose3	mixedlm_lbfgs	4.320035048492862	0.6140989084519629	1.996121720020657e-12	1.0479639030108448e-11	2.664535259100376e-15	yes	cross_reactive_non_booster_target	fc_gamma_receptor_binding	Fc-receptor engagement	sensitivity_supported	0.2105263157894736	0.32	3.864965968848919	0.0007103094509411	3.1651451938221253	0.0024151035206116	bpv_calibrated_supported						True	increased	heterologous_2vHPV_recall	cross_reactive_type	supported	bpv_calibrated_supported	not_applicable	A1_robust_bpv_calibrated	Robust and supported after BPV calibration	claim_ready	May support a primary HPV-associated systems-serology claim.	16.630477345834514	1
HPVVT-FJ-M03	Heterologous 2vHPV recall	dose_specific_recall	HPV16	IgG3	none	3	19	3.4573693003651584	2.609055325138752	0.5985583421256038	2.1998448870233887	4.714893713706928	10.984286842523984	4.594299432172668	26.26179665041713	5.776160913716997	18.0	1.788164350065583e-05	1.3251421949748394	standard_continuous_model	HPVVT-FJ-M03|IgG subclass architecture|dose_specific_recall	5.0068601801836326e-05	yes	HPV16|IgG3|dose3	mixedlm_lbfgs	3.45736930036516	0.6334407385772948	4.8131476519264425e-08	1.4439442955779328e-07	1.7763568394002505e-15	yes	vaccine_target_2vHPV_and_4vHPV	antibody_isotype_or_subclass	IgG subclass architecture						2.5795060792931057	0.0221674286887206	bpv_calibrated_supported						True	increased	heterologous_2vHPV_recall	vaccine_type	not_required	bpv_calibrated_supported	not_applicable	A1_robust_bpv_calibrated	Robust and supported after BPV calibration	claim_ready	May support a primary HPV-associated systems-serology claim.	15.757803836751862	1
HPVVT-FJ-M03	Heterologous 2vHPV recall	dose_specific_recall	HPV58	FcgR2B	low	3	19	2.6693060917569764	2.0378998338107808	0.467526285928396	1.6870698132580122	3.6515423702559406	6.361231505531746	3.220020366278689	12.566773393962896	5.709424629368955	18.0	2.0545240253580865e-05	1.3098318413253385	continuous_model_plus_floor_summary	HPVVT-FJ-M03|Fc-receptor engagement|dose_specific_recall	5.6276092868504114e-05	yes	HPV58|FcgR2B|dose3	mixedlm_powell	2.6693060917569764	0.5526513649278886	1.3653305156042144e-06	3.111703212209683e-06	0.0	yes	cross_reactive_non_booster_target	fc_gamma_receptor_binding	Fc-receptor engagement						1.703969735056109	0.0016377568149837	bpv_calibrated_supported						True	increased	heterologous_2vHPV_recall	cross_reactive_type	not_required	bpv_calibrated_supported	not_applicable	A1_robust_bpv_calibrated	Robust and supported after BPV calibration	claim_ready	May support a primary HPV-associated systems-serology claim.	14.918982154105704	1
HPVVT-FJ-M03	Heterologous 2vHPV recall	dose_specific_recall	HPV33	IgG1	none	2	21	1.3492373409346503	1.1190581974815803	0.244198518905723	0.8398481566208568	1.858626525248444	2.547774056092341	1.7898617493326865	3.6266223596975102	5.525165946872701	20.0	2.0810610485886455e-05	1.20569005613031	standard_continuous_model	HPVVT-FJ-M03|IgG subclass architecture|dose_specific_recall	5.639004131659556e-05	yes	HPV33|IgG1|dose2	mixedlm_lbfgs	1.3492373409346512	0.218481063878928	6.594001751339616e-10	2.4082441178805553e-09	8.881784197001252e-16	yes	cross_reactive_non_booster_target	antibody_isotype_or_subclass	IgG subclass architecture						0.8478541234827035	0.0159570278167501	bpv_calibrated_supported						True	increased	heterologous_2vHPV_recall	cross_reactive_type	not_required	bpv_calibrated_supported	not_applicable	A1_robust_bpv_calibrated	Robust and supported after BPV calibration	claim_ready	May support a primary HPV-associated systems-serology claim.	13.5980349281416	1
HPVVT-FJ-M03	Heterologous 2vHPV recall	dose_specific_recall	HPV33	FcgR2A	moderate	3	19	3.6298339111919606	2.8437543565532977	0.6524019926562818	2.259188185723257	5.000479636660664	12.37909473553625	4.787220259140305	32.01064045022669	5.563799546983204	18.0	2.7869165653486988e-05	1.2764231561798507	above_floor_binary_sensitivity_required	HPVVT-FJ-M03|Fc-receptor engagement|dose_specific_recall	7.291784208248636e-05	yes	HPV33|FcgR2A|dose3	mixedlm_powell	3.6298339111919615	0.8231890955327541	1.036202556285198e-05	2.176025368198916e-05	8.881784197001252e-16	yes	cross_reactive_non_booster_target	fc_gamma_receptor_binding	Fc-receptor engagement	sensitivity_supported	0.3157894736842105	0.1666666666666666	2.781780008778102	0.0082314150906511	2.894264237056842	0.0016003554805882	bpv_calibrated_supported						True	increased	heterologous_2vHPV_recall	cross_reactive_type	supported	bpv_calibrated_supported	not_applicable	A1_robust_bpv_calibrated	Robust and supported after BPV calibration	claim_ready	May support a primary HPV-associated systems-serology claim.	15.767000103451695	1
HPVVT-FJ-M03	Heterologous 2vHPV recall	dose_specific_recall	HPV33	FcgR3A	high	3	19	3.4700671618544887	2.727338007715094	0.6256942505530341	2.1555323204155696	4.784602003293408	11.081391605458228	4.455330081302604	27.561872559982785	5.545947016114326	18.0	2.893565162003427e-05	1.2723275047091205	two_part_floor_sensitivity_required	HPVVT-FJ-M03|Fc-receptor engagement|dose_specific_recall	7.291784208248636e-05	yes	HPV33|FcgR3A|dose3	mixedlm_powell	3.47006716185449	0.541862428999662	1.5139442098185452e-10	6.35856568123789e-10	1.3322676295501878e-15	yes	cross_reactive_non_booster_target	fc_gamma_receptor_binding	Fc-receptor engagement	sensitivity_supported	0.3157894736842105	0.1666666666666666	2.359413345002932	0.0018520420392596	2.3151773071837543	0.0040977019981849	bpv_calibrated_supported						True	increased	heterologous_2vHPV_recall	cross_reactive_type	supported	bpv_calibrated_supported	not_applicable	A1_robust_bpv_calibrated	Robust and supported after BPV calibration	claim_ready	May support a primary HPV-associated systems-serology claim.	15.607233354114223	1
HPVVT-FJ-M03	Heterologous 2vHPV recall	dose_specific_recall	HPV31	IgA1	low	2	21	3.229579143420501	2.647036681353124	0.5776307599821615	2.024662492081326	4.434495794759675	9.379942919487403	4.068966752141893	21.623015013953527	5.5910788814644095	20.0	1.794752219386965e-05	1.2200734376561757	continuous_model_plus_floor_summary	HPVVT-FJ-M03|Antibody abundance|dose_specific_recall	7.934694022552898e-05	yes	HPV31|IgA1|dose2	mixedlm_lbfgs	3.2295791434204992	0.5445621689980827	3.0183393180558543e-09	1.4914147218628932e-08	-1.7763568394002505e-15	yes	cross_reactive_non_booster_target	antibody_isotype_or_subclass	Antibody abundance						2.6427974815021784	0.0091505964837448	bpv_calibrated_supported						True	increased	heterologous_2vHPV_recall	cross_reactive_type	not_required	bpv_calibrated_supported	not_applicable	A1_robust_bpv_calibrated	Robust and supported after BPV calibration	claim_ready	May support a primary HPV-associated systems-serology claim.	15.330048959258301	1
HPVVT-FJ-M03	Heterologous 2vHPV recall	dose_specific_recall	HPV18	IgG	none	1	20	2.546237540786886	2.005169965815066	0.4483696350003417	1.607789109464918	3.484685972108854	5.84108970311119	3.047844099811872	11.194250034605616	5.6788804192437015	19.0	1.7866222267862215e-05	1.269836265352142	standard_continuous_model	HPVVT-FJ-M03|Antibody abundance|dose_specific_recall	7.934694022552898e-05	yes	HPV18|IgG|dose1	mixedlm_powell	2.5462375407868763	0.3625689802884195	2.175164848861097e-12	1.522615394202768e-11	-9.769962616701378e-15	yes	vaccine_target_2vHPV_and_4vHPV	antibody_isotype_or_subclass	Antibody abundance						1.5389048939012366	0.0076241371388159	bpv_calibrated_supported						True	increased	heterologous_2vHPV_recall	vaccine_type	not_required	bpv_calibrated_supported	not_applicable	A1_robust_bpv_calibrated	Robust and supported after BPV calibration	claim_ready	May support a primary HPV-associated systems-serology claim.	14.646707356624685	1
HPVVT-FJ-M03	Heterologous 2vHPV recall	dose_specific_recall	HPV31	FcgR3A	moderate	3	19	3.575111601241427	2.845107880103115	0.6527125122547743	2.203813498304324	4.94640970417853	11.918341625580958	4.6069549754368815	30.833135522576992	5.47731433689132	18.0	3.3441510460559646e-05	1.2565820882376717	above_floor_binary_sensitivity_required	HPVVT-FJ-M03|Fc-receptor engagement|dose_specific_recall	8.103135226981761e-05	yes	HPV31|FcgR3A|dose3	mixedlm_powell	3.5751116012414244	0.6876851785579383	2.0062015778784328e-07	5.495247800275707e-07	-2.664535259100376e-15	yes	cross_reactive_non_booster_target	fc_gamma_receptor_binding	Fc-receptor engagement	sensitivity_supported	0.1578947368421052	0.5161290322580645	2.5767775981617564	7.842702472789878e-05	2.420221746570693	0.019746911199642	bpv_calibrated_supported						True	increased	heterologous_2vHPV_recall	cross_reactive_type	supported	bpv_calibrated_supported	not_applicable	A1_robust_bpv_calibrated	Robust and supported after BPV calibration	claim_ready	May support a primary HPV-associated systems-serology claim.	15.666458514667777	1
HPVVT-FJ-M01	Primary 2vHPV induction	primary_induction	HPV52	IgA2	high	0	20	3.571645274820687	3.1636113603989293	0.7074050056242592	2.0910295818403	5.0522609678010735	11.889740105269754	4.260520172808746	33.18043666899588	5.048939781912964	19.0	7.127767520444699e-05	1.1289772566660352	two_part_floor_sensitivity_required	HPVVT-FJ-M01|Antibody abundance|primary_induction	0.0002494718632155	yes	HPV52|IgA2|dose0	mixedlm_lbfgs	3.571645274820661	0.705028389111275	4.0634828236027074e-07	1.2641946562319534e-06	-2.5757174171303632e-14	yes	cross_reactive_non_booster_target	antibody_isotype_or_subclass	Antibody abundance	sensitivity_supported	-0.15	0.5192307692307693	4.418606677355647	0.0019495344056389	2.6351193830498847	0.0157323081970998	bpv_calibrated_supported						True	increased	primary_2vHPV_induction	cross_reactive_type	supported	bpv_calibrated_supported	not_applicable	A1_robust_bpv_calibrated	Robust and supported after BPV calibration	claim_ready	May support a primary HPV-associated systems-serology claim.	15.17462370417719	1
HPVVT-FJ-M01	Primary 2vHPV induction	primary_induction	HPV18	IgG3	none	0	20	3.758988151268616	3.151368624786607	0.7046674467182882	2.284102234928785	5.233874067608445	13.5384263552065	4.870609212556416	37.63163501248087	5.334414366343481	19.0	3.787666016131335e-05	1.192811314329549	standard_continuous_model	HPVVT-FJ-M01|IgG subclass architecture|primary_induction	0.0002651366211291	yes	HPV18|IgG3|dose0	mixedlm_powell	3.758988151268617	0.5379220739516555	2.7887413644998174e-12	1.9521189551498723e-11	1.3322676295501878e-15	yes	vaccine_target_2vHPV_and_4vHPV	antibody_isotype_or_subclass	IgG subclass architecture						5.023041005206983	0.0001912379643531	bpv_calibrated_supported						True	increased	primary_2vHPV_induction	vaccine_type	not_required	bpv_calibrated_supported	not_applicable	A1_robust_bpv_calibrated	Robust and supported after BPV calibration	claim_ready	May support a primary HPV-associated systems-serology claim.	15.335518433886824	1
HPVVT-FJ-M03	Heterologous 2vHPV recall	dose_specific_recall	HPV31	IgG2	high	1	20	3.517412942966112	3.278159022038744	0.7330186414332862	1.983187294116579	5.051638591815646	11.451089339342222	3.9536558457337576	33.16612577675213	4.798531366253447	19.0	0.0001248782829493	1.0729842327107646	two_part_floor_sensitivity_required	HPVVT-FJ-M03|IgG subclass architecture|dose_specific_recall	0.0003085228166983	yes	HPV31|IgG2|dose1	mixedlm_powell	3.517412942966114	0.6615857129611159	1.0570100870589265e-07	2.959628243764994e-07	1.7763568394002505e-15	yes	cross_reactive_non_booster_target	antibody_isotype_or_subclass	IgG subclass architecture	sensitivity_supported	0.35	0.048076923076923	2.6172069332715218	0.029180828209868	4.168679409714418	0.0013242064632364	bpv_calibrated_supported						True	increased	heterologous_2vHPV_recall	cross_reactive_type	supported	bpv_calibrated_supported	not_applicable	A1_robust_bpv_calibrated	Robust and supported after BPV calibration	claim_ready	May support a primary HPV-associated systems-serology claim.	15.028125655310811	1
HPVVT-FJ-M03	Heterologous 2vHPV recall	dose_specific_recall	HPV33	IgG3	none	2	21	2.447719946957564	2.386677336340954	0.520815693010381	1.3613174485754842	3.5341224453396443	5.455532219846931	2.569196878232889	11.58448854346229	4.699781477031599	20.0	0.0001374909973523	1.0255763984880315	standard_continuous_model	HPVVT-FJ-M03|IgG subclass architecture|dose_specific_recall	0.0003299783936456	yes	HPV33|IgG3|dose2	mixedlm_powell	2.4477199469575663	0.5001369163971237	9.875675296639215e-07	2.3701620711934114e-06	2.220446049250313e-15	yes	cross_reactive_non_booster_target	antibody_isotype_or_subclass	IgG subclass architecture						1.162880883406056	0.0083965955320002	bpv_calibrated_supported						True	increased	heterologous_2vHPV_recall	cross_reactive_type	not_required	bpv_calibrated_supported	not_applicable	A1_robust_bpv_calibrated	Robust and supported after BPV calibration	claim_ready	May support a primary HPV-associated systems-serology claim.	13.929234442921164	1
HPVVT-FJ-M01	Primary 2vHPV induction	primary_induction	HPV31	IgM	none	0	20	1.5753647784969116	1.4555372388184926	0.3254680209780495	0.8941523816492009	2.2565771753446224	2.980108337042	1.8585176401775896	4.778564113956223	4.840305888618037	19.0	0.0001136849215963	1.0823252998842454	standard_continuous_model	HPVVT-FJ-M01|Antibody abundance|primary_induction	0.0003536864227442	yes	HPV31|IgM|dose0	mixedlm_powell	1.5753647784969076	0.3478448814159434	5.928340785789522e-06	1.659935420021066e-05	-3.996802888650564e-15	yes	cross_reactive_non_booster_target	antibody_isotype_or_subclass	Antibody abundance						1.6950847512048643	5.8607681957503146e-05	bpv_calibrated_supported						True	increased	primary_2vHPV_induction	cross_reactive_type	not_required	bpv_calibrated_supported	not_applicable	A1_robust_bpv_calibrated	Robust and supported after BPV calibration	claim_ready	May support a primary HPV-associated systems-serology claim.	13.026746389986794	1
HPVVT-FJ-M03	Heterologous 2vHPV recall	dose_specific_recall	HPV18	IgM	none	1	20	0.8213861852978122	0.7449971340110811	0.1665864234691298	0.4727167938390822	1.170055576756542	1.7671030635500509	1.3877202778562168	2.2502036520154656	4.93069103827674	19.0	9.282584403079524e-05	1.1025360337635806	standard_continuous_model	HPVVT-FJ-M03|Antibody abundance|dose_specific_recall	0.0003713033761231	yes	HPV18|IgM|dose1	mixedlm_lbfgs	0.8213861852978142	0.2122913406751891	0.0001092172433428	0.0002658042594715	1.9984014443252818e-15	yes	vaccine_target_2vHPV_and_4vHPV	antibody_isotype_or_subclass	Antibody abundance						0.8700767602914798	0.0002355589933081	bpv_calibrated_supported						True	increased	heterologous_2vHPV_recall	vaccine_type	not_required	bpv_calibrated_supported	not_applicable	A1_robust_bpv_calibrated	Robust and supported after BPV calibration	claim_ready	May support a primary HPV-associated systems-serology claim.	12.251657287175972	1
HPVVT-FJ-M03	Heterologous 2vHPV recall	dose_specific_recall	HPV52	FcgR2B	high	1	20	5.072012448298682	4.940482046632069	1.1047253697886592	2.7597956758159548	7.384229220781409	33.63782333361848	6.7730031926614975	167.0607744360292	4.591197583584949	19.0	0.0001993973371816	1.0266229895028718	two_part_floor_sensitivity_required	HPVVT-FJ-M03|Fc-receptor engagement|dose_specific_recall	0.0004486440086586	yes	HPV52|FcgR2B|dose1	mixedlm_powell	5.072012448298677	0.8102201729411105	3.848733868174751e-10	1.426295492323584e-09	-4.440892098500626e-15	yes	cross_reactive_non_booster_target	fc_gamma_receptor_binding	Fc-receptor engagement	sensitivity_supported	0.35	0.1785714285714285	3.736179728745457	0.0012904082716649	4.643727083075173	0.0025359812425532	bpv_calibrated_supported						True	increased	heterologous_2vHPV_recall	cross_reactive_type	supported	bpv_calibrated_supported	not_applicable	A1_robust_bpv_calibrated	Robust and supported after BPV calibration	claim_ready	May support a primary HPV-associated systems-serology claim.	16.420110575886	1
HPVVT-FJ-M03	Heterologous 2vHPV recall	dose_specific_recall	HPV18	IgA2	high	1	20	4.752425889451458	4.415538145218855	0.9873443449952696	2.685890425392388	6.818961353510527	26.953970262918894	6.4347782190089164	112.90467024770494	4.813341883752043	19.0	0.0001207871728586	1.0762959651016455	two_part_floor_sensitivity_required	HPVVT-FJ-M03|Antibody abundance|dose_specific_recall	0.0004611873872784	yes	HPV18|IgA2|dose1	mixedlm_powell	4.752425889451455	0.8899184925927768	9.279625433540968e-08	3.38908059311931e-07	-2.664535259100376e-15	yes	vaccine_target_2vHPV_and_4vHPV	antibody_isotype_or_subclass	Antibody abundance	sensitivity_supported	0.5	0.0234375	1.8356520406421912	0.2039433096879045	4.63266878164812	0.0091505964837448	bpv_calibrated_supported						True	increased	heterologous_2vHPV_recall	vaccine_type	supported	bpv_calibrated_supported	not_applicable	A1_robust_bpv_calibrated	Robust and supported after BPV calibration	claim_ready	May support a primary HPV-associated systems-serology claim.	16.08854846791096	1
HPVVT-FJ-M03	Heterologous 2vHPV recall	dose_specific_recall	HPV31	FcgR2B	moderate	3	19	2.713768023299369	2.565804109238491	0.5886358326890514	1.4770900287273512	3.950446017871388	6.5603283433521895	2.783866500304465	15.459760002098925	4.610266437403456	18.0	0.0002172892718179	1.057667658075734	above_floor_binary_sensitivity_required	HPVVT-FJ-M03|Fc-receptor engagement|dose_specific_recall	0.0004720422111906	yes	HPV31|FcgR2B|dose3	mixedlm_powell	2.713768023299372	0.7261275008745756	0.0001859950104408	0.0003166942069667	3.1086244689504387e-15	yes	cross_reactive_non_booster_target	fc_gamma_receptor_binding	Fc-receptor engagement	sensitivity_supported	0.0526315789473684	1.0	2.445690757309999	0.0010178269886111	1.7484316665985018	0.0101265315433912	bpv_calibrated_supported						True	increased	heterologous_2vHPV_recall	cross_reactive_type	supported	bpv_calibrated_supported	not_applicable	A1_robust_bpv_calibrated	Robust and supported after BPV calibration	claim_ready	May support a primary HPV-associated systems-serology claim.	14.039787187234186	1
HPVVT-FJ-M01	Primary 2vHPV induction	primary_induction	HPV18	IgM	none	0	20	1.2226119047871562	1.172914181318058	0.2622715841200691	0.6736711704360914	1.771552639138221	2.333688340452124	1.5951268652450237	3.414211990922505	4.661625501249266	19.0	0.0001700362062065	1.0423711506439888	standard_continuous_model	HPVVT-FJ-M01|Antibody abundance|primary_induction	0.0004761013773782	yes	HPV18|IgM|dose0	mixedlm_lbfgs	1.2226119047871449	0.212291340675188	8.455216551083864e-09	2.9593257928793522e-08	-1.1324274851176595e-14	yes	vaccine_target_2vHPV_and_4vHPV	antibody_isotype_or_subclass	Antibody abundance						1.3423318774951083	6.742206910539109e-06	bpv_calibrated_supported						True	increased	primary_2vHPV_induction	vaccine_type	not_required	bpv_calibrated_supported	not_applicable	A1_robust_bpv_calibrated	Robust and supported after BPV calibration	claim_ready	May support a primary HPV-associated systems-serology claim.	12.544912466881463	1
HPVVT-FJ-M03	Heterologous 2vHPV recall	dose_specific_recall	HPV18	IgG2	low	1	20	2.879995542778825	2.8149142449492923	0.6294339602539112	1.5625751233059348	4.197415962251716	7.361478461600409	2.953806097011465	18.346283865902784	4.575532501641708	19.0	0.0002065973788433	1.0231201706930526	continuous_model_plus_floor_summary	HPVVT-FJ-M03|IgG subclass architecture|dose_specific_recall	0.0004820605506343	yes	HPV18|IgG2|dose1	mixedlm_powell	2.879995542778825	0.5934977686365918	1.2186545332519144e-06	2.8435272442544666e-06	0.0	yes	vaccine_target_2vHPV_and_4vHPV	antibody_isotype_or_subclass	IgG subclass architecture						3.5312620095271328	0.0031597184621903	bpv_calibrated_supported						True	increased	heterologous_2vHPV_recall	vaccine_type	not_required	bpv_calibrated_supported	not_applicable	A1_robust_bpv_calibrated	Robust and supported after BPV calibration	claim_ready	May support a primary HPV-associated systems-serology claim.	14.196893950277031	1
HPVVT-FJ-M03	Heterologous 2vHPV recall	dose_specific_recall	HPV58	FcgR2A	moderate	3	19	3.665671163616598	3.499787953556368	0.8029064217564855	1.9788273658973936	5.352514961335802	12.690448601896511	3.941725649328009	40.85710169728143	4.565502360284228	18.0	0.0002397721049417	1.047398074472388	above_floor_binary_sensitivity_required	HPVVT-FJ-M03|Fc-receptor engagement|dose_specific_recall	0.0005035214203776	yes	HPV58|FcgR2A|dose3	mixedlm_powell	3.6656711636165977	0.9397345665508454	9.589448549761162e-05	0.0001830712904954	-4.440892098500626e-16	yes	cross_reactive_non_booster_target	fc_gamma_receptor_binding	Fc-receptor engagement	sensitivity_supported	0.0526315789473684	1.0	3.531718695092474	0.0013662394132982	2.93010148948148	0.005967274921188	bpv_calibrated_supported						True	increased	heterologous_2vHPV_recall	cross_reactive_type	supported	bpv_calibrated_supported	not_applicable	A1_robust_bpv_calibrated	Robust and supported after BPV calibration	claim_ready	May support a primary HPV-associated systems-serology claim.	14.963653212949573	1
HPVVT-FJ-M03	Heterologous 2vHPV recall	dose_specific_recall	HPV52	FcgR2A	high	1	20	4.956728302507235	4.95444011153026	1.10784648798333	2.6379789545664107	7.27547765044806	31.054454109862498	6.224590610049165	154.93052964875048	4.474201395475128	19.0	0.0002599712896619	1.0004618465306807	two_part_floor_sensitivity_required	HPVVT-FJ-M03|Fc-receptor engagement|dose_specific_recall	0.0005283287499582	yes	HPV52|FcgR2A|dose1	mixedlm_powell	4.956728302507234	1.0114008590667694	9.542077991964809e-07	2.504795472890762e-06	-8.881784197001252e-16	yes	cross_reactive_non_booster_target	fc_gamma_receptor_binding	Fc-receptor engagement	sensitivity_supported	0.35	0.1785714285714285	4.125761929063379	0.0077314499993538	3.644072320899282	0.005580458968543	bpv_calibrated_supported						True	increased	heterologous_2vHPV_recall	cross_reactive_type	supported	bpv_calibrated_supported	not_applicable	A1_robust_bpv_calibrated	Robust and supported after BPV calibration	claim_ready	May support a primary HPV-associated systems-serology claim.	16.233824058262712	1
HPVVT-FJ-M03	Heterologous 2vHPV recall	dose_specific_recall	HPV31	IgM	none	1	20	1.7851589406181383	1.694596504520218	0.3789232978540737	0.9920633634338551	2.5782545178024217	3.446564323309635	1.9890276938933915	5.97216703979562	4.711135342503054	19.0	0.0001520532553664	1.0534418877038585	standard_continuous_model	HPVVT-FJ-M03|Antibody abundance|dose_specific_recall	0.0005321863937824	yes	HPV31|IgM|dose1	mixedlm_powell	1.7851589406181358	0.3478448814159449	2.865962543329546e-07	1.0030868901653411e-06	-2.4424906541753444e-15	yes	cross_reactive_non_booster_target	antibody_isotype_or_subclass	Antibody abundance						1.8338495156118055	0.0004003071309915	bpv_calibrated_supported						True	increased	heterologous_2vHPV_recall	cross_reactive_type	not_required	bpv_calibrated_supported	not_applicable	A1_robust_bpv_calibrated	Robust and supported after BPV calibration	claim_ready	May support a primary HPV-associated systems-serology claim.	13.059095173711224	1
HPVVT-FJ-M03	Heterologous 2vHPV recall	dose_specific_recall	HPV31	IgG4	high	1	20	1.9893567999816308	1.9890996680394308	0.4447762071758433	1.0584294995341177	2.920284100429144	3.970599365713302	2.0826631252080423	7.569951727756259	4.47271407032601	19.0	0.0002608507329926	1.0001292705168734	two_part_floor_sensitivity_required	HPVVT-FJ-M03|IgG subclass architecture|dose_specific_recall	0.0005922016640913	yes	HPV31|IgG4|dose1	mixedlm_lbfgs	1.9893567999816304	0.4137689862130282	1.525297541364488e-06	3.462837661476135e-06	-4.440892098500626e-16	yes	cross_reactive_non_booster_target	antibody_isotype_or_subclass	IgG subclass architecture	sensitivity_supported	-0.25	0.1470588235294117	2.652475733308841	0.0015174907841005	2.162600930416164	0.0020713009720249	bpv_calibrated_supported						True	increased	heterologous_2vHPV_recall	cross_reactive_type	supported	bpv_calibrated_supported	not_applicable	A1_robust_bpv_calibrated	Robust and supported after BPV calibration	claim_ready	May support a primary HPV-associated systems-serology claim.	13.216887176555751	1
HPVVT-FJ-M03	Heterologous 2vHPV recall	dose_specific_recall	HPV31	IgG4	high	3	19	1.951499555650317	1.8935455480034815	0.4344091415125538	1.0388398157644383	2.8641592955361954	3.8677634298026367	2.054574744088501	7.281114494355075	4.4923077558991045	18.0	0.0002817395607329	1.0306060805920094	two_part_floor_sensitivity_required	HPVVT-FJ-M03|IgG subclass architecture|dose_specific_recall	0.0006227927131992	yes	HPV31|IgG4|dose3	mixedlm_lbfgs	1.951499555650317	0.4245180226187875	4.286650651850294e-06	9.475754072511176e-06	0.0	yes	cross_reactive_non_booster_target	antibody_isotype_or_subclass	IgG subclass architecture	sensitivity_supported	-0.2631578947368421	0.1470588235294117	2.6484636826682872	0.0015174907841005	2.692834220260837	0.0029867255893603	bpv_calibrated_supported						True	increased	heterologous_2vHPV_recall	cross_reactive_type	supported	bpv_calibrated_supported	not_applicable	A1_robust_bpv_calibrated	Robust and supported after BPV calibration	claim_ready	May support a primary HPV-associated systems-serology claim.	13.157156033057849	1
HPVVT-FJ-M03	Heterologous 2vHPV recall	dose_specific_recall	HPV16	IgA2	high	1	20	4.523405268357246	4.377515273079172	0.9788421723148584	2.4746650562330097	6.572145480481483	22.997502159986308	5.558382265916852	95.15090547867092	4.621179385497736	19.0	0.0001863171458025	1.0333271242193642	two_part_floor_sensitivity_required	HPVVT-FJ-M03|Antibody abundance|dose_specific_recall	0.0006260256098965	yes	HPV16|IgA2|dose1	mixedlm_powell	4.523405268357245	0.7168340182850628	2.7857653663787645e-10	1.544714936063042e-09	-8.881784197001252e-16	yes	vaccine_target_2vHPV_and_4vHPV	antibody_isotype_or_subclass	Antibody abundance	sensitivity_supported	0.2	0.2142857142857142	2.7948749594434914	0.0043752171947304	4.403648160553908	0.0063895538270515	bpv_calibrated_supported						True	increased	heterologous_2vHPV_recall	vaccine_type	supported	bpv_calibrated_supported	not_applicable	A1_robust_bpv_calibrated	Robust and supported after BPV calibration	claim_ready	May support a primary HPV-associated systems-serology claim.	15.726813168358907	1
HPVVT-FJ-M03	Heterologous 2vHPV recall	dose_specific_recall	HPV45	FcgR2A	moderate	2	21	3.2861049111250797	3.4921002985240195	0.7620387596363908	1.6965199131237716	4.875689909126387	9.754750081032714	3.2411817292162306	29.358165352369102	4.312254290966846	20.0	0.0003390191101318	0.9410110335358904	above_floor_binary_sensitivity_required	HPVVT-FJ-M03|Fc-receptor engagement|dose_specific_recall	0.000667443873072	yes	HPV45|FcgR2A|dose2	mixedlm_powell	3.2861049111250806	0.9955848178315412	0.0009645150726429	0.0014820597457683	8.881784197001252e-16	yes	cross_reactive_non_booster_target	fc_gamma_receptor_binding	Fc-receptor engagement	sensitivity_supported	0.0	1.0	3.2861049111250797	0.0009862374112926	3.0048379906052327	0.0016003554805882	bpv_calibrated_supported						True	increased	heterologous_2vHPV_recall	cross_reactive_type	supported	bpv_calibrated_supported	not_applicable	A1_robust_bpv_calibrated	Robust and supported after BPV calibration	claim_ready	May support a primary HPV-associated systems-serology claim.	14.461690160399312	1
HPVVT-FJ-M03	Heterologous 2vHPV recall	dose_specific_recall	HPV58	IgG4	none	3	19	1.669670634125714	1.6435664598182915	0.3770600055442545	0.8774969579844111	2.4618443102670167	3.181419537119633	1.8371850616172647	5.5092056225716615	4.428129766018765	18.0	0.0003246329456437	1.0158826399452738	standard_continuous_model	HPVVT-FJ-M03|IgG subclass architecture|dose_specific_recall	0.0006992094213865	yes	HPV58|IgG4|dose3	mixedlm_lbfgs	1.669670634125714	0.4230067356447561	7.908732524462408e-05	0.0001355782718479	0.0	yes	cross_reactive_non_booster_target	antibody_isotype_or_subclass	IgG subclass architecture						2.411005298736234	0.0047849673258298	bpv_calibrated_supported						True	increased	heterologous_2vHPV_recall	cross_reactive_type	not_required	bpv_calibrated_supported	not_applicable	A1_robust_bpv_calibrated	Robust and supported after BPV calibration	claim_ready	May support a primary HPV-associated systems-serology claim.	12.825063362627796	1
HPVVT-FJ-M03	Heterologous 2vHPV recall	dose_specific_recall	HPV45	IgG2	high	2	21	2.7012734875132223	2.8802780368913683	0.6285281965035002	1.390186644031002	4.012360330995443	6.5037575974819095	2.6211258855142274	16.137669358259465	4.29777614200985	20.0	0.0003506818162459	0.9378516424159724	two_part_floor_sensitivity_required	HPVVT-FJ-M03|IgG subclass architecture|dose_specific_recall	0.0007364318141165	yes	HPV45|IgG2|dose2	mixedlm_lbfgs	2.701273487513222	0.627711093457325	1.682190868292682e-05	3.364381736585364e-05	-4.440892098500626e-16	yes	cross_reactive_non_booster_target	antibody_isotype_or_subclass	IgG subclass architecture	sensitivity_supported	0.238095238095238	0.1470588235294117	2.413589611665572	0.0139845447868961	1.816772676275836	0.038004366403813	bpv_calibrated_supported						True	increased	heterologous_2vHPV_recall	cross_reactive_type	supported	bpv_calibrated_supported	not_applicable	A1_robust_bpv_calibrated	Robust and supported after BPV calibration	claim_ready	May support a primary HPV-associated systems-serology claim.	13.834140945599774	1
HPVVT-FJ-M03	Heterologous 2vHPV recall	dose_specific_recall	HPV52	FcgR2A	high	3	19	3.730942200292192	3.8795018841249305	0.8900187717987479	1.861082146392013	5.600802254192371	13.27778140167294	3.6328005149874754	48.52990914950355	4.191981471078272	18.0	0.0005478923260131	0.9617065055592188	two_part_floor_sensitivity_required	HPVVT-FJ-M03|Fc-receptor engagement|dose_specific_recall	0.001015212251142	yes	HPV52|FcgR2A|dose3	mixedlm_powell	3.730942200292192	1.0376753866828332	0.0003237926850934	0.0005368141884443	0.0	yes	cross_reactive_non_booster_target	fc_gamma_receptor_binding	Fc-receptor engagement	sensitivity_supported	0.1052631578947368	0.8695652173913043	3.773671567038367	3.390271351486784e-05	2.995372526157073	0.0106674186359949	bpv_calibrated_supported						True	increased	heterologous_2vHPV_recall	cross_reactive_type	supported	bpv_calibrated_supported	not_applicable	A1_robust_bpv_calibrated	Robust and supported after BPV calibration	claim_ready	May support a primary HPV-associated systems-serology claim.	14.724385350296103	1
HPVVT-FJ-M03	Heterologous 2vHPV recall	dose_specific_recall	HPV45	FcgR2A	moderate	3	19	3.535896797004563	3.698073380004552	0.848396218380933	1.753482482950978	5.318311111058148	11.59874491869779	3.371714737761666	39.899841520497965	4.167742288800411	18.0	0.0005782134372827	0.956145655768521	above_floor_binary_sensitivity_required	HPVVT-FJ-M03|Fc-receptor engagement|dose_specific_recall	0.0010407841871088	yes	HPV45|FcgR2A|dose3	mixedlm_powell	3.5358967970045687	1.0466732189840424	0.0007295557371871	0.0011490502860696	5.773159728050814e-15	yes	cross_reactive_non_booster_target	fc_gamma_receptor_binding	Fc-receptor engagement	sensitivity_supported	0.0	1.0	3.9970775697547984	1.360232019887548e-05	2.800327122869444	0.0134809456938486	bpv_calibrated_supported						True	increased	heterologous_2vHPV_recall	cross_reactive_type	supported	bpv_calibrated_supported	not_applicable	A1_robust_bpv_calibrated	Robust and supported after BPV calibration	claim_ready	May support a primary HPV-associated systems-serology claim.	14.51853611174423	1
HPVVT-FJ-M03	Heterologous 2vHPV recall	dose_specific_recall	HPV52	IgG3	low	3	19	3.494173292961086	3.730353717605072	0.8558018357211458	1.6962003542158577	5.292146231706314	11.268107231189482	3.2404638825729637	39.18273592136721	4.082923344066799	18.0	0.0006982549790803	0.9366868553163328	continuous_model_plus_floor_summary	HPVVT-FJ-M03|IgG subclass architecture|dose_specific_recall	0.0013965099581606	yes	HPV52|IgG3|dose3	mixedlm_powell	3.4941732929610865	0.8299127899820593	2.550434056446093e-05	4.982243273057484e-05	4.440892098500626e-16	yes	cross_reactive_non_booster_target	antibody_isotype_or_subclass	IgG subclass architecture						2.616310071889034	0.0382088803806841	bpv_calibrated_supported						True	increased	heterologous_2vHPV_recall	cross_reactive_type	not_required	bpv_calibrated_supported	not_applicable	A1_robust_bpv_calibrated	Robust and supported after BPV calibration	claim_ready	May support a primary HPV-associated systems-serology claim.	14.34912925606851	1
HPVVT-FJ-M03	Heterologous 2vHPV recall	dose_specific_recall	HPV58	FcgR2A	moderate	1	20	4.423546303399879	4.988265428528052	1.1154100588000844	2.088966219802367	6.7581263869973895	21.45952597691433	4.254431074397263	108.24273495113628	3.965847598827073	19.0	0.0008283596535361	0.886790481938165	above_floor_binary_sensitivity_required	HPVVT-FJ-M03|Fc-receptor engagement|dose_specific_recall	0.0014496293936882	yes	HPV58|FcgR2A|dose1	mixedlm_powell	4.423546303399875	0.915939955887928	1.368655938391533e-06	3.111703212209683e-06	-4.440892098500626e-15	yes	cross_reactive_non_booster_target	fc_gamma_receptor_binding	Fc-receptor engagement	sensitivity_supported	0.25	0.2222222222222222	3.180028934999945	0.0300051829896774	3.1108903217919264	0.0165173200333462	bpv_calibrated_supported						True	increased	heterologous_2vHPV_recall	cross_reactive_type	supported	bpv_calibrated_supported	not_applicable	A1_robust_bpv_calibrated	Robust and supported after BPV calibration	claim_ready	May support a primary HPV-associated systems-serology claim.	15.262289316922573	1
HPVVT-FJ-M03	Heterologous 2vHPV recall	dose_specific_recall	HPV58	FcgR2A	moderate	2	21	2.810645944980559	3.350491199727734	0.7311371208588451	1.2855206359298244	4.335771254031294	7.015986369648622	2.4377000793239576	20.19283059331337	3.844211796658576	20.0	0.0010124625360127	0.8388757878871482	above_floor_binary_sensitivity_required	HPVVT-FJ-M03|Fc-receptor engagement|dose_specific_recall	0.0017239226964541	yes	HPV58|FcgR2A|dose2	mixedlm_powell	2.810645944980555	0.8938658697675057	0.0016644426018593	0.0023367066301749	-3.996802888650564e-15	yes	cross_reactive_non_booster_target	fc_gamma_receptor_binding	Fc-receptor engagement	sensitivity_supported	0.0952380952380952	0.7619047619047619	2.245716973123975	0.0078900821758755	2.529379024460712	0.0032203796790378	bpv_calibrated_supported						True	increased	heterologous_2vHPV_recall	cross_reactive_type	supported	bpv_calibrated_supported	not_applicable	A1_robust_bpv_calibrated	Robust and supported after BPV calibration	claim_ready	May support a primary HPV-associated systems-serology claim.	13.574128157538343	1
HPVVT-FJ-M03	Heterologous 2vHPV recall	dose_specific_recall	HPV16	IgG4	moderate	1	20	2.4882892950453352	2.864468825242462	0.640514701267111	1.1476766180911493	3.828901971999521	5.61112205465736	2.2155680177072696	14.210663116920896	3.884827764488196	19.0	0.0009967578695934	0.8686738962274149	above_floor_binary_sensitivity_required	HPVVT-FJ-M03|IgG subclass architecture|dose_specific_recall	0.0019029013874057	yes	HPV16|IgG4|dose1	mixedlm_lbfgs	2.4882892950453344	0.5079705902010959	9.657552848816185e-07	2.3701620711934114e-06	-8.881784197001252e-16	yes	vaccine_target_2vHPV_and_4vHPV	antibody_isotype_or_subclass	IgG subclass architecture	sensitivity_supported	-0.05	1.0	2.6192518895214056	0.0059256228520218	2.6615334254798686	0.0007502401840479	bpv_calibrated_supported						True	increased	heterologous_2vHPV_recall	vaccine_type	supported	bpv_calibrated_supported	not_applicable	A1_robust_bpv_calibrated	Robust and supported after BPV calibration	claim_ready	May support a primary HPV-associated systems-serology claim.	13.208873012283918	1
HPVVT-FJ-M03	Heterologous 2vHPV recall	dose_specific_recall	HPV58	IgG2	none	1	20	2.1682482787140382	2.5391836078124257	0.567778715442175	0.9798737697125416	3.356622787715535	4.494773067657014	1.972292833372172	10.243400263840302	3.81882627816622	19.0	0.0011588855963925	0.8539155152242188	standard_continuous_model	HPVVT-FJ-M03|IgG subclass architecture|dose_specific_recall	0.0021162258716733	yes	HPV58|IgG2|dose1	mixedlm_lbfgs	2.168248278714037	0.5567663623657821	9.845860758449636e-05	0.0001654104607419	-1.3322676295501878e-15	yes	cross_reactive_non_booster_target	antibody_isotype_or_subclass	IgG subclass architecture						2.819514745462345	0.0165411709795357	bpv_calibrated_supported						True	increased	heterologous_2vHPV_recall	cross_reactive_type	not_required	bpv_calibrated_supported	not_applicable	A1_robust_bpv_calibrated	Robust and supported after BPV calibration	claim_ready	May support a primary HPV-associated systems-serology claim.	12.842686259213766	1
HPVVT-FJ-M01	Primary 2vHPV induction	primary_induction	HPV33	IgA2	high	0	20	2.555031063246548	3.024596753017293	0.6763203944271808	1.1394762092235744	3.9705859172695215	5.876801067515871	2.20301025260576	15.677090356844657	3.777841218895325	19.0	0.0012725242978098	0.844750977365061	two_part_floor_sensitivity_required	HPVVT-FJ-M01|Antibody abundance|primary_induction	0.0027408215645134	yes	HPV33|IgA2|dose0	mixedlm_lbfgs	2.555031063246535	0.644923854251204	7.440049743797222e-05	0.000160247225251	-1.2878587085651816e-14	yes	cross_reactive_non_booster_target	antibody_isotype_or_subclass	Antibody abundance	sensitivity_supported	0.2	0.2142857142857142	2.7786673211153934	0.0215321238830122	1.618505171475745	0.0352015005870658	bpv_calibrated_supported						True	increased	primary_2vHPV_induction	cross_reactive_type	supported	bpv_calibrated_supported	not_applicable	A1_robust_bpv_calibrated	Robust and supported after BPV calibration	claim_ready	May support a primary HPV-associated systems-serology claim.	13.117150300625575	1
HPVVT-FJ-M03	Heterologous 2vHPV recall	dose_specific_recall	HPV16	IgA2	high	3	19	2.2001065108188125	2.4715818317068234	0.5670197597421681	1.0088422003243576	3.3913708213132674	4.595132655420068	2.012295533291649	10.493112851256118	3.880123175635417	18.0	0.0010969454737179	0.8901613058465737	two_part_floor_sensitivity_required	HPVVT-FJ-M03|Antibody abundance|dose_specific_recall	0.0028794818685095	yes	HPV16|IgA2|dose3	mixedlm_powell	2.200106510818814	0.7354561847986878	0.0027762372466819	0.0051823095271395	1.3322676295501878e-15	yes	vaccine_target_2vHPV_and_4vHPV	antibody_isotype_or_subclass	Antibody abundance	sensitivity_supported	0.1052631578947368	0.6206896551724138	1.607682123615835	0.0040757703222963	2.226162175680208	0.0329890191220174	bpv_calibrated_supported						True	increased	heterologous_2vHPV_recall	vaccine_type	supported	bpv_calibrated_supported	not_applicable	A1_robust_bpv_calibrated	Robust and supported after BPV calibration	claim_ready	May support a primary HPV-associated systems-serology claim.	12.740792162605107	1
HPVVT-FJ-M03	Heterologous 2vHPV recall	dose_specific_recall	HPV52	IgG2	high	1	20	1.9257523427772696	2.358616395009661	0.5274026592087099	0.8218858906945563	3.029618794859983	3.799349268181365	1.7677152399681628	8.1659390241441	3.651389141015288	19.0	0.001697754028771	0.8164754331614749	two_part_floor_sensitivity_required	HPVVT-FJ-M03|IgG subclass architecture|dose_specific_recall	0.0029104354778932	yes	HPV52|IgG2|dose1	mixedlm_lbfgs	1.9257523427772687	0.6190301718739056	0.001865064791002	0.0027485165341082	-4.440892098500626e-16	yes	cross_reactive_non_booster_target	antibody_isotype_or_subclass	IgG subclass architecture	sensitivity_supported	0.25	0.1470588235294117	1.298227348218459	0.0499781563055449	2.577018809525576	0.0083965955320002	bpv_calibrated_supported						True	increased	heterologous_2vHPV_recall	cross_reactive_type	supported	bpv_calibrated_supported	not_applicable	A1_robust_bpv_calibrated	Robust and supported after BPV calibration	claim_ready	May support a primary HPV-associated systems-serology claim.	12.461794367022906	1
HPVVT-FJ-M03	Heterologous 2vHPV recall	dose_specific_recall	HPV31	FcgR2A	low	2	21	2.330053899987353	3.0153334561481646	0.6579997051586558	0.9574905667146992	3.702617233260007	5.028241352814008	1.9419291510382235	13.019636215168587	3.5411169362538457	20.0	0.0020502055729642	0.7727350669082554	continuous_model_plus_floor_summary	HPVVT-FJ-M03|Fc-receptor engagement|dose_specific_recall	0.0032290737774187	yes	HPV31|FcgR2A|dose2	mixedlm_powell	2.330053899987351	1.0163480980486768	0.0218725043832825	0.0275593555229359	-2.220446049250313e-15	yes	cross_reactive_non_booster_target	fc_gamma_receptor_binding	Fc-receptor engagement						2.0487869794675064	0.0159096934730202	bpv_calibrated_supported						True	increased	heterologous_2vHPV_recall	cross_reactive_type	not_required	bpv_calibrated_supported	not_applicable	A1_robust_bpv_calibrated	Robust and supported after BPV calibration	claim_ready	May support a primary HPV-associated systems-serology claim.	12.82097593215824	1
HPVVT-FJ-M03	Heterologous 2vHPV recall	dose_specific_recall	HPV16	IgM	none	1	20	1.463621301895222	1.7594627885982357	0.3934278399186996	0.6401673692715003	2.287075234518944	2.757997792070303	1.55850995397143	4.880656553833025	3.720177255879182	19.0	0.0014514167594961	0.8318569232494479	standard_continuous_model	HPVVT-FJ-M03|Antibody abundance|dose_specific_recall	0.0032951083188561	yes	HPV16|IgM|dose1	mixedlm_powell	1.4636213018952215	0.3786132493707902	0.0001107517747798	0.0002658042594715	-4.440892098500626e-16	yes	vaccine_target_2vHPV_and_4vHPV	antibody_isotype_or_subclass	Antibody abundance						1.5123118768888897	0.0032312909782722	bpv_calibrated_supported						True	increased	heterologous_2vHPV_recall	vaccine_type	not_required	bpv_calibrated_supported	not_applicable	A1_robust_bpv_calibrated	Robust and supported after BPV calibration	claim_ready	May support a primary HPV-associated systems-serology claim.	11.94575160633142	1
HPVVT-FJ-M03	Heterologous 2vHPV recall	dose_specific_recall	HPV16	IgG2	moderate	1	20	2.491257919520913	3.144715481230729	0.7031797585927874	1.0194857702132134	3.963030068828612	5.62267991226438	2.027196263183655	15.595199127948096	3.542846461488669	19.0	0.0021732781022683	0.7922045521733252	above_floor_binary_sensitivity_required	HPVVT-FJ-M03|IgG subclass architecture|dose_specific_recall	0.0036511072118107	yes	HPV16|IgG2|dose1	mixedlm_powell	2.4912579195209124	0.6782268202077428	0.0002395385450734	0.0003869468805031	-4.440892098500626e-16	yes	vaccine_target_2vHPV_and_4vHPV	antibody_isotype_or_subclass	IgG subclass architecture	sensitivity_supported	0.1	0.7407407407407407	1.9338534578657096	0.031489742787388	3.142524386269219	0.0007902112473348	bpv_calibrated_supported						True	increased	heterologous_2vHPV_recall	vaccine_type	supported	bpv_calibrated_supported	not_applicable	A1_robust_bpv_calibrated	Robust and supported after BPV calibration	claim_ready	May support a primary HPV-associated systems-serology claim.	12.928833333677689	1
HPVVT-FJ-M03	Heterologous 2vHPV recall	dose_specific_recall	HPV31	FcgR2A	low	1	20	3.73596922304689	4.956546155778567	1.1083174137936138	1.4162342160573005	6.05570423003648	13.324128087988344	2.6688795866450685	66.51944516098914	3.370847716142252	19.0	0.0032091373348227	0.7537444635093989	continuous_model_plus_floor_summary	HPVVT-FJ-M03|Fc-receptor engagement|dose_specific_recall	0.0047017593510193	yes	HPV31|FcgR2A|dose1	mixedlm_powell	3.735969223046891	1.041446892178147	0.0003341360836582	0.0005397582889863	8.881784197001252e-16	yes	cross_reactive_non_booster_target	fc_gamma_receptor_binding	Fc-receptor engagement						2.423313241438938	0.0402003412052616	bpv_calibrated_supported						True	increased	heterologous_2vHPV_recall	cross_reactive_type	not_required	bpv_calibrated_supported	not_applicable	A1_robust_bpv_calibrated	Robust and supported after BPV calibration	claim_ready	May support a primary HPV-associated systems-serology claim.	14.0637088260757	1
HPVVT-FJ-M03	Heterologous 2vHPV recall	dose_specific_recall	HPV31	IgM	none	3	19	1.3660399141845556	1.742811516212688	0.3998283829900002	0.5260316520469603	2.2060481763221507	2.5776205734769517	1.439962910273437	4.614096497492413	3.416565637409289	18.0	0.003076515078648	0.7838139130231957	standard_continuous_model	HPVVT-FJ-M03|Antibody abundance|dose_specific_recall	0.0060099364327078	yes	HPV31|IgM|dose3	mixedlm_powell	1.3660399141845552	0.3568813182163869	0.0001293384821131	0.0002936333107432	-4.440892098500626e-16	yes	cross_reactive_non_booster_target	antibody_isotype_or_subclass	Antibody abundance						1.3114173341183253	0.014956149412585	bpv_calibrated_supported						True	increased	heterologous_2vHPV_recall	cross_reactive_type	not_required	bpv_calibrated_supported	not_applicable	A1_robust_bpv_calibrated	Robust and supported after BPV calibration	claim_ready	May support a primary HPV-associated systems-serology claim.	11.587170035704318	1
HPVVT-FJ-M01	Primary 2vHPV induction	primary_induction	HPV31	IgG	none	0	20	2.032957307307018	2.736852343930809	0.6119787885408922	0.7520709821033029	3.313843632510733	4.092428772684949	1.6842087700094504	9.94411949262422	3.3219408015007974	19.0	0.0035836848643379	0.7428085449385917	standard_continuous_model	HPVVT-FJ-M01|Antibody abundance|primary_induction	0.0066895450800974	yes	HPV31|IgG|dose0	mixedlm_powell	2.032957307307011	0.4747668100205618	1.8521076409917104e-05	4.321584495647325e-05	-7.105427357601002e-15	yes	cross_reactive_non_booster_target	antibody_isotype_or_subclass	Antibody abundance						2.1082144917853523	0.0064822696479863	bpv_calibrated_supported						True	increased	primary_2vHPV_induction	cross_reactive_type	not_required	bpv_calibrated_supported	not_applicable	A1_robust_bpv_calibrated	Robust and supported after BPV calibration	claim_ready	May support a primary HPV-associated systems-serology claim.	12.207560722561777	1
HPVVT-FJ-M03	Heterologous 2vHPV recall	dose_specific_recall	HPV58	IgG4	none	2	21	1.597181873475692	2.268512195227306	0.4950299452171225	0.564567502450765	2.6297962445006187	3.025517382639302	1.478944078338073	6.189385769703257	3.226434862996339	20.0	0.00423276924653	0.7040658087869143	standard_continuous_model	HPVVT-FJ-M03|IgG subclass architecture|dose_specific_recall	0.0068375503213177	yes	HPV58|IgG4|dose2	mixedlm_lbfgs	1.5971818734756915	0.4023596631785227	7.201219672618244e-05	0.0001260213442708	-4.440892098500626e-16	yes	cross_reactive_non_booster_target	antibody_isotype_or_subclass	IgG subclass architecture						1.3225403434335696	0.0382088803806841	bpv_calibrated_supported						True	increased	heterologous_2vHPV_recall	cross_reactive_type	not_required	bpv_calibrated_supported	not_applicable	A1_robust_bpv_calibrated	Robust and supported after BPV calibration	claim_ready	May support a primary HPV-associated systems-serology claim.	11.762281337908949	1
HPVVT-FJ-M03	Heterologous 2vHPV recall	dose_specific_recall	HPV31	IgG4	high	2	21	1.7803082299175732	2.5460450014311977	0.5555925686582102	0.6213624401240123	2.939254019711134	3.434995549688056	1.5383272479926802	7.670145895012383	3.204341329145431	20.0	0.004451880319598	0.6992446044421116	two_part_floor_sensitivity_required	HPVVT-FJ-M03|IgG subclass architecture|dose_specific_recall	0.0070558103178535	yes	HPV31|IgG4|dose2	mixedlm_lbfgs	1.7803082299175734	0.4037971838291349	1.038888734682296e-05	2.1816663428328217e-05	2.220446049250313e-16	yes	cross_reactive_non_booster_target	antibody_isotype_or_subclass	IgG subclass architecture	sensitivity_supported	-0.3333333333333333	0.048076923076923	2.836314351654028	0.0059256228520218	1.5056666998754509	0.0442154016208192	bpv_calibrated_supported						True	increased	heterologous_2vHPV_recall	cross_reactive_type	supported	bpv_calibrated_supported	not_applicable	A1_robust_bpv_calibrated	Robust and supported after BPV calibration	claim_ready	May support a primary HPV-associated systems-serology claim.	11.931761332824538	1
HPVVT-FJ-M03	Heterologous 2vHPV recall	dose_specific_recall	HPV52	IgG4	none	2	21	1.8187150899895148	2.6278107260257006	0.5734353125728399	0.6225499885911114	3.014880191387918	3.5276687318500537	1.5395940370208143	8.082940296231042	3.171613345242834	20.0	0.0047968859244638	0.6921027728432094	standard_continuous_model	HPVVT-FJ-M03|IgG subclass architecture|dose_specific_recall	0.007461822549166	yes	HPV52|IgG4|dose2	mixedlm_powell	1.818715089989516	0.4327878519405099	2.641877923417056e-05	5.043585126523471e-05	1.1102230246251563e-15	yes	cross_reactive_non_booster_target	antibody_isotype_or_subclass	IgG subclass architecture						1.544073559947393	0.0382088803806841	bpv_calibrated_supported						True	increased	heterologous_2vHPV_recall	cross_reactive_type	not_required	bpv_calibrated_supported	not_applicable	A1_robust_bpv_calibrated	Robust and supported after BPV calibration	claim_ready	May support a primary HPV-associated systems-serology claim.	11.945870173190677	1
HPVVT-FJ-M03	Heterologous 2vHPV recall	dose_specific_recall	HPV18	IgM	none	3	19	0.8252219123193689	1.0980174350809253	0.2519024756717624	0.295994449189301	1.3544493754494369	1.7718075529597068	1.2277309601757624	2.55699506370324	3.2759579282367257	18.0	0.0041981987600413	0.7515562922355136	standard_continuous_model	HPVVT-FJ-M03|Antibody abundance|dose_specific_recall	0.0078366376854105	yes	HPV18|IgM|dose3	mixedlm_lbfgs	0.8252219123193684	0.2178063198678786	0.0001513841915343	0.0003316416162913	-5.551115123125784e-16	yes	vaccine_target_2vHPV_and_4vHPV	antibody_isotype_or_subclass	Antibody abundance						0.7705993322531385	0.047381501709626	bpv_calibrated_supported						True	increased	heterologous_2vHPV_recall	vaccine_type	not_required	bpv_calibrated_supported	not_applicable	A1_robust_bpv_calibrated	Robust and supported after BPV calibration	claim_ready	May support a primary HPV-associated systems-serology claim.	10.93109214400804	1
HPVVT-FJ-M03	Heterologous 2vHPV recall	dose_specific_recall	HPV52	FcgR2A	high	2	21	2.706832268109981	4.125707661277484	0.9003032215744428	0.8288326564500186	4.584831879769943	6.528865260358215	1.7762475461925475	23.997827149308616	3.0065784540638383	20.0	0.0069718653366002	0.6560892070748023	two_part_floor_sensitivity_required	HPVVT-FJ-M03|Fc-receptor engagement|dose_specific_recall	0.0093452663022513	yes	HPV52|FcgR2A|dose2	mixedlm_powell	2.706832268109986	0.9870261721434692	0.0060989817959506	0.0083529533292366	5.3290705182007506e-15	yes	cross_reactive_non_booster_target	fc_gamma_receptor_binding	Fc-receptor engagement	sensitivity_supported	0.0952380952380952	0.7619047619047619	2.004337131433963	0.0389675714848516	2.4255653475901333	0.0106674186359949	bpv_calibrated_supported						True	increased	heterologous_2vHPV_recall	cross_reactive_type	supported	bpv_calibrated_supported	not_applicable	A1_robust_bpv_calibrated	Robust and supported after BPV calibration	claim_ready	May support a primary HPV-associated systems-serology claim.	12.736240586584492	1
HPVVT-FJ-M03	Heterologous 2vHPV recall	dose_specific_recall	HPV18	IgG4	high	1	20	2.0124065787615644	2.983628965720091	0.6671597186987512	0.6160252393928278	3.408787918130301	4.034546670972335	1.532646773036901	10.620559888042802	3.016379020434003	19.0	0.007099382138689	0.6744828535594658	two_part_floor_sensitivity_required	HPVVT-FJ-M03|IgG subclass architecture|dose_specific_recall	0.0108426927209069	yes	HPV18|IgG4|dose1	mixedlm_powell	2.012406578761567	0.6467439773984681	0.0018607837058608	0.0027485165341082	2.664535259100376e-15	yes	vaccine_target_2vHPV_and_4vHPV	antibody_isotype_or_subclass	IgG subclass architecture	sensitivity_supported	0.45	0.01953125	0.4382540165794735	0.6203197182763659	2.185650709196098	0.0255755837036687	bpv_calibrated_supported						True	increased	heterologous_2vHPV_recall	vaccine_type	supported	bpv_calibrated_supported	not_applicable	A1_robust_bpv_calibrated	Robust and supported after BPV calibration	claim_ready	May support a primary HPV-associated systems-serology claim.	11.977269428606425	1
HPVVT-FJ-M01	Primary 2vHPV induction	primary_induction	HPV31	FcgR2B	moderate	0	20	2.3336024071487924	3.1468562701581706	0.7036584535495112	0.8608283377819461	3.806376476515639	5.040624227431785	1.8160807322570816	13.99050832426076	3.3163850947533517	19.0	0.0036288554951903	0.7415662511435575	above_floor_binary_sensitivity_required	HPVVT-FJ-M01|Fc-receptor engagement|primary_induction	0.0144529596490535	yes	HPV31|FcgR2B|dose0	mixedlm_powell	2.3336024071487675	0.7077415419134527	0.0009763576220353	0.0041007020125482	-2.4868995751603507e-14	yes	cross_reactive_non_booster_target	fc_gamma_receptor_binding	Fc-receptor engagement	sensitivity_supported	0.1	0.7619047619047619	1.9120940844875944	0.019320957755174	2.4136020206599214	0.0124003597525381	bpv_calibrated_supported						True	increased	primary_2vHPV_induction	cross_reactive_type	supported	bpv_calibrated_supported	not_applicable	A1_robust_bpv_calibrated	Robust and supported after BPV calibration	claim_ready	May support a primary HPV-associated systems-serology claim.	12.173645616967185	1
HPVVT-FJ-M01	Primary 2vHPV induction	primary_induction	HPV31	FcgR3A	moderate	0	20	2.0160363294119827	2.766497487699776	0.6186076442079087	0.7212756498440014	3.3107970089799643	4.044710174515821	1.6486391385565191	9.923142071075462	3.258990328180313	19.0	0.0041294170425867	0.7287323911825528	above_floor_binary_sensitivity_required	HPVVT-FJ-M01|Fc-receptor engagement|primary_induction	0.0144529596490535	yes	HPV31|FcgR3A|dose0	mixedlm_powell	2.016036329411983	0.6702726009377462	0.0026315865544592	0.0092105529406072	4.440892098500626e-16	yes	cross_reactive_non_booster_target	fc_gamma_receptor_binding	Fc-receptor engagement	sensitivity_supported	0.1	0.7619047619047619	1.829164441730556	0.0201829644787697	1.6478157910647204	0.0484535700944838	bpv_calibrated_supported						True	increased	primary_2vHPV_induction	cross_reactive_type	supported	bpv_calibrated_supported	not_applicable	A1_robust_bpv_calibrated	Robust and supported after BPV calibration	claim_ready	May support a primary HPV-associated systems-serology claim.	11.856079539230375	1
HPVVT-FJ-M01	Primary 2vHPV induction	primary_induction	HPV31	IgG1	none	0	20	1.973137563655733	2.5464605886765144	0.5694058978304817	0.7813573227746007	3.1649178045368647	3.926210609050766	1.7187471517901272	8.968817624260476	3.4652566318221685	19.0	0.0025917426895021	0.7748549388236329	standard_continuous_model	HPVVT-FJ-M01|IgG subclass architecture|primary_induction	0.0145137590612122	yes	HPV31|IgG1|dose0	mixedlm_powell	1.9731375636557504	0.4585077391053434	1.6820447072816008e-05	9.419450360776964e-05	1.754152378907747e-14	yes	cross_reactive_non_booster_target	antibody_isotype_or_subclass	IgG subclass architecture						1.8249142275915395	0.0145626878726682	bpv_calibrated_supported						True	increased	primary_2vHPV_induction	cross_reactive_type	not_required	bpv_calibrated_supported	not_applicable	A1_robust_bpv_calibrated	Robust and supported after BPV calibration	claim_ready	May support a primary HPV-associated systems-serology claim.	11.811357654449589	1
HPVVT-FJ-M01	Primary 2vHPV induction	primary_induction	HPV45	IgG1	none	0	20	1.1725152600167807	1.7672467959617857	0.3951683968789253	0.3454182998072389	1.9996122202263225	2.254043347150666	1.2705193077409689	3.998924990654313	2.967128113678648	19.0	0.0079168273654794	0.6634700160136179	standard_continuous_model	HPVVT-FJ-M01|IgG subclass architecture|primary_induction	0.0324164345712648	yes	HPV45|IgG1|dose0	mixedlm_powell	1.172515260016768	0.365507554951645	0.0013370343464735	0.0062394936168763	-1.2656542480726783e-14	yes	cross_reactive_non_booster_target	antibody_isotype_or_subclass	IgG subclass architecture						1.024291923952588	0.0255755837036687	bpv_calibrated_supported						True	increased	primary_2vHPV_induction	cross_reactive_type	not_required	bpv_calibrated_supported	not_applicable	A1_robust_bpv_calibrated	Robust and supported after BPV calibration	claim_ready	May support a primary HPV-associated systems-serology claim.	10.661750014192059	1
HPVVT-FJ-M01	Primary 2vHPV induction	primary_induction	HPV58	IgG	none	0	20	0.7339207789043733	1.3762389123724978	0.3077363761345281	0.089821141238377	1.3780204165703696	1.6631528673931657	1.0642382348642216	2.599114906514341	2.3849009601111866	19.0	0.0276592838732987	0.5332800666413127	standard_continuous_model	HPVVT-FJ-M01|Antibody abundance|primary_induction	0.0387229974226183	yes	HPV58|IgG|dose0	mixedlm_powell	0.7339207789043507	0.3222546204121963	0.0227589981432203	0.0318625974005084	-2.2648549702353197e-14	yes	cross_reactive_non_booster_target	antibody_isotype_or_subclass	Antibody abundance						0.8091779633827073	0.041142716480428	bpv_calibrated_supported						True	increased	primary_2vHPV_induction	cross_reactive_type	not_required	bpv_calibrated_supported	not_applicable	A1_robust_bpv_calibrated	Robust and supported after BPV calibration	claim_ready	May support a primary HPV-associated systems-serology claim.	10.145951811628578	1
HPVVT-FJ-M01	Primary 2vHPV induction	primary_induction	HPV45	IgG	none	0	20	1.167879910523734	2.295786478084552	0.5133534626821888	0.0934187647161381	2.24234105633133	2.246812774298569	1.066895418910985	4.73164243961612	2.2750015251124447	19.0	0.034681212178552	0.5087058059067121	standard_continuous_model	HPVVT-FJ-M01|Antibody abundance|primary_induction	0.0441397245908844	yes	HPV45|IgG|dose0	mixedlm_powell	1.167879910523729	0.3934241332505132	0.0029925618406022	0.0055861154357907	-5.10702591327572e-15	yes	cross_reactive_non_booster_target	antibody_isotype_or_subclass	Antibody abundance						1.2431370950020677	0.0213572073579749	bpv_calibrated_supported						True	increased	primary_2vHPV_induction	cross_reactive_type	not_required	bpv_calibrated_supported	not_applicable	A1_robust_bpv_calibrated	Robust and supported after BPV calibration	claim_ready	May support a primary HPV-associated systems-serology claim.	10.523050291463216	1
HPVVT-FJ-M01	Primary 2vHPV induction	primary_induction	HPV45	IgM	none	0	20	0.5097683869783175	0.998620880653992	0.223298417289303	0.0423994282805122	0.9771373456761228	1.4238215942050627	1.0298251640266285	1.9685554431375565	2.282901926339527	19.0	0.0341260649211443	0.51047238932604	standard_continuous_model	HPVVT-FJ-M01|Antibody abundance|primary_induction	0.0441397245908844	yes	HPV45|IgM|dose0	mixedlm_powell	0.5097683869783122	0.2828641425039632	0.0715191550615764	0.0834390142385058	-5.3290705182007506e-15	yes	cross_reactive_non_booster_target	antibody_isotype_or_subclass	Antibody abundance						0.62948835968627	0.0141284170183929	bpv_calibrated_supported						True	increased	primary_2vHPV_induction	cross_reactive_type	not_required	bpv_calibrated_supported	not_applicable	A1_robust_bpv_calibrated	Robust and supported after BPV calibration	claim_ready	May support a primary HPV-associated systems-serology claim.	9.864938767917799	1
HPVVT-FJ-M03	Heterologous 2vHPV recall	dose_specific_recall	HPV18	nAb	high	3	19	5.157894736842105	1.11868761873192	0.2566445410232946	4.61870456409874	5.69708490958547	35.7010533683694	24.56793276499066	51.87922092604459	20.097426254525104	18.0	8.856986380163944e-14	4.610665793091371	two_part_floor_sensitivity_required	HPVVT-FJ-M03|Neutralization|dose_specific_recall	5.314191828098368e-13	yes	HPV18|nAb|dose3	mixedlm_powell	5.157894736842103	0.4198493878993996	1.089005755925043e-34	2.178011511850086e-34	-2.664535259100376e-15	yes	vaccine_target_2vHPV_and_4vHPV	neutralizing_antibody	Neutralization	sensitivity_supported	0.0526315789473684	1.0	5.055555555555555	1.3869274728443277e-12									True	increased	heterologous_2vHPV_recall	vaccine_type	supported	not_available_for_unshared_assay	not_applicable	A2_robust_without_bpv_calibration	Robust but BPV calibration unavailable	claim_ready	May support a primary claim, but BPV calibration was unavailable for this assay feature.	23.432457509616746	2
HPVVT-FJ-M03	Heterologous 2vHPV recall	dose_specific_recall	HPV18	nAb	high	2	21	5.238095238095238	1.729299335128592	0.3773640524982657	4.450927618271749	6.025262857918727	37.74190236471566	21.87070192438208	65.1305659522391	13.880747790939392	20.0	9.966637870324866e-12	3.0290274978367058	two_part_floor_sensitivity_required	HPVVT-FJ-M03|Neutralization|dose_specific_recall	2.9899913610974596e-11	yes	HPV18|nAb|dose2	mixedlm_powell	5.238095238095234	0.3993564264252763	2.654434717988364e-39	7.96330415396509e-39	-4.440892098500626e-15	yes	vaccine_target_2vHPV_and_4vHPV	neutralizing_antibody	Neutralization	sensitivity_supported	0.0952380952380952	1.0	5.105263157894737	3.5566204579486267e-10									True	increased	heterologous_2vHPV_recall	vaccine_type	supported	not_available_for_unshared_assay	not_applicable	A2_robust_without_bpv_calibration	Robust but BPV calibration unavailable	claim_ready	May support a primary claim, but BPV calibration was unavailable for this assay feature.	21.762425304564495	2
HPVVT-FJ-M03	Heterologous 2vHPV recall	dose_specific_recall	HPV18	nAb	high	1	20	6.1	2.125038699338017	0.4751730986537543	5.105451274509981	7.094548725490018	68.59350160232275	34.42658743524749	136.669615334879	12.837427070855506	19.0	8.223892517681261e-11	2.870535958662892	two_part_floor_sensitivity_required	HPVVT-FJ-M03|Neutralization|dose_specific_recall	1.644778503536252e-10	yes	HPV18|nAb|dose1	mixedlm_powell	6.100000000000001	0.4092185639649373	2.992019485775422e-50	1.7952116914652532e-49	1.7763568394002505e-15	yes	vaccine_target_2vHPV_and_4vHPV	neutralizing_antibody	Neutralization	sensitivity_supported	0.3	0.0833333333333333	5.642857142857143	1.049237400653189e-07									True	increased	heterologous_2vHPV_recall	vaccine_type	supported	not_available_for_unshared_assay	not_applicable	A2_robust_without_bpv_calibration	Robust but BPV calibration unavailable	claim_ready	May support a primary claim, but BPV calibration was unavailable for this assay feature.	21.88389257866767	2
HPVVT-FJ-M03	Heterologous 2vHPV recall	dose_specific_recall	HPV16	nAb	moderate	2	21	3.4761904761904763	1.4006801069140529	0.3056534578263088	2.838608535634386	4.113772416746566	11.128524953966638	7.153297957711897	17.31286301551903	11.372979389508044	20.0	3.4883232463614816e-10	2.4817875680758696	above_floor_binary_sensitivity_required	HPVVT-FJ-M03|Neutralization|dose_specific_recall	5.232484869542223e-10	yes	HPV16|nAb|dose2	mixedlm_powell	3.476190476190473	0.4708607799352103	1.5519397296461516e-13	1.5519397296461516e-13	-3.1086244689504387e-15	yes	vaccine_target_2vHPV_and_4vHPV	neutralizing_antibody	Neutralization	sensitivity_supported	0.0	1.0	3.4761904761904763	6.976646492722962e-10									True	increased	heterologous_2vHPV_recall	vaccine_type	supported	not_available_for_unshared_assay	not_applicable	A2_robust_without_bpv_calibration	Robust but BPV calibration unavailable	claim_ready	May support a primary claim, but BPV calibration was unavailable for this assay feature.	18.757482495000836	2
HPVVT-FJ-M03	Heterologous 2vHPV recall	dose_specific_recall	HPV16	nAb	moderate	1	20	5.75	2.5520889276702023	0.5706644326895116	4.555585615385607	6.944414384614393	53.81737057623773	23.51624185304996	123.16208490450016	10.075974023649154	19.0	4.658278732072776e-09	2.253056285640158	above_floor_binary_sensitivity_required	HPVVT-FJ-M03|Neutralization|dose_specific_recall	5.589934478487331e-09	yes	HPV16|nAb|dose1	mixedlm_powell	5.75	0.4824887229617436	9.60862240808054e-33	1.441293361212081e-32	0.0	yes	vaccine_target_2vHPV_and_4vHPV	neutralizing_antibody	Neutralization	sensitivity_supported	0.05	1.0	5.894736842105263	1.0964419551570983e-08									True	increased	heterologous_2vHPV_recall	vaccine_type	supported	not_available_for_unshared_assay	not_applicable	A2_robust_without_bpv_calibration	Robust but BPV calibration unavailable	claim_ready	May support a primary claim, but BPV calibration was unavailable for this assay feature.	20.002593282596255	2
HPVVT-FJ-M03	Heterologous 2vHPV recall	dose_specific_recall	HPV16	ADCP	none	1	20	1.76210230770852	0.8221144084894104	0.1838303702664351	1.3773409208100935	2.1468636946069464	3.391920385662906	2.5978910361402163	4.428639901606185	9.585479837496989	19.0	1.0362913776996265e-08	2.14337845135969	standard_continuous_model	HPVVT-FJ-M03|Phagocytic function|dose_specific_recall	6.217748266197757e-08	yes	HPV16|ADCP|dose1	mixedlm_powell	1.7621023077085212	0.1951582637893648	1.7309893770469834e-19	5.192968131140949e-19	1.1102230246251563e-15	yes	vaccine_target_2vHPV_and_4vHPV	antibody_dependent_cellular_phagocytosis	Phagocytic function														True	increased	heterologous_2vHPV_recall	vaccine_type	not_required	not_available_for_unshared_assay	not_applicable	A2_robust_without_bpv_calibration	Robust but BPV calibration unavailable	claim_ready	May support a primary claim, but BPV calibration was unavailable for this assay feature.	14.96846917263472	2
HPVVT-FJ-M01	Primary 2vHPV induction	primary_induction	HPV16	nAb	moderate	0	20	5.1	2.5526044491233284	0.5707797067908166	3.905344343918725	6.294655656081274	34.29675080116137	14.983931912277413	78.50189939485531	8.935145975449132	19.0	3.1249092001145923e-08	1.9979593789987924	above_floor_binary_sensitivity_required	HPVVT-FJ-M01|Neutralization|primary_induction	6.249818400229183e-08	yes	HPV16|nAb|dose0	mixedlm_powell	5.100000000000003	0.4824887229617435	4.096409556925897e-26	8.192819113851794e-26	3.552713678800501e-15	yes	vaccine_target_2vHPV_and_4vHPV	neutralizing_antibody	Neutralization	sensitivity_supported	0.75	0.000244140625	8.0										True	increased	primary_2vHPV_induction	vaccine_type	supported	not_available_for_unshared_assay	not_applicable	A2_robust_without_bpv_calibration	Robust but BPV calibration unavailable	claim_ready	May support a primary claim, but BPV calibration was unavailable for this assay feature.	18.304132601683797	2
HPVVT-FJ-M03	Heterologous 2vHPV recall	dose_specific_recall	HPV18	ADCP	none	1	20	0.9053317994925928	0.4984538606542927	0.1114576716070206	0.6720482117707617	1.1386153872144238	1.8729752031942413	1.593333437464046	2.2016961605750964	8.122651284916728	19.0	1.3359703367067578e-07	1.8162800430599813	standard_continuous_model	HPVVT-FJ-M03|Phagocytic function|dose_specific_recall	3.360945453429622e-07	yes	HPV18|ADCP|dose1	mixedlm_powell	0.9053317994925942	0.0892827457407771	3.6689938436379155e-24	2.2013963061827493e-23	1.4432899320127037e-15	yes	vaccine_target_2vHPV_and_4vHPV	antibody_dependent_cellular_phagocytosis	Phagocytic function														True	increased	heterologous_2vHPV_recall	vaccine_type	not_required	not_available_for_unshared_assay	not_applicable	A2_robust_without_bpv_calibration	Robust but BPV calibration unavailable	claim_ready	May support a primary claim, but BPV calibration was unavailable for this assay feature.	13.37887033536193	2
HPVVT-FJ-M03	Heterologous 2vHPV recall	dose_specific_recall	HPV18	ADCP	none	3	19	0.6044473078441164	0.3207754407151046	0.0735909331393086	0.449838494449844	0.7590561212383887	1.5203961824267191	1.3658873410457035	1.692383026090578	8.213611134674561	18.0	1.680472726714811e-07	1.884331626188782	standard_continuous_model	HPVVT-FJ-M03|Phagocytic function|dose_specific_recall	3.360945453429622e-07	yes	HPV18|ADCP|dose3	mixedlm_powell	0.6044473078441176	0.0916021643447603	4.150197883837016e-11	6.225296825755525e-11	1.2212453270876722e-15	yes	vaccine_target_2vHPV_and_4vHPV	antibody_dependent_cellular_phagocytosis	Phagocytic function														True	increased	heterologous_2vHPV_recall	vaccine_type	not_required	not_available_for_unshared_assay	not_applicable	A2_robust_without_bpv_calibration	Robust but BPV calibration unavailable	claim_ready	May support a primary claim, but BPV calibration was unavailable for this assay feature.	13.077985843713453	2
HPVVT-FJ-M01	Primary 2vHPV induction	primary_induction	HPV18	nAb	high	0	20	3.900000000000001	2.291862033139728	0.5124759301151307	2.8273755509637843	4.972624449036218	14.928527864588927	7.097817848566224	31.398515566136503	7.610113511328899	19.0	3.491551032547018e-07	1.7016731127821032	two_part_floor_sensitivity_required	HPVVT-FJ-M01|Neutralization|primary_induction	3.491551032547018e-07	yes	HPV18|nAb|dose0	mixedlm_powell	3.900000000000021	0.409218563964937	1.567396003320929e-21	1.567396003320929e-21	1.9984014443252815e-14	yes	vaccine_target_2vHPV_and_4vHPV	neutralizing_antibody	Neutralization	sensitivity_supported	0.85	0.0001220703125	6.000000000000001										True	increased	primary_2vHPV_induction	vaccine_type	supported	not_available_for_unshared_assay	not_applicable	A2_robust_without_bpv_calibration	Robust but BPV calibration unavailable	claim_ready	May support a primary claim, but BPV calibration was unavailable for this assay feature.	16.35698160592381	2
HPVVT-FJ-M01	Primary 2vHPV induction	primary_induction	HPV16	ADCP	none	0	20	1.583857027805997	0.9456884756161936	0.2114623717015961	1.141261197232335	2.026452858379659	2.9977021141931925	2.2057376346530617	4.074019422918251	7.490018271624454	19.0	4.395239147111274e-07	1.6748190008067765	standard_continuous_model	HPVVT-FJ-M01|Phagocytic function|primary_induction	5.605930448184137e-07	yes	HPV16|ADCP|dose0	mixedlm_powell	1.5838570278059942	0.1951582637893647	4.827662204758573e-16	9.655324409517146e-16	-2.664535259100376e-15	yes	vaccine_target_2vHPV_and_4vHPV	antibody_dependent_cellular_phagocytosis	Phagocytic function														True	increased	primary_2vHPV_induction	vaccine_type	not_required	not_available_for_unshared_assay	not_applicable	A2_robust_without_bpv_calibration	Robust but BPV calibration unavailable	claim_ready	May support a primary claim, but BPV calibration was unavailable for this assay feature.	13.835209322565321	2
HPVVT-FJ-M01	Primary 2vHPV induction	primary_induction	HPV18	ADCP	none	0	20	0.6181995887552679	0.3754225950170024	0.0839470442747391	0.4424964057917635	0.7939027717187723	1.5349584341901366	1.358953796026848	1.733758279037831	7.3641614674608995	19.0	5.605930448184137e-07	1.6466765638527177	standard_continuous_model	HPVVT-FJ-M01|Phagocytic function|primary_induction	5.605930448184137e-07	yes	HPV18|ADCP|dose0	mixedlm_powell	0.6181995887552567	0.0892827457407771	4.388625127070326e-12	4.388625127070326e-12	-1.121325254871408e-14	yes	vaccine_target_2vHPV_and_4vHPV	antibody_dependent_cellular_phagocytosis	Phagocytic function														True	increased	primary_2vHPV_induction	vaccine_type	not_required	not_available_for_unshared_assay	not_applicable	A2_robust_without_bpv_calibration	Robust but BPV calibration unavailable	claim_ready	May support a primary claim, but BPV calibration was unavailable for this assay feature.	12.869551883514593	2
HPVVT-FJ-M03	Heterologous 2vHPV recall	dose_specific_recall	HPV16	nAb	moderate	3	19	3.736842105263157	2.181796030367792	0.5005383374627054	2.685250080102192	4.788434130424122	13.332192102376704	6.431922753716713	27.635180499013877	7.465646136529124	18.0	6.465684301869224e-07	1.712736687229753	above_floor_binary_sensitivity_required	HPVVT-FJ-M03|Neutralization|dose_specific_recall	6.465684301869224e-07	yes	HPV16|nAb|dose3	mixedlm_powell	3.7368421052631566	0.4950229848839602	4.39201034645591e-14	5.2704124157470926e-14	-4.440892098500626e-16	yes	vaccine_target_2vHPV_and_4vHPV	neutralizing_antibody	Neutralization	sensitivity_supported	0.0	1.0	3.736842105263157	6.465684301869224e-07									True	increased	heterologous_2vHPV_recall	vaccine_type	supported	not_available_for_unshared_assay	not_applicable	A2_robust_without_bpv_calibration	Robust but BPV calibration unavailable	claim_ready	May support a primary claim, but BPV calibration was unavailable for this assay feature.	15.92622760964325	2
HPVVT-FJ-M03	Heterologous 2vHPV recall	dose_specific_recall	HPV16	ADCP	none	2	21	1.053454451550072	0.7706928092032289	0.1681789588443788	0.7026392908014725	1.4042696122986718	2.07549355439802	1.627479409438202	2.646837477246311	6.263889720740072	20.0	4.076487269807356e-06	1.366892799530818	standard_continuous_model	HPVVT-FJ-M03|Phagocytic function|dose_specific_recall	5.613777648643183e-06	yes	HPV16|ADCP|dose2	mixedlm_powell	1.0534544515500732	0.1904549638685502	3.179526627351454e-08	3.179526627351454e-08	1.3322676295501878e-15	yes	vaccine_target_2vHPV_and_4vHPV	antibody_dependent_cellular_phagocytosis	Phagocytic function														True	increased	heterologous_2vHPV_recall	vaccine_type	not_required	not_available_for_unshared_assay	not_applicable	A2_robust_without_bpv_calibration	Robust but BPV calibration unavailable	claim_ready	May support a primary claim, but BPV calibration was unavailable for this assay feature.	12.304199244512729	2
HPVVT-FJ-M03	Heterologous 2vHPV recall	dose_specific_recall	HPV18	ADCP	none	2	21	0.5662965464144832	0.4185414596030671	0.0913332342908741	0.3757787581631531	0.7568143346658134	1.4807176286905783	1.297539769863151	1.6897552944726235	6.200333874205817	20.0	4.678148040535986e-06	1.3530237767879505	standard_continuous_model	HPVVT-FJ-M03|Phagocytic function|dose_specific_recall	5.613777648643183e-06	yes	HPV18|ADCP|dose2	mixedlm_powell	0.5662965464144842	0.0871310380814698	8.065896397922745e-11	9.679075677507293e-11	9.992007221626409e-16	yes	vaccine_target_2vHPV_and_4vHPV	antibody_dependent_cellular_phagocytosis	Phagocytic function														True	increased	heterologous_2vHPV_recall	vaccine_type	not_required	not_available_for_unshared_assay	not_applicable	A2_robust_without_bpv_calibration	Robust but BPV calibration unavailable	claim_ready	May support a primary claim, but BPV calibration was unavailable for this assay feature.	11.81704133937714	2
HPVVT-FJ-M03	Heterologous 2vHPV recall	dose_specific_recall	HPV16	ADCP	none	3	19	1.4785603588977836	1.0334842251907683	0.237097541965789	0.9804369072949016	1.9766838105006657	2.786705138618932	1.9730628429604564	3.935873384525948	6.236084721245766	18.0	6.9745354510824526e-06	1.4306559528035947	standard_continuous_model	HPVVT-FJ-M03|Phagocytic function|dose_specific_recall	6.974535451082453e-06	yes	HPV16|ADCP|dose3	mixedlm_powell	1.4785603588977814	0.2002281538784123	1.5316781522006461e-13	3.063356304401293e-13	-2.220446049250313e-15	yes	vaccine_target_2vHPV_and_4vHPV	antibody_dependent_cellular_phagocytosis	Phagocytic function														True	increased	heterologous_2vHPV_recall	vaccine_type	not_required	not_available_for_unshared_assay	not_applicable	A2_robust_without_bpv_calibration	Robust but BPV calibration unavailable	claim_ready	May support a primary claim, but BPV calibration was unavailable for this assay feature.	12.635045072794481	2
