model_id	model_family	contrast_type	contrast_label	previous_4vHPV_doses	antigen_target	antigen_class	feature	assay_family	outcome_family	maximum_floor_severity	fit_method	estimate_log2	standard_error	ci95_lower	ci95_upper	test_statistic	p_value	ratio_effect	ratio_ci95_lower	ratio_ci95_upper	bh_family	q_value	fdr_significant_0_05	phase2B1_mean_log2_change	phase2B1_p_value	phase2B1_q_value	effect_difference	effect_direction_agreement
HPVVT-FJ-M06	Heterologous BPV control	within_trajectory	dose0_v2_minus_v1	0	BPV	heterologous_control_antigen	FcgR2A	fc_gamma_receptor_binding	Fc-receptor engagement	moderate	mixedlm_powell	-0.4065962078318939	0.48390448547636167	-1.3550315713229484	0.5418391556591606	-0.8402406260641198	0.40077348410069125	0.7544011561776134	0.39092626660700686	1.4558272315179321	HPVVT-FJ-M06|Fc-receptor engagement|within_trajectory	0.48092818092082956	no	-0.4065962078318978	0.5122550450829726	0.6015559675106739	3.941291737419306e-15	yes
HPVVT-FJ-M06	Heterologous BPV control	within_trajectory	dose1_v2_minus_v1	1	BPV	heterologous_control_antigen	FcgR2A	fc_gamma_receptor_binding	Fc-receptor engagement	moderate	mixedlm_powell	1.3126559816079526	0.4839044854763612	0.364220618116899	2.2610913450990062	2.712634457842974	0.006675069492236389	2.4839841735560793	1.2871860698083932	4.7935395815739	HPVVT-FJ-M06|Fc-receptor engagement|within_trajectory	0.020025208476709168	yes	1.3126559816079524	0.0134540033389772	0.0459988434520598	2.220446049250313e-16	yes
HPVVT-FJ-M06	Heterologous BPV control	within_trajectory	dose2_v2_minus_v1	2	BPV	heterologous_control_antigen	FcgR2A	fc_gamma_receptor_binding	Fc-receptor engagement	moderate	mixedlm_powell	0.28126692051984803	0.47224242267650324	-0.6443112198980396	1.2068450609377357	0.5955985888047213	0.5514434196379667	1.2152616129841016	0.6397981740078102	2.308322918056174	HPVVT-FJ-M06|Fc-receptor engagement|within_trajectory	0.6015746396050546	no	0.281266920519847	0.5514263035514511	0.6015559675106739	1.0547118733938987e-15	yes
HPVVT-FJ-M06	Heterologous BPV control	within_trajectory	dose3_v2_minus_v1	3	BPV	heterologous_control_antigen	FcgR2A	fc_gamma_receptor_binding	Fc-receptor engagement	moderate	mixedlm_powell	0.7355696741351188	0.4964755265756514	-0.23750447715871648	1.708643825428954	1.4815829477206566	0.13845129907700315	1.665054816531419	0.8482112499452041	3.268534274019095	HPVVT-FJ-M06|Fc-receptor engagement|within_trajectory	0.23734508413200542	no	0.7355696741351183	0.083451413718027	0.1430595663737606	4.440892098500626e-16	yes
HPVVT-FJ-M06	Heterologous BPV control	within_trajectory	dose0_v2_minus_v1	0	BPV	heterologous_control_antigen	FcgR2B	fc_gamma_receptor_binding	Fc-receptor engagement	high	mixedlm_powell	-0.07999961351112807	0.4565753625591052	-0.9748708803552917	0.8148716533330356	-0.17521666754581366	0.860909388118696	0.9460579001684867	0.508785379754526	1.7591416461358027	HPVVT-FJ-M06|Fc-receptor engagement|within_trajectory	0.8609093881186961	no	-0.0799996135111291	0.8185175594598537	0.8185175594598538	1.0269562977782698e-15	yes
HPVVT-FJ-M06	Heterologous BPV control	within_trajectory	dose1_v2_minus_v1	1	BPV	heterologous_control_antigen	FcgR2B	fc_gamma_receptor_binding	Fc-receptor engagement	high	mixedlm_powell	0.42828536522350935	0.4565753625591085	-0.4665859016206608	1.3231566320676795	0.9380387124328533	0.34822451588544523	1.3456333486107506	0.7236751304136274	2.502129799401055	HPVVT-FJ-M06|Fc-receptor engagement|within_trajectory	0.464299354513927	no	0.4282853652235089	0.3451488237458134	0.4601984316610846	4.440892098500626e-16	yes
HPVVT-FJ-M06	Heterologous BPV control	within_trajectory	dose2_v2_minus_v1	2	BPV	heterologous_control_antigen	FcgR2B	fc_gamma_receptor_binding	Fc-receptor engagement	high	mixedlm_powell	2.553112093133762	0.44557192962793696	1.6798071585409902	3.426417027726534	5.729966192586842	1.0045065248631517e-08	5.868989362053743	3.203851230907597	10.75113469677002	HPVVT-FJ-M06|Fc-receptor engagement|within_trajectory	1.205407829835782e-07	yes	2.5531120931337616	0.0004324737709018	0.005189685250822	4.440892098500626e-16	yes
HPVVT-FJ-M06	Heterologous BPV control	within_trajectory	dose3_v2_minus_v1	3	BPV	heterologous_control_antigen	FcgR2B	fc_gamma_receptor_binding	Fc-receptor engagement	high	mixedlm_powell	0.9653363567008679	0.4684364380810758	0.04721780901573225	1.8834549043860036	2.060762737961452	0.039325680980356735	1.9525186878721004	1.0332703725656018	3.6895756693611625	HPVVT-FJ-M06|Fc-receptor engagement|within_trajectory	0.09438163435285615	no	0.9653363567008676	0.0328358148455719	0.0788059556293726	3.3306690738754696e-16	yes
HPVVT-FJ-M06	Heterologous BPV control	within_trajectory	dose0_v2_minus_v1	0	BPV	heterologous_control_antigen	FcgR3A	fc_gamma_receptor_binding	Fc-receptor engagement	high	mixedlm_lbfgs	0.3682205383472616	0.3522087131223621	-0.32209585441376815	1.0585369311082913	1.045461184315837	0.2958098713566193	1.290759788055156	0.7999069797742036	2.082818218351444	HPVVT-FJ-M06|Fc-receptor engagement|within_trajectory	0.44371480703492894	no	0.3682205383472614	0.3270173807402508	0.4601984316610846	2.220446049250313e-16	yes
HPVVT-FJ-M06	Heterologous BPV control	within_trajectory	dose1_v2_minus_v1	1	BPV	heterologous_control_antigen	FcgR3A	fc_gamma_receptor_binding	Fc-receptor engagement	high	mixedlm_lbfgs	0.6327174168822416	0.35220871312236285	-0.05759897587878948	1.3230338096432726	1.7964274968473752	0.07242655401510296	1.5504826872830118	0.960861916410853	2.5019167921069205	HPVVT-FJ-M06|Fc-receptor engagement|within_trajectory	0.14485310803020593	no	0.6327174168822417	0.0750772601320697	0.1430595663737606	-1.1102230246251565e-16	yes
HPVVT-FJ-M06	Heterologous BPV control	within_trajectory	dose2_v2_minus_v1	2	BPV	heterologous_control_antigen	FcgR3A	fc_gamma_receptor_binding	Fc-receptor engagement	high	mixedlm_lbfgs	1.183176571426511	0.3437205088292229	0.5094967533734525	1.8568563894795695	3.44226352816896	0.0005768679760561655	2.270762105828971	1.4235535393675087	3.6221753511004704	HPVVT-FJ-M06|Fc-receptor engagement|within_trajectory	0.0034612078563369926	yes	1.183176571426511	0.0011707506013852	0.0070245036083113	0.0	yes
HPVVT-FJ-M06	Heterologous BPV control	within_trajectory	dose3_v2_minus_v1	3	BPV	heterologous_control_antigen	FcgR3A	fc_gamma_receptor_binding	Fc-receptor engagement	high	mixedlm_lbfgs	1.1548898546707342	0.36135851507931466	0.4466401796084035	1.8631395297330648	3.195966903996291	0.0013936309655699808	2.2266732303148817	1.3628626553739471	3.6379848365868503	HPVVT-FJ-M06|Fc-receptor engagement|within_trajectory	0.005574523862279923	yes	1.154889854670735	0.0153329478173532	0.0459988434520598	-6.661338147750939e-16	yes
HPVVT-FJ-M06	Heterologous BPV control	within_trajectory	dose0_v2_minus_v1	0	BPV	heterologous_control_antigen	IgA1	antibody_isotype_or_subclass	Antibody abundance	low	mixedlm_powell	0.9966010300604478	0.5461657307144857	-0.07386413172994577	2.0670661918508415	1.8247227425944674	0.06804287949374516	1.9952935734547066	0.9500898549968726	4.190336759550767	HPVVT-FJ-M06|Antibody abundance|within_trajectory	0.2177372143799845	no	0.9966010300604454	0.0037296580103515	0.0198915093885416	2.3314683517128287e-15	yes
HPVVT-FJ-M06	Heterologous BPV control	within_trajectory	dose1_v2_minus_v1	1	BPV	heterologous_control_antigen	IgA1	antibody_isotype_or_subclass	Antibody abundance	low	mixedlm_powell	0.2741076056527221	0.5461657307144889	-0.7963575561376779	1.344572767443122	0.5018762442201143	0.6157545766503691	1.209245865952878	0.5758010975044181	2.5395498040239595	HPVVT-FJ-M06|Antibody abundance|within_trajectory	0.8795511131220441	no	0.2741076056527217	0.7096423363939056	0.8726851809011726	3.885780586188048e-16	yes
HPVVT-FJ-M06	Heterologous BPV control	within_trajectory	dose2_v2_minus_v1	2	BPV	heterologous_control_antigen	IgA1	antibody_isotype_or_subclass	Antibody abundance	low	mixedlm_powell	0.5867816619183206	0.5330031764462588	-0.45788536756179443	1.6314486913984356	1.1008971200333626	0.2709414356430879	1.5018926126730492	0.7280526211886537	3.0982395425198024	HPVVT-FJ-M06|Antibody abundance|within_trajectory	0.48167366336548967	no	0.5867816619183217	0.3262154428581963	0.579938565081238	-1.1102230246251565e-15	yes
HPVVT-FJ-M06	Heterologous BPV control	within_trajectory	dose3_v2_minus_v1	3	BPV	heterologous_control_antigen	IgA1	antibody_isotype_or_subclass	Antibody abundance	low	mixedlm_powell	1.1527572804020574	0.5603542163638355	0.05448319774377475	2.2510313630603402	2.0571939083145527	0.039667577285555145	2.2233842205045034	1.038487029807896	4.760230267779924	HPVVT-FJ-M06|Antibody abundance|within_trajectory	0.15867030914222058	no	1.1527572804020554	0.0471467961843282	0.1508697477898502	1.9984014443252818e-15	yes
HPVVT-FJ-M06	Heterologous BPV control	within_trajectory	dose0_v2_minus_v1	0	BPV	heterologous_control_antigen	IgA2	antibody_isotype_or_subclass	Antibody abundance	high	mixedlm_lbfgs	0.9365258917708117	0.5402757492941604	-0.12239511856613428	1.9954469021077577	1.733422040493821	0.08302068292199451	1.9139138496820713	0.9186612503785613	3.987396031448341	HPVVT-FJ-M06|Antibody abundance|within_trajectory	0.22138848779198536	no	0.9365258917708024	0.0568881398434386	0.1517017062491697	9.325873406851315e-15	yes
HPVVT-FJ-M06	Heterologous BPV control	within_trajectory	dose1_v2_minus_v1	1	BPV	heterologous_control_antigen	IgA2	antibody_isotype_or_subclass	Antibody abundance	high	mixedlm_lbfgs	0.11975710780333737	0.5402757492941579	-0.9391639025336037	1.1786781181402786	0.221659232271287	0.8245791685519164	1.0865519152006664	0.5215350425439886	2.2636926919952067	HPVVT-FJ-M06|Antibody abundance|within_trajectory	0.8795511131220441	no	0.1197571078033375	0.8651335948773705	0.9228091678691952	-1.249000902703301e-16	yes
HPVVT-FJ-M06	Heterologous BPV control	within_trajectory	dose2_v2_minus_v1	2	BPV	heterologous_control_antigen	IgA2	antibody_isotype_or_subclass	Antibody abundance	high	mixedlm_lbfgs	0.7795382084971864	0.5272551431484923	-0.2538628827373691	1.8129392997317417	1.4784838396116753	0.13927831946103994	1.716581325307328	0.838647887798181	3.5135740389570613	HPVVT-FJ-M06|Antibody abundance|within_trajectory	0.3122109804450359	no	0.7795382084971871	0.155163446175211	0.3546593055433394	-7.771561172376096e-16	yes
HPVVT-FJ-M06	Heterologous BPV control	within_trajectory	dose3_v2_minus_v1	3	BPV	heterologous_control_antigen	IgA2	antibody_isotype_or_subclass	Antibody abundance	high	mixedlm_lbfgs	-0.026055664861395433	0.5543112229323921	-1.112485698035237	1.060374368312446	-0.04700547956355085	0.9625088602978352	0.9821017011775309	0.4624964836366298	2.085472615643925	HPVVT-FJ-M06|Antibody abundance|within_trajectory	0.9625088602978352	no	-0.0260556648613954	0.958924353605132	0.958924353605132	-3.469446951953614e-17	yes
HPVVT-FJ-M06	Heterologous BPV control	within_trajectory	dose0_v2_minus_v1	0	BPV	heterologous_control_antigen	IgG	antibody_isotype_or_subclass	Antibody abundance	none	mixedlm_powell	-0.07525718447832072	0.24285465952365248	-0.5512435706224168	0.4007292016657754	-0.3098856930558137	0.7566478829213126	0.9491728999508959	0.6824316340853127	1.3201750168113777	HPVVT-FJ-M06|Antibody abundance|within_trajectory	0.8795511131220441	no	-0.0752571844783338	0.7205944848435355	0.8726851809011726	1.3072876114961218e-14	yes
HPVVT-FJ-M06	Heterologous BPV control	within_trajectory	dose1_v2_minus_v1	1	BPV	heterologous_control_antigen	IgG	antibody_isotype_or_subclass	Antibody abundance	none	mixedlm_powell	1.007332646885648	0.24285465952365262	0.5313462607415517	1.4833190330297445	4.147882724842427	3.3556420471576775e-05	2.010191083709873	1.4452772367930258	2.7959121545379717	HPVVT-FJ-M06|Antibody abundance|within_trajectory	0.0002684513637726142	yes	1.0073326468856494	0.0012432020759923	0.0099456166079385	-1.3322676295501878e-15	yes
HPVVT-FJ-M06	Heterologous BPV control	within_trajectory	dose2_v2_minus_v1	2	BPV	heterologous_control_antigen	IgG	antibody_isotype_or_subclass	Antibody abundance	none	mixedlm_powell	0.6213195011101275	0.2370018799450238	0.1568043521495951	1.0858346500706597	2.6215804754555196	0.008752309591635598	1.5382814633533695	1.1148150253381586	2.1226031285134566	HPVVT-FJ-M06|Antibody abundance|within_trajectory	0.04667898448872319	yes	0.6213195011101276	0.0385489615692856	0.1508697477898502	-1.1102230246251565e-16	yes
HPVVT-FJ-M06	Heterologous BPV control	within_trajectory	dose3_v2_minus_v1	3	BPV	heterologous_control_antigen	IgG	antibody_isotype_or_subclass	Antibody abundance	none	mixedlm_powell	1.2711530493012617	0.2491636233742783	0.7828013212301739	1.7595047773723496	5.101679900487776	3.3665180000546813e-07	2.413543868331399	1.7204683129725489	3.385818826442425	HPVVT-FJ-M06|Antibody abundance|within_trajectory	5.38642880008749e-06	yes	1.271153049301261	3.0296760494940408e-05	0.000484748167919	6.661338147750939e-16	yes
HPVVT-FJ-M06	Heterologous BPV control	within_trajectory	dose0_v2_minus_v1	0	BPV	heterologous_control_antigen	IgG1	antibody_isotype_or_subclass	IgG subclass architecture	none	mixedlm_lbfgs	0.14822333606418747	0.18698736193507046	-0.21826515889270642	0.5147118310210814	0.7926917334426943	0.4279574477581204	1.108203889827579	0.8595984825604912	1.4287087359330608	HPVVT-FJ-M06|IgG subclass architecture|within_trajectory	0.5267168587792251	no	0.1482233360641928	0.4526809008969037	0.5571457241808045	-5.329070518200751e-15	yes
HPVVT-FJ-M06	Heterologous BPV control	within_trajectory	dose1_v2_minus_v1	1	BPV	heterologous_control_antigen	IgG1	antibody_isotype_or_subclass	IgG subclass architecture	none	mixedlm_lbfgs	1.196899384647562	0.18698736193507118	0.8304108896906666	1.5633878796044574	6.400964066561723	1.5439891097546624e-10	2.2924644865475594	1.7781917317278984	2.955470621255792	HPVVT-FJ-M06|IgG subclass architecture|within_trajectory	2.47038257560746e-09	yes	1.1968993846475602	2.0580680919477635e-05	0.0002698180235847	1.7763568394002505e-15	yes
HPVVT-FJ-M06	Heterologous BPV control	within_trajectory	dose2_v2_minus_v1	2	BPV	heterologous_control_antigen	IgG1	antibody_isotype_or_subclass	IgG subclass architecture	none	mixedlm_lbfgs	0.5013832174519467	0.1824809801528898	0.1437270684887143	0.8590393664151791	2.7475916505482814	0.006003472746828262	1.4155701227575583	1.1047554655038503	1.8138301506659216	HPVVT-FJ-M06|IgG subclass architecture|within_trajectory	0.024013890987313047	yes	0.501383217451947	0.0181179763068703	0.0724719052274815	-3.3306690738754696e-16	yes
HPVVT-FJ-M06	Heterologous BPV control	within_trajectory	dose3_v2_minus_v1	3	BPV	heterologous_control_antigen	IgG1	antibody_isotype_or_subclass	IgG subclass architecture	none	mixedlm_lbfgs	0.8643314015821358	0.19184498545889464	0.488322139468092	1.2403406636961796	4.505363533556265	6.6259410008865e-06	1.8204957863533704	1.402812449755738	2.36254312449783	HPVVT-FJ-M06|IgG subclass architecture|within_trajectory	5.3007528007092e-05	yes	0.8643314015821352	3.3727252948091025e-05	0.0002698180235847	6.661338147750939e-16	yes
HPVVT-FJ-M06	Heterologous BPV control	within_trajectory	dose0_v2_minus_v1	0	BPV	heterologous_control_antigen	IgG2	antibody_isotype_or_subclass	IgG subclass architecture	high	mixedlm_lbfgs	0.7840438471067124	0.4422741164458217	-0.08279749242137213	1.6508851866347969	1.7727554427272418	0.07626923962846083	1.7219507102667249	0.9442249483980526	3.1402625546154166	HPVVT-FJ-M06|IgG subclass architecture|within_trajectory	0.13558975933948592	no	0.7840438471067046	0.1253024787231431	0.2795135431606533	7.771561172376096e-15	yes
HPVVT-FJ-M06	Heterologous BPV control	within_trajectory	dose1_v2_minus_v1	1	BPV	heterologous_control_antigen	IgG2	antibody_isotype_or_subclass	IgG subclass architecture	high	mixedlm_lbfgs	-0.6512664667483066	0.4422741164458197	-1.518107806276387	0.21557487277977405	-1.4725403150018823	0.14087502866048765	0.6367211239803428	0.34914354217558613	1.1611665139116514	HPVVT-FJ-M06|IgG subclass architecture|within_trajectory	0.22540004585678025	no	-0.6512664667483063	0.2283981582924311	0.3322155029708089	-2.220446049250313e-16	yes
HPVVT-FJ-M06	Heterologous BPV control	within_trajectory	dose2_v2_minus_v1	2	BPV	heterologous_control_antigen	IgG2	antibody_isotype_or_subclass	IgG subclass architecture	high	mixedlm_lbfgs	0.8845008112373859	0.4316153425027236	0.03855028475712763	1.730451337717644	2.0492802830145096	0.040434715531383246	1.8461257306001277	1.0270812288914835	3.3183161344135	HPVVT-FJ-M06|IgG subclass architecture|within_trajectory	0.10782590808368865	no	0.884500811237386	0.0673550934777377	0.1796135826073007	-1.1102230246251565e-16	yes
HPVVT-FJ-M06	Heterologous BPV control	within_trajectory	dose3_v2_minus_v1	3	BPV	heterologous_control_antigen	IgG2	antibody_isotype_or_subclass	IgG subclass architecture	high	mixedlm_lbfgs	0.1350985969499483	0.45376366916099964	-0.7542618520983594	1.024459045998256	0.2977289856628298	0.7659100187631983	1.0981678624278728	0.5928496365191268	2.0341964973617657	HPVVT-FJ-M06|IgG subclass architecture|within_trajectory	0.7659100187631983	no	0.1350985969499484	0.6551400319900031	0.6551400319900031	-1.1102230246251565e-16	yes
HPVVT-FJ-M06	Heterologous BPV control	within_trajectory	dose0_v2_minus_v1	0	BPV	heterologous_control_antigen	IgG3	antibody_isotype_or_subclass	IgG subclass architecture	low	mixedlm_powell	-1.2640528539383427	0.6773783648748452	-2.5916900529996707	0.06358434512298539	-1.8660956999592002	0.062027977489854155	0.4163726311170308	0.16589127864456665	1.0450589648824629	HPVVT-FJ-M06|IgG subclass architecture|within_trajectory	0.12405595497970831	no	-1.2640528539383673	0.1597020351197693	0.2839147291018121	2.4646951146678475e-14	yes
HPVVT-FJ-M06	Heterologous BPV control	within_trajectory	dose1_v2_minus_v1	1	BPV	heterologous_control_antigen	IgG3	antibody_isotype_or_subclass	IgG subclass architecture	low	mixedlm_powell	2.410460202681573	0.6773783648748456	1.082823003620244	3.738097401742902	3.5585137165208054	0.00037295931721460004	5.316438867149718	2.118176785878238	13.343797560514359	HPVVT-FJ-M06|IgG subclass architecture|within_trajectory	0.0019891163584778667	yes	2.4104602026815707	0.0024661590755216	0.013152848402782	2.220446049250313e-15	yes
HPVVT-FJ-M06	Heterologous BPV control	within_trajectory	dose2_v2_minus_v1	2	BPV	heterologous_control_antigen	IgG3	antibody_isotype_or_subclass	IgG subclass architecture	low	mixedlm_powell	1.284839063551507	0.66105359569512	-0.010802175861630348	2.580480302964644	1.9436231372441983	0.051940913609726976	2.4365487087352182	0.9925404637381229	5.981387990651884	HPVVT-FJ-M06|IgG subclass architecture|within_trajectory	0.11872208825080452	no	1.284839063551508	0.0256910290282272	0.0822112928903272	-8.881784197001252e-16	yes
HPVVT-FJ-M06	Heterologous BPV control	within_trajectory	dose3_v2_minus_v1	3	BPV	heterologous_control_antigen	IgG3	antibody_isotype_or_subclass	IgG subclass architecture	low	mixedlm_powell	0.8778632210720514	0.6949755385324304	-0.4842638045878409	2.239990246731944	1.263157006829078	0.20653276024703182	1.837651534764045	0.7148617648905686	4.72393870965752	HPVVT-FJ-M06|IgG subclass architecture|within_trajectory	0.3004112876320463	no	0.8778632210720517	0.2011459636265412	0.321833541802466	-3.3306690738754696e-16	yes
HPVVT-FJ-M06	Heterologous BPV control	within_trajectory	dose0_v2_minus_v1	0	BPV	heterologous_control_antigen	IgG4	antibody_isotype_or_subclass	IgG subclass architecture	high	mixedlm_lbfgs	0.19903929810108603	0.33078410725256546	-0.44928563877217675	0.8473642349743488	0.6017196525984014	0.547360766000931	1.1479336824171116	0.7324054142143381	1.7992108109158111	HPVVT-FJ-M06|IgG subclass architecture|within_trajectory	0.6255551611439211	no	0.199039298101086	0.5081940667417336	0.5807932191334099	2.7755575615628914e-17	yes
HPVVT-FJ-M06	Heterologous BPV control	within_trajectory	dose1_v2_minus_v1	1	BPV	heterologous_control_antigen	IgG4	antibody_isotype_or_subclass	IgG subclass architecture	high	mixedlm_lbfgs	-0.17324413043453354	0.3307841072525653	-0.821569067307796	0.47508080643872885	-0.5237377692461372	0.6004609420738447	0.8868462218242124	0.5658262183508006	1.389996072391733	HPVVT-FJ-M06|IgG subclass architecture|within_trajectory	0.6404916715454344	no	-0.1732441304345336	0.6010108146243498	0.6410782022659731	5.551115123125783e-17	yes
HPVVT-FJ-M06	Heterologous BPV control	within_trajectory	dose2_v2_minus_v1	2	BPV	heterologous_control_antigen	IgG4	antibody_isotype_or_subclass	IgG subclass architecture	high	mixedlm_lbfgs	0.2746415300421218	0.32281223439799395	-0.35805882314684834	0.9073418832310919	0.8507779469830047	0.39489271425184325	1.2096934763833591	0.7802136677965213	1.8755866081368093	HPVVT-FJ-M06|IgG subclass architecture|within_trajectory	0.5265236190024577	no	0.274641530042122	0.2533145196066954	0.3377526928089272	-2.220446049250313e-16	yes
HPVVT-FJ-M06	Heterologous BPV control	within_trajectory	dose3_v2_minus_v1	3	BPV	heterologous_control_antigen	IgG4	antibody_isotype_or_subclass	IgG subclass architecture	high	mixedlm_lbfgs	-0.7413346646105198	0.33937733325494585	-1.4065020149594614	-0.0761673142615783	-2.1843965167043637	0.028933123965762933	0.59818570328665	0.3772252061389539	0.9485742993662408	HPVVT-FJ-M06|IgG subclass architecture|within_trajectory	0.09258599669044139	no	-0.74133466461052	0.1397567715803266	0.2795135431606533	2.220446049250313e-16	yes
HPVVT-FJ-M06	Heterologous BPV control	within_trajectory	dose0_v2_minus_v1	0	BPV	heterologous_control_antigen	IgM	antibody_isotype_or_subclass	Antibody abundance	none	mixedlm_lbfgs	-0.11971997270795437	0.17095239473292936	-0.45478050945537074	0.215340564039462	-0.7003117616163674	0.48373262811051854	0.9203662765007016	0.7296211676953017	1.16097794365735	HPVVT-FJ-M06|Antibody abundance|within_trajectory	0.7739722049768296	no	-0.1197199727079525	0.5294032036938789	0.8470451259102063	-1.8735013540549517e-15	yes
HPVVT-FJ-M06	Heterologous BPV control	within_trajectory	dose1_v2_minus_v1	1	BPV	heterologous_control_antigen	IgM	antibody_isotype_or_subclass	Antibody abundance	none	mixedlm_lbfgs	-0.04869057499366922	0.17095239473292956	-0.383751111741086	0.2863699617537475	-0.2848194965021466	0.7757824345650643	0.9668134341429541	0.7664421923898566	1.2195677974417092	HPVVT-FJ-M06|Antibody abundance|within_trajectory	0.8795511131220441	no	-0.0486905749936678	0.7407919431709972	0.8726851809011726	-1.4155343563970746e-15	yes
HPVVT-FJ-M06	Heterologous BPV control	within_trajectory	dose2_v2_minus_v1	2	BPV	heterologous_control_antigen	IgM	antibody_isotype_or_subclass	Antibody abundance	none	mixedlm_lbfgs	0.23661715906617203	0.1668324544905924	-0.09036844318780668	0.5636027613201507	1.4182921409905576	0.15610549022251796	1.1782267060594125	0.939282839497477	1.4779554277967215	HPVVT-FJ-M06|Antibody abundance|within_trajectory	0.3122109804450359	no	0.2366171590661726	0.2182250375093421	0.4364500750186842	-5.551115123125783e-16	yes
HPVVT-FJ-M06	Heterologous BPV control	within_trajectory	dose3_v2_minus_v1	3	BPV	heterologous_control_antigen	IgM	antibody_isotype_or_subclass	Antibody abundance	none	mixedlm_lbfgs	0.05462258006623019	0.17539345623310185	-0.2891422772746517	0.398387437407112	0.31142883685258793	0.7554746344748045	1.0385873654452598	0.8183884688834359	1.3180338637153515	HPVVT-FJ-M06|Antibody abundance|within_trajectory	0.8795511131220441	no	0.0546225800662304	0.763599533288526	0.8726851809011726	-2.0816681711721685e-16	yes
HPVVT-FJ-M01	Primary 2vHPV induction	within_trajectory	dose0_v2_minus_v1	0	HPV16	vaccine_target_2vHPV_and_4vHPV	ADCP	antibody_dependent_cellular_phagocytosis	Phagocytic function	none	mixedlm_powell	1.5838570278059942	0.19515826378936477	1.201353859493472	1.9663601961185164	8.115756909558586	4.827662204758573e-16	2.9977021141931868	2.299553653858851	3.9078096526944033	HPVVT-FJ-M01|Phagocytic function|within_trajectory	9.655324409517146e-16	yes	1.583857027805997	4.395239147111274e-07	5.605930448184137e-07	-2.6645352591003757e-15	yes
HPVVT-FJ-M03	Heterologous 2vHPV recall	within_trajectory	dose1_v2_minus_v1	1	HPV16	vaccine_target_2vHPV_and_4vHPV	ADCP	antibody_dependent_cellular_phagocytosis	Phagocytic function	none	mixedlm_powell	1.7621023077085212	0.19515826378936482	1.3795991393959988	2.1446054760210433	9.029093995273323	1.730989377046983e-19	3.3919203856629085	2.6019606416259142	4.421713272144765	HPVVT-FJ-M03|Phagocytic function|within_trajectory	5.192968131140948e-19	yes	1.76210230770852	1.0362913776996265e-08	6.217748266197757e-08	1.1102230246251565e-15	yes
HPVVT-FJ-M03	Heterologous 2vHPV recall	within_trajectory	dose2_v2_minus_v1	2	HPV16	vaccine_target_2vHPV_and_4vHPV	ADCP	antibody_dependent_cellular_phagocytosis	Phagocytic function	none	mixedlm_powell	1.0534544515500732	0.1904549638685502	0.6801695816908375	1.426739321409309	5.531252271676968	3.179526627351454e-08	2.0754935543980215	1.602328089879015	2.6883841839613427	HPVVT-FJ-M03|Phagocytic function|within_trajectory	3.179526627351454e-08	yes	1.053454451550072	4.076487269807356e-06	5.613777648643183e-06	1.3322676295501878e-15	yes
HPVVT-FJ-M03	Heterologous 2vHPV recall	within_trajectory	dose3_v2_minus_v1	3	HPV16	vaccine_target_2vHPV_and_4vHPV	ADCP	antibody_dependent_cellular_phagocytosis	Phagocytic function	none	mixedlm_powell	1.4785603588977814	0.20022815387841236	1.0861203886051491	1.8710003291904136	7.384377922175871	1.5316781522006461e-13	2.786705138618928	2.123023570503142	3.657861192640793	HPVVT-FJ-M03|Phagocytic function|within_trajectory	3.0633563044012923e-13	yes	1.4785603588977836	6.9745354510824526e-06	6.974535451082453e-06	-2.220446049250313e-15	yes
HPVVT-FJ-M01	Primary 2vHPV induction	within_trajectory	dose0_v2_minus_v1	0	HPV16	vaccine_target_2vHPV_and_4vHPV	FcgR2A	fc_gamma_receptor_binding	Fc-receptor engagement	low	mixedlm_lbfgs	-0.4252620581827547	0.8660331141634351	-2.1226557713621523	1.272131654996643	-0.49104595566596376	0.6233939444987568	0.7447034476986855	0.2296238225383448	2.4151815734262465	HPVVT-FJ-M01|Fc-receptor engagement|within_trajectory	0.6890143597091524	no	-0.4252620581827211	0.8483818665969707	0.922892477127598	-3.3584246494910985e-14	yes
HPVVT-FJ-M03	Heterologous 2vHPV recall	within_trajectory	dose1_v2_minus_v1	1	HPV16	vaccine_target_2vHPV_and_4vHPV	FcgR2A	fc_gamma_receptor_binding	Fc-receptor engagement	low	mixedlm_lbfgs	1.003421770989018	0.8660331141634359	-0.6939719421903812	2.7008154841684173	1.1586413435914582	0.2466024092111544	2.0047492116693135	0.6181496522364671	6.501693218054738	HPVVT-FJ-M03|Fc-receptor engagement|within_trajectory	0.28247185055095864	no	1.0034217709890243	0.0611032703333548	0.0652458649322263	-6.217248937900877e-15	yes
HPVVT-FJ-M03	Heterologous 2vHPV recall	within_trajectory	dose2_v2_minus_v1	2	HPV16	vaccine_target_2vHPV_and_4vHPV	FcgR2A	fc_gamma_receptor_binding	Fc-receptor engagement	low	mixedlm_lbfgs	0.3647268484301282	0.8451617792879426	-1.2917598000840294	2.0212134969442856	0.4315467847320478	0.6660708424548099	1.2876378125018022	0.4084524947407078	4.059250849323268	HPVVT-FJ-M03|Fc-receptor engagement|within_trajectory	0.6913910141049296	no	0.3647268484301326	0.0235267742588855	0.027965788269996	-4.385380947269368e-15	yes
HPVVT-FJ-M03	Heterologous 2vHPV recall	within_trajectory	dose3_v2_minus_v1	3	HPV16	vaccine_target_2vHPV_and_4vHPV	FcgR2A	fc_gamma_receptor_binding	Fc-receptor engagement	low	mixedlm_lbfgs	0.37932626793690044	0.8885312273205762	-1.3621629367506005	2.1208154726244013	0.4269138284321008	0.6694420930222335	1.3007342765568586	0.3889986526198269	4.3493972197981305	HPVVT-FJ-M03|Fc-receptor engagement|within_trajectory	0.6913910141049296	no	0.3793262679368998	0.0022332543564454	0.0034315859623429	6.661338147750939e-16	yes
HPVVT-FJ-M01	Primary 2vHPV induction	within_trajectory	dose0_v2_minus_v1	0	HPV16	vaccine_target_2vHPV_and_4vHPV	FcgR2B	fc_gamma_receptor_binding	Fc-receptor engagement	moderate	mixedlm_powell	7.72852973993451	0.5155650656481651	6.718040779577078	8.739018700291941	14.990406167683709	8.48328508407147e-51	212.08955168930586	105.27658452727789	427.2742902683699	HPVVT-FJ-M01|Fc-receptor engagement|within_trajectory	1.781489867655009e-49	yes	7.728529739934484	3.4228892676576137e-08	3.594033731040495e-07	2.5757174171303632e-14	yes
HPVVT-FJ-M03	Heterologous 2vHPV recall	within_trajectory	dose1_v2_minus_v1	1	HPV16	vaccine_target_2vHPV_and_4vHPV	FcgR2B	fc_gamma_receptor_binding	Fc-receptor engagement	moderate	mixedlm_powell	0.5677564562327939	0.5155650656481651	-0.44273250412463816	1.578245416590226	1.1012314333575224	0.27079594438147525	1.4822167731849412	0.7357397767455495	2.9860646823103396	HPVVT-FJ-M03|Fc-receptor engagement|within_trajectory	0.30464543742915967	no	0.567756456232795	0.3480671116967098	0.3480671116967098	-1.1102230246251565e-15	yes
HPVVT-FJ-M03	Heterologous 2vHPV recall	within_trajectory	dose2_v2_minus_v1	2	HPV16	vaccine_target_2vHPV_and_4vHPV	FcgR2B	fc_gamma_receptor_binding	Fc-receptor engagement	moderate	mixedlm_powell	0.14025377040338238	0.5031399851757596	-0.8458824797231232	1.126390020529888	0.2787569553916256	0.7804313500936566	1.1020989582984897	0.556370379737072	2.1831178619836287	HPVVT-FJ-M03|Fc-receptor engagement|within_trajectory	0.793018952514522	no	0.1402537704033843	0.0333329254299364	0.0382254631407222	-1.915134717478395e-15	yes
HPVVT-FJ-M03	Heterologous 2vHPV recall	within_trajectory	dose3_v2_minus_v1	3	HPV16	vaccine_target_2vHPV_and_4vHPV	FcgR2B	fc_gamma_receptor_binding	Fc-receptor engagement	moderate	mixedlm_powell	0.12425318598706347	0.5289585964463785	-0.9124866123606952	1.1609929843348221	0.23490153449025047	0.8142851585401693	1.0899433752094652	0.5312686132472839	2.236112827937844	HPVVT-FJ-M03|Fc-receptor engagement|within_trajectory	0.8142851585401693	no	0.1242531859870659	0.2495271663538175	0.2535517980692016	-2.42861286636753e-15	yes
HPVVT-FJ-M01	Primary 2vHPV induction	within_trajectory	dose0_v2_minus_v1	0	HPV16	vaccine_target_2vHPV_and_4vHPV	FcgR3A	fc_gamma_receptor_binding	Fc-receptor engagement	low	mixedlm_powell	6.662738455416506	0.5093125568339286	5.664504187147997	7.660972723685016	13.081826407019106	4.1826786384125974e-39	101.31742144355417	50.720750482138754	202.38698738469282	HPVVT-FJ-M01|Fc-receptor engagement|within_trajectory	4.3918125703332273e-38	yes	6.662738455416481	1.1777724444886764e-08	2.473322133426221e-07	2.5757174171303632e-14	yes
HPVVT-FJ-M03	Heterologous 2vHPV recall	within_trajectory	dose1_v2_minus_v1	1	HPV16	vaccine_target_2vHPV_and_4vHPV	FcgR3A	fc_gamma_receptor_binding	Fc-receptor engagement	low	mixedlm_powell	1.190984814564592	0.5093125568339275	0.1927505462960848	2.189219082833099	2.338416358646619	0.019365659942217582	2.2830853829599658	1.142940694587703	4.56058559343341	HPVVT-FJ-M03|Fc-receptor engagement|within_trajectory	0.024898705639994034	yes	1.1909848145645874	0.0181719173743006	0.0220159768188643	4.6629367034256575e-15	yes
HPVVT-FJ-M03	Heterologous 2vHPV recall	within_trajectory	dose2_v2_minus_v1	2	HPV16	vaccine_target_2vHPV_and_4vHPV	FcgR3A	fc_gamma_receptor_binding	Fc-receptor engagement	low	mixedlm_powell	1.2673042362985125	0.49703816136783396	0.2931273410755503	2.241481131521475	2.549712144457741	0.010781189533574115	2.407113611880227	1.2252934790176657	4.728822963413108	HPVVT-FJ-M03|Fc-receptor engagement|within_trajectory	0.014150311262816026	yes	1.267304236298509	0.0432516033645405	0.0486580537851081	3.552713678800501e-15	yes
HPVVT-FJ-M03	Heterologous 2vHPV recall	within_trajectory	dose3_v2_minus_v1	3	HPV16	vaccine_target_2vHPV_and_4vHPV	FcgR3A	fc_gamma_receptor_binding	Fc-receptor engagement	low	mixedlm_powell	0.3577866520555055	0.5225436577567495	-0.6663800974975476	1.3819534016085586	0.6847019320671951	0.49353202960840314	1.281458406122565	0.6300856693402318	2.606210117969639	HPVVT-FJ-M03|Fc-receptor engagement|within_trajectory	0.526991828225922	no	0.357786652055498	0.0011604804529608	0.0019239544351719	7.549516567451064e-15	yes
HPVVT-FJ-M01	Primary 2vHPV induction	within_trajectory	dose0_v2_minus_v1	0	HPV16	vaccine_target_2vHPV_and_4vHPV	IgA1	antibody_isotype_or_subclass	Antibody abundance	none	mixedlm_powell	5.513085080474381	0.496530744952508	4.539902703150622	6.4862674577981405	11.103209894891192	1.2101795697561577e-28	45.667157246112524	23.261991411403226	89.65222340847582	HPVVT-FJ-M01|Antibody abundance|within_trajectory	1.1295009317724139e-27	yes	5.513085080474395	2.6559128498128093e-09	2.4788519931586225e-08	-1.4210854715202004e-14	yes
HPVVT-FJ-M03	Heterologous 2vHPV recall	within_trajectory	dose1_v2_minus_v1	1	HPV16	vaccine_target_2vHPV_and_4vHPV	IgA1	antibody_isotype_or_subclass	Antibody abundance	none	mixedlm_powell	2.6960906176031862	0.49653074495250754	1.7229082402794282	3.6692729949269443	5.429856348293324	5.639943101855066e-08	6.480434821043114	3.3010116731558994	12.722171148712784	HPVVT-FJ-M03|Antibody abundance|within_trajectory	2.2559772407420264e-07	yes	2.696090617603188	0.0024890333630638	0.005130280680514	-1.7763568394002505e-15	yes
HPVVT-FJ-M03	Heterologous 2vHPV recall	within_trajectory	dose2_v2_minus_v1	2	HPV16	vaccine_target_2vHPV_and_4vHPV	IgA1	antibody_isotype_or_subclass	Antibody abundance	none	mixedlm_powell	0.6363972359865517	0.48456439022034153	-0.31333151703593043	1.5861259890090338	1.3133388437750628	0.18906879503721963	1.554442483512538	0.8047811856237399	3.0024203817288515	HPVVT-FJ-M03|Antibody abundance|within_trajectory	0.23704147437502163	no	0.6363972359865533	0.0486791448366314	0.0730187172549472	-1.5543122344752192e-15	yes
HPVVT-FJ-M03	Heterologous 2vHPV recall	within_trajectory	dose3_v2_minus_v1	3	HPV16	vaccine_target_2vHPV_and_4vHPV	IgA1	antibody_isotype_or_subclass	Antibody abundance	none	mixedlm_powell	1.0141594395570017	0.5094297954659878	0.01569538779205959	2.0126234913219436	1.990773701466216	0.04650577183250018	2.0197257930161743	1.0109386076329423	4.035153320067827	HPVVT-FJ-M03|Antibody abundance|within_trajectory	0.068534821647895	no	1.0141594395570053	0.0008498530130477	0.0023795884365336	-3.552713678800501e-15	yes
HPVVT-FJ-M01	Primary 2vHPV induction	within_trajectory	dose0_v2_minus_v1	0	HPV16	vaccine_target_2vHPV_and_4vHPV	IgA2	antibody_isotype_or_subclass	Antibody abundance	high	mixedlm_powell	9.63914231602742	0.7168340182850658	8.234173457295565	11.044111174759276	13.446826001767946	3.213734361776535e-41	797.3903390975942	301.1155614543369	2111.5858304207827	HPVVT-FJ-M01|Antibody abundance|within_trajectory	4.499228106487149e-40	yes	9.639142316027357	5.045015868360928e-12	1.4126044431410598e-10	6.394884621840902e-14	yes
HPVVT-FJ-M03	Heterologous 2vHPV recall	within_trajectory	dose1_v2_minus_v1	1	HPV16	vaccine_target_2vHPV_and_4vHPV	IgA2	antibody_isotype_or_subclass	Antibody abundance	high	mixedlm_powell	4.523405268357245	0.7168340182850628	3.118436409625396	5.928374127089095	6.3102547493197045	2.7857653663787645e-10	22.997502159986293	8.684461593538412	60.90016058014303	HPVVT-FJ-M03|Antibody abundance|within_trajectory	1.544714936063042e-09	yes	4.523405268357246	0.0001863171458025	0.0006260256098965	-8.881784197001252e-16	yes
HPVVT-FJ-M03	Heterologous 2vHPV recall	within_trajectory	dose2_v2_minus_v1	2	HPV16	vaccine_target_2vHPV_and_4vHPV	IgA2	antibody_isotype_or_subclass	Antibody abundance	high	mixedlm_powell	1.743888340853819	0.6995583707363828	0.37277912912698974	3.1149975525806486	2.4928417896252646	0.012672529832860616	3.349366711671022	1.294844748097911	8.663785666759855	HPVVT-FJ-M03|Antibody abundance|within_trajectory	0.02047100973000561	yes	1.7438883408538173	0.018104275012871	0.0304151820216233	1.7763568394002505e-15	yes
HPVVT-FJ-M03	Heterologous 2vHPV recall	within_trajectory	dose3_v2_minus_v1	3	HPV16	vaccine_target_2vHPV_and_4vHPV	IgA2	antibody_isotype_or_subclass	Antibody abundance	high	mixedlm_powell	2.200106510818814	0.7354561847986878	0.7586388764061514	3.641574145231476	2.9914854974277447	0.002776237246681951	4.595132655420072	1.6918936392487265	12.48024322042135	HPVVT-FJ-M03|Antibody abundance|within_trajectory	0.005182309527139641	yes	2.2001065108188125	0.0010969454737179	0.0028794818685095	1.3322676295501878e-15	yes
HPVVT-FJ-M01	Primary 2vHPV induction	within_trajectory	dose0_v2_minus_v1	0	HPV16	vaccine_target_2vHPV_and_4vHPV	IgG	antibody_isotype_or_subclass	Antibody abundance	none	mixedlm_powell	6.4545725871579345	0.3195846801813926	5.828198123991653	7.080947050324216	20.1967521831597	1.0455145455924746e-90	87.70411244850987	56.81492739159022	135.38715428367232	HPVVT-FJ-M01|Antibody abundance|within_trajectory	2.927440727658929e-89	yes	6.454572587157871	3.538527290007962e-11	4.953938206011147e-10	6.306066779870889e-14	yes
HPVVT-FJ-M03	Heterologous 2vHPV recall	within_trajectory	dose1_v2_minus_v1	1	HPV16	vaccine_target_2vHPV_and_4vHPV	IgG	antibody_isotype_or_subclass	Antibody abundance	none	mixedlm_powell	0.9236340941015202	0.3195846801813909	0.29725963093524244	1.550008557267798	2.8901075407534584	0.0038511005836954822	1.896887468067156	1.2288080998656092	2.928188760233389	HPVVT-FJ-M03|Antibody abundance|within_trajectory	0.006882818064477032	yes	0.9236340941015236	0.0521106003330388	0.0767945689118467	-3.4416913763379853e-15	yes
HPVVT-FJ-M03	Heterologous 2vHPV recall	within_trajectory	dose2_v2_minus_v1	2	HPV16	vaccine_target_2vHPV_and_4vHPV	IgG	antibody_isotype_or_subclass	Antibody abundance	none	mixedlm_powell	0.006394895647124699	0.31188271270225304	-0.6048839886499441	0.6176737799441935	0.02050416835135634	0.9836411869129218	1.0044424424077754	0.6575242514350508	1.5343991007299829	HPVVT-FJ-M03|Antibody abundance|within_trajectory	0.9836411869129217	no	0.0063948956471252	0.1723790193978741	0.2129387886679621	-5.0133508455729725e-16	yes
HPVVT-FJ-M03	Heterologous 2vHPV recall	within_trajectory	dose3_v2_minus_v1	3	HPV16	vaccine_target_2vHPV_and_4vHPV	IgG	antibody_isotype_or_subclass	Antibody abundance	none	mixedlm_powell	0.06156468997461406	0.3278869635241645	-0.5810819495329468	0.7042113294821749	0.18776193268835736	0.8510632782735141	1.0435969913029433	0.6684622759028304	1.6292537657201607	HPVVT-FJ-M03|Antibody abundance|within_trajectory	0.8718209192070145	no	0.0615646899746169	0.2210795319780363	0.2691402997993486	-2.8380076066980564e-15	yes
HPVVT-FJ-M01	Primary 2vHPV induction	within_trajectory	dose0_v2_minus_v1	0	HPV16	vaccine_target_2vHPV_and_4vHPV	IgG1	antibody_isotype_or_subclass	IgG subclass architecture	none	mixedlm_powell	6.354073737640918	0.32340242489616955	5.720216632331506	6.9879308429503295	19.647576049192995	6.064041192975623e-86	81.8025401508794	52.717740506042105	126.93365669511745	HPVVT-FJ-M01|IgG subclass architecture|within_trajectory	1.6979315340331744e-84	yes	6.35407373764079	3.1394582087337286e-11	8.790482984454442e-10	1.2789769243681803e-13	yes
HPVVT-FJ-M03	Heterologous 2vHPV recall	within_trajectory	dose1_v2_minus_v1	1	HPV16	vaccine_target_2vHPV_and_4vHPV	IgG1	antibody_isotype_or_subclass	IgG subclass architecture	none	mixedlm_powell	1.3353682467569552	0.3234024248961673	0.7015111414475477	1.9692253520663627	4.1291225543089025	3.6415027320755314e-05	2.5233988310033175	1.6262072610547558	3.915578175551209	HPVVT-FJ-M03|IgG subclass architecture|within_trajectory	6.797471766540991e-05	yes	1.335368246756956	0.0092949028051278	0.0134615833729437	-8.881784197001252e-16	yes
HPVVT-FJ-M03	Heterologous 2vHPV recall	within_trajectory	dose2_v2_minus_v1	2	HPV16	vaccine_target_2vHPV_and_4vHPV	IgG1	antibody_isotype_or_subclass	IgG subclass architecture	none	mixedlm_powell	0.132391449666855	0.31560845004790217	-0.4861897456435419	0.7509726449772519	0.4194800539933611	0.6748653288919464	1.0961091358422586	0.713908089292237	1.6829270541926151	HPVVT-FJ-M03|IgG subclass architecture|within_trajectory	0.6962400934945973	no	0.1323914496668569	0.013394589093299	0.0185987181317366	-1.887379141862766e-15	yes
HPVVT-FJ-M03	Heterologous 2vHPV recall	within_trajectory	dose3_v2_minus_v1	3	HPV16	vaccine_target_2vHPV_and_4vHPV	IgG1	antibody_isotype_or_subclass	IgG subclass architecture	none	mixedlm_powell	0.21287840867858154	0.3318038869553125	-0.4374452596842304	0.8632020770413935	0.6415790081062315	0.521146566436065	1.1589982666241132	0.7384410911790698	1.819071281492322	HPVVT-FJ-M03|IgG subclass architecture|within_trajectory	0.5685235270211619	no	0.2128784086785853	0.0162545032236648	0.0220222301739975	-3.747002708109903e-15	yes
HPVVT-FJ-M01	Primary 2vHPV induction	within_trajectory	dose0_v2_minus_v1	0	HPV16	vaccine_target_2vHPV_and_4vHPV	IgG2	antibody_isotype_or_subclass	IgG subclass architecture	moderate	mixedlm_powell	1.2912135836911323	0.6782268202077477	-0.03808655726517585	2.6205137246474406	1.9038079079438652	0.05693520625269405	2.4473383714915524	0.9739458330358529	6.149690158748736	HPVVT-FJ-M01|IgG subclass architecture|within_trajectory	0.17713175278615925	no	1.2912135836911287	0.196454633474947	0.5000663397544107	3.552713678800501e-15	yes
HPVVT-FJ-M03	Heterologous 2vHPV recall	within_trajectory	dose1_v2_minus_v1	1	HPV16	vaccine_target_2vHPV_and_4vHPV	IgG2	antibody_isotype_or_subclass	IgG subclass architecture	moderate	mixedlm_powell	2.4912579195209124	0.6782268202077428	1.1619577785646138	3.820558060477211	3.6731928689547146	0.0002395385450734104	5.6226799122643785	2.2376087159973768	14.128712124581492	HPVVT-FJ-M03|IgG subclass architecture|within_trajectory	0.0003869468805032014	yes	2.491257919520913	0.0021732781022683	0.0036511072118107	-4.440892098500626e-16	yes
HPVVT-FJ-M03	Heterologous 2vHPV recall	within_trajectory	dose2_v2_minus_v1	2	HPV16	vaccine_target_2vHPV_and_4vHPV	IgG2	antibody_isotype_or_subclass	IgG subclass architecture	moderate	mixedlm_powell	0.42467407945579005	0.6618816033163879	-0.872590025073957	1.7219381839855372	0.6416163817334418	0.5211222937873986	1.3422692352663885	0.5461654562789101	3.298792846068516	HPVVT-FJ-M03|IgG subclass architecture|within_trajectory	0.5685235270211619	no	0.4246740794557859	0.3799058199333666	0.4195335679498815	4.163336342344337e-15	yes
HPVVT-FJ-M03	Heterologous 2vHPV recall	within_trajectory	dose3_v2_minus_v1	3	HPV16	vaccine_target_2vHPV_and_4vHPV	IgG2	antibody_isotype_or_subclass	IgG subclass architecture	moderate	mixedlm_powell	0.6422621513234869	0.695846035336694	-0.7215710167214192	2.006095319368393	0.9229946262648749	0.3560100056507678	1.5607745420666788	0.6064367057992931	4.016935564533056	HPVVT-FJ-M03|IgG subclass architecture|within_trajectory	0.40736978472858526	no	0.6422621513234879	0.251840577630726	0.2820614469464131	-9.992007221626409e-16	yes
HPVVT-FJ-M01	Primary 2vHPV induction	within_trajectory	dose0_v2_minus_v1	0	HPV16	vaccine_target_2vHPV_and_4vHPV	IgG3	antibody_isotype_or_subclass	IgG subclass architecture	none	mixedlm_lbfgs	6.048283248858066	0.6174016608536814	4.838198229589638	7.258368268126494	9.796350791306754	1.1672664960322504e-22	66.17815881068437	28.60505532526103	153.10401094398847	HPVVT-FJ-M01|IgG subclass architecture|within_trajectory	1.0894487296301004e-21	yes	6.048283248858004	5.845651282766759e-08	5.455941197248974e-07	6.217248937900877e-14	yes
HPVVT-FJ-M03	Heterologous 2vHPV recall	within_trajectory	dose1_v2_minus_v1	1	HPV16	vaccine_target_2vHPV_and_4vHPV	IgG3	antibody_isotype_or_subclass	IgG subclass architecture	none	mixedlm_lbfgs	3.9071839675740114	0.6174016608536789	2.697098948305588	5.117268986842435	6.328431255224619	2.4766614975414015e-10	15.003050559416092	6.484965719996722	34.709748024467466	HPVVT-FJ-M03|IgG subclass architecture|within_trajectory	9.906645990165606e-10	yes	3.907183967574015	3.898406514467311e-06	1.212837582278719e-05	-3.552713678800501e-15	yes
HPVVT-FJ-M03	Heterologous 2vHPV recall	within_trajectory	dose2_v2_minus_v1	2	HPV16	vaccine_target_2vHPV_and_4vHPV	IgG3	antibody_isotype_or_subclass	IgG subclass architecture	none	mixedlm_lbfgs	2.3231360731236643	0.6025223258656509	1.1422140145456823	3.5040581317016466	3.8556846334050565	0.00011540618854979913	5.00418828673895	2.2071948789873193	11.34557743293821	HPVVT-FJ-M03|IgG subclass architecture|within_trajectory	0.0001900807811408456	yes	2.32313607312366	0.0011160415420908	0.0020832775452361	4.440892098500626e-15	yes
HPVVT-FJ-M03	Heterologous 2vHPV recall	within_trajectory	dose3_v2_minus_v1	3	HPV16	vaccine_target_2vHPV_and_4vHPV	IgG3	antibody_isotype_or_subclass	IgG subclass architecture	none	mixedlm_lbfgs	3.4573693003651598	0.6334407385772948	2.2158482664132104	4.69889033431711	5.458078538065608	4.8131476519264425e-08	10.984286842523993	4.645546312677782	25.972092261695302	HPVVT-FJ-M03|IgG subclass architecture|within_trajectory	1.4439442955779328e-07	yes	3.4573693003651584	1.788164350065583e-05	5.0068601801836326e-05	1.3322676295501878e-15	yes
HPVVT-FJ-M01	Primary 2vHPV induction	within_trajectory	dose0_v2_minus_v1	0	HPV16	vaccine_target_2vHPV_and_4vHPV	IgG4	antibody_isotype_or_subclass	IgG subclass architecture	moderate	mixedlm_lbfgs	0.8193723152599542	0.5079705902010955	-0.17623174673974773	1.814976377259656	1.6130310121607256	0.10673777035887876	1.7646380705006433	0.8850115896786981	3.5185386905393474	HPVVT-FJ-M01|IgG subclass architecture|within_trajectory	0.27169614273169135	no	0.819372315259957	0.0228358253776408	0.0710447900637715	-2.7755575615628914e-15	yes
HPVVT-FJ-M03	Heterologous 2vHPV recall	within_trajectory	dose1_v2_minus_v1	1	HPV16	vaccine_target_2vHPV_and_4vHPV	IgG4	antibody_isotype_or_subclass	IgG subclass architecture	moderate	mixedlm_lbfgs	2.4882892950453344	0.5079705902010959	1.4926852330456315	3.483893357045037	4.898490863536544	9.657552848816185e-07	5.611122054657357	2.8141226988629096	11.18810161510871	HPVVT-FJ-M03|IgG subclass architecture|within_trajectory	2.3701620711934114e-06	yes	2.4882892950453352	0.0009967578695934	0.0019029013874057	-8.881784197001252e-16	yes
HPVVT-FJ-M03	Heterologous 2vHPV recall	within_trajectory	dose2_v2_minus_v1	2	HPV16	vaccine_target_2vHPV_and_4vHPV	IgG4	antibody_isotype_or_subclass	IgG subclass architecture	moderate	mixedlm_lbfgs	0.40734939949656174	0.4957285360329589	-0.5642606772368042	1.3789594762299275	0.821718682479636	0.41123702374582205	1.32624691888315	0.6763019050543709	2.6008072381603604	HPVVT-FJ-M03|IgG subclass architecture|within_trajectory	0.46058546659532074	no	0.407349399496561	0.3845724372873914	0.4195335679498815	7.216449660063518e-16	yes
HPVVT-FJ-M03	Heterologous 2vHPV recall	within_trajectory	dose3_v2_minus_v1	3	HPV16	vaccine_target_2vHPV_and_4vHPV	IgG4	antibody_isotype_or_subclass	IgG subclass architecture	moderate	mixedlm_lbfgs	0.27783558739510716	0.5211668290422435	-0.7436326274646335	1.299303802254848	0.5331029756933878	0.5939622993166663	1.2123746463873204	0.5972336556870659	2.461100892768412	HPVVT-FJ-M03|IgG subclass architecture|within_trajectory	0.6315548499063287	no	0.2778355873951089	0.6541329516028667	0.6783600979585285	-1.7208456881689926e-15	yes
HPVVT-FJ-M01	Primary 2vHPV induction	within_trajectory	dose0_v2_minus_v1	0	HPV16	vaccine_target_2vHPV_and_4vHPV	IgM	antibody_isotype_or_subclass	Antibody abundance	none	mixedlm_powell	3.971182214883761	0.37861324937078933	3.229113882047332	4.7132505477201905	10.488756591279884	9.73003865290456e-26	15.683571382626267	9.376918426180417	26.231902650146925	HPVVT-FJ-M01|Antibody abundance|within_trajectory	6.8110270570331915e-25	yes	3.971182214883811	9.533224608156785e-08	4.448838150473166e-07	-4.973799150320701e-14	yes
HPVVT-FJ-M03	Heterologous 2vHPV recall	within_trajectory	dose1_v2_minus_v1	1	HPV16	vaccine_target_2vHPV_and_4vHPV	IgM	antibody_isotype_or_subclass	Antibody abundance	none	mixedlm_powell	1.4636213018952215	0.3786132493707902	0.7215529690587904	2.2056896347316526	3.8657424279989794	0.00011075177477981467	2.7579977920703023	1.6489560754304602	4.612949935054497	HPVVT-FJ-M03|Antibody abundance|within_trajectory	0.0002658042594715552	yes	1.463621301895222	0.0014514167594961	0.0032951083188561	-4.440892098500626e-16	yes
HPVVT-FJ-M03	Heterologous 2vHPV recall	within_trajectory	dose2_v2_minus_v1	2	HPV16	vaccine_target_2vHPV_and_4vHPV	IgM	antibody_isotype_or_subclass	Antibody abundance	none	mixedlm_powell	0.2461409948139588	0.36948869768023535	-0.4780435453339107	0.9703255349618283	0.6661665061998061	0.5053046788891142	1.1860304046857042	0.7179505848485332	1.9592826449688057	HPVVT-FJ-M03|Antibody abundance|within_trajectory	0.5895221253706332	no	0.2461409948139601	0.4228133066079693	0.4865249007543756	-1.304512053934559e-15	yes
HPVVT-FJ-M03	Heterologous 2vHPV recall	within_trajectory	dose3_v2_minus_v1	3	HPV16	vaccine_target_2vHPV_and_4vHPV	IgM	antibody_isotype_or_subclass	Antibody abundance	none	mixedlm_powell	0.7324888793225237	0.3884489976670489	-0.028857165935575524	1.4938349245806228	1.8856758125821234	0.05933865422378885	1.6615029785428315	0.980196454916576	2.8163661823707096	HPVVT-FJ-M03|Antibody abundance|within_trajectory	0.08448215177624176	no	0.7324888793225243	0.060381949091852	0.0845347287285929	-5.551115123125783e-16	yes
HPVVT-FJ-M01	Primary 2vHPV induction	within_trajectory	dose0_v2_minus_v1	0	HPV16	vaccine_target_2vHPV_and_4vHPV	nAb	neutralizing_antibody	Neutralization	moderate	mixedlm_powell	5.100000000000003	0.4824887229617435	4.154339480048262	6.045660519951745	10.57019523418868	4.096409556925897e-26	34.29675080116146	17.8065914990201	66.05796036718758	HPVVT-FJ-M01|Neutralization|within_trajectory	8.192819113851794e-26	yes	5.1	3.1249092001145923e-08	6.249818400229183e-08	3.552713678800501e-15	yes
HPVVT-FJ-M03	Heterologous 2vHPV recall	within_trajectory	dose1_v2_minus_v1	1	HPV16	vaccine_target_2vHPV_and_4vHPV	nAb	neutralizing_antibody	Neutralization	moderate	mixedlm_powell	5.75	0.48248872296174367	4.804339480048259	6.695660519951741	11.917376979722519	9.60862240808054e-33	53.81737057623773	27.94153705574921	103.65605048717812	HPVVT-FJ-M03|Neutralization|within_trajectory	1.441293361212081e-32	yes	5.75	4.658278732072776e-09	5.589934478487331e-09	0.0	yes
HPVVT-FJ-M03	Heterologous 2vHPV recall	within_trajectory	dose2_v2_minus_v1	2	HPV16	vaccine_target_2vHPV_and_4vHPV	nAb	neutralizing_antibody	Neutralization	moderate	mixedlm_powell	3.476190476190473	0.47086077993521036	2.5533203057850207	4.399060646595926	7.3826290579325615	1.5519397296461514e-13	11.128524953966613	5.86983644753299	21.09838472639345	HPVVT-FJ-M03|Neutralization|within_trajectory	1.5519397296461514e-13	yes	3.4761904761904763	3.4883232463614816e-10	5.232484869542223e-10	-3.1086244689504383e-15	yes
HPVVT-FJ-M03	Heterologous 2vHPV recall	within_trajectory	dose3_v2_minus_v1	3	HPV16	vaccine_target_2vHPV_and_4vHPV	nAb	neutralizing_antibody	Neutralization	moderate	mixedlm_powell	3.7368421052631566	0.4950229848839602	2.766614883371079	4.707069327155234	7.548825447244881	4.39201034645591e-14	13.332192102376702	6.805093024988655	26.11975260323087	HPVVT-FJ-M03|Neutralization|within_trajectory	5.270412415747092e-14	yes	3.736842105263157	6.465684301869224e-07	6.465684301869224e-07	-4.440892098500626e-16	yes
HPVVT-FJ-M01	Primary 2vHPV induction	within_trajectory	dose0_v2_minus_v1	0	HPV18	vaccine_target_2vHPV_and_4vHPV	ADCP	antibody_dependent_cellular_phagocytosis	Phagocytic function	none	mixedlm_powell	0.6181995887552567	0.08928274574077714	0.4432086226624866	0.7931905548480268	6.924065603337657	4.388625127070326e-12	1.5349584341901246	1.3596248378871378	1.7329025838868783	HPVVT-FJ-M01|Phagocytic function|within_trajectory	4.388625127070326e-12	yes	0.6181995887552679	5.605930448184137e-07	5.605930448184137e-07	-1.1213252548714081e-14	yes
HPVVT-FJ-M03	Heterologous 2vHPV recall	within_trajectory	dose1_v2_minus_v1	1	HPV18	vaccine_target_2vHPV_and_4vHPV	ADCP	antibody_dependent_cellular_phagocytosis	Phagocytic function	none	mixedlm_powell	0.9053317994925942	0.08928274574077719	0.730340833399824	1.0803227655853644	10.14005328780017	3.6689938436379155e-24	1.8729752031942435	1.6590309876066516	2.114509094758546	HPVVT-FJ-M03|Phagocytic function|within_trajectory	2.2013963061827493e-23	yes	0.9053317994925928	1.3359703367067578e-07	3.360945453429622e-07	1.4432899320127035e-15	yes
HPVVT-FJ-M03	Heterologous 2vHPV recall	within_trajectory	dose2_v2_minus_v1	2	HPV18	vaccine_target_2vHPV_and_4vHPV	ADCP	antibody_dependent_cellular_phagocytosis	Phagocytic function	none	mixedlm_powell	0.5662965464144842	0.0871310380814698	0.3955228498392155	0.737070242989753	6.499366458654862	8.065896397922745e-11	1.4807176286905792	1.3154193974628363	1.6667875661131082	HPVVT-FJ-M03|Phagocytic function|within_trajectory	9.679075677507294e-11	yes	0.5662965464144832	4.678148040535986e-06	5.613777648643183e-06	9.992007221626409e-16	yes
HPVVT-FJ-M03	Heterologous 2vHPV recall	within_trajectory	dose3_v2_minus_v1	3	HPV18	vaccine_target_2vHPV_and_4vHPV	ADCP	antibody_dependent_cellular_phagocytosis	Phagocytic function	none	mixedlm_powell	0.6044473078441176	0.09160216434476039	0.42491036482246813	0.7839842508657671	6.598613822804197	4.150197883837016e-11	1.5203961824267203	1.3424890908443623	1.7218795797318955	HPVVT-FJ-M03|Phagocytic function|within_trajectory	6.225296825755525e-11	yes	0.6044473078441164	1.680472726714811e-07	3.360945453429622e-07	1.2212453270876722e-15	yes
HPVVT-FJ-M01	Primary 2vHPV induction	within_trajectory	dose0_v2_minus_v1	0	HPV18	vaccine_target_2vHPV_and_4vHPV	FcgR2A	fc_gamma_receptor_binding	Fc-receptor engagement	low	mixedlm_powell	-0.18342677287726583	0.8620669468849305	-1.8730469410341333	1.5061933952796016	-0.2127755547757358	0.8315020316033699	0.8806088370426912	0.27299625380038556	2.8405954773456523	HPVVT-FJ-M01|Fc-receptor engagement|within_trajectory	0.8730771331835383	no	-0.1834267728772605	0.922892477127598	0.922892477127598	-5.329070518200751e-15	yes
HPVVT-FJ-M03	Heterologous 2vHPV recall	within_trajectory	dose1_v2_minus_v1	1	HPV18	vaccine_target_2vHPV_and_4vHPV	FcgR2A	fc_gamma_receptor_binding	Fc-receptor engagement	low	mixedlm_powell	0.8734429211837522	0.8620669468849308	-0.8161772469731159	2.5630630893406203	1.0131961610869415	0.31096647378459996	1.8320297371675567	0.5679448514021685	5.909610677128169	HPVVT-FJ-M03|Fc-receptor engagement|within_trajectory	0.3377739284212034	no	0.8734429211837551	0.2470008479871024	0.2535517980692016	-2.886579864025407e-15	yes
HPVVT-FJ-M03	Heterologous 2vHPV recall	within_trajectory	dose2_v2_minus_v1	2	HPV18	vaccine_target_2vHPV_and_4vHPV	FcgR2A	fc_gamma_receptor_binding	Fc-receptor engagement	low	mixedlm_powell	1.0063717069827935	0.8412911963515232	-0.6425287383768068	2.655272152342394	1.196222795801483	0.23160962734264046	2.008852595952288	0.6405891472853275	6.299652077100803	HPVVT-FJ-M03|Fc-receptor engagement|within_trajectory	0.2702112318997472	no	1.0063717069827915	0.0037826802123993	0.0052016851713717	1.9984014443252818e-15	yes
HPVVT-FJ-M03	Heterologous 2vHPV recall	within_trajectory	dose3_v2_minus_v1	3	HPV18	vaccine_target_2vHPV_and_4vHPV	FcgR2A	fc_gamma_receptor_binding	Fc-receptor engagement	low	mixedlm_powell	0.9214509603575751	0.8844620255520812	-0.812062755417849	2.654964676132999	1.0418208286358088	0.29749475551477345	1.8940192060760046	0.569566912628615	6.298309598830008	HPVVT-FJ-M03|Fc-receptor engagement|within_trajectory	0.32880999293738117	no	0.9214509603575736	0.0440971978456532	0.0487390081451956	1.5543122344752192e-15	yes
HPVVT-FJ-M01	Primary 2vHPV induction	within_trajectory	dose0_v2_minus_v1	0	HPV18	vaccine_target_2vHPV_and_4vHPV	FcgR2B	fc_gamma_receptor_binding	Fc-receptor engagement	none	mixedlm_powell	2.7687396933893935	0.4504655975712306	1.8858433458754678	3.6516360409033193	6.146395436893673	7.926353252397717e-10	6.815122991610878	3.695688973959852	12.567589350198324	HPVVT-FJ-M01|Fc-receptor engagement|within_trajectory	5.548447276678401e-09	yes	2.768739693389392	2.0754136287334365e-06	1.089592155085054e-05	1.3322676295501878e-15	yes
HPVVT-FJ-M03	Heterologous 2vHPV recall	within_trajectory	dose1_v2_minus_v1	1	HPV18	vaccine_target_2vHPV_and_4vHPV	FcgR2B	fc_gamma_receptor_binding	Fc-receptor engagement	none	mixedlm_powell	1.7108867972895287	0.4504655975712296	0.8279904497756051	2.5937831448034525	3.7980409747472352	0.00014584421812599294	3.273619847973248	1.7752109231166244	6.036796399511765	HPVVT-FJ-M03|Fc-receptor engagement|within_trajectory	0.00026251959262678734	yes	1.710886797289525	0.0034418539782671	0.0049281091052461	3.774758283725532e-15	yes
HPVVT-FJ-M03	Heterologous 2vHPV recall	within_trajectory	dose2_v2_minus_v1	2	HPV18	vaccine_target_2vHPV_and_4vHPV	FcgR2B	fc_gamma_receptor_binding	Fc-receptor engagement	none	mixedlm_powell	1.8169470483435024	0.4396094095305676	0.9553284383986708	2.678565658288334	4.1330940806833745	3.579121328981588e-05	3.5233481756598604	1.9390210136856045	6.402190734039401	HPVVT-FJ-M03|Fc-receptor engagement|within_trajectory	7.273698184704517e-05	yes	1.8169470483435015	0.0026177275807206	0.0039265913710809	8.881784197001252e-16	yes
HPVVT-FJ-M03	Heterologous 2vHPV recall	within_trajectory	dose3_v2_minus_v1	3	HPV18	vaccine_target_2vHPV_and_4vHPV	FcgR2B	fc_gamma_receptor_binding	Fc-receptor engagement	none	mixedlm_powell	0.7107798963519216	0.46216795146718437	-0.19505264333241534	1.6166124360362586	1.5379255400455643	0.12406682176894147	1.636688644001563	0.8735410201924295	3.0665414164678633	HPVVT-FJ-M03|Fc-receptor engagement|within_trajectory	0.14747565606496815	no	0.7107798963519194	0.0594379521911733	0.0645619135869641	2.220446049250313e-15	yes
HPVVT-FJ-M01	Primary 2vHPV induction	within_trajectory	dose0_v2_minus_v1	0	HPV18	vaccine_target_2vHPV_and_4vHPV	FcgR3A	fc_gamma_receptor_binding	Fc-receptor engagement	low	mixedlm_lbfgs	3.8067782894436615	0.6831645237312282	2.4678004274149954	5.145756151472328	5.57227162302317	2.514389864745162e-08	13.994405440334784	5.531997204375852	35.401931055489	HPVVT-FJ-M01|Fc-receptor engagement|within_trajectory	1.32005467899121e-07	yes	3.8067782894436752	3.9447905744370523e-07	2.761353402105937e-06	-1.3766765505351941e-14	yes
HPVVT-FJ-M03	Heterologous 2vHPV recall	within_trajectory	dose1_v2_minus_v1	1	HPV18	vaccine_target_2vHPV_and_4vHPV	FcgR3A	fc_gamma_receptor_binding	Fc-receptor engagement	low	mixedlm_lbfgs	2.1475669673991566	0.6831645237312305	0.8085891053704859	3.486544829427827	3.1435575074505024	0.0016690761644107403	4.430799263848148	1.7514977142303005	11.208682693111365	HPVVT-FJ-M03|Fc-receptor engagement|within_trajectory	0.0023367066301750363	yes	2.1475669673991558	0.0126435551756408	0.0159308795213074	8.881784197001252e-16	yes
HPVVT-FJ-M03	Heterologous 2vHPV recall	within_trajectory	dose2_v2_minus_v1	2	HPV18	vaccine_target_2vHPV_and_4vHPV	FcgR3A	fc_gamma_receptor_binding	Fc-receptor engagement	low	mixedlm_lbfgs	2.6156143502166205	0.6667003085451577	1.3089057569863698	3.922322943446871	3.9232235484100673	8.737201027336926e-05	6.128841308645353	2.4775355470577893	15.161314569700307	HPVVT-FJ-M03|Fc-receptor engagement|within_trajectory	0.00017201364522569573	yes	2.615614350216618	0.0017770794511931	0.0028706668057734	2.6645352591003757e-15	yes
HPVVT-FJ-M03	Heterologous 2vHPV recall	within_trajectory	dose3_v2_minus_v1	3	HPV18	vaccine_target_2vHPV_and_4vHPV	FcgR3A	fc_gamma_receptor_binding	Fc-receptor engagement	low	mixedlm_lbfgs	1.4704491605187555	0.7009120122608069	0.0966868601560773	2.844211460881434	2.097908346264162	0.035913242589745	2.7710815347972577	1.0693149657429926	7.181132892083671	HPVVT-FJ-M03|Fc-receptor engagement|within_trajectory	0.043510274676037214	yes	1.470449160518752	0.0688391848633738	0.0722811441065424	3.552713678800501e-15	yes
HPVVT-FJ-M01	Primary 2vHPV induction	within_trajectory	dose0_v2_minus_v1	0	HPV18	vaccine_target_2vHPV_and_4vHPV	IgA1	antibody_isotype_or_subclass	Antibody abundance	none	mixedlm_lbfgs	3.8036306462243283	0.4108576036587911	2.998364540278666	4.608896752169991	9.257783262015923	2.0872030606218555e-20	13.963906009735567	7.990936224025548	24.401480074696394	HPVVT-FJ-M01|Antibody abundance|within_trajectory	9.740280949568659e-20	yes	3.80363064622432	6.14480432354836e-08	3.4410904211870817e-07	8.43769498715119e-15	yes
HPVVT-FJ-M03	Heterologous 2vHPV recall	within_trajectory	dose1_v2_minus_v1	1	HPV18	vaccine_target_2vHPV_and_4vHPV	IgA1	antibody_isotype_or_subclass	Antibody abundance	none	mixedlm_lbfgs	2.3867239275244465	0.4108576036587894	1.5814578215787873	3.1919900334701055	5.8091268270809024	6.279950429056865e-09	5.229684551926206	2.992721069382607	9.13870684189682	HPVVT-FJ-M03|Antibody abundance|within_trajectory	2.7763991370567194e-08	yes	2.3867239275244474	6.13807429014116e-05	0.0002577991201859	-8.881784197001252e-16	yes
HPVVT-FJ-M03	Heterologous 2vHPV recall	within_trajectory	dose2_v2_minus_v1	2	HPV18	vaccine_target_2vHPV_and_4vHPV	IgA1	antibody_isotype_or_subclass	Antibody abundance	none	mixedlm_lbfgs	1.8801186087905943	0.40095596538207223	1.0942593572552441	2.6659778603259445	4.6890900026865125	2.74422677336693e-06	3.6810532217720944	2.135034462598885	6.34657334993305	HPVVT-FJ-M03|Antibody abundance|within_trajectory	8.537594406030449e-06	yes	1.8801186087905932	1.5781300590397706e-05	7.797819115255337e-05	1.1102230246251565e-15	yes
HPVVT-FJ-M03	Heterologous 2vHPV recall	within_trajectory	dose3_v2_minus_v1	3	HPV18	vaccine_target_2vHPV_and_4vHPV	IgA1	antibody_isotype_or_subclass	Antibody abundance	none	mixedlm_lbfgs	1.6779006065487536	0.4215310071435002	0.8517150141805969	2.5040861989169105	3.980491537073457	6.877291332762884e-05	3.1996200701828634	1.8046449353549618	5.672899080008406	HPVVT-FJ-M03|Antibody abundance|within_trajectory	0.0001863524103071233	yes	1.6779006065487532	0.0012289518322357	0.0031089067534575	4.440892098500626e-16	yes
HPVVT-FJ-M01	Primary 2vHPV induction	within_trajectory	dose0_v2_minus_v1	0	HPV18	vaccine_target_2vHPV_and_4vHPV	IgA2	antibody_isotype_or_subclass	Antibody abundance	high	mixedlm_powell	5.806649541396872	0.8899184925927813	4.062441346738846	7.5508577360548985	6.524922888700935	6.80365276991003e-11	55.972626465944494	16.707701247712443	187.51442026922166	HPVVT-FJ-M01|Antibody abundance|within_trajectory	2.721461107964012e-10	yes	5.806649541396817	3.7847907842184483e-07	1.5139163136873791e-06	5.5067062021407764e-14	yes
HPVVT-FJ-M03	Heterologous 2vHPV recall	within_trajectory	dose1_v2_minus_v1	1	HPV18	vaccine_target_2vHPV_and_4vHPV	IgA2	antibody_isotype_or_subclass	Antibody abundance	high	mixedlm_powell	4.752425889451455	0.8899184925927768	3.008217694793438	6.4966340841094725	5.340293441487283	9.279625433540967e-08	26.953970262918844	8.045698603523212	90.29874827975432	HPVVT-FJ-M03|Antibody abundance|within_trajectory	3.3890805931193096e-07	yes	4.752425889451458	0.0001207871728586	0.0004611873872784	-2.6645352591003757e-15	yes
HPVVT-FJ-M03	Heterologous 2vHPV recall	within_trajectory	dose2_v2_minus_v1	2	HPV18	vaccine_target_2vHPV_and_4vHPV	IgA2	antibody_isotype_or_subclass	Antibody abundance	high	mixedlm_powell	3.4047834197197795	0.8684715218395394	1.7026105153155913	5.106956324123968	3.9204318553911714	8.839042839580434e-05	10.591121203403619	3.2548938972645574	34.462520710569386	HPVVT-FJ-M03|Antibody abundance|within_trajectory	0.0002249938177347747	yes	3.404783419719778	0.0012583670192566	0.0031089067534575	1.3322676295501878e-15	yes
HPVVT-FJ-M03	Heterologous 2vHPV recall	within_trajectory	dose3_v2_minus_v1	3	HPV18	vaccine_target_2vHPV_and_4vHPV	IgA2	antibody_isotype_or_subclass	Antibody abundance	high	mixedlm_powell	3.5007515923380725	0.9130371085204414	1.7112317430894184	5.290271441586727	3.8341832546225545	0.0001259821957275709	11.31960407062175	3.274402658195197	39.13185081100007	HPVVT-FJ-M03|Antibody abundance|within_trajectory	0.00029363331074332545	yes	3.500751592338076	0.0021379389475095	0.0046047915792512	-3.552713678800501e-15	yes
HPVVT-FJ-M01	Primary 2vHPV induction	within_trajectory	dose0_v2_minus_v1	0	HPV18	vaccine_target_2vHPV_and_4vHPV	IgG	antibody_isotype_or_subclass	Antibody abundance	none	mixedlm_powell	3.750673700139008	0.3625689802884219	3.0400515568622883	4.461295843415728	10.344717568379306	4.42218269607393e-25	13.460626930724496	8.22520454796719	22.028446382275717	HPVVT-FJ-M01|Antibody abundance|within_trajectory	2.476422309801401e-24	yes	3.750673700138944	1.4376758314072433e-08	1.0063730819850702e-07	6.394884621840902e-14	yes
HPVVT-FJ-M03	Heterologous 2vHPV recall	within_trajectory	dose1_v2_minus_v1	1	HPV18	vaccine_target_2vHPV_and_4vHPV	IgG	antibody_isotype_or_subclass	Antibody abundance	none	mixedlm_powell	2.5462375407868763	0.3625689802884195	1.8356153975101612	3.256859684063591	7.022767195255847	2.175164848861097e-12	5.84108970311115	3.5692362501668717	9.558999889176844	HPVVT-FJ-M03|Antibody abundance|within_trajectory	1.522615394202768e-11	yes	2.546237540786886	1.7866222267862215e-05	7.934694022552898e-05	-9.769962616701378e-15	yes
HPVVT-FJ-M03	Heterologous 2vHPV recall	within_trajectory	dose2_v2_minus_v1	2	HPV18	vaccine_target_2vHPV_and_4vHPV	IgG	antibody_isotype_or_subclass	Antibody abundance	none	mixedlm_powell	1.1678656504228941	0.35383109431234394	0.47436944896030486	1.8613618518854835	3.3006303549793796	0.0009646788822420329	2.2467905661274203	1.3893108684223932	3.6335049000022694	HPVVT-FJ-M03|Antibody abundance|within_trajectory	0.0019293577644840655	yes	1.1678656504228988	0.0009940829029446	0.0026936439950757	-4.6629367034256575e-15	yes
HPVVT-FJ-M03	Heterologous 2vHPV recall	within_trajectory	dose3_v2_minus_v1	3	HPV18	vaccine_target_2vHPV_and_4vHPV	IgG	antibody_isotype_or_subclass	Antibody abundance	none	mixedlm_powell	1.3607197046128787	0.3719879249135074	0.6316367690986143	2.089802640127143	3.6579674056066898	0.000254223366735781	2.568132617401955	1.5493217362405547	4.2568983486718475	HPVVT-FJ-M03|Antibody abundance|within_trajectory	0.0005208478733123318	yes	1.3607197046128814	0.0004586163846572	0.0013758491539716	-2.6645352591003757e-15	yes
HPVVT-FJ-M01	Primary 2vHPV induction	within_trajectory	dose0_v2_minus_v1	0	HPV18	vaccine_target_2vHPV_and_4vHPV	IgG1	antibody_isotype_or_subclass	IgG subclass architecture	none	mixedlm_lbfgs	3.7676499686591556	0.31133183069818393	3.1574507932497937	4.377849144068517	12.101717836592329	1.0342397591398326e-33	13.61995440564846	8.922517298207413	20.790450924562688	HPVVT-FJ-M01|IgG subclass architecture|within_trajectory	1.4479356627957656e-32	yes	3.767649968659086	3.547410184876609e-10	4.966374258827252e-09	6.972200594645983e-14	yes
HPVVT-FJ-M03	Heterologous 2vHPV recall	within_trajectory	dose1_v2_minus_v1	1	HPV18	vaccine_target_2vHPV_and_4vHPV	IgG1	antibody_isotype_or_subclass	IgG subclass architecture	none	mixedlm_lbfgs	2.638168749138554	0.31133183069818154	2.0279695737291967	3.2483679245479116	8.473816323959847	2.3748177854652748e-17	6.225409543497312	4.078304720113036	9.502900504990524	HPVVT-FJ-M03|IgG subclass architecture|within_trajectory	1.8134972179916646e-16	yes	2.638168749138557	1.4657265272362243e-05	4.245552699580788e-05	-2.6645352591003757e-15	yes
HPVVT-FJ-M03	Heterologous 2vHPV recall	within_trajectory	dose2_v2_minus_v1	2	HPV18	vaccine_target_2vHPV_and_4vHPV	IgG1	antibody_isotype_or_subclass	IgG subclass architecture	none	mixedlm_lbfgs	1.3879506354933357	0.30382875628955575	0.792457215698209	1.9834440552884625	4.568200365374853	4.9192966858276065e-06	2.617066593554194	1.7320219526075546	3.9543595534607077	HPVVT-FJ-M03|IgG subclass architecture|within_trajectory	1.0595408246397922e-05	yes	1.3879506354933322	6.14452226198851e-07	2.8674437222613044e-06	3.552713678800501e-15	yes
HPVVT-FJ-M03	Heterologous 2vHPV recall	within_trajectory	dose3_v2_minus_v1	3	HPV18	vaccine_target_2vHPV_and_4vHPV	IgG1	antibody_isotype_or_subclass	IgG subclass architecture	none	mixedlm_lbfgs	1.711023033419095	0.3194197186113745	1.0849718889888824	2.3370741778493076	5.356660637162572	8.477413159983402e-08	3.2739289960214175	2.121334147993396	5.052768834711266	HPVVT-FJ-M03|IgG subclass architecture|within_trajectory	2.455526570477951e-07	yes	1.7110230334190963	1.8730265711794088e-06	6.84061878169871e-06	-1.3322676295501878e-15	yes
HPVVT-FJ-M01	Primary 2vHPV induction	within_trajectory	dose0_v2_minus_v1	0	HPV18	vaccine_target_2vHPV_and_4vHPV	IgG2	antibody_isotype_or_subclass	IgG subclass architecture	low	mixedlm_powell	0.6552732689055465	0.5934977686365871	-0.5079609825270499	1.818507520338143	1.1040871651647035	0.26955532830686413	1.5749142381679513	0.7032156180612577	3.5271612203699276	HPVVT-FJ-M01|IgG subclass architecture|within_trajectory	0.5735209319711767	no	0.6552732689055487	0.2278000149038849	0.5315333681090648	-2.220446049250313e-15	yes
HPVVT-FJ-M03	Heterologous 2vHPV recall	within_trajectory	dose1_v2_minus_v1	1	HPV18	vaccine_target_2vHPV_and_4vHPV	IgG2	antibody_isotype_or_subclass	IgG subclass architecture	low	mixedlm_powell	2.8799955427788255	0.5934977686365918	1.71676129134622	4.043229794211431	4.852580236981974	1.2186545332519144e-06	7.361478461600409	3.2869768402378767	16.48668906857431	HPVVT-FJ-M03|IgG subclass architecture|within_trajectory	2.8435272442544666e-06	yes	2.879995542778825	0.0002065973788433	0.0004820605506343	4.440892098500626e-16	yes
HPVVT-FJ-M03	Heterologous 2vHPV recall	within_trajectory	dose2_v2_minus_v1	2	HPV18	vaccine_target_2vHPV_and_4vHPV	IgG2	antibody_isotype_or_subclass	IgG subclass architecture	low	mixedlm_powell	2.5349779172078435	0.5791945157072416	1.3997775263785315	3.6701783080371557	4.376729835075248	1.204731476314733e-05	5.795679905240932	2.638608898305404	12.730157010228385	HPVVT-FJ-M03|IgG subclass architecture|within_trajectory	2.4682303417179892e-05	yes	2.534977917207841	4.358683024445239e-05	0.0001144154293916	2.6645352591003757e-15	yes
HPVVT-FJ-M03	Heterologous 2vHPV recall	within_trajectory	dose3_v2_minus_v1	3	HPV18	vaccine_target_2vHPV_and_4vHPV	IgG2	antibody_isotype_or_subclass	IgG subclass architecture	low	mixedlm_powell	1.478757394504339	0.6089158626319865	0.28530423413050654	2.6722105548781716	2.428508576065891	0.015161066543903572	2.787085757958878	1.2186672279427175	6.374050966587849	HPVVT-FJ-M03|IgG subclass architecture|within_trajectory	0.019898899838873437	yes	1.4787573945043366	0.0741882841192736	0.0903161719712897	2.4424906541753444e-15	yes
HPVVT-FJ-M01	Primary 2vHPV induction	within_trajectory	dose0_v2_minus_v1	0	HPV18	vaccine_target_2vHPV_and_4vHPV	IgG3	antibody_isotype_or_subclass	IgG subclass architecture	none	mixedlm_powell	3.758988151268617	0.5379220739516555	2.704680259834281	4.813296042702953	6.987978990440998	2.7887413644998174e-12	13.538426355206516	6.519133683099914	28.11554373405557	HPVVT-FJ-M01|IgG subclass architecture|within_trajectory	1.9521189551498723e-11	yes	3.758988151268616	3.787666016131335e-05	0.0002651366211291	1.3322676295501878e-15	yes
HPVVT-FJ-M03	Heterologous 2vHPV recall	within_trajectory	dose1_v2_minus_v1	1	HPV18	vaccine_target_2vHPV_and_4vHPV	IgG3	antibody_isotype_or_subclass	IgG subclass architecture	none	mixedlm_powell	3.9800401241197276	0.537922073951655	2.9257322326853923	5.0343480155540625	7.398915785109477	1.3730088747837288e-13	15.78016214240518	7.598592616915892	32.77100507878877	HPVVT-FJ-M03|IgG subclass architecture|within_trajectory	7.208296592614576e-13	yes	3.9800401241197223	8.279127574075699e-07	3.6602458748545193e-06	5.329070518200751e-15	yes
HPVVT-FJ-M03	Heterologous 2vHPV recall	within_trajectory	dose2_v2_minus_v1	2	HPV18	vaccine_target_2vHPV_and_4vHPV	IgG3	antibody_isotype_or_subclass	IgG subclass architecture	none	mixedlm_powell	3.5593891441554457	0.5249581912100466	2.530489995994463	4.588288292316428	6.780328802853675	1.1990268285623221e-11	11.789160997307073	5.777678775903992	24.055390133502264	HPVVT-FJ-M03|IgG subclass architecture|within_trajectory	5.300960715749214e-11	yes	3.559389144155444	1.540403545735139e-08	1.4377099760194633e-07	1.7763568394002505e-15	yes
HPVVT-FJ-M03	Heterologous 2vHPV recall	within_trajectory	dose3_v2_minus_v1	3	HPV18	vaccine_target_2vHPV_and_4vHPV	IgG3	antibody_isotype_or_subclass	IgG subclass architecture	none	mixedlm_powell	2.2536630854375184	0.5518964029831476	1.171966012393345	3.3353601584816914	4.083489352813077	4.4364462871978326e-05	4.768921666417836	2.253185374896031	10.093538735790384	HPVVT-FJ-M03|IgG subclass architecture|within_trajectory	8.10133669836126e-05	yes	2.253663085437517	0.0004023047225512	0.0008242340657147	1.3322676295501878e-15	yes
HPVVT-FJ-M01	Primary 2vHPV induction	within_trajectory	dose0_v2_minus_v1	0	HPV18	vaccine_target_2vHPV_and_4vHPV	IgG4	antibody_isotype_or_subclass	IgG subclass architecture	high	mixedlm_powell	-0.24620053578366763	0.6467439773984647	-1.5137954387028452	1.02139436713551	-0.3806769670651008	0.7034429619154197	0.8431139085859501	0.35018873034225706	2.0298798940683707	HPVVT-FJ-M01|IgG subclass architecture|within_trajectory	0.894369027124296	no	-0.2462005357836608	0.6270372310194168	0.7980473849338032	-6.827871601444713e-15	yes
HPVVT-FJ-M03	Heterologous 2vHPV recall	within_trajectory	dose1_v2_minus_v1	1	HPV18	vaccine_target_2vHPV_and_4vHPV	IgG4	antibody_isotype_or_subclass	IgG subclass architecture	high	mixedlm_powell	2.012406578761567	0.6467439773984681	0.7448116758423828	3.2800014816807512	3.111596936482479	0.0018607837058608214	4.034546670972342	1.6757555080356579	9.71356905121248	HPVVT-FJ-M03|IgG subclass architecture|within_trajectory	0.0027485165341082874	yes	2.0124065787615644	0.007099382138689	0.0108426927209069	2.6645352591003757e-15	yes
HPVVT-FJ-M03	Heterologous 2vHPV recall	within_trajectory	dose2_v2_minus_v1	2	HPV18	vaccine_target_2vHPV_and_4vHPV	IgG4	antibody_isotype_or_subclass	IgG subclass architecture	high	mixedlm_powell	1.8101030181419646	0.6311574947221896	0.5730570599139437	3.0471489763699857	2.8679102019357305	0.0041319278931481	3.5066732764123776	1.4876726000886766	8.265768601755346	HPVVT-FJ-M03|IgG subclass architecture|within_trajectory	0.00578469905040734	yes	1.8101030181419635	0.0126243964990341	0.0179737170494724	1.1102230246251565e-15	yes
HPVVT-FJ-M03	Heterologous 2vHPV recall	within_trajectory	dose3_v2_minus_v1	3	HPV18	vaccine_target_2vHPV_and_4vHPV	IgG4	antibody_isotype_or_subclass	IgG subclass architecture	high	mixedlm_powell	1.9345140694584289	0.6635453201522785	0.6339891398498632	3.2350389990669948	2.9154211637186633	0.0035520883624513343	3.8224935559492152	1.551850026671536	9.415508415212301	HPVVT-FJ-M03|IgG subclass architecture|within_trajectory	0.005057210549930713	yes	1.9345140694584284	0.027477089494661	0.0366361193262146	4.440892098500626e-16	yes
HPVVT-FJ-M01	Primary 2vHPV induction	within_trajectory	dose0_v2_minus_v1	0	HPV18	vaccine_target_2vHPV_and_4vHPV	IgM	antibody_isotype_or_subclass	Antibody abundance	none	mixedlm_lbfgs	1.2226119047871447	0.212291340675188	0.8065285228340531	1.6386952867402362	5.7591228210187655	8.455216551083864e-09	2.3336883404521047	1.7489978585381925	3.113841016886055	HPVVT-FJ-M01|Antibody abundance|within_trajectory	2.9593257928793522e-08	yes	1.2226119047871562	0.0001700362062065	0.0004761013773782	-1.1546319456101628e-14	yes
HPVVT-FJ-M03	Heterologous 2vHPV recall	within_trajectory	dose1_v2_minus_v1	1	HPV18	vaccine_target_2vHPV_and_4vHPV	IgM	antibody_isotype_or_subclass	Antibody abundance	none	mixedlm_lbfgs	0.8213861852978142	0.21229134067518912	0.4053028033447204	1.237469567250908	3.8691459702756075	0.0001092172433428549	1.7671030635500533	1.3243668489883125	2.357846120652588	HPVVT-FJ-M03|Antibody abundance|within_trajectory	0.0002658042594715552	yes	0.8213861852978122	9.282584403079524e-05	0.0003713033761231	1.9984014443252818e-15	yes
HPVVT-FJ-M03	Heterologous 2vHPV recall	within_trajectory	dose2_v2_minus_v1	2	HPV18	vaccine_target_2vHPV_and_4vHPV	IgM	antibody_isotype_or_subclass	Antibody abundance	none	mixedlm_lbfgs	0.6485369508997584	0.207175134851259	0.2424811480990618	1.054592753700455	3.1303802522700144	0.001745801598703528	1.5675776958156697	1.1830254810859753	2.0771317876966187	HPVVT-FJ-M03|Antibody abundance|within_trajectory	0.003410403123048752	yes	0.6485369508997606	0.0018396959321363	0.0040666962710381	-2.220446049250313e-15	yes
HPVVT-FJ-M03	Heterologous 2vHPV recall	within_trajectory	dose3_v2_minus_v1	3	HPV18	vaccine_target_2vHPV_and_4vHPV	IgM	antibody_isotype_or_subclass	Antibody abundance	none	mixedlm_lbfgs	0.8252219123193684	0.21780631986787863	0.39832936977311545	1.2521144548656213	3.788787730401708	0.00015138419153431815	1.7718075529597062	1.3179808146886354	2.3819026572603805	HPVVT-FJ-M03|Antibody abundance|within_trajectory	0.00033164161629136807	yes	0.8252219123193689	0.0041981987600413	0.0078366376854105	-5.551115123125783e-16	yes
HPVVT-FJ-M01	Primary 2vHPV induction	within_trajectory	dose0_v2_minus_v1	0	HPV18	vaccine_target_2vHPV_and_4vHPV	nAb	neutralizing_antibody	Neutralization	high	mixedlm_powell	3.9000000000000212	0.40921856396493705	3.097946352823544	4.702053647176498	9.530359429965117	1.5673960033209288e-21	14.928527864589139	8.56199120051905	26.02910222452739	HPVVT-FJ-M01|Neutralization|within_trajectory	1.5673960033209288e-21	yes	3.900000000000001	3.491551032547018e-07	3.491551032547018e-07	2.042810365310288e-14	yes
HPVVT-FJ-M03	Heterologous 2vHPV recall	within_trajectory	dose1_v2_minus_v1	1	HPV18	vaccine_target_2vHPV_and_4vHPV	nAb	neutralizing_antibody	Neutralization	high	mixedlm_powell	6.100000000000001	0.4092185639649373	5.297946352823524	6.902053647176479	14.906459621227405	2.992019485775422e-50	68.59350160232283	39.34058083014073	119.5983476294555	HPVVT-FJ-M03|Neutralization|within_trajectory	1.7952116914652532e-49	yes	6.1	8.223892517681261e-11	1.644778503536252e-10	1.7763568394002505e-15	yes
HPVVT-FJ-M03	Heterologous 2vHPV recall	within_trajectory	dose2_v2_minus_v1	2	HPV18	vaccine_target_2vHPV_and_4vHPV	nAb	neutralizing_antibody	Neutralization	high	mixedlm_powell	5.238095238095234	0.39935642642527636	4.455371025307072	6.020819450883395	13.116341422078841	2.6544347179883633e-39	37.74190236471554	21.938166105313087	64.93027663614693	HPVVT-FJ-M03|Neutralization|within_trajectory	7.96330415396509e-39	yes	5.238095238095238	9.966637870324866e-12	2.9899913610974596e-11	-4.440892098500626e-15	yes
HPVVT-FJ-M03	Heterologous 2vHPV recall	within_trajectory	dose3_v2_minus_v1	3	HPV18	vaccine_target_2vHPV_and_4vHPV	nAb	neutralizing_antibody	Neutralization	high	mixedlm_powell	5.157894736842103	0.41984938789939963	4.335005057628092	5.980784416056113	12.285107196769307	1.089005755925043e-34	35.70105336836933	20.182109293206054	63.15322115712726	HPVVT-FJ-M03|Neutralization|within_trajectory	2.178011511850086e-34	yes	5.157894736842105	8.856986380163944e-14	5.314191828098368e-13	-2.6645352591003757e-15	yes
HPVVT-FJ-M01	Primary 2vHPV induction	within_trajectory	dose0_v2_minus_v1	0	HPV31	cross_reactive_non_booster_target	FcgR2A	fc_gamma_receptor_binding	Fc-receptor engagement	low	mixedlm_powell	-1.0157618476208323	1.041446892178154	-3.0569602481011833	1.0254365528595184	-0.9753371537711327	0.3293930465522743	0.4945670919421337	0.12016092690713838	2.035575246695007	HPVVT-FJ-M01|Fc-receptor engagement|within_trajectory	0.4506622249290677	no	-1.0157618476208328	0.5218117807075271	0.629138412349363	4.440892098500626e-16	yes
HPVVT-FJ-M03	Heterologous 2vHPV recall	within_trajectory	dose1_v2_minus_v1	1	HPV31	cross_reactive_non_booster_target	FcgR2A	fc_gamma_receptor_binding	Fc-receptor engagement	low	mixedlm_powell	3.735969223046891	1.041446892178147	1.694770822566554	5.7771676235272285	3.587287312589941	0.0003341360836582184	13.324128087988354	3.2372545755014803	54.84041652103275	HPVVT-FJ-M03|Fc-receptor engagement|within_trajectory	0.0005397582889863527	yes	3.73596922304689	0.0032091373348227	0.0047017593510193	8.881784197001252e-16	yes
HPVVT-FJ-M03	Heterologous 2vHPV recall	within_trajectory	dose2_v2_minus_v1	2	HPV31	cross_reactive_non_booster_target	FcgR2A	fc_gamma_receptor_binding	Fc-receptor engagement	low	mixedlm_powell	2.330053899987351	1.0163480980486768	0.33804823205616086	4.322059567918541	2.292574664586774	0.02187250438328259	5.028241352814	1.2640453572017534	20.001822686267207	HPVVT-FJ-M03|Fc-receptor engagement|within_trajectory	0.027559355522936063	yes	2.330053899987353	0.0020502055729642	0.0032290737774187	-2.220446049250313e-15	yes
HPVVT-FJ-M03	Heterologous 2vHPV recall	within_trajectory	dose3_v2_minus_v1	3	HPV31	cross_reactive_non_booster_target	FcgR2A	fc_gamma_receptor_binding	Fc-receptor engagement	low	mixedlm_powell	2.343158703535246	1.0685019662211401	0.24893333233157788	4.4373840747389135	2.1929381298399027	0.028311837045731703	5.074123745119172	1.1883281905406722	21.66634771920021	HPVVT-FJ-M03|Fc-receptor engagement|within_trajectory	0.034973445762374454	yes	2.343158703535253	0.0124620013571214	0.0159308795213074	-7.105427357601002e-15	yes
HPVVT-FJ-M01	Primary 2vHPV induction	within_trajectory	dose0_v2_minus_v1	0	HPV31	cross_reactive_non_booster_target	FcgR2B	fc_gamma_receptor_binding	Fc-receptor engagement	moderate	mixedlm_powell	2.3336024071487675	0.7077415419134527	0.946454474635555	3.72075033966198	3.2972522721213045	0.0009763576220353552	5.040624227431698	1.9271307729498017	13.184311598781795	HPVVT-FJ-M01|Fc-receptor engagement|within_trajectory	0.004100702012548492	yes	2.3336024071487924	0.0036288554951903	0.0144529596490535	-2.4868995751603507e-14	yes
HPVVT-FJ-M03	Heterologous 2vHPV recall	within_trajectory	dose1_v2_minus_v1	1	HPV31	cross_reactive_non_booster_target	FcgR2B	fc_gamma_receptor_binding	Fc-receptor engagement	moderate	mixedlm_powell	5.080293889823286	0.707741541913458	3.6931459573100636	6.467441822336509	7.178176762223321	7.064718533832613e-13	33.831468367342154	12.93444241091583	88.4899569327033	HPVVT-FJ-M03|Fc-receptor engagement|within_trajectory	4.046156978467769e-12	yes	5.080293889823286	7.933873931909126e-06	2.517322797282496e-05	0.0	yes
HPVVT-FJ-M03	Heterologous 2vHPV recall	within_trajectory	dose2_v2_minus_v1	2	HPV31	cross_reactive_non_booster_target	FcgR2B	fc_gamma_receptor_binding	Fc-receptor engagement	moderate	mixedlm_powell	3.3449162085835757	0.690685022382051	1.9911984400535148	4.698633977113637	4.842896689792909	1.2795982822144595e-06	10.16061771668998	3.975671181953264	25.967477605628588	HPVVT-FJ-M03|Fc-receptor engagement|within_trajectory	3.111703212209683e-06	yes	3.344916208583576	0.0001974461257775	0.0004486440086586	-4.440892098500626e-16	yes
HPVVT-FJ-M03	Heterologous 2vHPV recall	within_trajectory	dose3_v2_minus_v1	3	HPV31	cross_reactive_non_booster_target	FcgR2B	fc_gamma_receptor_binding	Fc-receptor engagement	moderate	mixedlm_powell	2.7137680232993717	0.7261275008745756	1.290584273401127	4.136951773197616	3.7373161325398176	0.00018599501044085824	6.5603283433522	2.4462710639051086	17.593270266577317	HPVVT-FJ-M03|Fc-receptor engagement|within_trajectory	0.00031669420696686673	yes	2.713768023299369	0.0002172892718179	0.0004720422111906	2.6645352591003757e-15	yes
HPVVT-FJ-M01	Primary 2vHPV induction	within_trajectory	dose0_v2_minus_v1	0	HPV31	cross_reactive_non_booster_target	FcgR3A	fc_gamma_receptor_binding	Fc-receptor engagement	moderate	mixedlm_powell	2.016036329411983	0.6702726009377462	0.7023261717500127	3.3297464870739537	3.0077856779337893	0.0026315865544592103	4.044710174515822	1.6271262235618396	10.054340074502557	HPVVT-FJ-M01|Fc-receptor engagement|within_trajectory	0.009210552940607237	yes	2.0160363294119827	0.0041294170425867	0.0144529596490535	4.440892098500626e-16	yes
HPVVT-FJ-M03	Heterologous 2vHPV recall	within_trajectory	dose1_v2_minus_v1	1	HPV31	cross_reactive_non_booster_target	FcgR3A	fc_gamma_receptor_binding	Fc-receptor engagement	moderate	mixedlm_powell	5.399575353412481	0.6702726009377457	4.085865195750511	6.713285511074451	8.05579005595365	7.896707184281428e-16	42.211826577841286	16.98118456101051	104.93015352585715	HPVVT-FJ-M03|Fc-receptor engagement|within_trajectory	6.218656907621624e-15	yes	5.399575353412487	1.2299435709269786e-06	7.748644496839965e-06	-6.217248937900877e-15	yes
HPVVT-FJ-M03	Heterologous 2vHPV recall	within_trajectory	dose2_v2_minus_v1	2	HPV31	cross_reactive_non_booster_target	FcgR3A	fc_gamma_receptor_binding	Fc-receptor engagement	moderate	mixedlm_powell	4.110380332860126	0.654119080150549	2.8283304941645815	5.392430171555671	6.2838410582888065	3.303084131458285e-10	17.27220459735344	7.10251756433156	42.003282491130875	HPVVT-FJ-M03|Fc-receptor engagement|within_trajectory	1.3005893767616997e-09	yes	4.110380332860128	7.795657602677675e-06	2.517322797282496e-05	-1.7763568394002505e-15	yes
HPVVT-FJ-M03	Heterologous 2vHPV recall	within_trajectory	dose3_v2_minus_v1	3	HPV31	cross_reactive_non_booster_target	FcgR3A	fc_gamma_receptor_binding	Fc-receptor engagement	moderate	mixedlm_powell	3.5751116012414244	0.6876851785579383	2.2272734185658694	4.922949783916979	5.198762039249355	2.0062015778784323e-07	11.918341625580936	4.682481902542094	30.33580696317027	HPVVT-FJ-M03|Fc-receptor engagement|within_trajectory	5.495247800275706e-07	yes	3.575111601241427	3.3441510460559646e-05	8.103135226981761e-05	-2.6645352591003757e-15	yes
HPVVT-FJ-M01	Primary 2vHPV induction	within_trajectory	dose0_v2_minus_v1	0	HPV31	cross_reactive_non_booster_target	IgA1	antibody_isotype_or_subclass	Antibody abundance	low	mixedlm_lbfgs	2.4189533227668045	0.5580101734727551	1.3252734797532568	3.5126331657803522	4.334962761901886	1.4578479883708637e-05	5.347828954133571	2.505803836714812	11.413213637729886	HPVVT-FJ-M01|Antibody abundance|within_trajectory	3.71088578858038e-05	yes	2.418953322766768	0.0010978395596517	0.0025616256391874	3.6415315207705135e-14	yes
HPVVT-FJ-M03	Heterologous 2vHPV recall	within_trajectory	dose1_v2_minus_v1	1	HPV31	cross_reactive_non_booster_target	IgA1	antibody_isotype_or_subclass	Antibody abundance	low	mixedlm_lbfgs	3.516461821768436	0.5580101734727525	2.422781978754893	4.610141664781979	6.301788012006817	2.942314163929604e-10	11.44354250225896	5.362039989256808	24.4225453863424	HPVVT-FJ-M03|Antibody abundance|within_trajectory	1.544714936063042e-09	yes	3.516461821768438	2.04932048451208e-06	1.324176313069344e-05	-1.7763568394002505e-15	yes
HPVVT-FJ-M03	Heterologous 2vHPV recall	within_trajectory	dose2_v2_minus_v1	2	HPV31	cross_reactive_non_booster_target	IgA1	antibody_isotype_or_subclass	Antibody abundance	low	mixedlm_lbfgs	3.2295791434204992	0.5445621689980827	2.162256904841243	4.2969013819997555	5.9305976934873526	3.0183393180558543e-09	9.379942919487394	4.476145413221959	19.656048016883066	HPVVT-FJ-M03|Antibody abundance|within_trajectory	1.491414721862893e-08	yes	3.229579143420501	1.794752219386965e-05	7.934694022552898e-05	-1.7763568394002505e-15	yes
HPVVT-FJ-M03	Heterologous 2vHPV recall	within_trajectory	dose3_v2_minus_v1	3	HPV31	cross_reactive_non_booster_target	IgA1	antibody_isotype_or_subclass	Antibody abundance	low	mixedlm_lbfgs	3.381308922398688	0.5725063582263256	2.2592170793549036	4.503400765442472	5.90615086420049	3.5019330378302693e-09	10.42018453814203	4.787316136342329	22.680817960748502	HPVVT-FJ-M03|Antibody abundance|within_trajectory	1.6342354176541256e-08	yes	3.381308922398691	8.18601068770339e-06	4.29765561104428e-05	-3.1086244689504383e-15	yes
HPVVT-FJ-M01	Primary 2vHPV induction	within_trajectory	dose0_v2_minus_v1	0	HPV31	cross_reactive_non_booster_target	IgA2	antibody_isotype_or_subclass	Antibody abundance	high	mixedlm_powell	3.464110451171125	1.042824619638267	1.4202117544884412	5.508009147853809	3.3218533451701107	0.0008942168045082752	11.035732225992577	2.676247892453957	45.50676568759085	HPVVT-FJ-M01|Antibody abundance|within_trajectory	0.0017884336090165504	yes	3.4641104511711225	0.0053256096665855	0.0093198169165247	2.6645352591003757e-15	yes
HPVVT-FJ-M03	Heterologous 2vHPV recall	within_trajectory	dose1_v2_minus_v1	1	HPV31	cross_reactive_non_booster_target	IgA2	antibody_isotype_or_subclass	Antibody abundance	high	mixedlm_powell	4.103218683831434	1.0428246196382656	2.059319987148753	6.147117380514116	3.9347159690713442	8.32951406893249e-05	17.186676506307204	4.16789804576431	70.87069935231226	HPVVT-FJ-M03|Antibody abundance|within_trajectory	0.00021864974430947786	yes	4.103218683831435	0.0005302546872546	0.0015359101285996	-8.881784197001252e-16	yes
HPVVT-FJ-M03	Heterologous 2vHPV recall	within_trajectory	dose2_v2_minus_v1	2	HPV31	cross_reactive_non_booster_target	IgA2	antibody_isotype_or_subclass	Antibody abundance	high	mixedlm_powell	4.901327733755285	1.01769262237751	2.906686846563244	6.895968620947326	4.816117977061597	1.463779996359214e-06	29.88454627074185	7.498940864219562	119.0949658063555	HPVVT-FJ-M03|Antibody abundance|within_trajectory	4.729135372852845e-06	yes	4.901327733755285	0.0003413101737285	0.0010618538738222	0.0	yes
HPVVT-FJ-M03	Heterologous 2vHPV recall	within_trajectory	dose3_v2_minus_v1	3	HPV31	cross_reactive_non_booster_target	IgA2	antibody_isotype_or_subclass	Antibody abundance	high	mixedlm_powell	4.571850710320104	1.0699154847702954	2.4748548936686117	6.6688465269715955	4.273095188730401	1.9277810986616646e-05	23.782866579166534	5.5591137153446715	101.7472877306247	HPVVT-FJ-M03|Antibody abundance|within_trajectory	5.397787076252661e-05	yes	4.571850710320103	0.000332282200939	0.0010618538738222	8.881784197001252e-16	yes
HPVVT-FJ-M01	Primary 2vHPV induction	within_trajectory	dose0_v2_minus_v1	0	HPV31	cross_reactive_non_booster_target	IgG	antibody_isotype_or_subclass	Antibody abundance	none	mixedlm_powell	2.032957307307011	0.47476681002056187	1.1024314586117399	2.9634831560022823	4.282012272970313	1.8521076409917104e-05	4.092428772684928	2.147162616504321	7.800048832242589	HPVVT-FJ-M01|Antibody abundance|within_trajectory	4.3215844956473244e-05	yes	2.032957307307018	0.0035836848643379	0.0066895450800974	-7.105427357601002e-15	yes
HPVVT-FJ-M03	Heterologous 2vHPV recall	within_trajectory	dose1_v2_minus_v1	1	HPV31	cross_reactive_non_booster_target	IgG	antibody_isotype_or_subclass	Antibody abundance	none	mixedlm_powell	5.041652973623405	0.4747668100205636	4.111127124928131	5.972178822318679	10.619219514112698	2.425808134119108e-26	32.93735895293989	17.28114764077803	62.777637072833116	HPVVT-FJ-M03|Antibody abundance|within_trajectory	6.792262775533503e-25	yes	5.041652973623409	2.291364146399657e-09	3.20790980495952e-08	-3.552713678800501e-15	yes
HPVVT-FJ-M03	Heterologous 2vHPV recall	within_trajectory	dose2_v2_minus_v1	2	HPV31	cross_reactive_non_booster_target	IgG	antibody_isotype_or_subclass	Antibody abundance	none	mixedlm_powell	3.081909270665939	0.4633249645326104	2.173809027043725	3.990009514288153	6.651722886926425	2.8968174058171613e-11	8.467342641390218	4.512131228805134	15.889584715312237	HPVVT-FJ-M03|Antibody abundance|within_trajectory	1.738090443490297e-10	yes	3.0819092706659355	2.8918133141503895e-07	2.2082938035330245e-06	3.552713678800501e-15	yes
HPVVT-FJ-M03	Heterologous 2vHPV recall	within_trajectory	dose3_v2_minus_v1	3	HPV31	cross_reactive_non_booster_target	IgG	antibody_isotype_or_subclass	Antibody abundance	none	mixedlm_powell	3.3060804489642086	0.48710046936962326	2.3513810721471913	4.260779825781226	6.787265988970907	1.1427840517179058e-11	9.89075360981393	5.103125323559334	19.17001852147632	HPVVT-FJ-M03|Antibody abundance|within_trajectory	7.384143103408007e-11	yes	3.306080448964209	3.303394604132341e-07	2.312376222892639e-06	-4.440892098500626e-16	yes
HPVVT-FJ-M01	Primary 2vHPV induction	within_trajectory	dose0_v2_minus_v1	0	HPV31	cross_reactive_non_booster_target	IgG1	antibody_isotype_or_subclass	IgG subclass architecture	none	mixedlm_powell	1.9731375636557502	0.4585077391053434	1.0744789083763897	2.8717962189351107	4.3033898784474305	1.6820447072816008e-05	3.926210609050814	2.1059612756501527	7.319759354010061	HPVVT-FJ-M01|IgG subclass architecture|within_trajectory	9.419450360776964e-05	yes	1.973137563655733	0.0025917426895021	0.0145137590612122	1.7319479184152442e-14	yes
HPVVT-FJ-M03	Heterologous 2vHPV recall	within_trajectory	dose1_v2_minus_v1	1	HPV31	cross_reactive_non_booster_target	IgG1	antibody_isotype_or_subclass	IgG subclass architecture	none	mixedlm_powell	4.676450545473427	0.45850773910534115	3.7777918901940715	5.575109200752784	10.199283777844856	1.997399958430319e-24	25.571245834497137	13.716037895022776	47.673287179059784	HPVVT-FJ-M03|IgG subclass architecture|within_trajectory	2.7963599418024464e-23	yes	4.676450545473426	9.96528115418729e-08	6.975696807931103e-07	8.881784197001252e-16	yes
HPVVT-FJ-M03	Heterologous 2vHPV recall	within_trajectory	dose2_v2_minus_v1	2	HPV31	cross_reactive_non_booster_target	IgG1	antibody_isotype_or_subclass	IgG subclass architecture	none	mixedlm_powell	2.7062367657947863	0.4474577360403694	1.829235718551832	3.5832378130377407	6.04802766344536	1.4662978391245688e-09	6.526170891859372	3.553487731949528	11.985663022504978	HPVVT-FJ-M03|IgG subclass architecture|within_trajectory	5.13204243693599e-09	yes	2.7062367657947872	4.622255118862356e-07	2.28393782343787e-06	-8.881784197001252e-16	yes
HPVVT-FJ-M03	Heterologous 2vHPV recall	within_trajectory	dose3_v2_minus_v1	3	HPV31	cross_reactive_non_booster_target	IgG1	antibody_isotype_or_subclass	IgG subclass architecture	none	mixedlm_powell	3.1840889399047896	0.47041901458558766	2.262084613674215	4.106093266135364	6.768622953538114	1.3001387381487491e-11	9.08879441105822	4.79684098034155	17.22095524638412	HPVVT-FJ-M03|IgG subclass architecture|within_trajectory	5.4605827002247464e-11	yes	3.184088939904793	8.335499655422733e-09	8.75227463819387e-08	-3.552713678800501e-15	yes
HPVVT-FJ-M01	Primary 2vHPV induction	within_trajectory	dose0_v2_minus_v1	0	HPV31	cross_reactive_non_booster_target	IgG2	antibody_isotype_or_subclass	IgG subclass architecture	high	mixedlm_powell	-0.23522945806085221	0.6615857129611137	-1.5319136281508892	1.0614547120291846	-0.3555540173442022	0.7221745849108884	0.8495498690086141	0.3458183602262018	2.0870348799886225	HPVVT-FJ-M01|IgG subclass architecture|within_trajectory	0.894369027124296	no	-0.2352294580608573	0.6754742693416995	0.8223165018072863	5.079270337660091e-15	yes
HPVVT-FJ-M03	Heterologous 2vHPV recall	within_trajectory	dose1_v2_minus_v1	1	HPV31	cross_reactive_non_booster_target	IgG2	antibody_isotype_or_subclass	IgG subclass architecture	high	mixedlm_powell	3.517412942966114	0.6615857129611159	2.2207287728760727	4.814097113056155	5.316639815607455	1.0570100870589263e-07	11.451089339342236	4.661288386467762	28.131159496218892	HPVVT-FJ-M03|IgG subclass architecture|within_trajectory	2.9596282437649935e-07	yes	3.517412942966112	0.0001248782829493	0.0003085228166983	1.7763568394002505e-15	yes
HPVVT-FJ-M03	Heterologous 2vHPV recall	within_trajectory	dose2_v2_minus_v1	2	HPV31	cross_reactive_non_booster_target	IgG2	antibody_isotype_or_subclass	IgG subclass architecture	high	mixedlm_powell	3.79420791018867	0.6456415455404603	2.528773734006591	5.059642086370749	5.876647710166444	4.186578460989737e-09	13.873000142988044	5.770809607877743	33.35062946880427	HPVVT-FJ-M03|IgG subclass architecture|within_trajectory	1.3525868873966842e-08	yes	3.794207910188667	1.151877279465985e-06	4.60750911786394e-06	2.6645352591003757e-15	yes
HPVVT-FJ-M03	Heterologous 2vHPV recall	within_trajectory	dose3_v2_minus_v1	3	HPV31	cross_reactive_non_booster_target	IgG2	antibody_isotype_or_subclass	IgG subclass architecture	high	mixedlm_powell	1.7857907959200872	0.6787726195469274	0.45542090791620127	3.1161606839239733	2.630911655087209	0.008515616917922164	3.4480741412807814	1.371182790764746	8.6707734109894	HPVVT-FJ-M03|IgG subclass architecture|within_trajectory	0.011537287437184867	yes	1.7857907959200865	0.0517599543001366	0.0668897870955611	6.661338147750939e-16	yes
HPVVT-FJ-M01	Primary 2vHPV induction	within_trajectory	dose0_v2_minus_v1	0	HPV31	cross_reactive_non_booster_target	IgG3	antibody_isotype_or_subclass	IgG subclass architecture	none	mixedlm_powell	1.6810237828465096	0.8448117887929895	0.025223103097391286	3.3368244625956276	1.9898204607777121	0.046610716680439826	3.206554177249187	1.0176370506694978	10.103788659099768	HPVVT-FJ-M01|IgG subclass architecture|within_trajectory	0.1631375083815394	no	1.6810237828465269	0.1100573765059483	0.3081606542166554	-1.7319479184152442e-14	yes
HPVVT-FJ-M03	Heterologous 2vHPV recall	within_trajectory	dose1_v2_minus_v1	1	HPV31	cross_reactive_non_booster_target	IgG3	antibody_isotype_or_subclass	IgG subclass architecture	none	mixedlm_powell	7.458074143004344	0.8448117887929931	5.802273463255219	9.11387482275347	8.828089572068956	1.0647877132269451e-18	175.83447413462414	55.80310382214843	554.0509429858712	HPVVT-FJ-M03|IgG subclass architecture|within_trajectory	8.944216791106338e-18	yes	7.458074143004342	2.2241007281376458e-07	1.387675826573715e-06	2.6645352591003757e-15	yes
HPVVT-FJ-M03	Heterologous 2vHPV recall	within_trajectory	dose2_v2_minus_v1	2	HPV31	cross_reactive_non_booster_target	IgG3	antibody_isotype_or_subclass	IgG subclass architecture	none	mixedlm_powell	5.821540565135868	0.8244518863108629	4.205644560980465	7.43743656929127	7.061104064162251	1.6518482528961834e-12	56.55334936777769	18.451223264376008	173.33708876033603	HPVVT-FJ-M03|IgG subclass architecture|within_trajectory	7.70862518018219e-12	yes	5.821540565135869	2.881307881821591e-07	1.6135324138200912e-06	-1.7763568394002505e-15	yes
HPVVT-FJ-M03	Heterologous 2vHPV recall	within_trajectory	dose3_v2_minus_v1	3	HPV31	cross_reactive_non_booster_target	IgG3	antibody_isotype_or_subclass	IgG subclass architecture	none	mixedlm_powell	4.785306082490976	0.8667586068879465	3.0864904297004903	6.484121735281462	5.520921332033124	3.372267433346775e-08	27.575326877515366	8.494272723623588	89.51898263015056	HPVVT-FJ-M03|IgG subclass architecture|within_trajectory	1.0491498681523301e-07	yes	4.785306082490975	2.015365649201265e-06	7.053779772204429e-06	8.881784197001252e-16	yes
HPVVT-FJ-M01	Primary 2vHPV induction	within_trajectory	dose0_v2_minus_v1	0	HPV31	cross_reactive_non_booster_target	IgG4	antibody_isotype_or_subclass	IgG subclass architecture	high	mixedlm_lbfgs	-0.007054615961730714	0.4137689862130284	-0.8180269268589165	0.8039176949354551	-0.0170496489509696	0.9863970073816262	0.9951220488712171	0.567217155671442	1.7458355803385772	HPVVT-FJ-M01|IgG subclass architecture|within_trajectory	0.9863970073816262	no	-0.0070546159617299	0.9493673769450394	0.9493673769450394	-8.144526719711109e-16	yes
HPVVT-FJ-M03	Heterologous 2vHPV recall	within_trajectory	dose1_v2_minus_v1	1	HPV31	cross_reactive_non_booster_target	IgG4	antibody_isotype_or_subclass	IgG subclass architecture	high	mixedlm_lbfgs	1.9893567999816304	0.4137689862130282	1.1783844890844448	2.800329110878816	4.807892486551454	1.525297541364488e-06	3.9705993657133005	2.2632320136865904	6.965993423414906	HPVVT-FJ-M03|IgG subclass architecture|within_trajectory	3.462837661476135e-06	yes	1.9893567999816308	0.0002608507329926	0.0005922016640913	-4.440892098500626e-16	yes
HPVVT-FJ-M03	Heterologous 2vHPV recall	within_trajectory	dose2_v2_minus_v1	2	HPV31	cross_reactive_non_booster_target	IgG4	antibody_isotype_or_subclass	IgG subclass architecture	high	mixedlm_lbfgs	1.7803082299175734	0.4037971838291349	0.9888802925537695	2.571736167281377	4.408916904856135	1.0388887346822959e-05	3.4349955496880566	1.984644066938471	5.945244602261751	HPVVT-FJ-M03|IgG subclass architecture|within_trajectory	2.1816663428328213e-05	yes	1.7803082299175732	0.004451880319598	0.0070558103178535	2.220446049250313e-16	yes
HPVVT-FJ-M03	Heterologous 2vHPV recall	within_trajectory	dose3_v2_minus_v1	3	HPV31	cross_reactive_non_booster_target	IgG4	antibody_isotype_or_subclass	IgG subclass architecture	high	mixedlm_lbfgs	1.951499555650317	0.4245180226187875	1.1194595205293334	2.7835395907713005	4.596976928357037	4.286650651850294e-06	3.8677634298026367	2.1726556266337114	6.885395810332301	HPVVT-FJ-M03|IgG subclass architecture|within_trajectory	9.475754072511176e-06	yes	1.951499555650317	0.0002817395607329	0.0006227927131992	0.0	yes
HPVVT-FJ-M01	Primary 2vHPV induction	within_trajectory	dose0_v2_minus_v1	0	HPV31	cross_reactive_non_booster_target	IgM	antibody_isotype_or_subclass	Antibody abundance	none	mixedlm_powell	1.5753647784969076	0.3478448814159434	0.8936013387150527	2.2571282182787624	4.528929021707033	5.928340785789522e-06	2.9801083370419916	1.857807907749307	4.78038965356024	HPVVT-FJ-M01|Antibody abundance|within_trajectory	1.659935420021066e-05	yes	1.5753647784969116	0.0001136849215963	0.0003536864227442	-3.9968028886505635e-15	yes
HPVVT-FJ-M03	Heterologous 2vHPV recall	within_trajectory	dose1_v2_minus_v1	1	HPV31	cross_reactive_non_booster_target	IgM	antibody_isotype_or_subclass	Antibody abundance	none	mixedlm_powell	1.7851589406181358	0.3478448814159449	1.103395500836278	2.4669223803999936	5.132054648472702	2.865962543329546e-07	3.4465643233096293	2.148597879755884	5.5286313677552315	HPVVT-FJ-M03|Antibody abundance|within_trajectory	1.0030868901653413e-06	yes	1.7851589406181383	0.0001520532553664	0.0005321863937824	-2.4424906541753444e-15	yes
HPVVT-FJ-M03	Heterologous 2vHPV recall	within_trajectory	dose2_v2_minus_v1	2	HPV31	cross_reactive_non_booster_target	IgM	antibody_isotype_or_subclass	Antibody abundance	none	mixedlm_powell	0.9385875945928602	0.3394618451485945	0.27325460397610213	1.6039205852096183	2.76492810018754	0.005693534371653396	1.916650909353685	1.2085311037577073	3.0396823854215014	HPVVT-FJ-M03|Antibody abundance|within_trajectory	0.009963685150393442	yes	0.938587594592861	0.0089264584362469	0.0159536703966967	-7.771561172376096e-16	yes
HPVVT-FJ-M03	Heterologous 2vHPV recall	within_trajectory	dose3_v2_minus_v1	3	HPV31	cross_reactive_non_booster_target	IgM	antibody_isotype_or_subclass	Antibody abundance	none	mixedlm_powell	1.3660399141845552	0.35688131821638697	0.6665653837252584	2.065514444643852	3.8277148297134667	0.00012933848211313145	2.5776205734769504	1.5872896139998607	4.185832101596695	HPVVT-FJ-M03|Antibody abundance|within_trajectory	0.00029363331074332545	yes	1.3660399141845556	0.003076515078648	0.0060099364327078	-4.440892098500626e-16	yes
HPVVT-FJ-M01	Primary 2vHPV induction	within_trajectory	dose0_v2_minus_v1	0	HPV33	cross_reactive_non_booster_target	FcgR2A	fc_gamma_receptor_binding	Fc-receptor engagement	moderate	mixedlm_powell	-0.5411164284058422	0.8023454821047008	-2.1136846764894823	1.0314518196777978	-0.674418240614247	0.5000454492356761	0.6872388839810075	0.2310561385173009	2.0440802252050805	HPVVT-FJ-M01|Fc-receptor engagement|within_trajectory	0.6177032019970116	no	-0.5411164284058568	0.539261496299454	0.629138412349363	1.4654943925052066e-14	yes
HPVVT-FJ-M03	Heterologous 2vHPV recall	within_trajectory	dose1_v2_minus_v1	1	HPV33	cross_reactive_non_booster_target	FcgR2A	fc_gamma_receptor_binding	Fc-receptor engagement	moderate	mixedlm_powell	3.041037905563627	0.8023454821047056	1.4684696574799776	4.613606153647276	3.790185117745542	0.0001505350542084492	8.23082991824041	2.7672819772430777	24.481264179118593	HPVVT-FJ-M03|Fc-receptor engagement|within_trajectory	0.0002634363448647861	yes	3.0410379055636256	0.0037980558394142	0.0052016851713717	1.3322676295501878e-15	yes
HPVVT-FJ-M03	Heterologous 2vHPV recall	within_trajectory	dose2_v2_minus_v1	2	HPV33	cross_reactive_non_booster_target	FcgR2A	fc_gamma_receptor_binding	Fc-receptor engagement	moderate	mixedlm_powell	2.5539314034723497	0.7830090145159081	1.0192619354509695	4.08860087149373	3.2616883792216704	0.001107508183885232	5.872323323265394	2.0268817672006123	17.0134152721665	HPVVT-FJ-M03|Fc-receptor engagement|within_trajectory	0.001661262275827848	yes	2.5539314034723497	0.0095882276484982	0.0125845487886539	0.0	yes
HPVVT-FJ-M03	Heterologous 2vHPV recall	within_trajectory	dose3_v2_minus_v1	3	HPV33	cross_reactive_non_booster_target	FcgR2A	fc_gamma_receptor_binding	Fc-receptor engagement	moderate	mixedlm_powell	3.6298339111919615	0.8231890955327541	2.0164129314816615	5.243254890902262	4.409477641152176	1.036202556285198e-05	12.37909473553626	4.045766146160346	37.87712411821345	HPVVT-FJ-M03|Fc-receptor engagement|within_trajectory	2.176025368198916e-05	yes	3.6298339111919606	2.7869165653486988e-05	7.291784208248636e-05	8.881784197001252e-16	yes
HPVVT-FJ-M01	Primary 2vHPV induction	within_trajectory	dose0_v2_minus_v1	0	HPV33	cross_reactive_non_booster_target	FcgR2B	fc_gamma_receptor_binding	Fc-receptor engagement	none	mixedlm_powell	0.9672134974712844	0.36021607910696046	0.2612029557694109	1.6732240391731579	2.6850925141075828	0.007250973234979777	1.9550608314251723	1.1984776091768068	3.1892651354565293	HPVVT-FJ-M01|Fc-receptor engagement|within_trajectory	0.02175291970493933	yes	0.9672134974712734	0.0135337854401294	0.0355261867803397	1.099120794378905e-14	yes
HPVVT-FJ-M03	Heterologous 2vHPV recall	within_trajectory	dose1_v2_minus_v1	1	HPV33	cross_reactive_non_booster_target	FcgR2B	fc_gamma_receptor_binding	Fc-receptor engagement	none	mixedlm_powell	1.3975427278630783	0.36021607910696	0.6915321861612056	2.103553269564951	3.879734439750264	0.0001045705700104952	2.6345247403451197	1.6149977849151211	4.297665713427156	HPVVT-FJ-M03|Fc-receptor engagement|within_trajectory	0.00019376311501944696	yes	1.3975427278630768	0.000454471753462	0.000867627892973	1.5543122344752192e-15	yes
HPVVT-FJ-M03	Heterologous 2vHPV recall	within_trajectory	dose2_v2_minus_v1	2	HPV33	cross_reactive_non_booster_target	FcgR2B	fc_gamma_receptor_binding	Fc-receptor engagement	none	mixedlm_powell	2.0267299116392685	0.3515348978777169	1.3377341724899776	2.7157256507885594	5.765373292594911	8.147729650961487e-09	4.074801867381402	2.5275404354899296	6.569236252474235	HPVVT-FJ-M03|Fc-receptor engagement|within_trajectory	2.4443188952884464e-08	yes	2.0267299116392694	6.273313057468793e-06	2.3248160154149052e-05	-8.881784197001252e-16	yes
HPVVT-FJ-M03	Heterologous 2vHPV recall	within_trajectory	dose3_v2_minus_v1	3	HPV33	cross_reactive_non_booster_target	FcgR2B	fc_gamma_receptor_binding	Fc-receptor engagement	none	mixedlm_powell	1.1892125197161119	0.3695738992367344	0.4648609875860775	1.913564051846146	3.217793578421374	0.0012918075000213438	2.280282423218547	1.3801843578586444	3.7673865089347656	HPVVT-FJ-M03|Fc-receptor engagement|within_trajectory	0.0018926481977056897	yes	1.189212519716112	0.0178798373157569	0.0220159768188643	-2.220446049250313e-16	yes
HPVVT-FJ-M01	Primary 2vHPV induction	within_trajectory	dose0_v2_minus_v1	0	HPV33	cross_reactive_non_booster_target	FcgR3A	fc_gamma_receptor_binding	Fc-receptor engagement	high	mixedlm_powell	0.6679077505291221	0.528142165863833	-0.3672318732809702	1.7030473743392145	1.2646362924586556	0.20600173694751112	1.5887672072595653	0.7752685933732953	3.2558796531152066	HPVVT-FJ-M01|Fc-receptor engagement|within_trajectory	0.332772036607518	no	0.6679077505291314	0.2121056459505672	0.3426321973047624	-9.325873406851315e-15	yes
HPVVT-FJ-M03	Heterologous 2vHPV recall	within_trajectory	dose1_v2_minus_v1	1	HPV33	cross_reactive_non_booster_target	FcgR3A	fc_gamma_receptor_binding	Fc-receptor engagement	high	mixedlm_powell	3.574388881722846	0.5281421658638354	2.5392492579127492	4.609528505532943	6.767853643869798	1.3070687341788025e-11	11.912372615680885	5.812864414181375	24.41216777543025	HPVVT-FJ-M03|Fc-receptor engagement|within_trajectory	5.881809303804611e-11	yes	3.574388881722844	2.193980345661936e-06	1.0632366290515537e-05	2.220446049250313e-15	yes
HPVVT-FJ-M03	Heterologous 2vHPV recall	within_trajectory	dose2_v2_minus_v1	2	HPV33	cross_reactive_non_booster_target	FcgR3A	fc_gamma_receptor_binding	Fc-receptor engagement	high	mixedlm_powell	2.7925641010689475	0.5154139781937134	1.7823712666807565	3.8027569354571384	5.418099274015788	6.023596887377535e-08	6.928601112718679	3.439911066229396	13.955451886663745	HPVVT-FJ-M03|Fc-receptor engagement|within_trajectory	1.7249391086581124e-07	yes	2.792564101068946	1.5024464810919668e-05	4.507339443275901e-05	1.3322676295501878e-15	yes
HPVVT-FJ-M03	Heterologous 2vHPV recall	within_trajectory	dose3_v2_minus_v1	3	HPV33	cross_reactive_non_booster_target	FcgR3A	fc_gamma_receptor_binding	Fc-receptor engagement	high	mixedlm_powell	3.47006716185449	0.541862428999662	2.4080363164397607	4.532098007269219	6.403963397611121	1.5139442098185452e-10	11.081391605458238	5.307514164838915	23.13648840110957	HPVVT-FJ-M03|Fc-receptor engagement|within_trajectory	6.35856568123789e-10	yes	3.4700671618544887	2.893565162003427e-05	7.291784208248636e-05	1.3322676295501878e-15	yes
HPVVT-FJ-M01	Primary 2vHPV induction	within_trajectory	dose0_v2_minus_v1	0	HPV33	cross_reactive_non_booster_target	IgA1	antibody_isotype_or_subclass	Antibody abundance	none	mixedlm_lbfgs	1.3008390024516239	0.5073900882795328	0.30637270331114097	2.2953053015921068	2.5637848127119147	0.010353771422174522	2.4637211925915943	1.2365946793647384	4.908578547291809	HPVVT-FJ-M01|Antibody abundance|within_trajectory	0.01610586665671592	yes	1.3008390024516268	0.0136466800092741	0.0201108968557723	-2.886579864025407e-15	yes
HPVVT-FJ-M03	Heterologous 2vHPV recall	within_trajectory	dose1_v2_minus_v1	1	HPV33	cross_reactive_non_booster_target	IgA1	antibody_isotype_or_subclass	Antibody abundance	none	mixedlm_lbfgs	1.4773909378778458	0.5073900882795342	0.48292463873736013	2.4718572370183316	2.9117457593375633	0.003594150458770754	2.7844472039503754	1.3975739656462933	5.547574884883965	HPVVT-FJ-M03|Antibody abundance|within_trajectory	0.006563231272537899	yes	1.4773909378778434	0.0099458267762537	0.0171409079622039	2.4424906541753444e-15	yes
HPVVT-FJ-M03	Heterologous 2vHPV recall	within_trajectory	dose2_v2_minus_v1	2	HPV33	cross_reactive_non_booster_target	IgA1	antibody_isotype_or_subclass	Antibody abundance	none	mixedlm_lbfgs	1.3237535039340433	0.4951620241653601	0.35325377005798564	2.294253237810101	2.6733744498386125	0.007509237890163739	2.5031651948372446	1.2774384408560648	4.905000344631545	HPVVT-FJ-M03|Antibody abundance|within_trajectory	0.012872979240280694	yes	1.3237535039340425	0.0592840716442083	0.0844044409849746	8.881784197001252e-16	yes
HPVVT-FJ-M03	Heterologous 2vHPV recall	within_trajectory	dose3_v2_minus_v1	3	HPV33	cross_reactive_non_booster_target	IgA1	antibody_isotype_or_subclass	Antibody abundance	none	mixedlm_lbfgs	0.8599588710553008	0.5205712466373774	-0.16034202374107664	1.8802597658516782	1.6519523054916938	0.0985442740236485	1.8149865675118224	0.8948129099854532	3.68141340327991	HPVVT-FJ-M03|Antibody abundance|within_trajectory	0.13139236536486468	no	0.859958871055299	0.0212052607160421	0.0342546519259142	1.7763568394002505e-15	yes
HPVVT-FJ-M01	Primary 2vHPV induction	within_trajectory	dose0_v2_minus_v1	0	HPV33	cross_reactive_non_booster_target	IgA2	antibody_isotype_or_subclass	Antibody abundance	high	mixedlm_lbfgs	2.555031063246535	0.644923854251204	1.2910035361434162	3.819058590349654	3.961756176956863	7.440049743797222e-05	5.876801067515818	2.446982079975461	14.114035026975515	HPVVT-FJ-M01|Antibody abundance|within_trajectory	0.0001602472252510171	yes	2.555031063246548	0.0012725242978098	0.0027408215645134	-1.2878587085651816e-14	yes
HPVVT-FJ-M03	Heterologous 2vHPV recall	within_trajectory	dose1_v2_minus_v1	1	HPV33	cross_reactive_non_booster_target	IgA2	antibody_isotype_or_subclass	Antibody abundance	high	mixedlm_lbfgs	1.200762413870714	0.6449238542512052	-0.06326511323240736	2.4647899409738354	1.8618669567818518	0.0626218456852538	2.2986111246632106	0.9570955637708367	5.52046556522391	HPVVT-FJ-M03|Antibody abundance|within_trajectory	0.08623336127149703	no	1.2007624138707151	0.0814958971107507	0.1104137960855332	-1.1102230246251565e-15	yes
HPVVT-FJ-M03	Heterologous 2vHPV recall	within_trajectory	dose2_v2_minus_v1	2	HPV33	cross_reactive_non_booster_target	IgA2	antibody_isotype_or_subclass	Antibody abundance	high	mixedlm_lbfgs	1.2210370689627785	0.6293812364100002	-0.012527486946111166	2.4546016248716684	1.9400595351834635	0.052372454967763805	2.331142292445561	0.991354199507639	5.481617357678296	HPVVT-FJ-M03|Antibody abundance|within_trajectory	0.0758497623671062	no	1.221037068962779	0.0541570815217871	0.0784343939281054	-4.440892098500626e-16	yes
HPVVT-FJ-M03	Heterologous 2vHPV recall	within_trajectory	dose3_v2_minus_v1	3	HPV33	cross_reactive_non_booster_target	IgA2	antibody_isotype_or_subclass	Antibody abundance	high	mixedlm_lbfgs	1.6722170431620782	0.6616779132050576	0.3753521639145454	2.969081922409611	2.5272372098112466	0.01149638245425394	3.187039816449627	1.2971561536731628	7.830377832979491	HPVVT-FJ-M03|Antibody abundance|within_trajectory	0.018935218159947666	yes	1.6722170431620789	0.0333569546778344	0.0509451671443289	-6.661338147750939e-16	yes
HPVVT-FJ-M01	Primary 2vHPV induction	within_trajectory	dose0_v2_minus_v1	0	HPV33	cross_reactive_non_booster_target	IgG	antibody_isotype_or_subclass	Antibody abundance	none	mixedlm_powell	0.43412351303268437	0.29305566374101727	-0.14025503336519007	1.0085020594305587	1.4813687867037209	0.13850832759307852	1.351089750039799	0.9073587422002896	2.0118211549227123	HPVVT-FJ-M01|Antibody abundance|within_trajectory	0.15512932690424794	no	0.4341235130326776	0.1073339338412855	0.1202140059022397	6.772360450213455e-15	yes
HPVVT-FJ-M03	Heterologous 2vHPV recall	within_trajectory	dose1_v2_minus_v1	1	HPV33	cross_reactive_non_booster_target	IgG	antibody_isotype_or_subclass	Antibody abundance	none	mixedlm_powell	2.1997382608134934	0.293055663741016	1.6253597144156215	2.7741168072113656	7.506213095261939	6.086231533326927e-14	4.593959890814677	3.0851908010740257	6.84057124475642	HPVVT-FJ-M03|Antibody abundance|within_trajectory	4.647667716358744e-13	yes	2.199738260813492	6.032751833593594e-06	3.378341026812413e-05	1.3322676295501878e-15	yes
HPVVT-FJ-M03	Heterologous 2vHPV recall	within_trajectory	dose2_v2_minus_v1	2	HPV33	cross_reactive_non_booster_target	IgG	antibody_isotype_or_subclass	Antibody abundance	none	mixedlm_powell	1.6418443888792549	0.2859930436228384	1.0813083235494991	2.2023804542090106	5.740854281212814	9.420012440598845e-09	3.1206453053397154	2.1159540870821236	4.602381110815115	HPVVT-FJ-M03|Antibody abundance|within_trajectory	3.956405225051515e-08	yes	1.6418443888792542	5.156365090165468e-06	3.09381905409928e-05	6.661338147750939e-16	yes
HPVVT-FJ-M03	Heterologous 2vHPV recall	within_trajectory	dose3_v2_minus_v1	3	HPV33	cross_reactive_non_booster_target	IgG	antibody_isotype_or_subclass	Antibody abundance	none	mixedlm_powell	1.528036337955066	0.30066876695422873	0.938736383448711	2.117336292461421	5.082125268394377	3.7323512576022475e-07	2.8839303811495043	1.916848588692543	4.338920920712927	HPVVT-FJ-M03|Antibody abundance|within_trajectory	1.2540700225543552e-06	yes	1.528036337955067	0.0001388729720291	0.0005071882456717	-8.881784197001252e-16	yes
HPVVT-FJ-M01	Primary 2vHPV induction	within_trajectory	dose0_v2_minus_v1	0	HPV33	cross_reactive_non_booster_target	IgG1	antibody_isotype_or_subclass	IgG subclass architecture	none	mixedlm_lbfgs	0.3666587836314181	0.2238764704861861	-0.07213103550745109	0.8054486027702872	1.63777275403331	0.10146910722315208	1.2893632632058099	0.9512318749727835	1.7476891473514806	HPVVT-FJ-M01|IgG subclass architecture|within_trajectory	0.27169614273169135	no	0.3666587836314151	0.0182108256640254	0.0637378898240889	2.9976021664879227e-15	yes
HPVVT-FJ-M03	Heterologous 2vHPV recall	within_trajectory	dose1_v2_minus_v1	1	HPV33	cross_reactive_non_booster_target	IgG1	antibody_isotype_or_subclass	IgG subclass architecture	none	mixedlm_lbfgs	2.029418686850794	0.22387647048618492	1.5906288677119274	2.468208505989661	9.064903884019499	1.2471415772577846e-19	4.082403225908324	3.0118060486076237	5.533562198207117	HPVVT-FJ-M03|IgG subclass architecture|within_trajectory	1.3094986561206738e-18	yes	2.029418686850794	4.230650288366149e-07	2.221091401392228e-06	0.0	yes
HPVVT-FJ-M03	Heterologous 2vHPV recall	within_trajectory	dose2_v2_minus_v1	2	HPV33	cross_reactive_non_booster_target	IgG1	antibody_isotype_or_subclass	IgG subclass architecture	none	mixedlm_lbfgs	1.3492373409346512	0.21848106387892804	0.9210223244279573	1.7774523574413452	6.175534469579182	6.594001751339616e-10	2.5477740560923428	1.893456561809989	3.4282025644634904	HPVVT-FJ-M03|IgG subclass architecture|within_trajectory	2.4082441178805553e-09	yes	1.3492373409346503	2.0810610485886455e-05	5.639004131659556e-05	8.881784197001252e-16	yes
HPVVT-FJ-M03	Heterologous 2vHPV recall	within_trajectory	dose3_v2_minus_v1	3	HPV33	cross_reactive_non_booster_target	IgG1	antibody_isotype_or_subclass	IgG subclass architecture	none	mixedlm_lbfgs	1.6710714719950825	0.22969241226005668	1.2208826164432451	2.12126032754692	7.275257617579039	3.457599786349178e-13	3.1845101537889144	2.3308927376070647	4.350738562940367	HPVVT-FJ-M03|IgG subclass architecture|within_trajectory	1.7084610709019467e-12	yes	1.671071471995084	1.6937431574079024e-06	6.467019328284718e-06	-1.5543122344752192e-15	yes
HPVVT-FJ-M01	Primary 2vHPV induction	within_trajectory	dose0_v2_minus_v1	0	HPV33	cross_reactive_non_booster_target	IgG2	antibody_isotype_or_subclass	IgG subclass architecture	high	mixedlm_lbfgs	0.3405429113361492	0.5923410078347611	-0.8204241305861405	1.5015099532584388	0.5749102406077999	0.5653520037278765	1.2662330099153614	0.566275441734299	2.83138896239053	HPVVT-FJ-M01|IgG subclass architecture|within_trajectory	0.8794364502433635	no	0.340542911336152	0.4768024519129444	0.741977992966963	-2.7755575615628914e-15	yes
HPVVT-FJ-M03	Heterologous 2vHPV recall	within_trajectory	dose1_v2_minus_v1	1	HPV33	cross_reactive_non_booster_target	IgG2	antibody_isotype_or_subclass	IgG subclass architecture	high	mixedlm_lbfgs	1.6303759364159696	0.592341007834764	0.4694088944936743	2.791342978338265	2.7524279339963744	0.005915516461245698	3.0959366188786586	1.3845420729902496	6.922739102765656	HPVVT-FJ-M03|IgG subclass architecture|within_trajectory	0.008145957094174403	yes	1.6303759364159691	0.0135062119766182	0.0185987181317366	4.440892098500626e-16	yes
HPVVT-FJ-M03	Heterologous 2vHPV recall	within_trajectory	dose2_v2_minus_v1	2	HPV33	cross_reactive_non_booster_target	IgG2	antibody_isotype_or_subclass	IgG subclass architecture	high	mixedlm_lbfgs	0.7288561051003162	0.5780656327563538	-0.40413171580249463	1.861843926003127	1.2608535498382039	0.2073616162414893	1.6573244986164324	0.7556909676042236	3.6347192324161073	HPVVT-FJ-M03|IgG subclass architecture|within_trajectory	0.24192188561507086	no	0.7288561051003166	0.1566632161258914	0.1802700021174642	-4.440892098500626e-16	yes
HPVVT-FJ-M03	Heterologous 2vHPV recall	within_trajectory	dose3_v2_minus_v1	3	HPV33	cross_reactive_non_booster_target	IgG2	antibody_isotype_or_subclass	IgG subclass architecture	high	mixedlm_lbfgs	-0.2428932821603632	0.6077290510907705	-1.4340203346569758	0.9482337703362494	-0.3996736402915263	0.6893969095369029	0.8450488913555424	0.37009810796367043	1.9295089961695495	HPVVT-FJ-M03|IgG subclass architecture|within_trajectory	0.6977028963987933	no	-0.2428932821603634	0.7744729476498486	0.7838039470191239	1.942890293094024e-16	yes
HPVVT-FJ-M01	Primary 2vHPV induction	within_trajectory	dose0_v2_minus_v1	0	HPV33	cross_reactive_non_booster_target	IgG3	antibody_isotype_or_subclass	IgG subclass architecture	none	mixedlm_powell	0.4986502998228552	0.5124878358560156	-0.5058074009698104	1.5031080006155209	0.9729992888318072	0.3305536555528096	1.412891126476078	0.7042661263385191	2.8345269786769487	HPVVT-FJ-M01|IgG subclass architecture|within_trajectory	0.6170334903652446	no	0.4986502998228532	0.2665993844445706	0.5331987688891412	1.9984014443252818e-15	yes
HPVVT-FJ-M03	Heterologous 2vHPV recall	within_trajectory	dose1_v2_minus_v1	1	HPV33	cross_reactive_non_booster_target	IgG3	antibody_isotype_or_subclass	IgG subclass architecture	none	mixedlm_powell	2.619304936787767	0.5124878358560179	1.614847235995097	3.623762637580437	5.1109602092558815	3.205254956353904e-07	6.144539688797307	3.06279166431995	12.327109423418245	HPVVT-FJ-M03|IgG subclass architecture|within_trajectory	8.158830797991757e-07	yes	2.6193049367877683	0.0008608400409127	0.0016816410101551	-1.3322676295501878e-15	yes
HPVVT-FJ-M03	Heterologous 2vHPV recall	within_trajectory	dose2_v2_minus_v1	2	HPV33	cross_reactive_non_booster_target	IgG3	antibody_isotype_or_subclass	IgG subclass architecture	none	mixedlm_powell	2.4477199469575663	0.5001369163971237	1.4674696034802839	3.427970290434849	4.89409972891104	9.875675296639215e-07	5.455532219846939	2.7653644046567916	10.762716028190841	HPVVT-FJ-M03|IgG subclass architecture|within_trajectory	2.3701620711934114e-06	yes	2.447719946957564	0.0001374909973523	0.0003299783936456	2.220446049250313e-15	yes
HPVVT-FJ-M03	Heterologous 2vHPV recall	within_trajectory	dose3_v2_minus_v1	3	HPV33	cross_reactive_non_booster_target	IgG3	antibody_isotype_or_subclass	IgG subclass architecture	none	mixedlm_powell	0.2403816809346369	0.5258014252952441	-0.7901701756638693	1.270933537533143	0.45717198427079114	0.6475474334733471	1.181305147438273	0.5782758763682178	2.413176666002898	HPVVT-FJ-M03|IgG subclass architecture|within_trajectory	0.6799248051470144	no	0.2403816809346365	0.5937321244701503	0.6234187306936578	4.163336342344337e-16	yes
HPVVT-FJ-M01	Primary 2vHPV induction	within_trajectory	dose0_v2_minus_v1	0	HPV33	cross_reactive_non_booster_target	IgG4	antibody_isotype_or_subclass	IgG subclass architecture	none	mixedlm_lbfgs	-0.13831344815433153	0.4659803285138688	-1.0516181095456572	0.774991213236994	-0.2968225044938028	0.7666020232493966	0.9085806915784858	0.4824267767949852	1.711179629359704	HPVVT-FJ-M01|IgG subclass architecture|within_trajectory	0.894369027124296	no	-0.1383134481543283	0.6232593422977792	0.7980473849338032	-3.219646771412954e-15	yes
HPVVT-FJ-M03	Heterologous 2vHPV recall	within_trajectory	dose1_v2_minus_v1	1	HPV33	cross_reactive_non_booster_target	IgG4	antibody_isotype_or_subclass	IgG subclass architecture	none	mixedlm_lbfgs	-0.030446370413626314	0.4659803285138683	-0.9437510318049509	0.8828582909776983	-0.06533831698588578	0.9479046349653759	0.9791173114356994	0.5198794262725023	1.8440250971781509	HPVVT-FJ-M03|IgG subclass architecture|within_trajectory	0.9479046349653759	no	-0.0304463704136265	0.9307490061641176	0.9307490061641176	1.8735013540549517e-16	yes
HPVVT-FJ-M03	Heterologous 2vHPV recall	within_trajectory	dose2_v2_minus_v1	2	HPV33	cross_reactive_non_booster_target	IgG4	antibody_isotype_or_subclass	IgG subclass architecture	none	mixedlm_lbfgs	0.41723968977087666	0.4547502365892655	-0.4740543959051524	1.3085337754469057	0.9175139586518375	0.35887338178470607	1.3353701436485317	0.719938513918722	2.4768968267048668	HPVVT-FJ-M03|IgG subclass architecture|within_trajectory	0.40736978472858526	no	0.4172396897708764	0.4807938035380386	0.5177779422717338	2.7755575615628914e-16	yes
HPVVT-FJ-M03	Heterologous 2vHPV recall	within_trajectory	dose3_v2_minus_v1	3	HPV33	cross_reactive_non_booster_target	IgG4	antibody_isotype_or_subclass	IgG subclass architecture	none	mixedlm_lbfgs	0.1974126465005828	0.47808572955275724	-0.739618164945378	1.1344434579465437	0.41292311043305907	0.6796629484113925	1.1466401062888696	0.5988978403638526	2.195338578197861	HPVVT-FJ-M03|IgG subclass architecture|within_trajectory	0.6962400934945973	no	0.1974126465005825	0.7535897520845724	0.7719699899402936	3.0531133177191805e-16	yes
HPVVT-FJ-M01	Primary 2vHPV induction	within_trajectory	dose0_v2_minus_v1	0	HPV33	cross_reactive_non_booster_target	IgM	antibody_isotype_or_subclass	Antibody abundance	none	mixedlm_lbfgs	0.23385382390893156	0.10863293117062936	0.020937191279479406	0.4467704565383837	2.1526973578722477	0.031342471288463354	1.1759720929446715	1.0146183735108498	1.3629857289095142	HPVVT-FJ-M01|Antibody abundance|within_trajectory	0.04178996171795114	yes	0.2338538239089255	0.0411954850976028	0.0501510253362121	6.050715484207103e-15	yes
HPVVT-FJ-M03	Heterologous 2vHPV recall	within_trajectory	dose1_v2_minus_v1	1	HPV33	cross_reactive_non_booster_target	IgM	antibody_isotype_or_subclass	Antibody abundance	none	mixedlm_lbfgs	0.23374683687427616	0.10863293117062905	0.020830204244824596	0.4466634695037277	2.151712508862819	0.03142000432287657	1.1758848887202322	1.0145431344733808	1.3628846566866908	HPVVT-FJ-M03|Antibody abundance|within_trajectory	0.047130006484314854	yes	0.2337468368742762	0.0894567893846015	0.1192757191794686	-2.7755575615628914e-17	yes
HPVVT-FJ-M03	Heterologous 2vHPV recall	within_trajectory	dose2_v2_minus_v1	2	HPV33	cross_reactive_non_booster_target	IgM	antibody_isotype_or_subclass	Antibody abundance	none	mixedlm_lbfgs	0.02974639706249871	0.10601488545402987	-0.1780389602525391	0.2375317543775365	0.2805869848852247	0.7790271997296618	1.0208326637209413	0.883903660755767	1.1789738787013995	HPVVT-FJ-M03|Antibody abundance|within_trajectory	0.8153367865712902	no	0.0297463970624993	0.783675091507734	0.8027891181298737	-5.93275428784068e-16	yes
HPVVT-FJ-M03	Heterologous 2vHPV recall	within_trajectory	dose3_v2_minus_v1	3	HPV33	cross_reactive_non_booster_target	IgM	antibody_isotype_or_subclass	Antibody abundance	none	mixedlm_lbfgs	0.09519678156351125	0.11145503570462197	-0.12325107431317361	0.3136446374401961	0.8541272358101581	0.3930344946198834	1.0682111005950972	0.9181163672718815	1.2428434957817092	HPVVT-FJ-M03|Antibody abundance|within_trajectory	0.47164139354386003	no	0.0951967815635113	0.3429622921800408	0.4001226742100476	-5.551115123125783e-17	yes
HPVVT-FJ-M01	Primary 2vHPV induction	within_trajectory	dose0_v2_minus_v1	0	HPV45	cross_reactive_non_booster_target	FcgR2A	fc_gamma_receptor_binding	Fc-receptor engagement	moderate	mixedlm_powell	-2.152278205103175	1.0201708611656646	-4.151776351065089	-0.15278005914126047	-2.1097232699274953	0.03488219893466924	0.2249570981948763	0.0562588412733327	0.8995154340700378	HPVVT-FJ-M01|Fc-receptor engagement|within_trajectory	0.08705039864194136	no	-2.152278205103205	0.106428438537465	0.1994193883136976	3.019806626980426e-14	yes
HPVVT-FJ-M03	Heterologous 2vHPV recall	within_trajectory	dose1_v2_minus_v1	1	HPV45	cross_reactive_non_booster_target	FcgR2A	fc_gamma_receptor_binding	Fc-receptor engagement	moderate	mixedlm_powell	2.79045824769841	1.0201708611656657	0.7909601017364936	4.789956393660326	2.7352851898847432	0.006232625108371157	6.918495044523039	1.730225530483061	27.664355217164236	HPVVT-FJ-M03|Fc-receptor engagement|within_trajectory	0.00835436982611453	yes	2.790458247698408	0.0333714360752337	0.0382254631407222	1.7763568394002505e-15	yes
HPVVT-FJ-M03	Heterologous 2vHPV recall	within_trajectory	dose2_v2_minus_v1	2	HPV45	cross_reactive_non_booster_target	FcgR2A	fc_gamma_receptor_binding	Fc-receptor engagement	moderate	mixedlm_powell	3.2861049111250806	0.9955848178315412	1.3347945246203894	5.237415297629772	3.3006780058001137	0.0009645150726429449	9.754750081032723	2.5223955407003054	37.72411884180127	HPVVT-FJ-M03|Fc-receptor engagement|within_trajectory	0.0014820597457684275	yes	3.2861049111250797	0.0003390191101318	0.000667443873072	8.881784197001252e-16	yes
HPVVT-FJ-M03	Heterologous 2vHPV recall	within_trajectory	dose3_v2_minus_v1	3	HPV45	cross_reactive_non_booster_target	FcgR2A	fc_gamma_receptor_binding	Fc-receptor engagement	moderate	mixedlm_powell	3.5358967970045687	1.0466732189840424	1.4844549842132402	5.587338609795897	3.378224199179092	0.0007295557371871005	11.598744918697836	2.79811447057043	48.07912081652368	HPVVT-FJ-M03|Fc-receptor engagement|within_trajectory	0.0011490502860696833	yes	3.535896797004563	0.0005782134372827	0.0010407841871088	5.773159728050814e-15	yes
HPVVT-FJ-M01	Primary 2vHPV induction	within_trajectory	dose0_v2_minus_v1	0	HPV45	cross_reactive_non_booster_target	FcgR2B	fc_gamma_receptor_binding	Fc-receptor engagement	moderate	mixedlm_lbfgs	0.9364258095148182	0.5582073636532842	-0.15764051915067145	2.030492138180308	1.6775590407590082	0.09343321448258489	1.9137810827656119	0.8964900529803637	4.085441908223538	HPVVT-FJ-M01|Fc-receptor engagement|within_trajectory	0.17837250037584387	no	0.9364258095148028	0.032363069726917	0.0755138293628063	1.5432100042289676e-14	yes
HPVVT-FJ-M03	Heterologous 2vHPV recall	within_trajectory	dose1_v2_minus_v1	1	HPV45	cross_reactive_non_booster_target	FcgR2B	fc_gamma_receptor_binding	Fc-receptor engagement	moderate	mixedlm_lbfgs	4.793248138353394	0.5582073636532815	3.699181809687909	5.887314467018879	8.586859383192618	8.93789162356846e-18	27.727548033141325	12.988670036034064	59.191350445985194	HPVVT-FJ-M03|Fc-receptor engagement|within_trajectory	9.384786204746883e-17	yes	4.793248138353397	4.907471828925855e-07	5.387771589675224e-06	-3.552713678800501e-15	yes
HPVVT-FJ-M03	Heterologous 2vHPV recall	within_trajectory	dose2_v2_minus_v1	2	HPV45	cross_reactive_non_booster_target	FcgR2B	fc_gamma_receptor_binding	Fc-receptor engagement	moderate	mixedlm_lbfgs	4.68463454044004	0.5447546069096457	3.61693513048486	5.75233395039522	8.59953175433548	8.004199493139967e-18	25.71671639037035	12.268909604239674	53.90450522793041	HPVVT-FJ-M03|Fc-receptor engagement|within_trajectory	9.384786204746883e-17	yes	4.684634540440045	1.0716708728061082e-06	7.501696109642757e-06	-4.440892098500626e-15	yes
HPVVT-FJ-M03	Heterologous 2vHPV recall	within_trajectory	dose3_v2_minus_v1	3	HPV45	cross_reactive_non_booster_target	FcgR2B	fc_gamma_receptor_binding	Fc-receptor engagement	moderate	mixedlm_lbfgs	3.4406681622974924	0.5727086710827921	2.318179793341424	4.563156531253561	6.007710963747747	1.8816089109641278e-09	10.857862109222653	4.987026237781436	23.639973796356013	HPVVT-FJ-M03|Fc-receptor engagement|within_trajectory	6.239019020565266e-09	yes	3.4406681622974955	1.7432650595292811e-06	9.943195297809123e-06	-3.1086244689504383e-15	yes
HPVVT-FJ-M01	Primary 2vHPV induction	within_trajectory	dose0_v2_minus_v1	0	HPV45	cross_reactive_non_booster_target	FcgR3A	fc_gamma_receptor_binding	Fc-receptor engagement	high	mixedlm_powell	1.2799672266804873	0.6146640517652189	0.07524782262919483	2.4846866307317796	2.082385041071821	0.03730731370368916	2.428334604332205	1.0535419952818514	5.597127572517589	HPVVT-FJ-M01|Fc-receptor engagement|within_trajectory	0.08705039864194136	no	1.279967226680486	0.0128686593213688	0.0355261867803397	1.3322676295501878e-15	yes
HPVVT-FJ-M03	Heterologous 2vHPV recall	within_trajectory	dose1_v2_minus_v1	1	HPV45	cross_reactive_non_booster_target	FcgR3A	fc_gamma_receptor_binding	Fc-receptor engagement	high	mixedlm_powell	6.018662477327073	0.6146640517652188	4.81394307327578	7.223381881378366	9.791791890289367	1.2211232474014517e-22	64.83327190447963	28.128156029667128	149.4357874510813	HPVVT-FJ-M03|Fc-receptor engagement|within_trajectory	3.846538229314573e-21	yes	6.018662477327074	2.1795160306067375e-07	3.432737748205612e-06	-8.881784197001252e-16	yes
HPVVT-FJ-M03	Heterologous 2vHPV recall	within_trajectory	dose2_v2_minus_v1	2	HPV45	cross_reactive_non_booster_target	FcgR3A	fc_gamma_receptor_binding	Fc-receptor engagement	high	mixedlm_powell	5.777170245641095	0.5998506929565178	4.601484491344926	6.952855999937264	9.631013706372215	5.914310836679864e-22	54.840516194174484	24.27643196109315	123.88485347696414	HPVVT-FJ-M03|Fc-receptor engagement|within_trajectory	1.2420052757027716e-20	yes	5.7771702456410985	2.6458481911597253e-09	1.6668843604306274e-07	-3.552713678800501e-15	yes
HPVVT-FJ-M03	Heterologous 2vHPV recall	within_trajectory	dose3_v2_minus_v1	3	HPV45	cross_reactive_non_booster_target	FcgR3A	fc_gamma_receptor_binding	Fc-receptor engagement	high	mixedlm_powell	4.358099361223713	0.6306320109160629	3.1220833323301598	5.594115390117267	6.910685289972976	4.823179972400053e-12	20.50777914870913	8.706442416623112	48.30549442436344	HPVVT-FJ-M03|Fc-receptor engagement|within_trajectory	2.3373872173938717e-11	yes	4.358099361223715	5.7034283348594885e-06	2.245724906850924e-05	-1.7763568394002505e-15	yes
HPVVT-FJ-M01	Primary 2vHPV induction	within_trajectory	dose0_v2_minus_v1	0	HPV45	cross_reactive_non_booster_target	IgA1	antibody_isotype_or_subclass	Antibody abundance	none	mixedlm_powell	1.3073489819575548	0.5272605780744767	0.27393723846381124	2.3407607254512985	2.479512097665092	0.01315622670372986	2.474863544218863	1.2091030751000864	5.065696786848835	HPVVT-FJ-M01|Antibody abundance|within_trajectory	0.019388123563391372	yes	1.307348981957548	0.0016430734978153	0.0032861469956307	6.8833827526759706e-15	yes
HPVVT-FJ-M03	Heterologous 2vHPV recall	within_trajectory	dose1_v2_minus_v1	1	HPV45	cross_reactive_non_booster_target	IgA1	antibody_isotype_or_subclass	Antibody abundance	none	mixedlm_powell	1.6264471622331707	0.5272605780744761	0.5930354187394282	2.659858905726913	3.084712246405483	0.0020374917503344797	3.0875171754322097	1.5084171084744395	6.319712402513118	HPVVT-FJ-M03|Antibody abundance|within_trajectory	0.0038897569779112796	yes	1.6264471622331702	0.0029595813024704	0.0059191626049409	4.440892098500626e-16	yes
HPVVT-FJ-M03	Heterologous 2vHPV recall	within_trajectory	dose2_v2_minus_v1	2	HPV45	cross_reactive_non_booster_target	IgA1	antibody_isotype_or_subclass	Antibody abundance	none	mixedlm_powell	2.7570856965995505	0.514553636605767	1.7485791007381364	3.7655922924609646	5.358208552924742	8.405118606557806e-08	6.7602926271649935	3.360274522164273	13.600542486471038	HPVVT-FJ-M03|Antibody abundance|within_trajectory	3.2092271043220717e-07	yes	2.757085696599544	0.0025040655702509	0.005130280680514	6.661338147750939e-15	yes
HPVVT-FJ-M03	Heterologous 2vHPV recall	within_trajectory	dose3_v2_minus_v1	3	HPV45	cross_reactive_non_booster_target	IgA1	antibody_isotype_or_subclass	Antibody abundance	none	mixedlm_powell	1.0130246791644244	0.5409579390123167	-0.04723339845073138	2.07328275677958	1.8726496204381604	0.06111678448378778	2.0181377902509228	0.9677904455950875	4.208431855239583	HPVVT-FJ-M03|Antibody abundance|within_trajectory	0.08556349827730289	no	1.0130246791644233	0.0099988629779522	0.0171409079622039	1.1102230246251565e-15	yes
HPVVT-FJ-M01	Primary 2vHPV induction	within_trajectory	dose0_v2_minus_v1	0	HPV45	cross_reactive_non_booster_target	IgA2	antibody_isotype_or_subclass	Antibody abundance	high	mixedlm_powell	-1.4188406596585117	1.246163705549723	-3.8612766413769455	1.023595322059922	-1.138566829815201	0.2548838699742805	0.37401274563657494	0.06880815443288661	2.032979013193115	HPVVT-FJ-M01|Antibody abundance|within_trajectory	0.2643240133066612	no	-1.4188406596585104	0.3012826970317405	0.3124413154403235	-1.3322676295501878e-15	yes
HPVVT-FJ-M03	Heterologous 2vHPV recall	within_trajectory	dose1_v2_minus_v1	1	HPV45	cross_reactive_non_booster_target	IgA2	antibody_isotype_or_subclass	Antibody abundance	high	mixedlm_powell	0.9263233621139659	1.2461637055497234	-1.5161126196044687	3.3687593438324006	0.7433400266663476	0.45727584399474175	1.9004266749721757	0.34962672707129	10.329935520659948	HPVVT-FJ-M03|Antibody abundance|within_trajectory	0.5410024069796945	no	0.9263233621139648	0.5208230787924495	0.5833218482475434	1.1102230246251565e-15	yes
HPVVT-FJ-M03	Heterologous 2vHPV recall	within_trajectory	dose2_v2_minus_v1	2	HPV45	cross_reactive_non_booster_target	IgA2	antibody_isotype_or_subclass	Antibody abundance	high	mixedlm_powell	-0.3327411514153593	1.2161312511517892	-2.7163146041465014	2.0508323013157828	-0.27360628312135105	0.7843872049632743	0.7940263824977893	0.1521625670836635	4.143449392227131	HPVVT-FJ-M03|Antibody abundance|within_trajectory	0.8153367865712902	no	-0.3327411514153591	0.6885061643857624	0.7140063926963462	-2.220446049250313e-16	yes
HPVVT-FJ-M03	Heterologous 2vHPV recall	within_trajectory	dose3_v2_minus_v1	3	HPV45	cross_reactive_non_booster_target	IgA2	antibody_isotype_or_subclass	Antibody abundance	high	mixedlm_powell	-0.06913347018498772	1.2785369850482344	-2.575019913781953	2.4367529734119775	-0.05407232719386649	0.9568775396825414	0.9532103554461382	0.16781924639197573	5.414217983124004	HPVVT-FJ-M03|Antibody abundance|within_trajectory	0.9684061847389576	no	-0.0691334701849868	0.963622421246938	0.963622421246938	-9.159339953157541e-16	yes
HPVVT-FJ-M01	Primary 2vHPV induction	within_trajectory	dose0_v2_minus_v1	0	HPV45	cross_reactive_non_booster_target	IgG	antibody_isotype_or_subclass	Antibody abundance	none	mixedlm_powell	1.167879910523729	0.39342413325051323	0.39678277870383594	1.938977042343622	2.9685009429253295	0.0029925618406022687	2.2468127742985615	1.316568676222597	3.8343367375525252	HPVVT-FJ-M01|Antibody abundance|within_trajectory	0.005586115435790902	yes	1.167879910523734	0.034681212178552	0.0441397245908844	-5.10702591327572e-15	yes
HPVVT-FJ-M03	Heterologous 2vHPV recall	within_trajectory	dose1_v2_minus_v1	1	HPV45	cross_reactive_non_booster_target	IgG	antibody_isotype_or_subclass	Antibody abundance	none	mixedlm_powell	4.495601844111574	0.3934241332505141	3.7245047122916795	5.266698975931469	11.426858355049065	3.0701663774786358e-30	22.558540788249946	13.21866624706713	38.49766330306169	HPVVT-FJ-M03|Antibody abundance|within_trajectory	1.289469878541027e-28	yes	4.49560184411158	2.885126153177985e-10	2.423505968669508e-08	-6.217248937900877e-15	yes
HPVVT-FJ-M03	Heterologous 2vHPV recall	within_trajectory	dose2_v2_minus_v1	2	HPV45	cross_reactive_non_booster_target	IgG	antibody_isotype_or_subclass	Antibody abundance	none	mixedlm_powell	3.6692285033402414	0.38394264033889025	2.916714756146801	4.421742250533682	9.556710085916912	1.215595026464958e-21	12.721778812954495	7.551246203609485	21.43270816522667	HPVVT-FJ-M03|Antibody abundance|within_trajectory	1.7018330370509413e-20	yes	3.669228503340243	2.012410165722082e-09	3.20790980495952e-08	-1.7763568394002505e-15	yes
HPVVT-FJ-M03	Heterologous 2vHPV recall	within_trajectory	dose3_v2_minus_v1	3	HPV45	cross_reactive_non_booster_target	IgG	antibody_isotype_or_subclass	Antibody abundance	none	mixedlm_powell	3.7579596877390706	0.4036446439028926	2.9668307231369058	4.5490886523412355	9.310069499257736	1.277487311890805e-20	13.528778567163465	7.8181687421729	23.41057804649951	HPVVT-FJ-M03|Antibody abundance|within_trajectory	1.532984774268966e-19	yes	3.757959687739072	2.013641350929117e-09	3.20790980495952e-08	-1.3322676295501878e-15	yes
HPVVT-FJ-M01	Primary 2vHPV induction	within_trajectory	dose0_v2_minus_v1	0	HPV45	cross_reactive_non_booster_target	IgG1	antibody_isotype_or_subclass	IgG subclass architecture	none	mixedlm_powell	1.172515260016768	0.365507554951645	0.4561336162342492	1.8888969037992869	3.2079097795171063	0.0013370343464735852	2.2540433471506462	1.3718603385346655	3.7035194240406297	HPVVT-FJ-M01|IgG subclass architecture|within_trajectory	0.006239493616876732	yes	1.1725152600167807	0.0079168273654794	0.0324164345712648	-1.2656542480726785e-14	yes
HPVVT-FJ-M03	Heterologous 2vHPV recall	within_trajectory	dose1_v2_minus_v1	1	HPV45	cross_reactive_non_booster_target	IgG1	antibody_isotype_or_subclass	IgG subclass architecture	none	mixedlm_powell	4.3095109233570055	0.3655075549516428	3.593129279574491	5.02589256713952	11.790483849033327	4.370230380337488e-32	19.82860012251402	12.068121986707586	32.579500211517846	HPVVT-FJ-M03|IgG subclass architecture|within_trajectory	1.835496759741745e-30	yes	4.309510923357007	3.778109998239354e-10	3.173612398521058e-08	-1.7763568394002505e-15	yes
HPVVT-FJ-M03	Heterologous 2vHPV recall	within_trajectory	dose2_v2_minus_v1	2	HPV45	cross_reactive_non_booster_target	IgG1	antibody_isotype_or_subclass	IgG subclass architecture	none	mixedlm_powell	3.8836316572683716	0.3566988495405482	3.1845147588420257	4.582748555694717	10.88770446630469	1.3192361057823931e-27	14.760110912910436	9.091477411883307	23.963198091066662	HPVVT-FJ-M03|IgG subclass architecture|within_trajectory	3.6938610961907006e-26	yes	3.8836316572683702	4.26967033469476e-09	7.173046162287196e-08	1.3322676295501878e-15	yes
HPVVT-FJ-M03	Heterologous 2vHPV recall	within_trajectory	dose3_v2_minus_v1	3	HPV45	cross_reactive_non_booster_target	IgG1	antibody_isotype_or_subclass	IgG subclass architecture	none	mixedlm_powell	3.6243928768023252	0.37500283890396036	2.8894008184502873	4.359384935154363	9.664974503647814	4.247256650534881e-22	12.332495679572368	7.409626482491695	20.52606160999447	HPVVT-FJ-M03|IgG subclass architecture|within_trajectory	5.0967079806418575e-21	yes	3.624392876802324	2.188823751829972e-09	6.230495977985976e-08	1.3322676295501878e-15	yes
HPVVT-FJ-M01	Primary 2vHPV induction	within_trajectory	dose0_v2_minus_v1	0	HPV45	cross_reactive_non_booster_target	IgG2	antibody_isotype_or_subclass	IgG subclass architecture	high	mixedlm_lbfgs	-0.4077212150045192	0.643212466990388	-1.668394484712838	0.8529520547037998	-0.6338826374312363	0.5261574174248798	0.7538131068221845	0.3146032577682908	1.806192993829154	HPVVT-FJ-M01|IgG subclass architecture|within_trajectory	0.866612216935096	no	-0.4077212150045193	0.5299842806906878	0.741977992966963	1.1102230246251565e-16	yes
HPVVT-FJ-M03	Heterologous 2vHPV recall	within_trajectory	dose1_v2_minus_v1	1	HPV45	cross_reactive_non_booster_target	IgG2	antibody_isotype_or_subclass	IgG subclass architecture	high	mixedlm_lbfgs	1.9789670754065685	0.6432124669903873	0.7182938056982511	3.2396403451148856	3.076692659062132	0.0020931099146971727	3.942107381576019	1.6452351564229188	9.445586272094841	HPVVT-FJ-M03|IgG subclass architecture|within_trajectory	0.0030314005661131464	yes	1.9789670754065696	0.0077530378224644	0.0114255294225792	-1.1102230246251565e-15	yes
HPVVT-FJ-M03	Heterologous 2vHPV recall	within_trajectory	dose2_v2_minus_v1	2	HPV45	cross_reactive_non_booster_target	IgG2	antibody_isotype_or_subclass	IgG subclass architecture	high	mixedlm_lbfgs	2.701273487513222	0.627711093457325	1.4709823516406089	3.931564623385835	4.303370636059769	1.682190868292682e-05	6.503757597481907	2.7721058601703814	15.258747327998442	HPVVT-FJ-M03|IgG subclass architecture|within_trajectory	3.364381736585364e-05	yes	2.7012734875132223	0.0003506818162459	0.0007364318141165	-4.440892098500626e-16	yes
HPVVT-FJ-M03	Heterologous 2vHPV recall	within_trajectory	dose3_v2_minus_v1	3	HPV45	cross_reactive_non_booster_target	IgG2	antibody_isotype_or_subclass	IgG subclass architecture	high	mixedlm_lbfgs	1.0121173061502904	0.6599220669234243	-0.2813061776228525	2.305540789923433	1.5336921689386909	0.1251054012239554	2.0168688955940035	0.8228456973675774	4.943527267661516	HPVVT-FJ-M03|IgG subclass architecture|within_trajectory	0.14801202398327118	no	1.0121173061502902	0.1726644501166166	0.1959974839161593	2.220446049250313e-16	yes
HPVVT-FJ-M01	Primary 2vHPV induction	within_trajectory	dose0_v2_minus_v1	0	HPV45	cross_reactive_non_booster_target	IgG3	antibody_isotype_or_subclass	IgG subclass architecture	low	mixedlm_powell	0.4596471759649349	0.621790259971853	-0.7590393395176943	1.678333691447564	0.7392318689355829	0.4597662122412076	1.375205458160287	0.5908896608234576	3.2005807133573843	HPVVT-FJ-M01|IgG subclass architecture|within_trajectory	0.8045908714221133	no	0.4596471759649523	0.4926484568257088	0.741977992966963	-1.7430501486614958e-14	yes
HPVVT-FJ-M03	Heterologous 2vHPV recall	within_trajectory	dose1_v2_minus_v1	1	HPV45	cross_reactive_non_booster_target	IgG3	antibody_isotype_or_subclass	IgG subclass architecture	low	mixedlm_powell	3.216928631153976	0.6217902599718562	1.9982421156713406	4.435615146636612	5.173655552757585	2.2955784044675723e-07	9.298052882325939	3.995129077880489	21.63979829367503	HPVVT-FJ-M03|IgG subclass architecture|within_trajectory	6.025893311727378e-07	yes	3.216928631153975	6.446404045928589e-05	0.0001640902848054	8.881784197001252e-16	yes
HPVVT-FJ-M03	Heterologous 2vHPV recall	within_trajectory	dose2_v2_minus_v1	2	HPV45	cross_reactive_non_booster_target	IgG3	antibody_isotype_or_subclass	IgG subclass architecture	low	mixedlm_powell	2.4476105729759845	0.6068051600652219	1.2582943136150868	3.636926832336882	4.033602108315798	5.492829618639452e-05	5.455118639259318	2.392127544143067	12.440105646229146	HPVVT-FJ-M03|IgG subclass architecture|within_trajectory	9.816972084376894e-05	yes	2.4476105729759827	0.0012282280925498	0.0021951310590253	1.7763568394002505e-15	yes
HPVVT-FJ-M03	Heterologous 2vHPV recall	within_trajectory	dose3_v2_minus_v1	3	HPV45	cross_reactive_non_booster_target	IgG3	antibody_isotype_or_subclass	IgG subclass architecture	low	mixedlm_powell	1.2426467570183726	0.6379433462685246	-0.007699225844900237	2.4929927398816454	1.947895160733152	0.05142750896678336	2.3663225799584593	0.994677518180823	5.629445172001289	HPVVT-FJ-M03|IgG subclass architecture|within_trajectory	0.06260740222043192	no	1.242646757018369	0.0547999811722863	0.0697454305829098	3.552713678800501e-15	yes
HPVVT-FJ-M01	Primary 2vHPV induction	within_trajectory	dose0_v2_minus_v1	0	HPV45	cross_reactive_non_booster_target	IgG4	antibody_isotype_or_subclass	IgG subclass architecture	none	mixedlm_lbfgs	0.20635147071500712	0.4602805221118791	-0.6957817754095679	1.1084847168395822	0.44831675641675284	0.6539246091786862	1.153766652534951	0.6173746815649798	2.156190605561135	HPVVT-FJ-M01|IgG subclass architecture|within_trajectory	0.894369027124296	no	0.2063514707150085	0.5041294648792303	0.741977992966963	-1.3877787807814457e-15	yes
HPVVT-FJ-M03	Heterologous 2vHPV recall	within_trajectory	dose1_v2_minus_v1	1	HPV45	cross_reactive_non_booster_target	IgG4	antibody_isotype_or_subclass	IgG subclass architecture	none	mixedlm_lbfgs	0.289984359919485	0.4602805221118815	-0.6121488862050947	1.1921176060440648	0.6300165789961406	0.5286837372152762	1.2226270232701764	0.6542215165482052	2.284878745531674	HPVVT-FJ-M03|IgG subclass architecture|within_trajectory	0.5693517170010666	no	0.289984359919485	0.5093238239448874	0.5415595090046904	0.0	yes
HPVVT-FJ-M03	Heterologous 2vHPV recall	within_trajectory	dose2_v2_minus_v1	2	HPV45	cross_reactive_non_booster_target	IgG4	antibody_isotype_or_subclass	IgG subclass architecture	none	mixedlm_lbfgs	1.6210638922484726	0.44918779510577406	0.7406719915461982	2.501455792950747	3.60887786781194	0.0003075243365515101	3.0760178863034775	1.6709539696750535	5.662565342059628	HPVVT-FJ-M03|IgG subclass architecture|within_trajectory	0.000478371190191238	yes	1.6210638922484726	0.0075416106105573	0.011312415915836	0.0	yes
HPVVT-FJ-M03	Heterologous 2vHPV recall	within_trajectory	dose3_v2_minus_v1	3	HPV45	cross_reactive_non_booster_target	IgG4	antibody_isotype_or_subclass	IgG subclass architecture	none	mixedlm_lbfgs	1.113089848561093	0.4722378515732425	0.18752066734096595	2.03865902978122	2.357053431555468	0.018420596162009667	2.163084235931256	1.1388049486005167	4.108634597596605	HPVVT-FJ-M03|IgG subclass architecture|within_trajectory	0.023444395115285028	yes	1.1130898485610936	0.0636068468851102	0.0797458975873023	-6.661338147750939e-16	yes
HPVVT-FJ-M01	Primary 2vHPV induction	within_trajectory	dose0_v2_minus_v1	0	HPV45	cross_reactive_non_booster_target	IgM	antibody_isotype_or_subclass	Antibody abundance	none	mixedlm_powell	0.5097683869783122	0.2828641425039632	-0.044635144847261166	1.0641719188038854	1.802166872286295	0.07151915506157648	1.4238215942050574	0.9695349797011006	2.0909693559995333	HPVVT-FJ-M01|Antibody abundance|within_trajectory	0.0834390142385059	no	0.5097683869783175	0.0341260649211443	0.0441397245908844	-5.329070518200751e-15	yes
HPVVT-FJ-M03	Heterologous 2vHPV recall	within_trajectory	dose1_v2_minus_v1	1	HPV45	cross_reactive_non_booster_target	IgM	antibody_isotype_or_subclass	Antibody abundance	none	mixedlm_powell	0.415549173381798	0.2828641425039628	-0.13885435844377458	0.9699527052073705	1.4690768851197755	0.14181193651104362	1.3338063044840789	0.9082401008710441	1.9587763810200574	HPVVT-FJ-M03|Antibody abundance|within_trajectory	0.1804879191958737	no	0.4155491733817995	0.1236464684093386	0.1597892822520683	-1.4988010832439613e-15	yes
HPVVT-FJ-M03	Heterologous 2vHPV recall	within_trajectory	dose2_v2_minus_v1	2	HPV45	cross_reactive_non_booster_target	IgM	antibody_isotype_or_subclass	Antibody abundance	none	mixedlm_powell	0.7148673178675784	0.2760471373041416	0.17382487071607766	1.2559097650190791	2.589656697218186	0.009607168773617449	1.6413322602303855	1.1280451953220092	2.388176998266431	HPVVT-FJ-M03|Antibody abundance|within_trajectory	0.016140043539677313	yes	0.7148673178675794	0.0240672817808292	0.0381443711243331	-9.992007221626409e-16	yes
HPVVT-FJ-M03	Heterologous 2vHPV recall	within_trajectory	dose3_v2_minus_v1	3	HPV45	cross_reactive_non_booster_target	IgM	antibody_isotype_or_subclass	Antibody abundance	none	mixedlm_powell	0.6257083959784461	0.29021248679019596	0.05690237400585585	1.1945144179510363	2.1560354032278117	0.03108090080593072	1.542968271839592	1.040229872635077	2.2886778687414684	HPVVT-FJ-M03|Antibody abundance|within_trajectory	0.047130006484314854	yes	0.6257083959784469	0.1113867539783714	0.1461951145966125	-7.771561172376096e-16	yes
HPVVT-FJ-M01	Primary 2vHPV induction	within_trajectory	dose0_v2_minus_v1	0	HPV52	cross_reactive_non_booster_target	FcgR2A	fc_gamma_receptor_binding	Fc-receptor engagement	high	mixedlm_powell	-1.1713866022990427	1.0114008590667753	-3.1536958600027933	0.810922655404708	-1.1581823287948232	0.24678963814354316	0.44399440377963073	0.11236807706885125	1.7543330430656185	HPVVT-FJ-M01|Fc-receptor engagement|within_trajectory	0.37018445721531473	no	-1.1713866022990291	0.3462691245038858	0.5194036867558287	-1.354472090042691e-14	yes
HPVVT-FJ-M03	Heterologous 2vHPV recall	within_trajectory	dose1_v2_minus_v1	1	HPV52	cross_reactive_non_booster_target	FcgR2A	fc_gamma_receptor_binding	Fc-receptor engagement	high	mixedlm_powell	4.956728302507234	1.0114008590667694	2.9744190448034953	6.9390375602109735	4.9008543527250525	9.542077991964809e-07	31.054454109862476	7.85939926954604	122.70392265199898	HPVVT-FJ-M03|Fc-receptor engagement|within_trajectory	2.504795472890762e-06	yes	4.956728302507235	0.0002599712896619	0.0005283287499582	-8.881784197001252e-16	yes
HPVVT-FJ-M03	Heterologous 2vHPV recall	within_trajectory	dose2_v2_minus_v1	2	HPV52	cross_reactive_non_booster_target	FcgR2A	fc_gamma_receptor_binding	Fc-receptor engagement	high	mixedlm_powell	2.706832268109986	0.9870261721434693	0.7722965189103548	4.641368017309618	2.7424118473289423	0.006098981795950648	6.528865260358237	1.7079864372914408	24.95692041648172	HPVVT-FJ-M03|Fc-receptor engagement|within_trajectory	0.008352953329236757	yes	2.706832268109981	0.0069718653366002	0.0093452663022513	5.329070518200751e-15	yes
HPVVT-FJ-M03	Heterologous 2vHPV recall	within_trajectory	dose3_v2_minus_v1	3	HPV52	cross_reactive_non_booster_target	FcgR2A	fc_gamma_receptor_binding	Fc-receptor engagement	high	mixedlm_powell	3.7309422002921915	1.0376753866828332	1.6971358147501645	5.7647485858342185	3.5954810610079146	0.00032379268509340995	13.277781401672938	3.2425657190493826	54.37036415789197	HPVVT-FJ-M03|Fc-receptor engagement|within_trajectory	0.0005368141884443375	yes	3.730942200292192	0.0005478923260131	0.001015212251142	-4.440892098500626e-16	yes
HPVVT-FJ-M01	Primary 2vHPV induction	within_trajectory	dose0_v2_minus_v1	0	HPV52	cross_reactive_non_booster_target	FcgR2B	fc_gamma_receptor_binding	Fc-receptor engagement	high	mixedlm_powell	0.7677191859783866	0.8102201729411078	-0.8202831725339989	2.355721544490772	0.9475439042594531	0.3433616951840516	1.702575984579023	0.5663307721960762	5.118501634697704	HPVVT-FJ-M01|Fc-receptor engagement|within_trajectory	0.4506622249290677	no	0.7677191859783923	0.4094498906549496	0.5732298469169295	-5.662137425588298e-15	yes
HPVVT-FJ-M03	Heterologous 2vHPV recall	within_trajectory	dose1_v2_minus_v1	1	HPV52	cross_reactive_non_booster_target	FcgR2B	fc_gamma_receptor_binding	Fc-receptor engagement	high	mixedlm_powell	5.072012448298677	0.8102201729411105	3.4840100897862865	6.660014806811068	6.260042168398747	3.848733868174751e-10	33.63782333361838	11.189006914269104	101.12632580293958	HPVVT-FJ-M03|Fc-receptor engagement|within_trajectory	1.4262954923235841e-09	yes	5.072012448298682	0.0001993973371816	0.0004486440086586	-4.440892098500626e-15	yes
HPVVT-FJ-M03	Heterologous 2vHPV recall	within_trajectory	dose2_v2_minus_v1	2	HPV52	cross_reactive_non_booster_target	FcgR2B	fc_gamma_receptor_binding	Fc-receptor engagement	high	mixedlm_powell	3.8170290982875903	0.7906939258776029	2.2672974807729056	5.366760715802275	4.827442039662835	1.3829792054265258e-06	14.09419425455015	4.81420468084028	41.262539682945594	HPVVT-FJ-M03|Fc-receptor engagement|within_trajectory	3.111703212209683e-06	yes	3.817029098287597	7.991500943753955e-06	2.517322797282496e-05	-6.661338147750939e-15	yes
HPVVT-FJ-M03	Heterologous 2vHPV recall	within_trajectory	dose3_v2_minus_v1	3	HPV52	cross_reactive_non_booster_target	FcgR2B	fc_gamma_receptor_binding	Fc-receptor engagement	high	mixedlm_powell	3.952556971317967	0.8312683578602691	2.3233009284240866	5.581813014211847	4.754850745783309	1.9859307871910236e-06	15.482397302464538	5.004760142935764	47.89532752527713	HPVVT-FJ-M03|Fc-receptor engagement|within_trajectory	4.314263434242568e-06	yes	3.9525569713179705	8.201981017236678e-07	6.459060051073884e-06	-3.552713678800501e-15	yes
HPVVT-FJ-M01	Primary 2vHPV induction	within_trajectory	dose0_v2_minus_v1	0	HPV52	cross_reactive_non_booster_target	FcgR3A	fc_gamma_receptor_binding	Fc-receptor engagement	moderate	mixedlm_powell	0.377292819726305	0.6539742399380788	-0.9044731373692851	1.6590587768218952	0.5769230600918299	0.5639914319885077	1.2989022104799008	0.5342277648298142	3.1581042084681568	HPVVT-FJ-M01|Fc-receptor engagement|within_trajectory	0.6579900039865922	no	0.3772928197263262	0.5168517546460797	0.629138412349363	-2.120525977034049e-14	yes
HPVVT-FJ-M03	Heterologous 2vHPV recall	within_trajectory	dose1_v2_minus_v1	1	HPV52	cross_reactive_non_booster_target	FcgR3A	fc_gamma_receptor_binding	Fc-receptor engagement	moderate	mixedlm_powell	5.692508219630345	0.6539742399380813	4.41074226253475	6.97427417672594	8.704483864944459	3.190232201373082e-18	51.714904219839795	21.26991352146933	125.73776173408972	HPVVT-FJ-M03|Fc-receptor engagement|within_trajectory	5.0246157171626046e-17	yes	5.692508219630346	5.131211037785927e-07	5.387771589675224e-06	-8.881784197001252e-16	yes
HPVVT-FJ-M03	Heterologous 2vHPV recall	within_trajectory	dose2_v2_minus_v1	2	HPV52	cross_reactive_non_booster_target	FcgR3A	fc_gamma_receptor_binding	Fc-receptor engagement	moderate	mixedlm_powell	4.787867908517306	0.6382135084620354	3.536992417484768	6.038743399549844	7.50198459455221	6.285876157617888e-14	27.624336506416657	11.607556655527809	65.74199808504355	HPVVT-FJ-M03|Fc-receptor engagement|within_trajectory	3.9601019792992696e-13	yes	4.787867908517309	2.806426674731426e-06	1.178699203387199e-05	-2.6645352591003757e-15	yes
HPVVT-FJ-M03	Heterologous 2vHPV recall	within_trajectory	dose3_v2_minus_v1	3	HPV52	cross_reactive_non_booster_target	FcgR3A	fc_gamma_receptor_binding	Fc-receptor engagement	moderate	mixedlm_powell	4.106362138532973	0.670963412997814	2.791298014113184	5.421426262952763	6.120098442009016	9.351756516876204e-10	17.224164982944068	6.922523346323937	42.85602872213036	HPVVT-FJ-M03|Fc-receptor engagement|within_trajectory	3.2731147809066713e-09	yes	4.106362138532975	6.567272934140503e-07	5.910545640726452e-06	-1.7763568394002505e-15	yes
HPVVT-FJ-M01	Primary 2vHPV induction	within_trajectory	dose0_v2_minus_v1	0	HPV52	cross_reactive_non_booster_target	IgA1	antibody_isotype_or_subclass	Antibody abundance	moderate	mixedlm_lbfgs	1.0713536639138341	0.5418580625468647	0.009331376589327256	2.133375951238341	1.9771850563193822	0.048020716140290624	2.1014041655082787	1.0064889801695462	4.387429523641354	HPVVT-FJ-M01|Antibody abundance|within_trajectory	0.061117275087642614	no	1.0713536639138437	0.0062461031384765	0.0102876992869025	-9.547918011776346e-15	yes
HPVVT-FJ-M03	Heterologous 2vHPV recall	within_trajectory	dose1_v2_minus_v1	1	HPV52	cross_reactive_non_booster_target	IgA1	antibody_isotype_or_subclass	Antibody abundance	moderate	mixedlm_lbfgs	2.050698106177875	0.5418580625468671	0.9886758188533635	3.1127203935023866	3.7845669335233034	0.0001539764647067066	4.143063998996063	1.9843628025349838	8.650121478718173	HPVVT-FJ-M03|Antibody abundance|within_trajectory	0.00033164161629136807	yes	2.050698106177875	0.0202325112982141	0.0333241362558821	0.0	yes
HPVVT-FJ-M03	Heterologous 2vHPV recall	within_trajectory	dose2_v2_minus_v1	2	HPV52	cross_reactive_non_booster_target	IgA1	antibody_isotype_or_subclass	Antibody abundance	moderate	mixedlm_lbfgs	1.296055960363998	0.5287993227672385	0.25962833269103913	2.3324835880369568	2.4509410367276185	0.014248329123944185	2.455566614387872	1.1971702497124463	5.036716706871593	HPVVT-FJ-M03|Antibody abundance|within_trajectory	0.022164067526135398	yes	1.2960559603639987	0.0316586433798273	0.0492467785908425	-6.661338147750939e-16	yes
HPVVT-FJ-M03	Heterologous 2vHPV recall	within_trajectory	dose3_v2_minus_v1	3	HPV52	cross_reactive_non_booster_target	IgA1	antibody_isotype_or_subclass	Antibody abundance	moderate	mixedlm_lbfgs	0.2504407937538805	0.555934642075889	-0.8391710824730277	1.3400526699807886	0.45048603702536233	0.6523600200076473	1.1895705148492701	0.5589646365445411	2.5316056102343376	HPVVT-FJ-M03|Antibody abundance|within_trajectory	0.721029495797926	no	0.2504407937538809	0.4869649403942416	0.5527710134204906	-3.885780586188048e-16	yes
HPVVT-FJ-M01	Primary 2vHPV induction	within_trajectory	dose0_v2_minus_v1	0	HPV52	cross_reactive_non_booster_target	IgA2	antibody_isotype_or_subclass	Antibody abundance	high	mixedlm_lbfgs	3.571645274820661	0.705028389111275	2.189815024084271	4.953475525557051	5.065959513095502	4.0634828236027074e-07	11.88974010526954	4.5624698464605435	30.98451595916262	HPVVT-FJ-M01|Antibody abundance|within_trajectory	1.2641946562319534e-06	yes	3.571645274820687	7.127767520444699e-05	0.0002494718632155	-2.5757174171303632e-14	yes
HPVVT-FJ-M03	Heterologous 2vHPV recall	within_trajectory	dose1_v2_minus_v1	1	HPV52	cross_reactive_non_booster_target	IgA2	antibody_isotype_or_subclass	Antibody abundance	high	mixedlm_lbfgs	1.1243507321540696	0.7050283891112775	-0.25747951858232554	2.5061809828904646	1.5947595153882643	0.11076602344292812	2.1800341459390067	0.8365481471451864	5.681142076135863	HPVVT-FJ-M03|Antibody abundance|within_trajectory	0.14538040576884315	no	1.124350732154068	0.076570159352253	0.1054408751735943	1.5543122344752192e-15	yes
HPVVT-FJ-M03	Heterologous 2vHPV recall	within_trajectory	dose2_v2_minus_v1	2	HPV52	cross_reactive_non_booster_target	IgA2	antibody_isotype_or_subclass	Antibody abundance	high	mixedlm_lbfgs	0.4172285805384668	0.6880372563644827	-0.9312996619576712	1.7657568230346048	0.606404052511719	0.5442464780887382	1.3353598608931732	0.5243857323976624	3.4005234084675187	HPVVT-FJ-M03|Antibody abundance|within_trajectory	0.6235549065761912	no	0.4172285805384668	0.5509000878411539	0.6009819140085314	0.0	yes
HPVVT-FJ-M03	Heterologous 2vHPV recall	within_trajectory	dose3_v2_minus_v1	3	HPV52	cross_reactive_non_booster_target	IgA2	antibody_isotype_or_subclass	Antibody abundance	high	mixedlm_lbfgs	-1.2764390407390143	0.7233438648336393	-2.6941669642509565	0.14128888277292773	-1.7646365757627327	0.07762486423743008	0.41281318610345064	0.15451652425937576	1.1028899817524966	HPVVT-FJ-M03|Antibody abundance|within_trajectory	0.10516917090232462	no	-1.2764390407390132	0.1676308742213428	0.2101640811133253	-1.1102230246251565e-15	yes
HPVVT-FJ-M01	Primary 2vHPV induction	within_trajectory	dose0_v2_minus_v1	0	HPV52	cross_reactive_non_booster_target	IgG	antibody_isotype_or_subclass	Antibody abundance	none	mixedlm_powell	0.5977975761375143	0.42165373807399914	-0.22862856443420942	1.424223716709238	1.4177452306437335	0.1562651595626277	1.5134044330078351	0.853445797570277	2.6837005752074887	HPVVT-FJ-M01|Antibody abundance|within_trajectory	0.16828555645206061	no	0.5977975761374935	0.2978551987635214	0.3124413154403235	2.0761170560490427e-14	yes
HPVVT-FJ-M03	Heterologous 2vHPV recall	within_trajectory	dose1_v2_minus_v1	1	HPV52	cross_reactive_non_booster_target	IgG	antibody_isotype_or_subclass	Antibody abundance	none	mixedlm_powell	4.4339322931063805	0.4216537380739973	3.6075061525346603	5.260358433678101	10.515576864939963	7.323127095602787e-26	21.614570938744105	12.188985529329646	38.32884006153177	HPVVT-FJ-M03|Antibody abundance|within_trajectory	1.5378566900765852e-24	yes	4.433932293106385	1.2247729373120316e-08	1.1431214081578961e-07	-4.440892098500626e-15	yes
HPVVT-FJ-M03	Heterologous 2vHPV recall	within_trajectory	dose2_v2_minus_v1	2	HPV52	cross_reactive_non_booster_target	IgG	antibody_isotype_or_subclass	Antibody abundance	none	mixedlm_powell	3.1813247344463296	0.41149191374543553	2.3748154035758136	3.9878340653168456	7.731196235400187	1.0654064193367891e-14	9.07139694198637	5.186694525659922	15.865642765728442	HPVVT-FJ-M03|Antibody abundance|within_trajectory	8.94941392242903e-14	yes	3.181324734446331	1.1664655203317757e-08	1.1431214081578961e-07	-1.3322676295501878e-15	yes
HPVVT-FJ-M03	Heterologous 2vHPV recall	within_trajectory	dose3_v2_minus_v1	3	HPV52	cross_reactive_non_booster_target	IgG	antibody_isotype_or_subclass	Antibody abundance	none	mixedlm_powell	3.6222835143800785	0.4326076073397049	2.7743881845562113	4.470178844203946	8.373138735712713	5.610348952349459e-17	12.314477530075957	6.841858107618113	22.164498949473092	HPVVT-FJ-M03|Antibody abundance|within_trajectory	5.890866399966932e-16	yes	3.6222835143800807	8.306527277170151e-10	3.080257277010637e-08	-2.220446049250313e-15	yes
HPVVT-FJ-M01	Primary 2vHPV induction	within_trajectory	dose0_v2_minus_v1	0	HPV52	cross_reactive_non_booster_target	IgG1	antibody_isotype_or_subclass	IgG subclass architecture	none	mixedlm_powell	0.5205546693093737	0.4010610978938834	-0.2655106381627307	1.306619976781478	1.2979435603278258	0.19430672997672294	1.4345066631529633	0.8319042322530388	2.4736132920698126	HPVVT-FJ-M01|IgG subclass architecture|within_trajectory	0.45338236994568687	no	0.520554669309383	0.2918575398215692	0.5448007410002627	-9.325873406851315e-15	yes
HPVVT-FJ-M03	Heterologous 2vHPV recall	within_trajectory	dose1_v2_minus_v1	1	HPV52	cross_reactive_non_booster_target	IgG1	antibody_isotype_or_subclass	IgG subclass architecture	none	mixedlm_powell	4.170886389476327	0.40106109789388567	3.384821082004218	4.956951696948436	10.399628414172138	2.4890190427320142e-25	18.011998898783112	10.445582791717507	31.059263116176933	HPVVT-FJ-M03|IgG subclass architecture|within_trajectory	5.22693998973723e-24	yes	4.170886389476325	3.612628552529027e-08	3.0346079841243826e-07	1.7763568394002505e-15	yes
HPVVT-FJ-M03	Heterologous 2vHPV recall	within_trajectory	dose2_v2_minus_v1	2	HPV52	cross_reactive_non_booster_target	IgG1	antibody_isotype_or_subclass	IgG subclass architecture	none	mixedlm_powell	3.0995202948294995	0.3913955546914618	2.3323991039251575	3.8666414857338416	7.919150480063219	2.3913879186553187e-15	8.571337202909358	5.036421765760502	14.587305206533742	HPVVT-FJ-M03|IgG subclass architecture|within_trajectory	1.545204501284975e-14	yes	3.099520294829498	5.033689092945708e-08	3.843908034613086e-07	1.3322676295501878e-15	yes
HPVVT-FJ-M03	Heterologous 2vHPV recall	within_trajectory	dose3_v2_minus_v1	3	HPV52	cross_reactive_non_booster_target	IgG1	antibody_isotype_or_subclass	IgG subclass architecture	none	mixedlm_powell	3.110324158947204	0.41148000430263143	2.30383817015566	3.9168101477387482	7.558870726217968	4.065837333725861e-14	8.635766043126997	4.937696525706057	15.103491023268464	HPVVT-FJ-M03|IgG subclass architecture|within_trajectory	2.276868906886482e-13	yes	3.110324158947204	3.002412193305938e-09	6.30506560594247e-08	0.0	yes
HPVVT-FJ-M01	Primary 2vHPV induction	within_trajectory	dose0_v2_minus_v1	0	HPV52	cross_reactive_non_booster_target	IgG2	antibody_isotype_or_subclass	IgG subclass architecture	high	mixedlm_lbfgs	-0.184081766233414	0.6190301718739063	-1.39735860844991	1.029195075983082	-0.29737123422622225	0.7661831026546388	0.8802091253869775	0.3796235482932392	2.040885260932339	HPVVT-FJ-M01|IgG subclass architecture|within_trajectory	0.894369027124296	no	-0.1840817662334134	0.7363259906995169	0.8460604444422937	-5.828670879282072e-16	yes
HPVVT-FJ-M03	Heterologous 2vHPV recall	within_trajectory	dose1_v2_minus_v1	1	HPV52	cross_reactive_non_booster_target	IgG2	antibody_isotype_or_subclass	IgG subclass architecture	high	mixedlm_lbfgs	1.9257523427772694	0.6190301718739056	0.7124755005607748	3.139029184993764	3.1109183853635143	0.0018650647910020523	3.7993492681813645	1.638613380380743	8.8093109909039	HPVVT-FJ-M03|IgG subclass architecture|within_trajectory	0.0027485165341082874	yes	1.9257523427772696	0.001697754028771	0.0029104354778932	-2.220446049250313e-16	yes
HPVVT-FJ-M03	Heterologous 2vHPV recall	within_trajectory	dose2_v2_minus_v1	2	HPV52	cross_reactive_non_booster_target	IgG2	antibody_isotype_or_subclass	IgG subclass architecture	high	mixedlm_lbfgs	3.6433666444970663	0.6041115898890875	2.4593296856712232	4.827403603322909	6.030949754110782	1.6299886572699873e-09	12.495759132948821	5.499611413713634	28.39182345125672	HPVVT-FJ-M03|IgG subclass architecture|within_trajectory	5.476761888427157e-09	yes	3.6433666444970663	2.782018822108761e-06	9.347583242285438e-06	0.0	yes
HPVVT-FJ-M03	Heterologous 2vHPV recall	within_trajectory	dose3_v2_minus_v1	3	HPV52	cross_reactive_non_booster_target	IgG2	antibody_isotype_or_subclass	IgG subclass architecture	high	mixedlm_lbfgs	1.5323128926774037	0.6351115556301795	0.2875171174770448	2.7771086678777626	2.4126673166212353	0.015836267003745262	2.892491846659397	1.2205379196823876	6.8547719395463345	HPVVT-FJ-M03|IgG subclass architecture|within_trajectory	0.02046532966637849	yes	1.532312892677406	0.0974811912895932	0.1169774295475119	-2.220446049250313e-15	yes
HPVVT-FJ-M01	Primary 2vHPV induction	within_trajectory	dose0_v2_minus_v1	0	HPV52	cross_reactive_non_booster_target	IgG3	antibody_isotype_or_subclass	IgG subclass architecture	low	mixedlm_powell	-0.16576884987306037	0.8088989288081755	-1.7511816174701134	1.4196439177239928	-0.2049314740931883	0.8376256642759662	0.8914533140492528	0.2970583779329357	2.6751947434009273	HPVVT-FJ-M01|IgG subclass architecture|within_trajectory	0.9020584076818098	no	-0.1657688498730647	0.8527807717739152	0.8843652448025787	4.3298697960381105e-15	yes
HPVVT-FJ-M03	Heterologous 2vHPV recall	within_trajectory	dose1_v2_minus_v1	1	HPV52	cross_reactive_non_booster_target	IgG3	antibody_isotype_or_subclass	IgG subclass architecture	low	mixedlm_powell	6.216801706450778	0.8088989288081766	4.631388938853723	7.802214474047833	7.685511112754902	1.5238737766330726e-14	74.37787919087638	24.78488979548831	223.20328872067952	HPVVT-FJ-M03|IgG subclass architecture|within_trajectory	9.143242659798435e-14	yes	6.216801706450782	1.1194755743851e-06	4.60750911786394e-06	-3.552713678800501e-15	yes
HPVVT-FJ-M03	Heterologous 2vHPV recall	within_trajectory	dose2_v2_minus_v1	2	HPV52	cross_reactive_non_booster_target	IgG3	antibody_isotype_or_subclass	IgG subclass architecture	low	mixedlm_powell	4.1177245075982105	0.7894045236318897	2.5705200720467087	5.664928943149713	5.216241336765335	1.8259024980360422e-07	17.360354556137622	5.940235271055154	50.73568580412041	HPVVT-FJ-M03|IgG subclass architecture|within_trajectory	4.947606768871856e-07	yes	4.117724507598211	8.492028817818184e-06	2.547608645345455e-05	-8.881784197001252e-16	yes
HPVVT-FJ-M03	Heterologous 2vHPV recall	within_trajectory	dose3_v2_minus_v1	3	HPV52	cross_reactive_non_booster_target	IgG3	antibody_isotype_or_subclass	IgG subclass architecture	low	mixedlm_powell	3.4941732929610865	0.8299127899820593	1.8675741142870965	5.120772471635076	4.210289725787479	2.5504340564460932e-05	11.268107231189486	3.6491845504717952	34.79414066826767	HPVVT-FJ-M03|IgG subclass architecture|within_trajectory	4.982243273057484e-05	yes	3.494173292961086	0.0006982549790803	0.0013965099581606	4.440892098500626e-16	yes
HPVVT-FJ-M01	Primary 2vHPV induction	within_trajectory	dose0_v2_minus_v1	0	HPV52	cross_reactive_non_booster_target	IgG4	antibody_isotype_or_subclass	IgG subclass architecture	none	mixedlm_powell	0.043225782194336794	0.4434755810939822	-0.8259703847728405	0.9124219491615141	0.09747049000467131	0.9223527681853857	1.0304152012813819	0.5641026483456603	1.882202627740808	HPVVT-FJ-M01|IgG subclass architecture|within_trajectory	0.9565139818218815	no	0.0432257821943365	0.7554111111091908	0.8460604444422937	2.914335439641036e-16	yes
HPVVT-FJ-M03	Heterologous 2vHPV recall	within_trajectory	dose1_v2_minus_v1	1	HPV52	cross_reactive_non_booster_target	IgG4	antibody_isotype_or_subclass	IgG subclass architecture	none	mixedlm_powell	1.1113698544706163	0.4434755810939818	0.24217368750343993	1.9805660214377927	2.5060452071093713	0.012209000885994449	2.1605069239723638	1.1827733869476722	3.946478860653496	HPVVT-FJ-M03|IgG subclass architecture|within_trajectory	0.0162786678479926	yes	1.1113698544706156	0.0356484883622276	0.0467886409754237	6.661338147750939e-16	yes
HPVVT-FJ-M03	Heterologous 2vHPV recall	within_trajectory	dose2_v2_minus_v1	2	HPV52	cross_reactive_non_booster_target	IgG4	antibody_isotype_or_subclass	IgG subclass architecture	none	mixedlm_powell	1.818715089989516	0.4327878519405099	0.9704664872396632	2.6669636927393685	4.202324722921087	2.6418779234170557e-05	3.5276687318500564	1.9594740775551205	6.350911616651647	HPVVT-FJ-M03|IgG subclass architecture|within_trajectory	5.0435851265234695e-05	yes	1.8187150899895148	0.0047968859244638	0.007461822549166	1.1102230246251565e-15	yes
HPVVT-FJ-M03	Heterologous 2vHPV recall	within_trajectory	dose3_v2_minus_v1	3	HPV52	cross_reactive_non_booster_target	IgG4	antibody_isotype_or_subclass	IgG subclass architecture	none	mixedlm_powell	0.9141729682655542	0.45499634588080956	0.022396517241838	1.8059494192892704	2.0091874946728256	0.044517253416683486	1.884488470235231	1.0156452073244226	3.496591889410794	HPVVT-FJ-M03|IgG subclass architecture|within_trajectory	0.05499190127943254	no	0.9141729682655536	0.0710999558967502	0.0878293572842208	5.551115123125783e-16	yes
HPVVT-FJ-M01	Primary 2vHPV induction	within_trajectory	dose0_v2_minus_v1	0	HPV52	cross_reactive_non_booster_target	IgM	antibody_isotype_or_subclass	Antibody abundance	none	mixedlm_lbfgs	0.17281441567509215	0.23547056474200861	-0.2886994106385518	0.6343282419887362	0.733910906717512	0.46300303933538656	1.127255395782442	0.8186397295952357	1.5522148283090427	HPVVT-FJ-M01|Antibody abundance|within_trajectory	0.46300303933538656	no	0.1728144156751016	0.4596749782058678	0.4596749782058677	-9.46465128492946e-15	yes
HPVVT-FJ-M03	Heterologous 2vHPV recall	within_trajectory	dose1_v2_minus_v1	1	HPV52	cross_reactive_non_booster_target	IgM	antibody_isotype_or_subclass	Antibody abundance	none	mixedlm_lbfgs	0.29602632876744595	0.2354705647420089	-0.16548749754619857	0.7575401550810905	1.2571691459260923	0.20869239318960953	1.2277580899408325	0.8916271809547466	1.6906056248768253	HPVVT-FJ-M03|Antibody abundance|within_trajectory	0.2577964857048118	no	0.2960263287674475	0.3239335709652978	0.3832453515645777	-1.5543122344752192e-15	yes
HPVVT-FJ-M03	Heterologous 2vHPV recall	within_trajectory	dose2_v2_minus_v1	2	HPV52	cross_reactive_non_booster_target	IgM	antibody_isotype_or_subclass	Antibody abundance	none	mixedlm_lbfgs	0.07113848981235756	0.22979574130895883	-0.3792528869538849	0.5215298665786	0.30957270751468074	0.7568859135958363	1.0505453850383333	0.768835636254839	1.4354766532433785	HPVVT-FJ-M03|Antibody abundance|within_trajectory	0.8151079069493622	no	0.0711384898123578	0.6824414543542877	0.7140063926963462	-2.498001805406602e-16	yes
HPVVT-FJ-M03	Heterologous 2vHPV recall	within_trajectory	dose3_v2_minus_v1	3	HPV52	cross_reactive_non_booster_target	IgM	antibody_isotype_or_subclass	Antibody abundance	none	mixedlm_lbfgs	0.14465695012662658	0.24158770197856688	-0.3288462448591605	0.6181601451124136	0.5987761336438401	0.549322179602835	1.1054677594617488	0.7961729463432601	1.5349164686167358	HPVVT-FJ-M03|Antibody abundance|within_trajectory	0.6235549065761912	no	0.1446569501266268	0.5916279250654369	0.6371377654550859	-2.220446049250313e-16	yes
HPVVT-FJ-M01	Primary 2vHPV induction	within_trajectory	dose0_v2_minus_v1	0	HPV58	cross_reactive_non_booster_target	FcgR2A	fc_gamma_receptor_binding	Fc-receptor engagement	moderate	mixedlm_powell	-0.1333733058759497	0.9159399558879346	-1.9285826314175074	1.6618360196656081	-0.14561359073658312	0.8842264384908506	0.9116972279451784	0.2626871198318	3.1641895345882936	HPVVT-FJ-M01|Fc-receptor engagement|within_trajectory	0.8842264384908506	no	-0.1333733058759735	0.9036063158054084	0.922892477127598	2.3814283878209608e-14	yes
HPVVT-FJ-M03	Heterologous 2vHPV recall	within_trajectory	dose1_v2_minus_v1	1	HPV58	cross_reactive_non_booster_target	FcgR2A	fc_gamma_receptor_binding	Fc-receptor engagement	moderate	mixedlm_powell	4.423546303399875	0.9159399558879281	2.6283369778583303	6.21875562894142	4.829515597571691	1.3686559383915333e-06	21.45952597691428	6.183128454318747	74.47868155354335	HPVVT-FJ-M03|Fc-receptor engagement|within_trajectory	3.111703212209683e-06	yes	4.423546303399879	0.0008283596535361	0.0014496293936882	-4.440892098500626e-15	yes
HPVVT-FJ-M03	Heterologous 2vHPV recall	within_trajectory	dose2_v2_minus_v1	2	HPV58	cross_reactive_non_booster_target	FcgR2A	fc_gamma_receptor_binding	Fc-receptor engagement	moderate	mixedlm_powell	2.810645944980555	0.8938658697675057	1.0587010332266737	4.562590856734436	3.144371029303987	0.001664442601859351	7.015986369648602	2.083055145984758	23.630706481284456	HPVVT-FJ-M03|Fc-receptor engagement|within_trajectory	0.0023367066301750363	yes	2.810645944980559	0.0010124625360127	0.0017239226964541	-3.9968028886505635e-15	yes
HPVVT-FJ-M03	Heterologous 2vHPV recall	within_trajectory	dose3_v2_minus_v1	3	HPV58	cross_reactive_non_booster_target	FcgR2A	fc_gamma_receptor_binding	Fc-receptor engagement	moderate	mixedlm_powell	3.6656711636165977	0.9397345665508454	1.8238252581495822	5.5075170690836135	3.9007516527468953	9.589448549761162e-05	12.69044860189651	3.540186238545299	45.49124674964932	HPVVT-FJ-M03|Fc-receptor engagement|within_trajectory	0.00018307129049544037	yes	3.665671163616598	0.0002397721049417	0.0005035214203776	-4.440892098500626e-16	yes
HPVVT-FJ-M01	Primary 2vHPV induction	within_trajectory	dose0_v2_minus_v1	0	HPV58	cross_reactive_non_booster_target	FcgR2B	fc_gamma_receptor_binding	Fc-receptor engagement	low	mixedlm_powell	1.068627437123657	0.5386579198330131	0.012877314263687545	2.1243775599836265	1.9838702779213517	0.047270303075835636	2.0974369411878144	1.0089658284765717	4.360149370867862	HPVVT-FJ-M01|Fc-receptor engagement|within_trajectory	0.09926763645925483	no	1.0686274371236375	0.1139539361792558	0.1994193883136976	1.9539925233402755e-14	yes
HPVVT-FJ-M03	Heterologous 2vHPV recall	within_trajectory	dose1_v2_minus_v1	1	HPV58	cross_reactive_non_booster_target	FcgR2B	fc_gamma_receptor_binding	Fc-receptor engagement	low	mixedlm_powell	4.047478197925718	0.53865791983301	2.991728075065755	5.103228320785682	7.514004805091294	5.734547832561983e-14	16.535310114126347	7.954261956961818	34.37358262145572	HPVVT-FJ-M03|Fc-receptor engagement|within_trajectory	3.9601019792992696e-13	yes	4.047478197925714	1.8939419614874525e-06	9.943195297809123e-06	4.440892098500626e-15	yes
HPVVT-FJ-M03	Heterologous 2vHPV recall	within_trajectory	dose2_v2_minus_v1	2	HPV58	cross_reactive_non_booster_target	FcgR2B	fc_gamma_receptor_binding	Fc-receptor engagement	low	mixedlm_powell	3.072642271641602	0.5256763032593396	2.042335649727141	4.102948893556063	5.845122278844156	5.061962925531772e-09	8.413127869224937	4.119118554399522	17.183462823212576	HPVVT-FJ-M03|Fc-receptor engagement|within_trajectory	1.5945183215425082e-08	yes	3.0726422716416044	2.633995600546059e-06	1.178699203387199e-05	-2.220446049250313e-15	yes
HPVVT-FJ-M03	Heterologous 2vHPV recall	within_trajectory	dose3_v2_minus_v1	3	HPV58	cross_reactive_non_booster_target	FcgR2B	fc_gamma_receptor_binding	Fc-receptor engagement	low	mixedlm_powell	2.6693060917569764	0.5526513649278886	1.5861293204914124	3.75248286302254	4.829999998471504	1.3653305156042144e-06	6.361231505531746	3.002427314948874	13.477517362533964	HPVVT-FJ-M03|Fc-receptor engagement|within_trajectory	3.111703212209683e-06	yes	2.6693060917569764	2.0545240253580865e-05	5.6276092868504114e-05	0.0	yes
HPVVT-FJ-M01	Primary 2vHPV induction	within_trajectory	dose0_v2_minus_v1	0	HPV58	cross_reactive_non_booster_target	FcgR3A	fc_gamma_receptor_binding	Fc-receptor engagement	high	mixedlm_lbfgs	0.8332113437185299	0.5985495768052922	-0.3399242697815338	2.0063469572185935	1.3920506771815377	0.16390705253426907	1.781646779636449	0.7900827839484542	4.017636267842056	HPVVT-FJ-M01|Fc-receptor engagement|within_trajectory	0.28683734193497085	no	0.8332113437185569	0.0594378782309519	0.1248195442849991	-2.6978419498391304e-14	yes
HPVVT-FJ-M03	Heterologous 2vHPV recall	within_trajectory	dose1_v2_minus_v1	1	HPV58	cross_reactive_non_booster_target	FcgR3A	fc_gamma_receptor_binding	Fc-receptor engagement	high	mixedlm_lbfgs	6.358503677251623	0.598549576805295	5.185368063751554	7.531639290751691	10.623186321824116	2.324872772491508e-26	82.05410907916918	36.38742520496043	185.0330651001476	HPVVT-FJ-M03|Fc-receptor engagement|within_trajectory	1.46466984666965e-24	yes	6.358503677251621	2.851059330484089e-08	5.987224594016586e-07	1.7763568394002505e-15	yes
HPVVT-FJ-M03	Heterologous 2vHPV recall	within_trajectory	dose2_v2_minus_v1	2	HPV58	cross_reactive_non_booster_target	FcgR3A	fc_gamma_receptor_binding	Fc-receptor engagement	high	mixedlm_lbfgs	4.961473050805973	0.5841245756676011	3.816609920012733	6.106336181599213	8.49386116845959	1.9988305439449936e-17	31.15675440595532	14.090099749709962	68.89542035591329	HPVVT-FJ-M03|Fc-receptor engagement|within_trajectory	1.798947489550494e-16	yes	4.961473050805968	1.793549479661962e-08	5.649680860935181e-07	4.440892098500626e-15	yes
HPVVT-FJ-M03	Heterologous 2vHPV recall	within_trajectory	dose3_v2_minus_v1	3	HPV58	cross_reactive_non_booster_target	FcgR3A	fc_gamma_receptor_binding	Fc-receptor engagement	high	mixedlm_lbfgs	4.320035048492862	0.6140989084519629	3.116423304981655	5.523646792004069	7.034754481786855	1.9961217200206566e-12	19.973774014684015	8.672351939292795	46.0027050542185	HPVVT-FJ-M03|Fc-receptor engagement|within_trajectory	1.0479639030108448e-11	yes	4.320035048492859	1.7085977653777345e-05	4.892802691763512e-05	2.6645352591003757e-15	yes
HPVVT-FJ-M01	Primary 2vHPV induction	within_trajectory	dose0_v2_minus_v1	0	HPV58	cross_reactive_non_booster_target	IgA1	antibody_isotype_or_subclass	Antibody abundance	none	mixedlm_lbfgs	0.8254815685332445	0.2846464293616309	0.2675848186565233	1.3833783184099657	2.9000243227520204	0.0037313370470403247	1.772126471533092	1.2037909022928615	2.6087854835310216	HPVVT-FJ-M01|Antibody abundance|within_trajectory	0.006529839832320568	yes	0.8254815685332485	0.001067351388148	0.0025616256391874	-3.9968028886505635e-15	yes
HPVVT-FJ-M03	Heterologous 2vHPV recall	within_trajectory	dose1_v2_minus_v1	1	HPV58	cross_reactive_non_booster_target	IgA1	antibody_isotype_or_subclass	Antibody abundance	none	mixedlm_lbfgs	1.262289839545309	0.2846464293616311	0.7043930896685875	1.8201865894220306	4.434588701415341	9.224823328516021e-06	2.3987616939120233	1.6294590427294933	3.5312686684908057	HPVVT-FJ-M03|Antibody abundance|within_trajectory	2.767446998554806e-05	yes	1.2622898395453075	0.0040037465836696	0.0076435162051874	1.5543122344752192e-15	yes
HPVVT-FJ-M03	Heterologous 2vHPV recall	within_trajectory	dose2_v2_minus_v1	2	HPV58	cross_reactive_non_booster_target	IgA1	antibody_isotype_or_subclass	Antibody abundance	none	mixedlm_lbfgs	1.197066638482192	0.27778647117855526	0.6526151595797499	1.7415181173846341	4.309305033479268	1.637683596986684e-05	2.2927302708550905	1.5720151916398946	3.3438685089370317	HPVVT-FJ-M03|Antibody abundance|within_trajectory	4.743635246444189e-05	yes	1.197066638482191	0.0013075870649727	0.0031382089559346	8.881784197001252e-16	yes
HPVVT-FJ-M03	Heterologous 2vHPV recall	within_trajectory	dose3_v2_minus_v1	3	HPV58	cross_reactive_non_booster_target	IgA1	antibody_isotype_or_subclass	Antibody abundance	none	mixedlm_lbfgs	0.7242248619989894	0.29204107452336947	0.15183487392680728	1.2966148500711716	2.479873295840226	0.013142907624851046	1.6520127965856635	1.110981562125371	2.4565180675562	HPVVT-FJ-M03|Antibody abundance|within_trajectory	0.02083026868844317	yes	0.7242248619989885	0.0013598296443885	0.0031729358369065	8.881784197001252e-16	yes
HPVVT-FJ-M01	Primary 2vHPV induction	within_trajectory	dose0_v2_minus_v1	0	HPV58	cross_reactive_non_booster_target	IgA2	antibody_isotype_or_subclass	Antibody abundance	high	mixedlm_lbfgs	2.1763461476242494	0.8476149121841062	0.5150514469843206	3.8376408482641784	2.567611914727069	0.010240172825909529	4.5200732350078505	1.4290450990553358	14.297002987057725	HPVVT-FJ-M01|Antibody abundance|within_trajectory	0.01610586665671592	yes	2.17634614762424	0.0069011097437843	0.0107350596014423	9.325873406851315e-15	yes
HPVVT-FJ-M03	Heterologous 2vHPV recall	within_trajectory	dose1_v2_minus_v1	1	HPV58	cross_reactive_non_booster_target	IgA2	antibody_isotype_or_subclass	Antibody abundance	high	mixedlm_lbfgs	3.1510056911984083	0.8476149121841052	1.4897109905584816	4.812300391838335	3.7174967616827366	0.00020120656513481234	8.88274570995398	2.808327113961576	28.096146974987107	HPVVT-FJ-M03|Antibody abundance|within_trajectory	0.00042253378678310595	yes	3.151005691198407	0.0053029871458644	0.0096837156576655	1.3322676295501878e-15	yes
HPVVT-FJ-M03	Heterologous 2vHPV recall	within_trajectory	dose2_v2_minus_v1	2	HPV58	cross_reactive_non_booster_target	IgA2	antibody_isotype_or_subclass	Antibody abundance	high	mixedlm_lbfgs	1.2663463789881337	0.827187454632733	-0.3549112405553829	2.8876039985316506	1.5309061711415644	0.1257925838400851	2.4055159726946265	0.7819177478549374	7.4004038286166365	HPVVT-FJ-M03|Antibody abundance|within_trajectory	0.16256272373180228	no	1.2663463789881335	0.1280846138181927	0.1630167812231543	2.220446049250313e-16	yes
HPVVT-FJ-M03	Heterologous 2vHPV recall	within_trajectory	dose3_v2_minus_v1	3	HPV58	cross_reactive_non_booster_target	IgA2	antibody_isotype_or_subclass	Antibody abundance	high	mixedlm_lbfgs	0.4554803152402349	0.8696345508054509	-1.2489720840501168	2.1599327145305867	0.523760601298984	0.6004450595810876	1.3712392545184986	0.42074788247736655	4.468940121721458	HPVVT-FJ-M03|Antibody abundance|within_trajectory	0.6724984667308181	no	0.4554803152402348	0.6355281794961839	0.6757514819959424	1.1102230246251565e-16	yes
HPVVT-FJ-M01	Primary 2vHPV induction	within_trajectory	dose0_v2_minus_v1	0	HPV58	cross_reactive_non_booster_target	IgG	antibody_isotype_or_subclass	Antibody abundance	none	mixedlm_powell	0.7339207789043507	0.3222546204121963	0.10231332904481971	1.3655282287638817	2.277456186557051	0.022758998143220396	1.6631528673931395	1.0734934057506684	2.576706522369152	HPVVT-FJ-M01|Antibody abundance|within_trajectory	0.03186259740050855	yes	0.7339207789043733	0.0276592838732987	0.0387229974226183	-2.2648549702353193e-14	yes
HPVVT-FJ-M03	Heterologous 2vHPV recall	within_trajectory	dose1_v2_minus_v1	1	HPV58	cross_reactive_non_booster_target	IgG	antibody_isotype_or_subclass	Antibody abundance	none	mixedlm_powell	4.3386256009431365	0.32225462041219866	3.707018151083601	4.970233050802672	13.463346453787267	2.570074505516305e-41	20.232821302971082	13.05941304271994	31.346512782683202	HPVVT-FJ-M03|Antibody abundance|within_trajectory	2.1588625846336962e-39	yes	4.338625600943137	1.100091884646656e-09	3.080257277010637e-08	-8.881784197001252e-16	yes
HPVVT-FJ-M03	Heterologous 2vHPV recall	within_trajectory	dose2_v2_minus_v1	2	HPV58	cross_reactive_non_booster_target	IgG	antibody_isotype_or_subclass	Antibody abundance	none	mixedlm_powell	2.5037487786885513	0.3144883075682666	1.8873630222957933	3.1201345350813092	7.961341386738384	1.7018412213734463e-15	5.671572446850577	3.6995839138022086	8.69468966492927	HPVVT-FJ-M03|Antibody abundance|within_trajectory	1.58838513994855e-14	yes	2.5037487786885464	4.754435705187191e-09	5.705322846224628e-08	4.884981308350689e-15	yes
HPVVT-FJ-M03	Heterologous 2vHPV recall	within_trajectory	dose3_v2_minus_v1	3	HPV58	cross_reactive_non_booster_target	IgG	antibody_isotype_or_subclass	Antibody abundance	none	mixedlm_powell	3.3354026832731165	0.3306262644023345	2.6873871127015234	3.9834182538447096	10.08813588751773	6.234213123888407e-24	10.093836256710114	6.441457280066962	15.81715533417564	HPVVT-FJ-M03|Antibody abundance|within_trajectory	1.0473478048132524e-22	yes	3.335402683273118	2.467731294492281e-08	2.0728942873735165e-07	-1.3322676295501878e-15	yes
HPVVT-FJ-M01	Primary 2vHPV induction	within_trajectory	dose0_v2_minus_v1	0	HPV58	cross_reactive_non_booster_target	IgG1	antibody_isotype_or_subclass	IgG subclass architecture	none	mixedlm_lbfgs	0.6841035895221794	0.2992879211761634	0.09751004300903665	1.2706971360353223	2.285770795004822	0.022267671090064063	1.6067033551483196	1.0699252769274217	2.4127812727804008	HPVVT-FJ-M01|IgG subclass architecture|within_trajectory	0.08907068436025625	no	0.6841035895221591	0.0081041086428162	0.0324164345712648	2.0317081350640365e-14	yes
HPVVT-FJ-M03	Heterologous 2vHPV recall	within_trajectory	dose1_v2_minus_v1	1	HPV58	cross_reactive_non_booster_target	IgG1	antibody_isotype_or_subclass	IgG subclass architecture	none	mixedlm_lbfgs	4.19510075016283	0.2992879211761647	3.608507203649684	4.781694296675975	14.016939720375616	1.227967146346447e-44	18.316865677575674	12.197446105857779	27.506378412217245	HPVVT-FJ-M03|IgG subclass architecture|within_trajectory	1.0314924029310154e-42	yes	4.19510075016283	2.2251771349949915e-09	6.230495977985976e-08	0.0	yes
HPVVT-FJ-M03	Heterologous 2vHPV recall	within_trajectory	dose2_v2_minus_v1	2	HPV58	cross_reactive_non_booster_target	IgG1	antibody_isotype_or_subclass	IgG subclass architecture	none	mixedlm_lbfgs	2.5883675264820623	0.292075104108434	2.015910841648745	3.1608242113153797	8.861992994518015	7.859653950832939e-19	6.014177828596154	4.044358374901371	8.943405010407767	HPVVT-FJ-M03|IgG subclass architecture|within_trajectory	7.33567702077741e-18	yes	2.588367526482062	7.530666702375801e-09	8.75227463819387e-08	4.440892098500626e-16	yes
HPVVT-FJ-M03	Heterologous 2vHPV recall	within_trajectory	dose3_v2_minus_v1	3	HPV58	cross_reactive_non_booster_target	IgG1	antibody_isotype_or_subclass	IgG subclass architecture	none	mixedlm_lbfgs	3.1478986002381073	0.30706292816731295	2.5460663200427645	3.74973088043345	10.251640010815226	1.1635236319062489e-24	8.863635780747803	5.840396516850756	13.45183311220037	HPVVT-FJ-M03|IgG subclass architecture|within_trajectory	1.954719701602498e-23	yes	3.147898600238105	5.202980823323543e-09	7.28417315265296e-08	2.220446049250313e-15	yes
HPVVT-FJ-M01	Primary 2vHPV induction	within_trajectory	dose0_v2_minus_v1	0	HPV58	cross_reactive_non_booster_target	IgG2	antibody_isotype_or_subclass	IgG subclass architecture	none	mixedlm_lbfgs	-0.5930982554460152	0.5567663623657815	-1.684340273486324	0.4981437625942934	-1.065255186979785	0.28676046598558835	0.6629177302780818	0.3111451636141807	1.4123951406230848	HPVVT-FJ-M01|IgG subclass architecture|within_trajectory	0.5735209319711767	no	-0.5930982554460169	0.2536427727983888	0.5331987688891412	1.6653345369377348e-15	yes
HPVVT-FJ-M03	Heterologous 2vHPV recall	within_trajectory	dose1_v2_minus_v1	1	HPV58	cross_reactive_non_booster_target	IgG2	antibody_isotype_or_subclass	IgG subclass architecture	none	mixedlm_lbfgs	2.168248278714037	0.5567663623657821	1.077006260673727	3.259490296754347	3.8943593314452962	9.845860758449637e-05	4.49477306765701	2.109653789103055	9.576445687007418	HPVVT-FJ-M03|IgG subclass architecture|within_trajectory	0.0001654104607419539	yes	2.1682482787140382	0.0011588855963925	0.0021162258716733	-1.3322676295501878e-15	yes
HPVVT-FJ-M03	Heterologous 2vHPV recall	within_trajectory	dose2_v2_minus_v1	2	HPV58	cross_reactive_non_booster_target	IgG2	antibody_isotype_or_subclass	IgG subclass architecture	none	mixedlm_lbfgs	1.7791270129782308	0.5433483336480562	0.7141838479681879	2.8440701779882738	3.274376496258158	0.0010589541761902215	3.4321842734136143	1.640554871051833	7.180429679328632	HPVVT-FJ-M03|IgG subclass architecture|within_trajectory	0.0016173118327268837	yes	1.7791270129782335	0.0015583679180821	0.0027271438566437	-2.6645352591003757e-15	yes
HPVVT-FJ-M03	Heterologous 2vHPV recall	within_trajectory	dose3_v2_minus_v1	3	HPV58	cross_reactive_non_booster_target	IgG2	antibody_isotype_or_subclass	IgG subclass architecture	none	mixedlm_lbfgs	1.1876474503871224	0.571230234956491	0.06805676299204722	2.3072381377821976	2.079104672177554	0.037607730768076365	2.2778100607844847	1.0483037203285186	4.94934680894299	HPVVT-FJ-M03|IgG subclass architecture|within_trajectory	0.04714999081370769	yes	1.1876474503871235	0.1168153208340084	0.1382040415500945	-1.1102230246251565e-15	yes
HPVVT-FJ-M01	Primary 2vHPV induction	within_trajectory	dose0_v2_minus_v1	0	HPV58	cross_reactive_non_booster_target	IgG3	antibody_isotype_or_subclass	IgG subclass architecture	low	mixedlm_powell	0.15717563625060307	0.6949525398106782	-1.2049063127429642	1.5192575852441705	0.22616743913680998	0.8210711942963986	1.11510196495361	0.433797513063265	2.866435041230994	HPVVT-FJ-M01|IgG subclass architecture|within_trajectory	0.9020584076818098	no	0.1571756362506112	0.8378948697010953	0.8843652448025787	-8.132383655379272e-15	yes
HPVVT-FJ-M03	Heterologous 2vHPV recall	within_trajectory	dose1_v2_minus_v1	1	HPV58	cross_reactive_non_booster_target	IgG3	antibody_isotype_or_subclass	IgG subclass architecture	low	mixedlm_powell	5.505721553370761	0.6949525398106724	4.143639604377205	6.867803502364318	7.922442523730754	2.3288975241828136e-15	45.434665532376165	17.675015858864633	116.79247410709216	HPVVT-FJ-M03|IgG subclass architecture|within_trajectory	1.545204501284975e-14	yes	5.505721553370764	2.312793044289525e-07	1.387675826573715e-06	-2.6645352591003757e-15	yes
HPVVT-FJ-M03	Heterologous 2vHPV recall	within_trajectory	dose2_v2_minus_v1	2	HPV58	cross_reactive_non_booster_target	IgG3	antibody_isotype_or_subclass	IgG subclass architecture	low	mixedlm_powell	4.195767953699136	0.6782042342970037	2.866512080314444	5.525023827083827	6.186584721117646	6.148164849068595e-10	18.325338642121718	7.292998413837467	46.046635045370444	HPVVT-FJ-M03|IgG subclass architecture|within_trajectory	2.3474811241898272e-09	yes	4.195767953699142	3.0829932160286737e-06	9.960439621015716e-06	-6.217248937900877e-15	yes
HPVVT-FJ-M03	Heterologous 2vHPV recall	within_trajectory	dose3_v2_minus_v1	3	HPV58	cross_reactive_non_booster_target	IgG3	antibody_isotype_or_subclass	IgG subclass architecture	low	mixedlm_powell	2.6067853068324762	0.7130062615723464	1.209318713399132	4.00425190026582	3.656048266790676	0.00025613314896666867	6.091448398779093	2.3122841756283994	16.047224638772743	HPVVT-FJ-M03|IgG subclass architecture|within_trajectory	0.00040594687760755034	yes	2.6067853068324798	0.0023488471021662	0.0038686893447444	-3.552713678800501e-15	yes
HPVVT-FJ-M01	Primary 2vHPV induction	within_trajectory	dose0_v2_minus_v1	0	HPV58	cross_reactive_non_booster_target	IgG4	antibody_isotype_or_subclass	IgG subclass architecture	none	mixedlm_lbfgs	-0.19873427044008932	0.41229596587983863	-1.006819514535728	0.6093509736555494	-0.48201846946523197	0.6297928259648087	0.8713146645456449	0.4976421135326629	1.5255727439604243	HPVVT-FJ-M01|IgG subclass architecture|within_trajectory	0.894369027124296	no	-0.1987342704400951	0.4971905767869459	0.741977992966963	5.773159728050814e-15	yes
HPVVT-FJ-M03	Heterologous 2vHPV recall	within_trajectory	dose1_v2_minus_v1	1	HPV58	cross_reactive_non_booster_target	IgG4	antibody_isotype_or_subclass	IgG subclass architecture	none	mixedlm_lbfgs	0.7684966264857341	0.4122959658798409	-0.03958861760990906	1.5765818705813772	1.8639440840653385	0.062329557074588905	1.7034937171620885	0.9729323381010788	2.982623488571134	HPVVT-FJ-M03|IgG subclass architecture|within_trajectory	0.07479546848950669	no	0.7684966264857342	0.1290205909989409	0.1505240228320977	-1.1102230246251565e-16	yes
HPVVT-FJ-M03	Heterologous 2vHPV recall	within_trajectory	dose2_v2_minus_v1	2	HPV58	cross_reactive_non_booster_target	IgG4	antibody_isotype_or_subclass	IgG subclass architecture	none	mixedlm_lbfgs	1.5971818734756917	0.40235966317852273	0.8085714248141203	2.385792322137263	3.9695377535074607	7.201219672618244e-05	3.025517382639301	1.751476249358358	5.226308627368476	HPVVT-FJ-M03|IgG subclass architecture|within_trajectory	0.00012602134427081927	yes	1.597181873475692	0.00423276924653	0.0068375503213177	-2.220446049250313e-16	yes
HPVVT-FJ-M03	Heterologous 2vHPV recall	within_trajectory	dose3_v2_minus_v1	3	HPV58	cross_reactive_non_booster_target	IgG4	antibody_isotype_or_subclass	IgG subclass architecture	none	mixedlm_lbfgs	1.669670634125714	0.42300673564475616	0.8405926670441364	2.4987486012072915	3.947149048538826	7.908732524462408e-05	3.181419537119633	1.7907856553489119	5.651949601525296	HPVVT-FJ-M03|IgG subclass architecture|within_trajectory	0.00013557827184792698	yes	1.669670634125714	0.0003246329456437	0.0006992094213865	0.0	yes
HPVVT-FJ-M01	Primary 2vHPV induction	within_trajectory	dose0_v2_minus_v1	0	HPV58	cross_reactive_non_booster_target	IgM	antibody_isotype_or_subclass	Antibody abundance	none	mixedlm_lbfgs	0.2835858006847494	0.1519942344122575	-0.014317424621013819	0.5814890259905127	1.8657668284678024	0.06207399518446421	1.2172165043102332	0.9901249987017066	1.4963929001974308	HPVVT-FJ-M01|Antibody abundance|within_trajectory	0.07556834196369555	no	0.283585800684748	0.0867816159512192	0.1012452186097557	1.4432899320127035e-15	yes
HPVVT-FJ-M03	Heterologous 2vHPV recall	within_trajectory	dose1_v2_minus_v1	1	HPV58	cross_reactive_non_booster_target	IgM	antibody_isotype_or_subclass	Antibody abundance	none	mixedlm_lbfgs	0.1508563528680298	0.15199423441225673	-0.14704687243773187	0.44875957817379153	0.992513653240684	0.3209470225778487	1.1102282842441449	0.9030971685014734	1.3648662470960753	HPVVT-FJ-M03|Antibody abundance|within_trajectory	0.3907181144425984	no	0.1508563528680278	0.2968577289156369	0.3562292746987642	2.0261570199409107e-15	yes
HPVVT-FJ-M03	Heterologous 2vHPV recall	within_trajectory	dose2_v2_minus_v1	2	HPV58	cross_reactive_non_booster_target	IgM	antibody_isotype_or_subclass	Antibody abundance	none	mixedlm_lbfgs	-0.058912619225241436	0.14833118445067778	-0.34963639853273754	0.23181116008225466	-0.397169478848399	0.6912424874920007	0.959987403543324	0.7847818610227552	1.1743082514175633	HPVVT-FJ-M03|Antibody abundance|within_trajectory	0.7540827136276371	no	-0.058912619225241	0.5481444483065314	0.6009819140085314	-4.371503159461554e-16	yes
HPVVT-FJ-M03	Heterologous 2vHPV recall	within_trajectory	dose3_v2_minus_v1	3	HPV58	cross_reactive_non_booster_target	IgM	antibody_isotype_or_subclass	Antibody abundance	none	mixedlm_lbfgs	0.042295659475237474	0.1559427941487318	-0.2633466007048203	0.3479379196552953	0.27122548179364814	0.7862176156223155	1.0297510943994514	0.8331530220145863	1.2727401670497736	HPVVT-FJ-M03|Antibody abundance|within_trajectory	0.8153367865712902	no	0.042295659475238	0.8479625268290265	0.8581789428149184	-5.273559366969494e-16	yes
