previous_4vHPV_doses	prior_4vHPV_exposure_status	response_transition	antigen_target	antigen_class	feature	assay_family	outcome_family	calibrated_floor_severity	participants	paired_observations	mean_bpv_calibrated_log2_change	sd_bpv_calibrated_log2_change	se_bpv_calibrated_log2_change	ci95_lower_bpv_calibrated	ci95_upper_bpv_calibrated	bpv_calibrated_geometric_ratio	bpv_calibrated_ratio_ci95_lower	bpv_calibrated_ratio_ci95_upper	positive_calibrated_change_fraction
0	hpv_vaccine_naive	unvaccinated_baseline_to_primary_2vHPV_response	HPV16	vaccine_target_2vHPV_and_4vHPV	IgG	antibody_isotype_or_subclass	Antibody abundance	none	20	20	6.529829771636206	2.4515091722941444	0.5481741156713951	5.382488161531999	7.677171381740413	92.40056522161991	41.71482134376229	204.6722047043244	1.0
0	hpv_vaccine_naive	unvaccinated_baseline_to_primary_2vHPV_response	HPV16	vaccine_target_2vHPV_and_4vHPV	IgM	antibody_isotype_or_subclass	Antibody abundance	none	20	20	4.090902187591764	1.8701686757151093	0.41818242882897444	3.215636304921849	4.966168070261679	17.040575891434067	9.289727673559595	31.2583142278978	0.95
0	hpv_vaccine_naive	unvaccinated_baseline_to_primary_2vHPV_response	HPV16	vaccine_target_2vHPV_and_4vHPV	IgA1	antibody_isotype_or_subclass	Antibody abundance	low	20	20	4.51648405041395	2.5081659047058715	0.5608429461769588	3.342626273320376	5.690341827507523	22.887437645099844	10.144502945117669	51.63730591753082	0.95
0	hpv_vaccine_naive	unvaccinated_baseline_to_primary_2vHPV_response	HPV16	vaccine_target_2vHPV_and_4vHPV	IgA2	antibody_isotype_or_subclass	Antibody abundance	high	20	20	8.702616424256552	3.480532120461806	0.7782706419224085	7.0736772498731915	10.331555598639913	416.628125257582	134.70664875730992	1288.5703590501353	0.95
0	hpv_vaccine_naive	unvaccinated_baseline_to_primary_2vHPV_response	HPV16	vaccine_target_2vHPV_and_4vHPV	IgG1	antibody_isotype_or_subclass	IgG subclass architecture	none	20	20	6.205850401576598	2.501221633904063	0.5592901600202578	5.035242643260352	7.376458159892843	73.81542413066174	32.791332965334945	166.16332264838215	1.0
0	hpv_vaccine_naive	unvaccinated_baseline_to_primary_2vHPV_response	HPV16	vaccine_target_2vHPV_and_4vHPV	IgG2	antibody_isotype_or_subclass	IgG subclass architecture	high	20	20	0.5071697365844242	4.766914749053392	1.0659145421829734	-1.7238150401481103	2.738154513316959	1.4212592479563333	0.3027470820076699	6.6721629041175285	0.65
0	hpv_vaccine_naive	unvaccinated_baseline_to_primary_2vHPV_response	HPV16	vaccine_target_2vHPV_and_4vHPV	IgG3	antibody_isotype_or_subclass	IgG subclass architecture	low	20	20	7.312336102796371	4.533659683542154	1.013757123925044	5.190518057093515	9.434154148499227	158.9397425886087	36.51754963378079	691.7726415784637	0.95
0	hpv_vaccine_naive	unvaccinated_baseline_to_primary_2vHPV_response	HPV16	vaccine_target_2vHPV_and_4vHPV	IgG4	antibody_isotype_or_subclass	IgG subclass architecture	high	20	20	0.6203330171588711	2.1931114623749908	0.49039463121044513	-0.4060747421172596	1.646740776435002	1.5372299789871053	0.7546738856402675	3.1312545104059826	0.35
0	hpv_vaccine_naive	unvaccinated_baseline_to_primary_2vHPV_response	HPV16	vaccine_target_2vHPV_and_4vHPV	FcgR2A	fc_gamma_receptor_binding	Fc-receptor engagement	moderate	20	20	-0.018665850350823465	9.143204429861632	2.0444826637347817	-4.297817244368401	4.260485543666755	0.9871451569241426	0.0508426400456137	19.166108604206105	0.5
0	hpv_vaccine_naive	unvaccinated_baseline_to_primary_2vHPV_response	HPV16	vaccine_target_2vHPV_and_4vHPV	FcgR2B	fc_gamma_receptor_binding	Fc-receptor engagement	high	20	20	7.808529353445612	4.353558012417538	0.9734851659754488	5.771001484449378	9.846057222441846	224.18242229310735	54.60652646608658	920.3617537624872	1.0
0	hpv_vaccine_naive	unvaccinated_baseline_to_primary_2vHPV_response	HPV16	vaccine_target_2vHPV_and_4vHPV	FcgR3A	fc_gamma_receptor_binding	Fc-receptor engagement	high	20	20	6.294517917069219	3.465338199505458	0.7748731779120932	4.6726897165834345	7.916346117555003	78.4944049087644	25.504673316361107	241.57814238806858	0.9
0	hpv_vaccine_naive	unvaccinated_baseline_to_primary_2vHPV_response	HPV18	vaccine_target_2vHPV_and_4vHPV	IgG	antibody_isotype_or_subclass	Antibody abundance	none	20	20	3.8259308846172773	1.6555917514503828	0.3702015699230992	3.051090093788528	4.600771675446026	14.181427779301728	8.288379687171457	24.264440270615026	1.0
0	hpv_vaccine_naive	unvaccinated_baseline_to_primary_2vHPV_response	HPV18	vaccine_target_2vHPV_and_4vHPV	IgM	antibody_isotype_or_subclass	Antibody abundance	none	20	20	1.3423318774951087	0.8246929533249729	0.18440695041997007	0.9563636944660394	1.728300060524178	2.5356082681831524	1.9404129250864564	3.3133717089584436	0.95
0	hpv_vaccine_naive	unvaccinated_baseline_to_primary_2vHPV_response	HPV18	vaccine_target_2vHPV_and_4vHPV	IgA1	antibody_isotype_or_subclass	Antibody abundance	low	20	20	2.807029616163875	2.3849355612767567	0.5332878036971442	1.6908454151032004	3.92321381722455	6.998421783897203	3.2284583498973882	15.170679673437203	0.85
0	hpv_vaccine_naive	unvaccinated_baseline_to_primary_2vHPV_response	HPV18	vaccine_target_2vHPV_and_4vHPV	IgA2	antibody_isotype_or_subclass	Antibody abundance	high	20	20	4.870123649626015	4.096846407430802	0.9160827060391072	2.9527405100587494	6.78750678919328	29.24511282221014	7.742183544223106	110.4696910243069	0.8
0	hpv_vaccine_naive	unvaccinated_baseline_to_primary_2vHPV_response	HPV18	vaccine_target_2vHPV_and_4vHPV	IgG1	antibody_isotype_or_subclass	IgG subclass architecture	none	20	20	3.6194266325948923	1.5904093233923238	0.3556263359154682	2.875092157142744	4.36376110804704	12.290116043327387	7.336500975080486	20.58841849425313	1.0
0	hpv_vaccine_naive	unvaccinated_baseline_to_primary_2vHPV_response	HPV18	vaccine_target_2vHPV_and_4vHPV	IgG2	antibody_isotype_or_subclass	IgG subclass architecture	high	20	20	-0.1287705782011559	2.3314330446343132	0.5213242772791625	-1.2199148306934462	0.9623736742911344	0.9146105221118743	0.42930806161413304	1.9485131586222628	0.6
0	hpv_vaccine_naive	unvaccinated_baseline_to_primary_2vHPV_response	HPV18	vaccine_target_2vHPV_and_4vHPV	IgG3	antibody_isotype_or_subclass	IgG subclass architecture	low	20	20	5.023041005206983	4.174214727191293	0.9333827882680471	3.069448377391306	6.976633633022661	32.51516872971764	8.394523161874169	125.94356786383182	0.9
0	hpv_vaccine_naive	unvaccinated_baseline_to_primary_2vHPV_response	HPV18	vaccine_target_2vHPV_and_4vHPV	IgG4	antibody_isotype_or_subclass	IgG subclass architecture	high	20	20	-0.44523983388474686	2.579721517136863	0.5768432675336914	-1.652586668456224	0.7621070006867302	0.734462209359235	0.31806936537736197	1.695965709671083	0.25
0	hpv_vaccine_naive	unvaccinated_baseline_to_primary_2vHPV_response	HPV18	vaccine_target_2vHPV_and_4vHPV	FcgR2A	fc_gamma_receptor_binding	Fc-receptor engagement	moderate	20	20	0.22316943495463729	7.9068374440424405	1.7680226011919586	-3.4773443980775998	3.923683267986874	1.1672951848384623	0.08978732457495286	15.17561699268145	0.5
0	hpv_vaccine_naive	unvaccinated_baseline_to_primary_2vHPV_response	HPV18	vaccine_target_2vHPV_and_4vHPV	FcgR2B	fc_gamma_receptor_binding	Fc-receptor engagement	high	20	20	2.848739306900521	2.5636592748813984	0.5732516409782625	1.6489098331040082	4.048568780697034	7.203706020949825	3.1359658156709336	16.54781444904439	0.95
0	hpv_vaccine_naive	unvaccinated_baseline_to_primary_2vHPV_response	HPV18	vaccine_target_2vHPV_and_4vHPV	FcgR3A	fc_gamma_receptor_binding	Fc-receptor engagement	high	20	20	3.4385577510964147	2.2744392181673874	0.5085800702513753	2.3740874304676423	4.503028071725187	10.841990562334535	5.184078018654262	22.67495954550964	0.95
0	hpv_vaccine_naive	unvaccinated_baseline_to_primary_2vHPV_response	HPV31	cross_reactive_non_booster_target	IgG	antibody_isotype_or_subclass	Antibody abundance	none	20	20	2.1082144917853523	2.586711124845197	0.5784061913308806	0.897596420111151	3.3188325634595532	4.311573553034123	1.8629596408919553	9.978566413989974	0.9
0	hpv_vaccine_naive	unvaccinated_baseline_to_primary_2vHPV_response	HPV31	cross_reactive_non_booster_target	IgM	antibody_isotype_or_subclass	Antibody abundance	none	20	20	1.6950847512048643	1.2502143868358255	0.2795564355413124	1.1099664070522643	2.2802030953574643	3.237959074698588	2.158406214243655	4.8574632987224104	0.95
0	hpv_vaccine_naive	unvaccinated_baseline_to_primary_2vHPV_response	HPV31	cross_reactive_non_booster_target	IgA1	antibody_isotype_or_subclass	Antibody abundance	low	20	20	1.4223522927063228	3.14434281127605	0.7030964270576039	-0.049245441693746894	2.8939500271063925	2.680221610133323	0.9664416650463431	7.433027920087853	0.6
0	hpv_vaccine_naive	unvaccinated_baseline_to_primary_2vHPV_response	HPV31	cross_reactive_non_booster_target	IgA2	antibody_isotype_or_subclass	Antibody abundance	high	20	20	2.52758455940032	4.625972312253758	1.0343988552231285	0.36256287356594186	4.692606245234698	5.766054845063074	1.2857078639822297	25.85920908447899	0.6
0	hpv_vaccine_naive	unvaccinated_baseline_to_primary_2vHPV_response	HPV31	cross_reactive_non_booster_target	IgG1	antibody_isotype_or_subclass	IgG subclass architecture	none	20	20	1.8249142275915395	2.5949407151565116	0.5802463836671878	0.6104445890927095	3.0393838660903696	3.5428594368691617	1.5267296221404967	8.22139873844525	0.9
0	hpv_vaccine_naive	unvaccinated_baseline_to_primary_2vHPV_response	HPV31	cross_reactive_non_booster_target	IgG2	antibody_isotype_or_subclass	IgG subclass architecture	high	20	20	-1.019273305167562	3.3013084930440564	0.7381950205143901	-2.5643332399485814	0.5257866296134577	0.49336480071315336	0.16906697254924138	1.439718372622044	0.4
0	hpv_vaccine_naive	unvaccinated_baseline_to_primary_2vHPV_response	HPV31	cross_reactive_non_booster_target	IgG3	antibody_isotype_or_subclass	IgG subclass architecture	low	20	20	2.9450766367848944	4.445786850580713	0.9941081611373175	0.8643843428409235	5.025768930728866	7.701164624213754	1.8205625926459057	32.57670832566459	0.7
0	hpv_vaccine_naive	unvaccinated_baseline_to_primary_2vHPV_response	HPV31	cross_reactive_non_booster_target	IgG4	antibody_isotype_or_subclass	IgG subclass architecture	high	20	20	-0.20609391406281596	1.4802947222539498	0.33100396256940023	-0.898893169825023	0.48670534169939106	0.8668811309516324	0.5362980192892546	1.401241228143835	0.15
0	hpv_vaccine_naive	unvaccinated_baseline_to_primary_2vHPV_response	HPV31	cross_reactive_non_booster_target	FcgR2A	fc_gamma_receptor_binding	Fc-receptor engagement	moderate	20	20	-0.6091656397889353	6.6544538100451165	1.4879811072393352	-3.723545889745905	2.505214610168035	0.655575734332114	0.07570089200680248	5.6773379025239326	0.5
0	hpv_vaccine_naive	unvaccinated_baseline_to_primary_2vHPV_response	HPV31	cross_reactive_non_booster_target	FcgR2B	fc_gamma_receptor_binding	Fc-receptor engagement	high	20	20	2.4136020206599214	3.402872744619273	0.7609054775749975	0.8210085529644444	4.006195488355399	5.328029316740641	1.766640576395512	16.068857909947795	0.65
0	hpv_vaccine_naive	unvaccinated_baseline_to_primary_2vHPV_response	HPV31	cross_reactive_non_booster_target	FcgR3A	fc_gamma_receptor_binding	Fc-receptor engagement	high	20	20	1.6478157910647209	3.0097516513882976	0.6730009287896482	0.23920865846888462	3.0564229236605573	3.133588613424471	1.1803450455104767	8.319073846696078	0.7
0	hpv_vaccine_naive	unvaccinated_baseline_to_primary_2vHPV_response	HPV33	cross_reactive_non_booster_target	IgG	antibody_isotype_or_subclass	Antibody abundance	none	20	20	0.5093806975110114	1.1042398496129084	0.2469155367198608	-0.0074194602507839935	1.026180855272807	1.423439027925999	0.9948704234880446	2.0366256935441625	0.75
0	hpv_vaccine_naive	unvaccinated_baseline_to_primary_2vHPV_response	HPV33	cross_reactive_non_booster_target	IgM	antibody_isotype_or_subclass	Antibody abundance	none	20	20	0.35357379661687804	0.838895725425076	0.18758278680844684	-0.03904148836613819	0.7461890815998943	1.2777218407173665	0.9733013839983861	1.6773561910900174	0.7
0	hpv_vaccine_naive	unvaccinated_baseline_to_primary_2vHPV_response	HPV33	cross_reactive_non_booster_target	IgA1	antibody_isotype_or_subclass	Antibody abundance	low	20	20	0.3042379723911817	2.696081983513702	0.6028622588049105	-0.9575672367823957	1.566043181564759	1.2347662646584125	0.5149244797299811	2.960915218359771	0.4
0	hpv_vaccine_naive	unvaccinated_baseline_to_primary_2vHPV_response	HPV33	cross_reactive_non_booster_target	IgA2	antibody_isotype_or_subclass	Antibody abundance	high	20	20	1.618505171475745	2.6586036018124215	0.5944818378878357	0.3742403848676714	2.8627699580838186	3.0705671880122125	1.296156915820309	7.274106044583506	0.7
0	hpv_vaccine_naive	unvaccinated_baseline_to_primary_2vHPV_response	HPV33	cross_reactive_non_booster_target	IgG1	antibody_isotype_or_subclass	IgG subclass architecture	none	20	20	0.21843544756722225	0.8167833098513722	0.18263830037149417	-0.16383090836655664	0.6007018035010011	1.1634711581876953	0.8926515889186933	1.5164540709263388	0.5
0	hpv_vaccine_naive	unvaccinated_baseline_to_primary_2vHPV_response	HPV33	cross_reactive_non_booster_target	IgG2	antibody_isotype_or_subclass	IgG subclass architecture	high	20	20	-0.44350093577055266	2.834642774256338	0.6338453935165762	-1.7701545911766179	0.8831527196355127	0.7353479994321295	0.2931773203737066	1.844401468638741	0.45
0	hpv_vaccine_naive	unvaccinated_baseline_to_primary_2vHPV_response	HPV33	cross_reactive_non_booster_target	IgG3	antibody_isotype_or_subclass	IgG subclass architecture	low	20	20	1.7627031537612208	4.6021285309855955	1.0290672236475038	-0.3911592989361323	3.916565606458574	3.3933333290558565	0.7625166267173284	15.100931151695274	0.55
0	hpv_vaccine_naive	unvaccinated_baseline_to_primary_2vHPV_response	HPV33	cross_reactive_non_booster_target	IgG4	antibody_isotype_or_subclass	IgG subclass architecture	high	20	20	-0.33735274625541434	1.954027142483601	0.4369337520472999	-1.2518655994732688	0.57716010696244	0.7914923183239667	0.41990486271248384	1.4919095861835623	0.2
0	hpv_vaccine_naive	unvaccinated_baseline_to_primary_2vHPV_response	HPV33	cross_reactive_non_booster_target	FcgR2A	fc_gamma_receptor_binding	Fc-receptor engagement	moderate	20	20	-0.13452022057395913	3.8234038306124245	0.8549390870682472	-1.9239282948616407	1.6548878537137226	0.910972734271899	0.26353595381768335	3.1489871137694276	0.45
0	hpv_vaccine_naive	unvaccinated_baseline_to_primary_2vHPV_response	HPV33	cross_reactive_non_booster_target	FcgR2B	fc_gamma_receptor_binding	Fc-receptor engagement	high	20	20	1.047213110982402	2.6057614908351923	0.5826659826658684	-0.17232080642268865	2.266747028387493	2.0665340155998644	0.8874139845701415	4.812368197803349	0.6
0	hpv_vaccine_naive	unvaccinated_baseline_to_primary_2vHPV_response	HPV33	cross_reactive_non_booster_target	FcgR3A	fc_gamma_receptor_binding	Fc-receptor engagement	high	20	20	0.29968721218187006	2.3428318675407005	0.5238731315673789	-0.7967918536468388	1.396166278010579	1.2308775203273419	0.575627788981332	2.632012385517963	0.45
0	hpv_vaccine_naive	unvaccinated_baseline_to_primary_2vHPV_response	HPV45	cross_reactive_non_booster_target	IgG	antibody_isotype_or_subclass	Antibody abundance	none	20	20	1.243137095002068	1.863115592064902	0.41660531137968887	0.3711721570901346	2.115102032914001	2.3671269738261866	1.2934032647514027	4.3322065614953384	0.85
0	hpv_vaccine_naive	unvaccinated_baseline_to_primary_2vHPV_response	HPV45	cross_reactive_non_booster_target	IgM	antibody_isotype_or_subclass	Antibody abundance	none	20	20	0.62948835968627	0.8785159196277628	0.19644213156034193	0.21833025303124176	1.0406464663412982	1.5470162592424967	1.1633863264365831	2.0571492478264966	0.9
0	hpv_vaccine_naive	unvaccinated_baseline_to_primary_2vHPV_response	HPV45	cross_reactive_non_booster_target	IgA1	antibody_isotype_or_subclass	Antibody abundance	low	20	20	0.31074795189710286	2.034545397130655	0.45493818112934503	-0.6414486044753596	1.2629445082695654	1.2403505815606917	0.6410689306893674	2.39985045527564	0.5
0	hpv_vaccine_naive	unvaccinated_baseline_to_primary_2vHPV_response	HPV45	cross_reactive_non_booster_target	IgA2	antibody_isotype_or_subclass	Antibody abundance	high	20	20	-2.355366551429313	6.320688491838975	1.4133489132352572	-5.313539824102484	0.6028067212438577	0.1954177538862089	0.02514578105326074	1.5186682192549728	0.3
0	hpv_vaccine_naive	unvaccinated_baseline_to_primary_2vHPV_response	HPV45	cross_reactive_non_booster_target	IgG1	antibody_isotype_or_subclass	IgG subclass architecture	none	20	20	1.024291923952588	1.6249843334439	0.3633575431952745	0.263775845694189	1.7848080022109871	2.033960869331866	1.2006168708382416	3.445726041717945	0.85
0	hpv_vaccine_naive	unvaccinated_baseline_to_primary_2vHPV_response	HPV45	cross_reactive_non_booster_target	IgG2	antibody_isotype_or_subclass	IgG subclass architecture	high	20	20	-1.1917650621112243	3.6504292049172533	0.8162607849245488	-2.9002185196284747	0.516688395406026	0.4377669478735689	0.13395139216342197	1.4306674798626764	0.35
0	hpv_vaccine_naive	unvaccinated_baseline_to_primary_2vHPV_response	HPV45	cross_reactive_non_booster_target	IgG3	antibody_isotype_or_subclass	IgG subclass architecture	low	20	20	1.7237000299033198	3.3757471908017203	0.7548400193486599	0.143801712176576	3.3035983476300634	3.302823853890135	1.104812625993843	9.873751578474879	0.7
0	hpv_vaccine_naive	unvaccinated_baseline_to_primary_2vHPV_response	HPV45	cross_reactive_non_booster_target	IgG4	antibody_isotype_or_subclass	IgG subclass architecture	high	20	20	0.007312172613922497	1.869155551777743	0.4179558874296161	-0.8674795534578161	0.8821038986856611	1.0050812779581122	0.5481035737647213	1.843061099498587	0.3
0	hpv_vaccine_naive	unvaccinated_baseline_to_primary_2vHPV_response	HPV45	cross_reactive_non_booster_target	FcgR2A	fc_gamma_receptor_binding	Fc-receptor engagement	moderate	20	20	-1.7456819972713074	5.356886607218483	1.1978362601498742	-4.252782103007428	0.7614181084648133	0.2981929393304232	0.052454774211258555	1.6951560730850008	0.3
0	hpv_vaccine_naive	unvaccinated_baseline_to_primary_2vHPV_response	HPV45	cross_reactive_non_booster_target	FcgR2B	fc_gamma_receptor_binding	Fc-receptor engagement	high	20	20	1.016425423025932	2.1724100170928042	0.48576564732209904	-0.0002937616244220731	2.0331446076762862	2.0229005882459847	0.9997964006874288	4.0929601137915	0.65
0	hpv_vaccine_naive	unvaccinated_baseline_to_primary_2vHPV_response	HPV45	cross_reactive_non_booster_target	FcgR3A	fc_gamma_receptor_binding	Fc-receptor engagement	high	20	20	0.9117466883332244	2.2370414338434577	0.500217671455757	-0.1352209304637646	1.9587143071302133	1.881321859267928	0.9105303867244517	3.8871541134304084	0.55
0	hpv_vaccine_naive	unvaccinated_baseline_to_primary_2vHPV_response	HPV52	cross_reactive_non_booster_target	IgG	antibody_isotype_or_subclass	Antibody abundance	none	20	20	0.6730547606158275	2.0326458318924083	0.45451342542930345	-0.27825277185920094	1.624362293090856	1.5944454725647148	0.8245890612688073	3.0830585614006445	0.8
0	hpv_vaccine_naive	unvaccinated_baseline_to_primary_2vHPV_response	HPV52	cross_reactive_non_booster_target	IgM	antibody_isotype_or_subclass	Antibody abundance	none	20	20	0.2925343883830541	1.0251356662141753	0.22922730358144303	-0.1872438719400515	0.7723126487061598	1.2247899826016588	0.8782819916502598	1.7080055332373594	0.8
0	hpv_vaccine_naive	unvaccinated_baseline_to_primary_2vHPV_response	HPV52	cross_reactive_non_booster_target	IgA1	antibody_isotype_or_subclass	Antibody abundance	moderate	20	20	0.07475263385339839	1.7756219763416137	0.39704114414423713	-0.7562640314302684	0.9057692991370652	1.0531804409462748	0.5920274475046478	1.8735432721353376	0.45
0	hpv_vaccine_naive	unvaccinated_baseline_to_primary_2vHPV_response	HPV52	cross_reactive_non_booster_target	IgA2	antibody_isotype_or_subclass	Antibody abundance	high	20	20	2.6351193830498847	3.7615982690907193	0.8411189433732393	0.8746372019512332	4.395601564148536	6.212265043823623	1.8335469418974077	21.047858711910887	0.75
0	hpv_vaccine_naive	unvaccinated_baseline_to_primary_2vHPV_response	HPV52	cross_reactive_non_booster_target	IgG1	antibody_isotype_or_subclass	IgG subclass architecture	none	20	20	0.3723313332451902	1.8528574534795226	0.41431152185973663	-0.49483264802573346	1.2394953145161138	1.2944429056066178	0.7096439917090049	2.3611591945421395	0.7
0	hpv_vaccine_naive	unvaccinated_baseline_to_primary_2vHPV_response	HPV52	cross_reactive_non_booster_target	IgG2	antibody_isotype_or_subclass	IgG subclass architecture	high	20	20	-0.9681256133401182	3.344287545072557	0.7478054287088128	-2.533300363644747	0.5970491369645106	0.5111697565667491	0.17274305762147676	1.512619514939183	0.4
0	hpv_vaccine_naive	unvaccinated_baseline_to_primary_2vHPV_response	HPV52	cross_reactive_non_booster_target	IgG3	antibody_isotype_or_subclass	IgG subclass architecture	low	20	20	1.0982840040653026	3.1666175874327678	0.7080772184246052	-0.38373864647588984	2.580306654606495	2.140998825157416	0.7664488146809084	5.98066809097202	0.55
0	hpv_vaccine_naive	unvaccinated_baseline_to_primary_2vHPV_response	HPV52	cross_reactive_non_booster_target	IgG4	antibody_isotype_or_subclass	IgG subclass architecture	high	20	20	-0.15581351590674947	1.5009681953082339	0.3356266916774392	-0.8582882548890953	0.5466612230755963	0.897626071143517	0.5516066463119611	1.4607013330670862	0.25
0	hpv_vaccine_naive	unvaccinated_baseline_to_primary_2vHPV_response	HPV52	cross_reactive_non_booster_target	FcgR2A	fc_gamma_receptor_binding	Fc-receptor engagement	high	20	20	-0.7647903944671313	4.530133407969631	1.0129686247362881	-2.884958092401039	1.3553773034667767	0.5885388697298123	0.13537581304839294	2.558640228140494	0.3
0	hpv_vaccine_naive	unvaccinated_baseline_to_primary_2vHPV_response	HPV52	cross_reactive_non_booster_target	FcgR2B	fc_gamma_receptor_binding	Fc-receptor engagement	high	20	20	0.8477187994895214	4.241039514922653	0.9483252650629784	-1.1371487916903844	2.8325863906694275	1.7996530490108622	0.4546572326173964	7.123500660418549	0.5
0	hpv_vaccine_naive	unvaccinated_baseline_to_primary_2vHPV_response	HPV52	cross_reactive_non_booster_target	FcgR3A	fc_gamma_receptor_binding	Fc-receptor engagement	high	20	20	0.00907228137906484	2.591063160942084	0.5793793361861979	-1.203582605885739	1.2217271686438689	1.0063082399220329	0.43419571520408945	2.332257639297501	0.45
0	hpv_vaccine_naive	unvaccinated_baseline_to_primary_2vHPV_response	HPV58	cross_reactive_non_booster_target	IgG	antibody_isotype_or_subclass	Antibody abundance	none	20	20	0.8091779633827073	1.3765083464251557	0.3077966234202478	0.16495222669848697	1.4534037000669278	1.752212760687986	1.1211289524290144	2.738533825271282	0.8
0	hpv_vaccine_naive	unvaccinated_baseline_to_primary_2vHPV_response	HPV58	cross_reactive_non_booster_target	IgM	antibody_isotype_or_subclass	Antibody abundance	none	20	20	0.40330577339270046	0.7417041982196259	0.16585010064160619	0.05617752332378745	0.7504340234616135	1.3225348813715498	1.0397073630784759	1.6822988607732303	0.7
0	hpv_vaccine_naive	unvaccinated_baseline_to_primary_2vHPV_response	HPV58	cross_reactive_non_booster_target	IgA1	antibody_isotype_or_subclass	Antibody abundance	low	20	20	-0.17111946152719676	1.6805767113372503	0.3757883767953133	-0.9576535735268235	0.6154146504724298	0.8881532497820815	0.5148936654749019	1.5319982512717913	0.4
0	hpv_vaccine_naive	unvaccinated_baseline_to_primary_2vHPV_response	HPV58	cross_reactive_non_booster_target	IgA2	antibody_isotype_or_subclass	Antibody abundance	high	20	20	1.239820255853437	3.202486514098627	0.7160977542550868	-0.25898956911019666	2.738630080817071	2.3616910634502686	0.8356730009343548	6.674362666909951	0.55
0	hpv_vaccine_naive	unvaccinated_baseline_to_primary_2vHPV_response	HPV58	cross_reactive_non_booster_target	IgG1	antibody_isotype_or_subclass	IgG subclass architecture	none	20	20	0.5358802534579662	1.4274468098134483	0.3191868101008084	-0.1321854179328681	1.2039459248488005	1.4498264894181805	0.91244821141362	2.3036889361228567	0.6
0	hpv_vaccine_naive	unvaccinated_baseline_to_primary_2vHPV_response	HPV58	cross_reactive_non_booster_target	IgG2	antibody_isotype_or_subclass	IgG subclass architecture	high	20	20	-1.3771421025527217	3.1072163446118073	0.6947946967350414	-2.8313641156944573	0.07707991058901409	0.38498066543112636	0.14049940094807206	1.0548807450828255	0.4
0	hpv_vaccine_naive	unvaccinated_baseline_to_primary_2vHPV_response	HPV58	cross_reactive_non_booster_target	IgG3	antibody_isotype_or_subclass	IgG subclass architecture	low	20	20	1.4212284901889782	2.7874669992778336	0.6232965695422593	0.11665377710687674	2.72580320327108	2.6781346361841223	1.0842171834693126	6.61528450100613	0.7
0	hpv_vaccine_naive	unvaccinated_baseline_to_primary_2vHPV_response	HPV58	cross_reactive_non_booster_target	IgG4	antibody_isotype_or_subclass	IgG subclass architecture	high	20	20	-0.3977735685411812	1.586010910234196	0.3546428208339979	-1.1400495232699388	0.34450238618757634	0.759028746949026	0.4537440017594972	1.2697129581018196	0.15
0	hpv_vaccine_naive	unvaccinated_baseline_to_primary_2vHPV_response	HPV58	cross_reactive_non_booster_target	FcgR2A	fc_gamma_receptor_binding	Fc-receptor engagement	moderate	20	20	0.27322290195592436	4.870117250101741	1.0889913229621837	-2.0060621320458036	2.552507935957652	1.2085045475865088	0.24895171652570847	5.866532120843813	0.45
0	hpv_vaccine_naive	unvaccinated_baseline_to_primary_2vHPV_response	HPV58	cross_reactive_non_booster_target	FcgR2B	fc_gamma_receptor_binding	Fc-receptor engagement	high	20	20	1.1486270506347669	3.2286573586739427	0.7219497330049855	-0.36243110661829103	2.659685207887825	2.217028091847495	0.7778527036163049	6.318951566523698	0.6
0	hpv_vaccine_naive	unvaccinated_baseline_to_primary_2vHPV_response	HPV58	cross_reactive_non_booster_target	FcgR3A	fc_gamma_receptor_binding	Fc-receptor engagement	high	20	20	0.4649908053712955	1.7594733595442427	0.3934302036540855	-0.35846807460744706	1.288449685350038	1.3803085563433668	0.7799923748068763	2.4426542774683453	0.5
1	previously_4vHPV_vaccinated	six_year_4vHPV_persistence_to_heterologous_2vHPV_recall	HPV16	vaccine_target_2vHPV_and_4vHPV	IgG	antibody_isotype_or_subclass	Antibody abundance	none	20	20	-0.08369855278412577	2.1892015086586616	0.48952033898058617	-1.1082763973925795	0.940879291824328	0.9436354003552692	0.46384786385926857	1.9196978970540455	0.45
1	previously_4vHPV_vaccinated	six_year_4vHPV_persistence_to_heterologous_2vHPV_recall	HPV16	vaccine_target_2vHPV_and_4vHPV	IgM	antibody_isotype_or_subclass	Antibody abundance	none	20	20	1.5123118768888895	1.6938826827999538	0.37876368246504105	0.7195503785533053	2.305073375224474	2.85266804811744	1.6466687639175746	4.941925887626485	0.75
1	previously_4vHPV_vaccinated	six_year_4vHPV_persistence_to_heterologous_2vHPV_recall	HPV16	vaccine_target_2vHPV_and_4vHPV	IgA1	antibody_isotype_or_subclass	Antibody abundance	low	20	20	2.4219830119504655	4.66072274459261	1.0421692881188465	0.24069762315218446	4.603268400748746	5.359071305103515	1.1815638750468793	24.3064686215499	0.65
1	previously_4vHPV_vaccinated	six_year_4vHPV_persistence_to_heterologous_2vHPV_recall	HPV16	vaccine_target_2vHPV_and_4vHPV	IgA2	antibody_isotype_or_subclass	Antibody abundance	high	20	20	4.403648160553908	5.354262970137916	1.1972495970638306	1.8977759547687105	6.909520366339106	21.165580620912237	3.726382978717331	120.21893766124295	0.8
1	previously_4vHPV_vaccinated	six_year_4vHPV_persistence_to_heterologous_2vHPV_recall	HPV16	vaccine_target_2vHPV_and_4vHPV	IgG1	antibody_isotype_or_subclass	IgG subclass architecture	none	20	20	0.13846886210939582	2.271024437146603	0.5078165020023003	-0.9244032918068806	1.2013410160256723	1.1007362800213096	0.526898401572569	2.299533182372496	0.3
1	previously_4vHPV_vaccinated	six_year_4vHPV_persistence_to_heterologous_2vHPV_recall	HPV16	vaccine_target_2vHPV_and_4vHPV	IgG2	antibody_isotype_or_subclass	IgG subclass architecture	high	20	20	3.142524386269219	3.025313639484929	0.6764806951145593	1.726634019051624	4.558414753486814	8.830679084612822	3.3095475962066794	23.562402663372502	0.9
1	previously_4vHPV_vaccinated	six_year_4vHPV_persistence_to_heterologous_2vHPV_recall	HPV16	vaccine_target_2vHPV_and_4vHPV	IgG3	antibody_isotype_or_subclass	IgG subclass architecture	low	20	20	1.4967237648924443	3.330232022433084	0.744662518300698	-0.06187279832714987	3.0553203281120385	2.822011300105418	0.958019682597157	8.312718331979609	0.75
1	previously_4vHPV_vaccinated	six_year_4vHPV_persistence_to_heterologous_2vHPV_recall	HPV16	vaccine_target_2vHPV_and_4vHPV	IgG4	antibody_isotype_or_subclass	IgG subclass architecture	high	20	20	2.6615334254798686	2.5398212653254357	0.5679212999967204	1.4728604835759216	3.850206367383816	6.327051879541725	2.7757169981846146	14.422070229996102	0.85
1	previously_4vHPV_vaccinated	six_year_4vHPV_persistence_to_heterologous_2vHPV_recall	HPV16	vaccine_target_2vHPV_and_4vHPV	FcgR2A	fc_gamma_receptor_binding	Fc-receptor engagement	moderate	20	20	-0.3092342106189281	2.942902118858633	0.6580529188896068	-1.6865547989284448	1.0680863776905887	0.8070700421570389	0.31066792462924175	2.096650478882604	0.4
1	previously_4vHPV_vaccinated	six_year_4vHPV_persistence_to_heterologous_2vHPV_recall	HPV16	vaccine_target_2vHPV_and_4vHPV	FcgR2B	fc_gamma_receptor_binding	Fc-receptor engagement	high	20	20	0.13947109100928615	3.1401737316786535	0.7021641925192654	-1.3301754540776909	1.6091176360962633	1.1015012185267277	0.39771987003557246	3.0506520438803997	0.55
1	previously_4vHPV_vaccinated	six_year_4vHPV_persistence_to_heterologous_2vHPV_recall	HPV16	vaccine_target_2vHPV_and_4vHPV	FcgR3A	fc_gamma_receptor_binding	Fc-receptor engagement	high	20	20	0.5582673976823457	2.393758125147846	0.5352605889523032	-0.5620458903715587	1.6785806857362502	1.4724997587433388	0.6773409430098478	3.2011287105490487	0.55
1	previously_4vHPV_vaccinated	six_year_4vHPV_persistence_to_heterologous_2vHPV_recall	HPV18	vaccine_target_2vHPV_and_4vHPV	IgG	antibody_isotype_or_subclass	Antibody abundance	none	20	20	1.5389048939012366	1.9354849710494522	0.4327875964695787	0.6330700440408717	2.4447397437616014	2.9057385392095476	1.5508617064884116	5.444274252773759	0.8
1	previously_4vHPV_vaccinated	six_year_4vHPV_persistence_to_heterologous_2vHPV_recall	HPV18	vaccine_target_2vHPV_and_4vHPV	IgM	antibody_isotype_or_subclass	Antibody abundance	none	20	20	0.8700767602914798	0.7327759616108179	0.16385368624395652	0.5271270535794146	1.213026467003545	1.8277601460063735	1.4410566525415816	2.3182344326555504	0.85
1	previously_4vHPV_vaccinated	six_year_4vHPV_persistence_to_heterologous_2vHPV_recall	HPV18	vaccine_target_2vHPV_and_4vHPV	IgA1	antibody_isotype_or_subclass	Antibody abundance	low	20	20	2.1126163218717258	4.107283099333789	0.9184164212946373	0.19034866013849672	4.034883983604955	4.3247487538898906	1.141039440736876	16.391590962178824	0.65
1	previously_4vHPV_vaccinated	six_year_4vHPV_persistence_to_heterologous_2vHPV_recall	HPV18	vaccine_target_2vHPV_and_4vHPV	IgA2	antibody_isotype_or_subclass	Antibody abundance	high	20	20	4.632668781648119	6.054604619346804	1.3538507505743693	1.799026594617283	7.466310968678956	24.806886708161535	3.4798535578081236	176.8412428651669	0.7
1	previously_4vHPV_vaccinated	six_year_4vHPV_persistence_to_heterologous_2vHPV_recall	HPV18	vaccine_target_2vHPV_and_4vHPV	IgG1	antibody_isotype_or_subclass	IgG subclass architecture	none	20	20	1.441269364490997	2.1549198673536125	0.48185473094675074	0.43273582188902604	2.449802907092968	2.7155969394635076	1.3497907964774434	5.46341459496446	0.75
1	previously_4vHPV_vaccinated	six_year_4vHPV_persistence_to_heterologous_2vHPV_recall	HPV18	vaccine_target_2vHPV_and_4vHPV	IgG2	antibody_isotype_or_subclass	IgG subclass architecture	high	20	20	3.5312620095271328	4.0202479768761705	0.898954776270112	1.64972803896859	5.412795980085676	11.561542697973502	3.137744842620576	42.60042682292381	0.85
1	previously_4vHPV_vaccinated	six_year_4vHPV_persistence_to_heterologous_2vHPV_recall	HPV18	vaccine_target_2vHPV_and_4vHPV	IgG3	antibody_isotype_or_subclass	IgG subclass architecture	low	20	20	1.5695799214381523	3.2309047361284393	0.722452261880921	0.05746995915972675	3.081689883716578	2.9681827510348686	1.0406392004362812	8.46605513212201	0.65
1	previously_4vHPV_vaccinated	six_year_4vHPV_persistence_to_heterologous_2vHPV_recall	HPV18	vaccine_target_2vHPV_and_4vHPV	IgG4	antibody_isotype_or_subclass	IgG subclass architecture	high	20	20	2.185650709196098	3.4570812018827866	0.7730268571146585	0.5676869025514988	3.8036145158406978	4.549319342730481	1.4821453158463838	13.963749883946436	0.6
1	previously_4vHPV_vaccinated	six_year_4vHPV_persistence_to_heterologous_2vHPV_recall	HPV18	vaccine_target_2vHPV_and_4vHPV	FcgR2A	fc_gamma_receptor_binding	Fc-receptor engagement	moderate	20	20	-0.439213060424197	2.827889002638496	0.6323352042723759	-1.7627058534154425	0.8842797325670484	0.7375367994172127	0.2946949302567552	1.8458428518626233	0.45
1	previously_4vHPV_vaccinated	six_year_4vHPV_persistence_to_heterologous_2vHPV_recall	HPV18	vaccine_target_2vHPV_and_4vHPV	FcgR2B	fc_gamma_receptor_binding	Fc-receptor engagement	high	20	20	1.282601432066016	2.879518269904584	0.6438798593959236	-0.0650546017986624	2.6302574659306943	2.4327725315019637	0.9559091385367986	6.1913647975891175	0.75
1	previously_4vHPV_vaccinated	six_year_4vHPV_persistence_to_heterologous_2vHPV_recall	HPV18	vaccine_target_2vHPV_and_4vHPV	FcgR3A	fc_gamma_receptor_binding	Fc-receptor engagement	high	20	20	1.5148495505169142	3.4404084247969853	0.7692987108209032	-0.09531115625650255	3.125010257290331	2.857690253615444	0.9360703367428309	8.724123887981163	0.75
1	previously_4vHPV_vaccinated	six_year_4vHPV_persistence_to_heterologous_2vHPV_recall	HPV31	cross_reactive_non_booster_target	IgG	antibody_isotype_or_subclass	Antibody abundance	none	20	20	4.03432032673776	2.0830662693504194	0.4657877779904424	3.0594153031543883	5.009225350321131	16.385188064884346	8.336346839269455	32.205280454136656	1.0
1	previously_4vHPV_vaccinated	six_year_4vHPV_persistence_to_heterologous_2vHPV_recall	HPV31	cross_reactive_non_booster_target	IgM	antibody_isotype_or_subclass	Antibody abundance	none	20	20	1.8338495156118064	1.638633430315273	0.3664095740388615	1.066945463382984	2.600753567840629	3.564870120329772	2.0949930579797775	6.066033930954759	0.85
1	previously_4vHPV_vaccinated	six_year_4vHPV_persistence_to_heterologous_2vHPV_recall	HPV31	cross_reactive_non_booster_target	IgA1	antibody_isotype_or_subclass	Antibody abundance	low	20	20	3.2423542161157157	3.9819159098147603	0.8903834655033726	1.3787602051697672	5.105948227061664	9.46337120056353	2.6004480286184433	34.438448103588485	0.85
1	previously_4vHPV_vaccinated	six_year_4vHPV_persistence_to_heterologous_2vHPV_recall	HPV31	cross_reactive_non_booster_target	IgA2	antibody_isotype_or_subclass	Antibody abundance	high	20	20	3.9834615760280982	6.021573889991817	1.3464648549559544	1.1652782461899527	6.801644905866244	15.817630309117035	2.2427646664154732	111.55759333224161	0.65
1	previously_4vHPV_vaccinated	six_year_4vHPV_persistence_to_heterologous_2vHPV_recall	HPV31	cross_reactive_non_booster_target	IgG1	antibody_isotype_or_subclass	IgG subclass architecture	none	20	20	3.479551160825866	2.0624703847816637	0.46118239819519474	2.5142853079336334	4.444817013718098	11.154478503179483	5.713145640938299	21.778263411723334	0.95
1	previously_4vHPV_vaccinated	six_year_4vHPV_persistence_to_heterologous_2vHPV_recall	HPV31	cross_reactive_non_booster_target	IgG2	antibody_isotype_or_subclass	IgG subclass architecture	high	20	20	4.168679409714419	4.252625821838068	0.950916042050083	2.1783892599808956	6.158969559447942	17.98446589577221	4.526478996113115	71.45532185920501	0.85
1	previously_4vHPV_vaccinated	six_year_4vHPV_persistence_to_heterologous_2vHPV_recall	HPV31	cross_reactive_non_booster_target	IgG3	antibody_isotype_or_subclass	IgG subclass architecture	low	20	20	5.047613940322772	3.4605357652479616	0.7737993209663696	3.42803334825538	6.667194532390163	33.07373197143404	10.763186459036282	101.63084609575756	0.95
1	previously_4vHPV_vaccinated	six_year_4vHPV_persistence_to_heterologous_2vHPV_recall	HPV31	cross_reactive_non_booster_target	IgG4	antibody_isotype_or_subclass	IgG subclass architecture	high	20	20	2.162600930416164	2.3353339028747486	0.5221965356987829	1.0696310200699481	3.25557084076238	4.477212923730919	2.0988964902884897	9.550464092523187	0.75
1	previously_4vHPV_vaccinated	six_year_4vHPV_persistence_to_heterologous_2vHPV_recall	HPV31	cross_reactive_non_booster_target	FcgR2A	fc_gamma_receptor_binding	Fc-receptor engagement	moderate	20	20	2.423313241438938	4.233140226842791	0.9465589305509361	0.44214263088086825	4.404483851997008	5.3640148877895175	1.358620596838308	21.177844486816568	0.75
1	previously_4vHPV_vaccinated	six_year_4vHPV_persistence_to_heterologous_2vHPV_recall	HPV31	cross_reactive_non_booster_target	FcgR2B	fc_gamma_receptor_binding	Fc-receptor engagement	high	20	20	4.652008524599777	4.148011522887661	0.9275235736629234	2.7106793738925643	6.593337675306991	25.141669090075844	6.5462984346003115	96.5589227178991	0.85
1	previously_4vHPV_vaccinated	six_year_4vHPV_persistence_to_heterologous_2vHPV_recall	HPV31	cross_reactive_non_booster_target	FcgR3A	fc_gamma_receptor_binding	Fc-receptor engagement	high	20	20	4.766857936530245	3.2733017679751693	0.7319325264062723	3.2349055525581063	6.298810320502384	27.224958346236907	9.414637539120523	78.72829451738768	0.9
1	previously_4vHPV_vaccinated	six_year_4vHPV_persistence_to_heterologous_2vHPV_recall	HPV33	cross_reactive_non_booster_target	IgG	antibody_isotype_or_subclass	Antibody abundance	none	20	20	1.1924056139278427	1.1773599640865227	0.26326569136841754	0.641384189193323	1.7434270386623625	2.2853349256411812	1.5598250107836964	3.3482959218171118	0.85
1	previously_4vHPV_vaccinated	six_year_4vHPV_persistence_to_heterologous_2vHPV_recall	HPV33	cross_reactive_non_booster_target	IgM	antibody_isotype_or_subclass	Antibody abundance	none	20	20	0.282437411867944	0.7077808447920524	0.1582646082127257	-0.048814220082790405	0.6136890438186784	1.2162479824896222	0.9667305776782338	1.5301669245455813	0.65
1	previously_4vHPV_vaccinated	six_year_4vHPV_persistence_to_heterologous_2vHPV_recall	HPV33	cross_reactive_non_booster_target	IgA1	antibody_isotype_or_subclass	Antibody abundance	low	20	20	1.2032833322251215	2.9822640654470103	0.6668545177194396	-0.1924592141524868	2.59902587860273	2.302631154133609	0.8751127343533824	6.058773942884496	0.85
1	previously_4vHPV_vaccinated	six_year_4vHPV_persistence_to_heterologous_2vHPV_recall	HPV33	cross_reactive_non_booster_target	IgA2	antibody_isotype_or_subclass	Antibody abundance	high	20	20	1.0810053060673774	4.439828024749007	0.9927757271747397	-0.996898171542008	3.158908783676763	2.1155097078253275	0.5010761683042136	8.931538969512726	0.4
1	previously_4vHPV_vaccinated	six_year_4vHPV_persistence_to_heterologous_2vHPV_recall	HPV33	cross_reactive_non_booster_target	IgG1	antibody_isotype_or_subclass	IgG subclass architecture	none	20	20	0.8325193022032342	0.9783473565688396	0.21876511948951508	0.37463864484618126	1.290399959560287	1.7807923524505325	1.29651477293329	2.4459585565474087	0.8
1	previously_4vHPV_vaccinated	six_year_4vHPV_persistence_to_heterologous_2vHPV_recall	HPV33	cross_reactive_non_booster_target	IgG2	antibody_isotype_or_subclass	IgG subclass architecture	high	20	20	2.281642403164276	3.940488705059538	0.8811200609083246	0.43743692086147856	4.125847885467073	4.862311775561946	1.3541963359440532	17.45838116323563	0.6
1	previously_4vHPV_vaccinated	six_year_4vHPV_persistence_to_heterologous_2vHPV_recall	HPV33	cross_reactive_non_booster_target	IgG3	antibody_isotype_or_subclass	IgG subclass architecture	low	20	20	0.20884473410619794	2.7252276540254203	0.6093794288563118	-1.0666010687516316	1.4842905369640274	1.1557623142747753	0.4774425102998831	2.797795542459704	0.6
1	previously_4vHPV_vaccinated	six_year_4vHPV_persistence_to_heterologous_2vHPV_recall	HPV33	cross_reactive_non_booster_target	IgG4	antibody_isotype_or_subclass	IgG subclass architecture	high	20	20	0.142797760020907	1.7478793725318063	0.3908377093450797	-0.6752349670081701	0.960830487049984	1.1040440691303712	0.6262302189448098	1.9464300343662777	0.25
1	previously_4vHPV_vaccinated	six_year_4vHPV_persistence_to_heterologous_2vHPV_recall	HPV33	cross_reactive_non_booster_target	FcgR2A	fc_gamma_receptor_binding	Fc-receptor engagement	moderate	20	20	1.7283819239556735	3.6189602790469957	0.8092241191820689	0.034656377100264146	3.422107470811083	3.313559726291301	1.0243128218734154	10.719067286123021	0.7
1	previously_4vHPV_vaccinated	six_year_4vHPV_persistence_to_heterologous_2vHPV_recall	HPV33	cross_reactive_non_booster_target	FcgR2B	fc_gamma_receptor_binding	Fc-receptor engagement	high	20	20	0.969257362639568	2.108999988947335	0.47158673398325457	-0.01778501532721455	1.9562997406063505	1.957832527757309	0.9877480407606665	3.880653819158873	0.7
1	previously_4vHPV_vaccinated	six_year_4vHPV_persistence_to_heterologous_2vHPV_recall	HPV33	cross_reactive_non_booster_target	FcgR3A	fc_gamma_receptor_binding	Fc-receptor engagement	high	20	20	2.9416714648406015	2.8122257388805183	0.6288327920211412	1.6255093049396445	4.257833624741559	7.683009112830216	3.085510715694404	19.13091039599503	0.8
1	previously_4vHPV_vaccinated	six_year_4vHPV_persistence_to_heterologous_2vHPV_recall	HPV45	cross_reactive_non_booster_target	IgG	antibody_isotype_or_subclass	Antibody abundance	none	20	20	3.48826919722593	1.549610912004176	0.34650353379167825	2.763028966062481	4.213509428389379	11.222087776161798	6.788199504014496	18.55208497944157	0.95
1	previously_4vHPV_vaccinated	six_year_4vHPV_persistence_to_heterologous_2vHPV_recall	HPV45	cross_reactive_non_booster_target	IgM	antibody_isotype_or_subclass	Antibody abundance	none	20	20	0.46423974837546744	1.4207363778096318	0.31768631188891605	-0.20068534416427963	1.1291648409152146	1.3795901643282928	0.870137111359501	2.1873208218158875	0.55
1	previously_4vHPV_vaccinated	six_year_4vHPV_persistence_to_heterologous_2vHPV_recall	HPV45	cross_reactive_non_booster_target	IgA1	antibody_isotype_or_subclass	Antibody abundance	low	20	20	1.3523395565804484	4.7484810414188265	1.061792639848149	-0.8700179794153768	3.5746970925762733	2.5532584087019106	0.5471400319203011	11.914917793031488	0.7
1	previously_4vHPV_vaccinated	six_year_4vHPV_persistence_to_heterologous_2vHPV_recall	HPV45	cross_reactive_non_booster_target	IgA2	antibody_isotype_or_subclass	Antibody abundance	high	20	20	0.8065662543106271	6.5429948206894455	1.4630581195490646	-2.255649582902885	3.8687820915241398	1.749043601493445	0.20940247759888533	14.608965256777102	0.4
1	previously_4vHPV_vaccinated	six_year_4vHPV_persistence_to_heterologous_2vHPV_recall	HPV45	cross_reactive_non_booster_target	IgG1	antibody_isotype_or_subclass	IgG subclass architecture	none	20	20	3.1126115387094466	1.3041850315815386	0.29162463858540305	2.502234155292082	3.7229889221268113	8.649468830976675	5.665621231683156	13.204785141595371	1.0
1	previously_4vHPV_vaccinated	six_year_4vHPV_persistence_to_heterologous_2vHPV_recall	HPV45	cross_reactive_non_booster_target	IgG2	antibody_isotype_or_subclass	IgG subclass architecture	high	20	20	2.630233542154876	3.674401011561645	0.8216210438445829	0.9105609337801381	4.349906150529614	6.1912621289092415	1.8797762315336117	20.39164348705108	0.6
1	previously_4vHPV_vaccinated	six_year_4vHPV_persistence_to_heterologous_2vHPV_recall	HPV45	cross_reactive_non_booster_target	IgG3	antibody_isotype_or_subclass	IgG subclass architecture	low	20	20	0.8064684284724037	2.726013935978025	0.6095552468458623	-0.46934536566675256	2.08228222261156	1.748925006883578	0.7222922692677575	4.234765911039861	0.65
1	previously_4vHPV_vaccinated	six_year_4vHPV_persistence_to_heterologous_2vHPV_recall	HPV45	cross_reactive_non_booster_target	IgG4	antibody_isotype_or_subclass	IgG subclass architecture	high	20	20	0.4632284903540187	2.4040374058819007	0.5375591060004182	-0.6618956491710579	1.5883526298790953	1.3786234785499503	0.6320472638568945	3.0070578646464834	0.4
1	previously_4vHPV_vaccinated	six_year_4vHPV_persistence_to_heterologous_2vHPV_recall	HPV45	cross_reactive_non_booster_target	FcgR2A	fc_gamma_receptor_binding	Fc-receptor engagement	moderate	20	20	1.4778022660904557	4.53635646710125	1.0143601430609182	-0.6452779131690527	3.6008824453499644	2.785241193633892	0.6393696139823599	12.133151681070002	0.65
1	previously_4vHPV_vaccinated	six_year_4vHPV_persistence_to_heterologous_2vHPV_recall	HPV45	cross_reactive_non_booster_target	FcgR2B	fc_gamma_receptor_binding	Fc-receptor engagement	high	20	20	4.364962773129888	3.455801733756239	0.772740759344058	2.7475977760010686	5.982327770258708	20.60557436523677	6.715979264601103	63.220816829981885	0.95
1	previously_4vHPV_vaccinated	six_year_4vHPV_persistence_to_heterologous_2vHPV_recall	HPV45	cross_reactive_non_booster_target	FcgR3A	fc_gamma_receptor_binding	Fc-receptor engagement	high	20	20	5.385945060444833	3.3933718872479894	0.7587810212823256	3.797798130872457	6.974091990017208	41.814895732947704	13.907566808769237	125.72188429501577	1.0
1	previously_4vHPV_vaccinated	six_year_4vHPV_persistence_to_heterologous_2vHPV_recall	HPV52	cross_reactive_non_booster_target	IgG	antibody_isotype_or_subclass	Antibody abundance	none	20	20	3.426599646220737	1.7792800744885096	0.39785911975671967	2.593870938304225	4.259328354137249	10.75249567760184	6.037163772796258	19.150741581306463	0.95
1	previously_4vHPV_vaccinated	six_year_4vHPV_persistence_to_heterologous_2vHPV_recall	HPV52	cross_reactive_non_booster_target	IgM	antibody_isotype_or_subclass	Antibody abundance	none	20	20	0.3447169037611153	1.0298060479565616	0.230271632687128	-0.13724716250090763	0.8266809700231382	1.2699017686170204	0.909252465332592	1.7736003623006416	0.6
1	previously_4vHPV_vaccinated	six_year_4vHPV_persistence_to_heterologous_2vHPV_recall	HPV52	cross_reactive_non_booster_target	IgA1	antibody_isotype_or_subclass	Antibody abundance	moderate	20	20	1.7765905005251532	5.115735420906407	1.1439132156050225	-0.6176473758916645	4.170828376941971	3.4261551894836177	0.6517328520241524	18.01127462881142	0.65
1	previously_4vHPV_vaccinated	six_year_4vHPV_persistence_to_heterologous_2vHPV_recall	HPV52	cross_reactive_non_booster_target	IgA2	antibody_isotype_or_subclass	Antibody abundance	high	20	20	1.0045936243507305	4.411077863603356	0.9863469957061648	-1.059854363655596	3.069041612357057	2.006378264527187	0.4796804797262282	8.392156676178823	0.45
1	previously_4vHPV_vaccinated	six_year_4vHPV_persistence_to_heterologous_2vHPV_recall	HPV52	cross_reactive_non_booster_target	IgG1	antibody_isotype_or_subclass	IgG subclass architecture	none	20	20	2.973987004828766	1.846062705748848	0.41279217007816155	2.110003063383787	3.837970946273745	7.857045988925703	4.316922112456072	14.300274608607888	0.95
1	previously_4vHPV_vaccinated	six_year_4vHPV_persistence_to_heterologous_2vHPV_recall	HPV52	cross_reactive_non_booster_target	IgG2	antibody_isotype_or_subclass	IgG subclass architecture	high	20	20	2.5770188095255757	3.3776918438099353	0.7552748569805617	0.9962103661754995	4.157827252875652	5.967053903332819	1.9947533459024733	17.84969172174546	0.75
1	previously_4vHPV_vaccinated	six_year_4vHPV_persistence_to_heterologous_2vHPV_recall	HPV52	cross_reactive_non_booster_target	IgG3	antibody_isotype_or_subclass	IgG subclass architecture	low	20	20	3.80634150376921	4.010911447103539	0.8968670647455566	1.9291771636502273	5.683505843888193	13.990169180813425	3.8083792760970456	51.393209425392946	0.85
1	previously_4vHPV_vaccinated	six_year_4vHPV_persistence_to_heterologous_2vHPV_recall	HPV52	cross_reactive_non_booster_target	IgG4	antibody_isotype_or_subclass	IgG subclass architecture	high	20	20	1.2846139849051492	2.4665896294919207	0.5515462084139955	0.1302145035769835	2.439013466233315	2.4361686060163557	1.0944564157343626	5.4227079229623225	0.4
1	previously_4vHPV_vaccinated	six_year_4vHPV_persistence_to_heterologous_2vHPV_recall	HPV52	cross_reactive_non_booster_target	FcgR2A	fc_gamma_receptor_binding	Fc-receptor engagement	high	20	20	3.6440723208992822	4.5127652131747205	1.0090849783155005	1.5320331883428993	5.756111453455665	12.501872773772481	2.891931115484687	54.045831871551435	0.8
1	previously_4vHPV_vaccinated	six_year_4vHPV_persistence_to_heterologous_2vHPV_recall	HPV52	cross_reactive_non_booster_target	FcgR2B	fc_gamma_receptor_binding	Fc-receptor engagement	high	20	20	4.643727083075172	5.136514047648936	1.1485594577925615	2.2397645099972285	7.047689656153115	24.997762851482978	4.723199618548927	132.30187119869436	0.85
1	previously_4vHPV_vaccinated	six_year_4vHPV_persistence_to_heterologous_2vHPV_recall	HPV52	cross_reactive_non_booster_target	FcgR3A	fc_gamma_receptor_binding	Fc-receptor engagement	high	20	20	5.059790802748105	3.4872114496610385	0.7797641853357667	3.427725606074282	6.691855999421928	33.35406750685005	10.760890801856648	103.38305998417567	0.95
1	previously_4vHPV_vaccinated	six_year_4vHPV_persistence_to_heterologous_2vHPV_recall	HPV58	cross_reactive_non_booster_target	IgG	antibody_isotype_or_subclass	Antibody abundance	none	20	20	3.3312929540574885	1.3755141534644888	0.30757431511596744	2.6875325140016217	3.9750533941133552	10.065123393956535	6.442106511841719	15.72571157421127	0.95
1	previously_4vHPV_vaccinated	six_year_4vHPV_persistence_to_heterologous_2vHPV_recall	HPV58	cross_reactive_non_booster_target	IgM	antibody_isotype_or_subclass	Antibody abundance	none	20	20	0.1995469278616957	0.8075007577252709	0.1805626586156294	-0.178375059948724	0.5774689156721153	1.1483376678855528	0.8836977647477532	1.492228963441183	0.6
1	previously_4vHPV_vaccinated	six_year_4vHPV_persistence_to_heterologous_2vHPV_recall	HPV58	cross_reactive_non_booster_target	IgA1	antibody_isotype_or_subclass	Antibody abundance	low	20	20	0.9881822338925861	3.2906533983378226	0.7358124689074065	-0.5518909630641478	2.52825543084932	1.983684014517439	0.6821254696100143	5.768736757039358	0.75
1	previously_4vHPV_vaccinated	six_year_4vHPV_persistence_to_heterologous_2vHPV_recall	HPV58	cross_reactive_non_booster_target	IgA2	antibody_isotype_or_subclass	Antibody abundance	high	20	20	3.0312485833950693	6.129790710169391	1.370662871578547	0.1624182226968669	5.900078944093272	8.17516916190193	1.1191614876081484	59.71737909651217	0.4
1	previously_4vHPV_vaccinated	six_year_4vHPV_persistence_to_heterologous_2vHPV_recall	HPV58	cross_reactive_non_booster_target	IgG1	antibody_isotype_or_subclass	IgG subclass architecture	none	20	20	2.9982013655152695	1.407446505684668	0.31471460614054614	2.339496124589484	3.656906606441055	7.990032467268798	5.061258372963814	12.613586211886116	1.0
1	previously_4vHPV_vaccinated	six_year_4vHPV_persistence_to_heterologous_2vHPV_recall	HPV58	cross_reactive_non_booster_target	IgG2	antibody_isotype_or_subclass	IgG subclass architecture	high	20	20	2.819514745462345	4.111839244588272	0.919435206345076	0.895114742112276	4.743914748812414	7.059249172634298	1.8597577917801242	26.795424168455202	0.75
1	previously_4vHPV_vaccinated	six_year_4vHPV_persistence_to_heterologous_2vHPV_recall	HPV58	cross_reactive_non_booster_target	IgG3	antibody_isotype_or_subclass	IgG subclass architecture	low	20	20	3.095261350689193	2.313638707054386	0.5173453424348329	2.012445104537008	4.178077596841378	8.546071283376767	4.034654411076816	18.10200501436863	0.9
1	previously_4vHPV_vaccinated	six_year_4vHPV_persistence_to_heterologous_2vHPV_recall	HPV58	cross_reactive_non_booster_target	IgG4	antibody_isotype_or_subclass	IgG subclass architecture	high	20	20	0.9417407569202678	2.5187240208626878	0.5632038127210568	-0.23705837063935054	2.120539884479886	1.9208445334051945	0.8484735722423646	4.348566463610113	0.4
1	previously_4vHPV_vaccinated	six_year_4vHPV_persistence_to_heterologous_2vHPV_recall	HPV58	cross_reactive_non_booster_target	FcgR2A	fc_gamma_receptor_binding	Fc-receptor engagement	moderate	20	20	3.1108903217919264	4.629230861031942	1.0351274888807305	0.9443435881853355	5.277437055398517	8.639155677949757	1.924313143756959	38.785273108999725	0.7
1	previously_4vHPV_vaccinated	six_year_4vHPV_persistence_to_heterologous_2vHPV_recall	HPV58	cross_reactive_non_booster_target	FcgR2B	fc_gamma_receptor_binding	Fc-receptor engagement	high	20	20	3.619192832702205	3.065691394854418	0.6855094356930628	2.1844050942727904	5.0539805711316195	12.288124496318085	4.54539318071509	33.22000927832987	0.85
1	previously_4vHPV_vaccinated	six_year_4vHPV_persistence_to_heterologous_2vHPV_recall	HPV58	cross_reactive_non_booster_target	FcgR3A	fc_gamma_receptor_binding	Fc-receptor engagement	high	20	20	5.725786260369379	3.1994429079982454	0.7154171832413682	4.228400886908191	7.2231716338305665	52.92165449648237	18.744570797831575	149.41401138771582	1.0
2	previously_4vHPV_vaccinated	six_year_4vHPV_persistence_to_heterologous_2vHPV_recall	HPV16	vaccine_target_2vHPV_and_4vHPV	IgG	antibody_isotype_or_subclass	Antibody abundance	none	21	21	-0.6149246054630023	1.2849107417587693	0.28039051120816266	-1.1998089628034114	-0.030040248122593205	0.6529640162328589	0.4353329232652566	0.9793929742252803	0.2857142857142857
2	previously_4vHPV_vaccinated	six_year_4vHPV_persistence_to_heterologous_2vHPV_recall	HPV16	vaccine_target_2vHPV_and_4vHPV	IgM	antibody_isotype_or_subclass	Antibody abundance	none	21	21	0.009523835747787526	1.2274527763681504	0.26785215522336914	-0.5492059693195355	0.5682536408151104	1.0066232572951872	0.6833961525511238	1.4827276658566935	0.47619047619047616
2	previously_4vHPV_vaccinated	six_year_4vHPV_persistence_to_heterologous_2vHPV_recall	HPV16	vaccine_target_2vHPV_and_4vHPV	IgA1	antibody_isotype_or_subclass	Antibody abundance	low	21	21	0.049615574068231784	3.428189450658992	0.7480922692520909	-1.510877554773782	1.6101087029102457	1.0349891000169194	0.35089771183425333	3.052748425044777	0.47619047619047616
2	previously_4vHPV_vaccinated	six_year_4vHPV_persistence_to_heterologous_2vHPV_recall	HPV16	vaccine_target_2vHPV_and_4vHPV	IgA2	antibody_isotype_or_subclass	Antibody abundance	high	21	21	0.9643501323566307	4.332341186074578	0.9453943534076914	-1.0077079321033335	2.936408196816595	1.9511844048934668	0.497335757800064	7.655030876404403	0.6666666666666666
2	previously_4vHPV_vaccinated	six_year_4vHPV_persistence_to_heterologous_2vHPV_recall	HPV16	vaccine_target_2vHPV_and_4vHPV	IgG1	antibody_isotype_or_subclass	IgG subclass architecture	none	21	21	-0.3689917677850901	0.8672204652872715	0.18924302030446405	-0.7637457907903886	0.02576225522020842	0.7743234462359361	0.5889651639064454	1.0180174246875098	0.38095238095238093
2	previously_4vHPV_vaccinated	six_year_4vHPV_persistence_to_heterologous_2vHPV_recall	HPV16	vaccine_target_2vHPV_and_4vHPV	IgG2	antibody_isotype_or_subclass	IgG subclass architecture	high	21	21	-0.45982673178159994	2.8332799674749016	0.6182723769502741	-1.7495203105540362	0.8298668469908365	0.7270735752272125	0.2974006466563164	1.7775212990864342	0.5238095238095238
2	previously_4vHPV_vaccinated	six_year_4vHPV_persistence_to_heterologous_2vHPV_recall	HPV16	vaccine_target_2vHPV_and_4vHPV	IgG3	antibody_isotype_or_subclass	IgG subclass architecture	low	21	21	1.0382970095721515	3.6157192186974694	0.7890146195898925	-0.6075586462507232	2.6841526653950263	2.0538018668777367	0.6563063758732127	6.427032043957078	0.47619047619047616
2	previously_4vHPV_vaccinated	six_year_4vHPV_persistence_to_heterologous_2vHPV_recall	HPV16	vaccine_target_2vHPV_and_4vHPV	IgG4	antibody_isotype_or_subclass	IgG subclass architecture	high	21	21	0.13270786945443896	2.6365736876443204	0.575347547569474	-1.067446084249526	1.332861823158404	1.0963495668739587	0.47716294450192925	2.5190186845698306	0.5238095238095238
2	previously_4vHPV_vaccinated	six_year_4vHPV_persistence_to_heterologous_2vHPV_recall	HPV16	vaccine_target_2vHPV_and_4vHPV	FcgR2A	fc_gamma_receptor_binding	Fc-receptor engagement	moderate	21	21	0.08345992791028542	1.6950777294093298	0.36989628589772033	-0.6881302037517526	0.8550500595723235	1.059556064920033	0.6206577286497382	1.808821517700598	0.47619047619047616
2	previously_4vHPV_vaccinated	six_year_4vHPV_persistence_to_heterologous_2vHPV_recall	HPV16	vaccine_target_2vHPV_and_4vHPV	FcgR2B	fc_gamma_receptor_binding	Fc-receptor engagement	high	21	21	-2.412858322730377	2.786775265089807	0.6081242189097461	-3.681383214773195	-1.144333430687559	0.1877834308959853	0.07794589117652714	0.4523986625440799	0.3333333333333333
2	previously_4vHPV_vaccinated	six_year_4vHPV_persistence_to_heterologous_2vHPV_recall	HPV16	vaccine_target_2vHPV_and_4vHPV	FcgR3A	fc_gamma_receptor_binding	Fc-receptor engagement	high	21	21	0.08412766487199821	3.2543458509081256	0.7101564856834266	-1.397232806102394	1.5654881358463903	1.060046583348049	0.3796566527362934	2.959776289363181	0.42857142857142855
2	previously_4vHPV_vaccinated	six_year_4vHPV_persistence_to_heterologous_2vHPV_recall	HPV18	vaccine_target_2vHPV_and_4vHPV	IgG	antibody_isotype_or_subclass	Antibody abundance	none	21	21	0.5465461493127715	1.7706299521421334	0.38638313254511253	-0.25943494181640403	1.352527240441947	1.4605848277138744	0.8354150611114887	2.5535905901788283	0.5714285714285714
2	previously_4vHPV_vaccinated	six_year_4vHPV_persistence_to_heterologous_2vHPV_recall	HPV18	vaccine_target_2vHPV_and_4vHPV	IgM	antibody_isotype_or_subclass	Antibody abundance	none	21	21	0.4119197918335879	0.9661664181693234	0.21083479738977534	-0.027873888933182045	0.8517134726003579	1.3304550709586664	0.9808647410910711	1.8046430070170902	0.7142857142857143
2	previously_4vHPV_vaccinated	six_year_4vHPV_persistence_to_heterologous_2vHPV_recall	HPV18	vaccine_target_2vHPV_and_4vHPV	IgA1	antibody_isotype_or_subclass	Antibody abundance	low	21	21	1.2933369468722713	3.8823832093619206	0.8472054730345995	-0.47390270220146546	3.0605765959460083	2.450943023962677	0.7200142165989262	8.343059856632657	0.6190476190476191
2	previously_4vHPV_vaccinated	six_year_4vHPV_persistence_to_heterologous_2vHPV_recall	HPV18	vaccine_target_2vHPV_and_4vHPV	IgA2	antibody_isotype_or_subclass	Antibody abundance	high	21	21	2.6252452112225906	5.12763846047465	1.11894244673771	0.2911721677335275	4.959318254711654	6.169891893416362	1.223634057945199	31.110253698209686	0.6190476190476191
2	previously_4vHPV_vaccinated	six_year_4vHPV_persistence_to_heterologous_2vHPV_recall	HPV18	vaccine_target_2vHPV_and_4vHPV	IgG1	antibody_isotype_or_subclass	IgG subclass architecture	none	21	21	0.8865674180413853	1.197081261659732	0.26122454736042666	0.34166256071897194	1.4314722753637987	1.8487721317938597	1.2672160917518989	2.6972182704627428	0.8095238095238095
2	previously_4vHPV_vaccinated	six_year_4vHPV_persistence_to_heterologous_2vHPV_recall	HPV18	vaccine_target_2vHPV_and_4vHPV	IgG2	antibody_isotype_or_subclass	IgG subclass architecture	high	21	21	1.6504771059704544	3.3874862492067375	0.7392101025053294	0.10851185229470528	3.1924423596462033	3.1393744256827474	1.0781155807194267	9.141572537198828	0.6666666666666666
2	previously_4vHPV_vaccinated	six_year_4vHPV_persistence_to_heterologous_2vHPV_recall	HPV18	vaccine_target_2vHPV_and_4vHPV	IgG3	antibody_isotype_or_subclass	IgG subclass architecture	low	21	21	2.274550080603935	2.8618425590255945	0.6245052454181388	0.9718549660359173	3.577245195171953	4.83846719544	1.9613608226911683	11.935980636763857	0.8571428571428571
2	previously_4vHPV_vaccinated	six_year_4vHPV_persistence_to_heterologous_2vHPV_recall	HPV18	vaccine_target_2vHPV_and_4vHPV	IgG4	antibody_isotype_or_subclass	IgG subclass architecture	high	21	21	1.5354614880998418	3.0538908023637643	0.6664136079029227	0.1453470612537977	2.925575914945886	2.8988114302280397	1.1059966848922924	7.5977693448864825	0.7142857142857143
2	previously_4vHPV_vaccinated	six_year_4vHPV_persistence_to_heterologous_2vHPV_recall	HPV18	vaccine_target_2vHPV_and_4vHPV	FcgR2A	fc_gamma_receptor_binding	Fc-receptor engagement	moderate	21	21	0.7251047864629446	1.708059364382141	0.37272911089330096	-0.05239451459237565	1.502604087518265	1.6530206948769697	0.9643344448319024	2.8335370911363125	0.6666666666666666
2	previously_4vHPV_vaccinated	six_year_4vHPV_persistence_to_heterologous_2vHPV_recall	HPV18	vaccine_target_2vHPV_and_4vHPV	FcgR2B	fc_gamma_receptor_binding	Fc-receptor engagement	high	21	21	-0.7361650447902605	3.056522668048858	0.6669879280801083	-2.127477482532941	0.65514739295242	0.6003330315165077	0.2288576650380302	1.574776832010023	0.42857142857142855
2	previously_4vHPV_vaccinated	six_year_4vHPV_persistence_to_heterologous_2vHPV_recall	HPV18	vaccine_target_2vHPV_and_4vHPV	FcgR3A	fc_gamma_receptor_binding	Fc-receptor engagement	high	21	21	1.4324377787901073	3.801999039328432	0.8296642090415203	-0.2982114347752258	3.1630869923554403	2.6990239501147264	0.8132600017381427	8.9574432133925	0.6190476190476191
2	previously_4vHPV_vaccinated	six_year_4vHPV_persistence_to_heterologous_2vHPV_recall	HPV31	cross_reactive_non_booster_target	IgG	antibody_isotype_or_subclass	Antibody abundance	none	21	21	2.460589769555807	2.1489068182798023	0.46892991219875757	1.482419113379621	3.4387604257319935	5.504417002420253	2.794168673318077	10.843513788504952	0.9523809523809523
2	previously_4vHPV_vaccinated	six_year_4vHPV_persistence_to_heterologous_2vHPV_recall	HPV31	cross_reactive_non_booster_target	IgM	antibody_isotype_or_subclass	Antibody abundance	none	21	21	0.7019704355266886	1.5141026643814408	0.33040428902201285	0.012759165806912942	1.3911817052464643	1.6267250602084367	1.0088832033402042	2.6229343622225105	0.6190476190476191
2	previously_4vHPV_vaccinated	six_year_4vHPV_persistence_to_heterologous_2vHPV_recall	HPV31	cross_reactive_non_booster_target	IgA1	antibody_isotype_or_subclass	Antibody abundance	low	21	21	2.642797481502178	3.564686788335135	0.7778784303026087	1.0201715094744106	4.265423453529945	6.245415178381555	2.0281600555703823	19.231820803900618	0.8571428571428571
2	previously_4vHPV_vaccinated	six_year_4vHPV_persistence_to_heterologous_2vHPV_recall	HPV31	cross_reactive_non_booster_target	IgA2	antibody_isotype_or_subclass	Antibody abundance	high	21	21	4.121789525258098	5.41594004619284	1.1818550105248247	1.6564831733353333	6.587095877180863	17.40933903343697	3.152471162276998	96.14206442486118	0.7142857142857143
2	previously_4vHPV_vaccinated	six_year_4vHPV_persistence_to_heterologous_2vHPV_recall	HPV31	cross_reactive_non_booster_target	IgG1	antibody_isotype_or_subclass	IgG subclass architecture	none	21	21	2.204853548342841	1.8701350057000545	0.4080969154003415	1.3535782998757901	3.0561287968098916	4.610277362414423	2.5554516580633115	8.317377983389072	0.8571428571428571
2	previously_4vHPV_vaccinated	six_year_4vHPV_persistence_to_heterologous_2vHPV_recall	HPV31	cross_reactive_non_booster_target	IgG2	antibody_isotype_or_subclass	IgG subclass architecture	high	21	21	2.9097070989512805	2.6348167469370853	0.5749641516750714	1.7103528950688713	4.109061302833689	7.51465618675834	3.272408594387798	17.25642014937618	0.7142857142857143
2	previously_4vHPV_vaccinated	six_year_4vHPV_persistence_to_heterologous_2vHPV_recall	HPV31	cross_reactive_non_booster_target	IgG3	antibody_isotype_or_subclass	IgG subclass architecture	low	21	21	4.5367015015843615	2.674435215436278	0.5836096102853464	3.319313187056069	5.7540898161126535	23.210432512606676	9.981891256244555	53.970150905546014	0.9047619047619048
2	previously_4vHPV_vaccinated	six_year_4vHPV_persistence_to_heterologous_2vHPV_recall	HPV31	cross_reactive_non_booster_target	IgG4	antibody_isotype_or_subclass	IgG subclass architecture	high	21	21	1.5056666998754509	2.79032931254896	0.6088997756480811	0.2355240248251853	2.7758093749257164	2.839558629313038	1.1773342983798565	6.848601302452375	0.5238095238095238
2	previously_4vHPV_vaccinated	six_year_4vHPV_persistence_to_heterologous_2vHPV_recall	HPV31	cross_reactive_non_booster_target	FcgR2A	fc_gamma_receptor_binding	Fc-receptor engagement	moderate	21	21	2.0487869794675055	3.1125015465551376	0.6792035208455256	0.6319932617294797	3.4655806972055316	4.137579348422808	1.5497046238305474	11.046984438995162	0.8571428571428571
2	previously_4vHPV_vaccinated	six_year_4vHPV_persistence_to_heterologous_2vHPV_recall	HPV31	cross_reactive_non_booster_target	FcgR2B	fc_gamma_receptor_binding	Fc-receptor engagement	high	21	21	0.7918041154498143	4.188973600905411	0.9141089814438467	-1.1149938066594545	2.698602037559083	1.7312380530767337	0.4616931373613139	6.4917256807206325	0.5238095238095238
2	previously_4vHPV_vaccinated	six_year_4vHPV_persistence_to_heterologous_2vHPV_recall	HPV31	cross_reactive_non_booster_target	FcgR3A	fc_gamma_receptor_binding	Fc-receptor engagement	high	21	21	2.927203761433617	3.943771303447244	0.8606014534115074	1.13202058695336	4.722386935913875	7.606347029050857	2.191654807123195	26.3985527913925	0.7619047619047619
2	previously_4vHPV_vaccinated	six_year_4vHPV_persistence_to_heterologous_2vHPV_recall	HPV33	cross_reactive_non_booster_target	IgG	antibody_isotype_or_subclass	Antibody abundance	none	21	21	1.0205248877691266	1.37056972973977	0.2990828348451269	0.39664902657754697	1.6444007489607064	2.0286569003678157	1.3164466229179907	3.1261797840977326	0.8095238095238095
2	previously_4vHPV_vaccinated	six_year_4vHPV_persistence_to_heterologous_2vHPV_recall	HPV33	cross_reactive_non_booster_target	IgM	antibody_isotype_or_subclass	Antibody abundance	none	21	21	-0.20687076200367333	0.6071414202290619	0.13248911979726996	-0.48323822306120295	0.0694966990538563	0.8664144671572787	0.7153701257369333	1.0493505416180606	0.3333333333333333
2	previously_4vHPV_vaccinated	six_year_4vHPV_persistence_to_heterologous_2vHPV_recall	HPV33	cross_reactive_non_booster_target	IgA1	antibody_isotype_or_subclass	Antibody abundance	low	21	21	0.7369718420157207	4.157504055694885	0.9072417636813195	-1.1555013148565016	2.6294449988879434	1.6666738844810884	0.44891016979573184	6.18787905490149	0.5238095238095238
2	previously_4vHPV_vaccinated	six_year_4vHPV_persistence_to_heterologous_2vHPV_recall	HPV33	cross_reactive_non_booster_target	IgA2	antibody_isotype_or_subclass	Antibody abundance	high	21	21	0.441498860465592	3.518889466964648	0.7678846354546813	-1.160280420809925	2.043278141741109	1.3580144780080283	0.44742555961061775	4.121810394748967	0.47619047619047616
2	previously_4vHPV_vaccinated	six_year_4vHPV_persistence_to_heterologous_2vHPV_recall	HPV33	cross_reactive_non_booster_target	IgG1	antibody_isotype_or_subclass	IgG subclass architecture	none	21	21	0.8478541234827035	1.26383545232416	0.27579150601162933	0.27256312287604856	1.4231451240893584	1.7998218633840808	1.2079519957991314	2.6816949275971176	0.8571428571428571
2	previously_4vHPV_vaccinated	six_year_4vHPV_persistence_to_heterologous_2vHPV_recall	HPV33	cross_reactive_non_booster_target	IgG2	antibody_isotype_or_subclass	IgG subclass architecture	high	21	21	-0.15564470613706952	3.0106095009036715	0.6569688536116333	-1.5260577207630768	1.2147683084889376	0.8977311085294712	0.34722489154817415	2.3210350491526883	0.38095238095238093
2	previously_4vHPV_vaccinated	six_year_4vHPV_persistence_to_heterologous_2vHPV_recall	HPV33	cross_reactive_non_booster_target	IgG3	antibody_isotype_or_subclass	IgG subclass architecture	low	21	21	1.1628808834060556	1.571457255776065	0.3429200869514952	0.4475621166920143	1.8781996501200968	2.23904090252266	1.363733854857565	3.676160231200758	0.7619047619047619
2	previously_4vHPV_vaccinated	six_year_4vHPV_persistence_to_heterologous_2vHPV_recall	HPV33	cross_reactive_non_booster_target	IgG4	antibody_isotype_or_subclass	IgG subclass architecture	high	21	21	0.14259815972875461	2.6684320705902014	0.5822996166822545	-1.072057556027336	1.3572538754848453	1.1038913325720412	0.47564016221915456	2.5619705208287464	0.38095238095238093
2	previously_4vHPV_vaccinated	six_year_4vHPV_persistence_to_heterologous_2vHPV_recall	HPV33	cross_reactive_non_booster_target	FcgR2A	fc_gamma_receptor_binding	Fc-receptor engagement	moderate	21	21	2.2726644829525022	3.777391305296881	0.8242943612376668	0.5532165756233882	3.9921123902816165	4.832147465635631	1.46735360497128	15.912762302516628	0.7619047619047619
2	previously_4vHPV_vaccinated	six_year_4vHPV_persistence_to_heterologous_2vHPV_recall	HPV33	cross_reactive_non_booster_target	FcgR2B	fc_gamma_receptor_binding	Fc-receptor engagement	high	21	21	-0.5263821814944923	2.6303950259713154	0.5739992530547089	-1.723723642124508	0.6709592791355233	0.6942936195671523	0.3027662623338479	1.5921312581390852	0.38095238095238093
2	previously_4vHPV_vaccinated	six_year_4vHPV_persistence_to_heterologous_2vHPV_recall	HPV33	cross_reactive_non_booster_target	FcgR3A	fc_gamma_receptor_binding	Fc-receptor engagement	high	21	21	1.6093875296424354	2.937447739132161	0.6410036483119059	0.27227734969975437	2.9464977095851164	3.05122280089719	1.2077127448957916	7.708754105694405	0.6666666666666666
2	previously_4vHPV_vaccinated	six_year_4vHPV_persistence_to_heterologous_2vHPV_recall	HPV45	cross_reactive_non_booster_target	IgG	antibody_isotype_or_subclass	Antibody abundance	none	21	21	3.047909002230116	1.9597811948927775	0.4276593176736741	2.155827297680183	3.9399907067800486	8.270124236706156	4.456241123072907	15.348127042863249	1.0
2	previously_4vHPV_vaccinated	six_year_4vHPV_persistence_to_heterologous_2vHPV_recall	HPV45	cross_reactive_non_booster_target	IgM	antibody_isotype_or_subclass	Antibody abundance	none	21	21	0.47825015880140676	1.1717162208914025	0.2556894416782119	-0.05510867039115319	1.0116089879939667	1.3930530107570158	0.9625219388149097	2.01615839860078	0.7142857142857143
2	previously_4vHPV_vaccinated	six_year_4vHPV_persistence_to_heterologous_2vHPV_recall	HPV45	cross_reactive_non_booster_target	IgA1	antibody_isotype_or_subclass	Antibody abundance	low	21	21	2.170304034681222	5.000337543443888	1.0911631091981502	-0.10582232611105935	4.446430395473504	4.50118242151353	0.9292751112953297	21.802631906821233	0.6190476190476191
2	previously_4vHPV_vaccinated	six_year_4vHPV_persistence_to_heterologous_2vHPV_recall	HPV45	cross_reactive_non_booster_target	IgA2	antibody_isotype_or_subclass	Antibody abundance	high	21	21	-1.1122793599125462	4.128122957296623	0.9008302823760347	-2.9913784011391167	0.766819681314024	0.46256263585742463	0.12574924113433744	1.7015147778330624	0.6190476190476191
2	previously_4vHPV_vaccinated	six_year_4vHPV_persistence_to_heterologous_2vHPV_recall	HPV45	cross_reactive_non_booster_target	IgG1	antibody_isotype_or_subclass	IgG subclass architecture	none	21	21	3.3822484398164234	1.9641063141295636	0.4286031360685447	2.4881979645939336	4.276298915038914	10.426972620867016	5.610766851322639	19.377343760181578	1.0
2	previously_4vHPV_vaccinated	six_year_4vHPV_persistence_to_heterologous_2vHPV_recall	HPV45	cross_reactive_non_booster_target	IgG2	antibody_isotype_or_subclass	IgG subclass architecture	high	21	21	1.816772676275836	3.2212002336210737	0.7029235190084765	0.35049990940068176	3.28304544315099	3.522922350130348	1.275002352858113	9.734085476177214	0.6190476190476191
2	previously_4vHPV_vaccinated	six_year_4vHPV_persistence_to_heterologous_2vHPV_recall	HPV45	cross_reactive_non_booster_target	IgG3	antibody_isotype_or_subclass	IgG subclass architecture	low	21	21	1.1627715094244746	2.6910757122723705	0.5872408643973972	-0.06219146844928969	2.387734487298239	2.2388711621903057	0.9578080935046517	5.233349054867875	0.6190476190476191
2	previously_4vHPV_vaccinated	six_year_4vHPV_persistence_to_heterologous_2vHPV_recall	HPV45	cross_reactive_non_booster_target	IgG4	antibody_isotype_or_subclass	IgG subclass architecture	high	21	21	1.3464223622063503	2.700374598581746	0.5892700477493734	0.11722658203256331	2.5756181423801374	2.5428076999306457	1.084647744489609	5.961263490082816	0.5238095238095238
2	previously_4vHPV_vaccinated	six_year_4vHPV_persistence_to_heterologous_2vHPV_recall	HPV45	cross_reactive_non_booster_target	FcgR2A	fc_gamma_receptor_binding	Fc-receptor engagement	moderate	21	21	3.004837990605233	3.19684471086301	0.6976087082166171	1.5496517247710315	4.460024256439435	8.02687254893185	2.9274645990841055	22.00903913131986	0.8571428571428571
2	previously_4vHPV_vaccinated	six_year_4vHPV_persistence_to_heterologous_2vHPV_recall	HPV45	cross_reactive_non_booster_target	FcgR2B	fc_gamma_receptor_binding	Fc-receptor engagement	high	21	21	2.1315224473062835	4.74918611403945	1.03635737414376	-0.030281153462003996	4.2933260480745705	4.381796388428171	0.9792294460421013	19.60739606763894	0.5714285714285714
2	previously_4vHPV_vaccinated	six_year_4vHPV_persistence_to_heterologous_2vHPV_recall	HPV45	cross_reactive_non_booster_target	FcgR3A	fc_gamma_receptor_binding	Fc-receptor engagement	high	21	21	4.593993674214588	3.2213876950604754	0.7029644264482834	3.1276355759152756	6.060351772513901	24.150709602472606	8.740013910570685	66.73407848899845	1.0
2	previously_4vHPV_vaccinated	six_year_4vHPV_persistence_to_heterologous_2vHPV_recall	HPV52	cross_reactive_non_booster_target	IgG	antibody_isotype_or_subclass	Antibody abundance	none	21	21	2.5600052333362027	1.7243346139890954	0.3762806615255947	1.7750975274808036	3.3449129391916017	5.897098260685807	3.4226114665199474	10.160594691030758	0.9523809523809523
2	previously_4vHPV_vaccinated	six_year_4vHPV_persistence_to_heterologous_2vHPV_recall	HPV52	cross_reactive_non_booster_target	IgM	antibody_isotype_or_subclass	Antibody abundance	none	21	21	-0.1654786692538148	0.8244414684828018	0.1799078778753804	-0.5407599263770244	0.2098025878693948	0.8916326371109763	0.6874087274496552	1.1565299185406388	0.38095238095238093
2	previously_4vHPV_vaccinated	six_year_4vHPV_persistence_to_heterologous_2vHPV_recall	HPV52	cross_reactive_non_booster_target	IgA1	antibody_isotype_or_subclass	Antibody abundance	moderate	21	21	0.7092742984456768	3.337558369626597	0.7283149459593944	-0.8099640569230129	2.2285126538143665	1.6349814851392637	0.5703960685149899	4.686505753287713	0.5238095238095238
2	previously_4vHPV_vaccinated	six_year_4vHPV_persistence_to_heterologous_2vHPV_recall	HPV52	cross_reactive_non_booster_target	IgA2	antibody_isotype_or_subclass	Antibody abundance	high	21	21	-0.36230962795872046	3.252936736634375	0.7098489917395073	-1.8430286778058416	1.1184094218884004	0.777918203586478	0.2787360139290209	2.1710747848511383	0.38095238095238093
2	previously_4vHPV_vaccinated	six_year_4vHPV_persistence_to_heterologous_2vHPV_recall	HPV52	cross_reactive_non_booster_target	IgG1	antibody_isotype_or_subclass	IgG subclass architecture	none	21	21	2.598137077377552	2.1140128064665547	0.4613154145590008	1.63584998494719	3.5604241698079138	6.05504246318241	3.1077059112710113	11.7976218721247	1.0
2	previously_4vHPV_vaccinated	six_year_4vHPV_persistence_to_heterologous_2vHPV_recall	HPV52	cross_reactive_non_booster_target	IgG2	antibody_isotype_or_subclass	IgG subclass architecture	high	21	21	2.75886583325968	3.031954528865465	0.6616267205804841	1.378736678394423	4.138994988124937	6.76863927836961	2.600405622111188	17.618204364399322	0.7619047619047619
2	previously_4vHPV_vaccinated	six_year_4vHPV_persistence_to_heterologous_2vHPV_recall	HPV52	cross_reactive_non_booster_target	IgG3	antibody_isotype_or_subclass	IgG subclass architecture	low	21	21	2.8328854440467035	2.8863491562134516	0.6298530233533363	1.5190350601817688	4.146735827911638	7.124977429714163	2.865992948876917	17.712989626799125	0.9047619047619048
2	previously_4vHPV_vaccinated	six_year_4vHPV_persistence_to_heterologous_2vHPV_recall	HPV52	cross_reactive_non_booster_target	IgG4	antibody_isotype_or_subclass	IgG subclass architecture	high	21	21	1.544073559947393	2.766929772525402	0.6037935773916476	0.28458222781454	2.803564892080246	2.9161674430094338	1.2180574904201134	6.981634793555681	0.5238095238095238
2	previously_4vHPV_vaccinated	six_year_4vHPV_persistence_to_heterologous_2vHPV_recall	HPV52	cross_reactive_non_booster_target	FcgR2A	fc_gamma_receptor_binding	Fc-receptor engagement	high	21	21	2.4255653475901333	3.431360138856926	0.7487841701412403	0.8636289387842231	3.9875017563960435	5.3723948741591885	1.8196095843216205	15.86198871042569	0.8571428571428571
2	previously_4vHPV_vaccinated	six_year_4vHPV_persistence_to_heterologous_2vHPV_recall	HPV52	cross_reactive_non_booster_target	FcgR2B	fc_gamma_receptor_binding	Fc-receptor engagement	high	21	21	1.2639170051538353	3.894310104523718	0.8498081349338727	-0.508751701507377	3.0365857118150474	2.4014687001610473	0.7028303019906901	8.205468519952321	0.47619047619047616
2	previously_4vHPV_vaccinated	six_year_4vHPV_persistence_to_heterologous_2vHPV_recall	HPV52	cross_reactive_non_booster_target	FcgR3A	fc_gamma_receptor_binding	Fc-receptor engagement	high	21	21	3.6046913370907987	4.014491898505952	0.8760339524614525	1.7773165336923913	5.432066140489206	12.165227011453982	3.427879828616106	43.173260335662576	0.9523809523809523
2	previously_4vHPV_vaccinated	six_year_4vHPV_persistence_to_heterologous_2vHPV_recall	HPV58	cross_reactive_non_booster_target	IgG	antibody_isotype_or_subclass	Antibody abundance	none	21	21	1.882429277578419	1.2864262385792398	0.2807212197269851	1.296855074356047	2.468003480800791	3.6869536440274335	2.4569271383662765	5.532775864996223	0.9523809523809523
2	previously_4vHPV_vaccinated	six_year_4vHPV_persistence_to_heterologous_2vHPV_recall	HPV58	cross_reactive_non_booster_target	IgM	antibody_isotype_or_subclass	Antibody abundance	none	21	21	-0.29552977829141375	0.7051883500348698	0.1538847139636098	-0.6165276667124624	0.025468110129634958	0.8147730811110271	0.652238873392389	1.0178098865072995	0.47619047619047616
2	previously_4vHPV_vaccinated	six_year_4vHPV_persistence_to_heterologous_2vHPV_recall	HPV58	cross_reactive_non_booster_target	IgA1	antibody_isotype_or_subclass	Antibody abundance	low	21	21	0.6102849765638693	2.8244872087977604	0.6163536397023942	-0.6754061864445823	1.895976139572321	1.5265607217912307	0.6261559021836437	3.7217370772818965	0.6190476190476191
2	previously_4vHPV_vaccinated	six_year_4vHPV_persistence_to_heterologous_2vHPV_recall	HPV58	cross_reactive_non_booster_target	IgA2	antibody_isotype_or_subclass	Antibody abundance	high	21	21	0.48680817049094655	4.521038939846309	0.9865715791280293	-1.571144081681457	2.5447604226633502	1.4013411058540752	0.3365414053141772	5.835112304006288	0.42857142857142855
2	previously_4vHPV_vaccinated	six_year_4vHPV_persistence_to_heterologous_2vHPV_recall	HPV58	cross_reactive_non_booster_target	IgG1	antibody_isotype_or_subclass	IgG subclass architecture	none	21	21	2.086984309030114	1.3458301092307166	0.29368420705240217	1.4743697880795517	2.6995988299806766	4.248590537415702	2.7786223899864377	6.4962125187173605	1.0
2	previously_4vHPV_vaccinated	six_year_4vHPV_persistence_to_heterologous_2vHPV_recall	HPV58	cross_reactive_non_booster_target	IgG2	antibody_isotype_or_subclass	IgG subclass architecture	high	21	21	0.8946262017408476	3.3931867852079725	0.7404540614447332	-0.6499339048123977	2.4391863082940928	1.859128127908117	0.637309510493037	5.42335762933339	0.5714285714285714
2	previously_4vHPV_vaccinated	six_year_4vHPV_persistence_to_heterologous_2vHPV_recall	HPV58	cross_reactive_non_booster_target	IgG3	antibody_isotype_or_subclass	IgG subclass architecture	low	21	21	2.9109288901476336	2.101346136865459	0.45855132064233334	1.95440759659225	3.867450183703017	7.521022902773912	3.8755675447536357	14.595484364766897	0.8571428571428571
2	previously_4vHPV_vaccinated	six_year_4vHPV_persistence_to_heterologous_2vHPV_recall	HPV58	cross_reactive_non_booster_target	IgG4	antibody_isotype_or_subclass	IgG subclass architecture	high	21	21	1.32254034343357	2.377354025191317	0.5187811797212935	0.24038176540550338	2.4046989214616366	2.5010611710370974	1.181305216604569	5.295250451233181	0.7142857142857143
2	previously_4vHPV_vaccinated	six_year_4vHPV_persistence_to_heterologous_2vHPV_recall	HPV58	cross_reactive_non_booster_target	FcgR2A	fc_gamma_receptor_binding	Fc-receptor engagement	moderate	21	21	2.529379024460712	3.0099674810638115	0.6568287533966893	1.1592582537620322	3.899499795159392	5.7732312900271054	2.2334256889522695	14.923352808654984	0.9047619047619048
2	previously_4vHPV_vaccinated	six_year_4vHPV_persistence_to_heterologous_2vHPV_recall	HPV58	cross_reactive_non_booster_target	FcgR2B	fc_gamma_receptor_binding	Fc-receptor engagement	high	21	21	0.5195301785078424	2.995155492151562	0.6535965124260593	-0.8438482556733483	1.8829086126890333	1.4334883487130625	0.5571554245773511	3.688178837090041	0.47619047619047616
2	previously_4vHPV_vaccinated	six_year_4vHPV_persistence_to_heterologous_2vHPV_recall	HPV58	cross_reactive_non_booster_target	FcgR3A	fc_gamma_receptor_binding	Fc-receptor engagement	high	21	21	3.7782964793794593	3.3087148907260127	0.7220207828466426	2.272187518195099	5.28440544056382	13.720835981002551	4.830550188986687	38.973063657799635	0.8571428571428571
3	previously_4vHPV_vaccinated	six_year_4vHPV_persistence_to_heterologous_2vHPV_recall	HPV16	vaccine_target_2vHPV_and_4vHPV	IgG	antibody_isotype_or_subclass	Antibody abundance	none	19	19	-1.2095883593266445	0.9933049526111736	0.22787978466055595	-1.6883460214453705	-0.7308306972079187	0.43239197140611124	0.31028244463904225	0.6025568644528404	0.05263157894736842
3	previously_4vHPV_vaccinated	six_year_4vHPV_persistence_to_heterologous_2vHPV_recall	HPV16	vaccine_target_2vHPV_and_4vHPV	IgM	antibody_isotype_or_subclass	Antibody abundance	none	19	19	0.6778662992562938	1.6939393098871613	0.38861632990995604	-0.138586313449085	1.4943189119616727	1.5997719920562654	0.9084088626836888	2.817311159874514	0.631578947368421
3	previously_4vHPV_vaccinated	six_year_4vHPV_persistence_to_heterologous_2vHPV_recall	HPV16	vaccine_target_2vHPV_and_4vHPV	IgA1	antibody_isotype_or_subclass	Antibody abundance	low	19	19	-0.13859784084505014	2.9108732934332395	0.6678001328172056	-1.5415938583565578	1.2643981766664576	0.908401604360532	0.3435057470886479	2.402269778012862	0.631578947368421
3	previously_4vHPV_vaccinated	six_year_4vHPV_persistence_to_heterologous_2vHPV_recall	HPV16	vaccine_target_2vHPV_and_4vHPV	IgA2	antibody_isotype_or_subclass	Antibody abundance	high	19	19	2.226162175680208	3.4912831825984108	0.8009552934857648	0.5434175463482982	3.9089068050121183	4.678876586722686	1.457420861174814	15.020977602951888	0.7894736842105263
3	previously_4vHPV_vaccinated	six_year_4vHPV_persistence_to_heterologous_2vHPV_recall	HPV16	vaccine_target_2vHPV_and_4vHPV	IgG1	antibody_isotype_or_subclass	IgG subclass architecture	none	19	19	-0.6514529929035499	0.7286595628253538	0.16716596834738123	-1.0026556601827858	-0.3002503256243139	0.6366388075776339	0.4990804648988002	0.8121114726380988	0.21052631578947367
3	previously_4vHPV_vaccinated	six_year_4vHPV_persistence_to_heterologous_2vHPV_recall	HPV16	vaccine_target_2vHPV_and_4vHPV	IgG2	antibody_isotype_or_subclass	IgG subclass architecture	high	19	19	0.5071635543735394	3.4311636487291532	0.787162926503193	-1.1466043871775935	2.1609314959246726	1.4212531576147727	0.45168709878836083	4.472035051362891	0.631578947368421
3	previously_4vHPV_vaccinated	six_year_4vHPV_persistence_to_heterologous_2vHPV_recall	HPV16	vaccine_target_2vHPV_and_4vHPV	IgG3	antibody_isotype_or_subclass	IgG subclass architecture	low	19	19	2.5795060792931057	3.8481416423720223	0.8828242389226463	0.7247611780815668	4.434250980504645	5.977350240090192	1.6526270398667358	21.61934606587786	0.6842105263157895
3	previously_4vHPV_vaccinated	six_year_4vHPV_persistence_to_heterologous_2vHPV_recall	HPV16	vaccine_target_2vHPV_and_4vHPV	IgG4	antibody_isotype_or_subclass	IgG subclass architecture	high	19	19	1.019170252005629	2.4689297418751686	0.5664113286071484	-0.17081579210729414	2.209156296118552	2.026752962710567	0.888340214706248	4.624047750910821	0.631578947368421
3	previously_4vHPV_vaccinated	six_year_4vHPV_persistence_to_heterologous_2vHPV_recall	HPV16	vaccine_target_2vHPV_and_4vHPV	FcgR2A	fc_gamma_receptor_binding	Fc-receptor engagement	moderate	19	19	-0.3562434061982185	1.883605132518452	0.4321286537990774	-1.2641120191843558	0.5516252067879187	0.7811960685273416	0.4163555559325166	1.4657359287922838	0.2631578947368421
3	previously_4vHPV_vaccinated	six_year_4vHPV_persistence_to_heterologous_2vHPV_recall	HPV16	vaccine_target_2vHPV_and_4vHPV	FcgR2B	fc_gamma_receptor_binding	Fc-receptor engagement	high	19	19	-0.8410831707138016	1.700485563168835	0.39011814341067375	-1.6606909765031697	-0.02147536492443347	0.5582242986863867	0.316287626752399	0.9852246540388724	0.21052631578947367
3	previously_4vHPV_vaccinated	six_year_4vHPV_persistence_to_heterologous_2vHPV_recall	HPV16	vaccine_target_2vHPV_and_4vHPV	FcgR3A	fc_gamma_receptor_binding	Fc-receptor engagement	high	19	19	-0.7971032026152365	1.874135791036972	0.4299562378738327	-1.7004077391034567	0.1062013338729837	0.5755035757722485	0.30769912813090633	1.076390328885618	0.5263157894736842
3	previously_4vHPV_vaccinated	six_year_4vHPV_persistence_to_heterologous_2vHPV_recall	HPV18	vaccine_target_2vHPV_and_4vHPV	IgG	antibody_isotype_or_subclass	Antibody abundance	none	19	19	0.08956665531162032	1.5588380103814363	0.35762196613698355	-0.6617692154198747	0.8409025260431153	1.0640505238371476	0.6321026571354241	1.791170317823139	0.5263157894736842
3	previously_4vHPV_vaccinated	six_year_4vHPV_persistence_to_heterologous_2vHPV_recall	HPV18	vaccine_target_2vHPV_and_4vHPV	IgM	antibody_isotype_or_subclass	Antibody abundance	none	19	19	0.7705993322531385	1.3093074335260912	0.30037572572456994	0.13953334972501596	1.401665314781261	1.7059783431893598	1.1015487542352747	2.6420638180936136	0.6842105263157895
3	previously_4vHPV_vaccinated	six_year_4vHPV_persistence_to_heterologous_2vHPV_recall	HPV18	vaccine_target_2vHPV_and_4vHPV	IgA1	antibody_isotype_or_subclass	Antibody abundance	low	19	19	0.5251433261466975	3.3521653246826753	0.7690394680175259	-1.0905486420265054	2.1408352943199005	1.4390765395721155	0.46958276317128345	4.410173134893081	0.7894736842105263
3	previously_4vHPV_vaccinated	six_year_4vHPV_persistence_to_heterologous_2vHPV_recall	HPV18	vaccine_target_2vHPV_and_4vHPV	IgA2	antibody_isotype_or_subclass	Antibody abundance	high	19	19	3.526807257199471	4.660278639929574	1.0691412442207466	1.2806248530854614	5.77298966131348	11.525898037901442	2.429441769002044	54.68183155287989	0.7894736842105263
3	previously_4vHPV_vaccinated	six_year_4vHPV_persistence_to_heterologous_2vHPV_recall	HPV18	vaccine_target_2vHPV_and_4vHPV	IgG1	antibody_isotype_or_subclass	IgG subclass architecture	none	19	19	0.8466916318369611	1.4056510557876218	0.32247846852944717	0.16918950980029468	1.5241937538736274	1.7983721910059562	1.1244266167162136	2.8762593212428436	0.7368421052631579
3	previously_4vHPV_vaccinated	six_year_4vHPV_persistence_to_heterologous_2vHPV_recall	HPV18	vaccine_target_2vHPV_and_4vHPV	IgG2	antibody_isotype_or_subclass	IgG subclass architecture	high	19	19	1.3436587975543883	4.040533747109492	0.9269620148218949	-0.6038161298510982	3.2911337249598747	2.5379414689818676	0.6580111200793975	9.78881162251579	0.6842105263157895
3	previously_4vHPV_vaccinated	six_year_4vHPV_persistence_to_heterologous_2vHPV_recall	HPV18	vaccine_target_2vHPV_and_4vHPV	IgG3	antibody_isotype_or_subclass	IgG subclass architecture	low	19	19	1.375799864365466	3.4708308191822543	0.7962631995232599	-0.2970870413457356	3.0486867700766678	2.5951175052511597	0.8138940793543701	8.274583925470157	0.631578947368421
3	previously_4vHPV_vaccinated	six_year_4vHPV_persistence_to_heterologous_2vHPV_recall	HPV18	vaccine_target_2vHPV_and_4vHPV	IgG4	antibody_isotype_or_subclass	IgG subclass architecture	high	19	19	2.675848734068948	4.219636159915818	0.9680509262938464	0.642049206942529	4.709648261195367	6.390145292585635	1.5605441859400329	26.166485530018495	0.7368421052631579
3	previously_4vHPV_vaccinated	six_year_4vHPV_persistence_to_heterologous_2vHPV_recall	HPV18	vaccine_target_2vHPV_and_4vHPV	FcgR2A	fc_gamma_receptor_binding	Fc-receptor engagement	moderate	19	19	0.18588128622245503	2.532609328257466	0.5810204276496169	-1.0347973360568532	1.4065599085017633	1.1375116226032451	0.48808443969338566	2.6510427014848403	0.3684210526315789
3	previously_4vHPV_vaccinated	six_year_4vHPV_persistence_to_heterologous_2vHPV_recall	HPV18	vaccine_target_2vHPV_and_4vHPV	FcgR2B	fc_gamma_receptor_binding	Fc-receptor engagement	high	19	19	-0.25455646034894813	2.2146005959175876	0.5080642209426167	-1.3219597799851444	0.8128468592872482	0.8382448035799657	0.39999121512199165	1.7566744572490562	0.5263157894736842
3	previously_4vHPV_vaccinated	six_year_4vHPV_persistence_to_heterologous_2vHPV_recall	HPV18	vaccine_target_2vHPV_and_4vHPV	FcgR3A	fc_gamma_receptor_binding	Fc-receptor engagement	high	19	19	0.3155593058480173	3.619287100200826	0.8303214061808298	-1.4288812368811548	2.0599998485771893	1.244494026815682	0.3714188042219392	4.169862605702796	0.631578947368421
3	previously_4vHPV_vaccinated	six_year_4vHPV_persistence_to_heterologous_2vHPV_recall	HPV31	cross_reactive_non_booster_target	IgG	antibody_isotype_or_subclass	Antibody abundance	none	19	19	2.0349273996629478	2.1861140087681368	0.5015289496462577	0.9812541755322264	3.088600623793669	4.09802106338009	1.9741808744007399	8.506706175544634	0.7368421052631579
3	previously_4vHPV_vaccinated	six_year_4vHPV_persistence_to_heterologous_2vHPV_recall	HPV31	cross_reactive_non_booster_target	IgM	antibody_isotype_or_subclass	Antibody abundance	none	19	19	1.311417334118325	1.7920376487953713	0.4111216323220661	0.4476828355530561	2.175151832683594	2.4818524268989943	1.3638479713416218	4.5163329039124624	0.7368421052631579
3	previously_4vHPV_vaccinated	six_year_4vHPV_persistence_to_heterologous_2vHPV_recall	HPV31	cross_reactive_non_booster_target	IgA1	antibody_isotype_or_subclass	Antibody abundance	low	19	19	2.2285516419966354	3.621185730038322	0.8307569817383474	0.4831959889784845	3.9739072950147865	4.68663240570163	1.3978368539824328	15.713223788309625	0.7894736842105263
3	previously_4vHPV_vaccinated	six_year_4vHPV_persistence_to_heterologous_2vHPV_recall	HPV31	cross_reactive_non_booster_target	IgA2	antibody_isotype_or_subclass	Antibody abundance	high	19	19	4.5979063751814975	4.244681450472271	0.9737967100068565	2.552035404413958	6.643777345949037	24.21629710105488	5.864610947298254	99.99453511178243	0.8421052631578947
3	previously_4vHPV_vaccinated	six_year_4vHPV_persistence_to_heterologous_2vHPV_recall	HPV31	cross_reactive_non_booster_target	IgG1	antibody_isotype_or_subclass	IgG subclass architecture	none	19	19	2.3197575383226576	1.4371478649548934	0.32970433211913786	1.6270744402106354	3.01244063643468	4.992483080262428	3.0888599073172185	8.069283831119018	0.9473684210526315
3	previously_4vHPV_vaccinated	six_year_4vHPV_persistence_to_heterologous_2vHPV_recall	HPV31	cross_reactive_non_booster_target	IgG2	antibody_isotype_or_subclass	IgG subclass architecture	high	19	19	1.6506921989701382	4.37298084708473	1.003230610235854	-0.4570171015187554	3.7584014994590316	3.139842513381917	0.7284909214615024	13.532922262177372	0.6842105263157895
3	previously_4vHPV_vaccinated	six_year_4vHPV_persistence_to_heterologous_2vHPV_recall	HPV31	cross_reactive_non_booster_target	IgG3	antibody_isotype_or_subclass	IgG subclass architecture	low	19	19	3.9074428614189234	3.5238828102315294	0.8084341609831238	2.2089857145257703	5.6059000083120765	15.005743121508628	4.6235010443802365	48.7016926063844	0.8421052631578947
3	previously_4vHPV_vaccinated	six_year_4vHPV_persistence_to_heterologous_2vHPV_recall	HPV31	cross_reactive_non_booster_target	IgG4	antibody_isotype_or_subclass	IgG subclass architecture	high	19	19	2.6928342202608375	2.9292602184384737	0.6720183827109044	1.2809759885764138	4.104692451945262	6.465823921487489	2.430033139337051	17.204242323660406	0.7368421052631579
3	previously_4vHPV_vaccinated	six_year_4vHPV_persistence_to_heterologous_2vHPV_recall	HPV31	cross_reactive_non_booster_target	FcgR2A	fc_gamma_receptor_binding	Fc-receptor engagement	moderate	19	19	1.607589029400134	3.8934604411652756	0.8932210844059327	-0.268998833636221	3.484176892436489	3.047421439066748	0.8298952565282951	11.190300648461431	0.5789473684210527
3	previously_4vHPV_vaccinated	six_year_4vHPV_persistence_to_heterologous_2vHPV_recall	HPV31	cross_reactive_non_booster_target	FcgR2B	fc_gamma_receptor_binding	Fc-receptor engagement	high	19	19	1.7484316665985018	2.2895857186241018	0.5252669878977058	0.64488667471323	2.851976658483774	3.3599311413002595	1.5636164576356555	7.219889007403753	0.8421052631578947
3	previously_4vHPV_vaccinated	six_year_4vHPV_persistence_to_heterologous_2vHPV_recall	HPV31	cross_reactive_non_booster_target	FcgR3A	fc_gamma_receptor_binding	Fc-receptor engagement	high	19	19	2.4202217465706926	3.5997015270366597	0.825828167540097	0.6852211479338985	4.155222345207487	5.352532856334533	1.6079484419043835	17.817491675422993	0.7894736842105263
3	previously_4vHPV_vaccinated	six_year_4vHPV_persistence_to_heterologous_2vHPV_recall	HPV33	cross_reactive_non_booster_target	IgG	antibody_isotype_or_subclass	Antibody abundance	none	19	19	0.25688328865380605	1.159401602767658	0.26598496954964773	-0.3019303962458695	0.8156969735534816	1.1948945362005414	0.8111662898746187	1.7601482833595028	0.5263157894736842
3	previously_4vHPV_vaccinated	six_year_4vHPV_persistence_to_heterologous_2vHPV_recall	HPV33	cross_reactive_non_booster_target	IgM	antibody_isotype_or_subclass	Antibody abundance	none	19	19	0.0405742014972809	0.7955008707809335	0.18250041606487877	-0.34284494496656825	0.4239933479611301	1.0285231037228506	0.7884849126748622	1.3416360387962198	0.5789473684210527
3	previously_4vHPV_vaccinated	six_year_4vHPV_persistence_to_heterologous_2vHPV_recall	HPV33	cross_reactive_non_booster_target	IgA1	antibody_isotype_or_subclass	Antibody abundance	low	19	19	-0.2927984093467565	3.015633766043531	0.6918338335217226	-1.7462873583769385	1.1606905396834257	0.8163171037977357	0.29806784252526947	2.2356441013801405	0.5263157894736842
3	previously_4vHPV_vaccinated	six_year_4vHPV_persistence_to_heterologous_2vHPV_recall	HPV33	cross_reactive_non_booster_target	IgA2	antibody_isotype_or_subclass	Antibody abundance	high	19	19	1.6982727080234743	3.249193997320707	0.745416225383154	0.13221133096278304	3.2643340850841653	3.2451219793514228	1.0959722965050767	9.608652239158962	0.5789473684210527
3	previously_4vHPV_vaccinated	six_year_4vHPV_persistence_to_heterologous_2vHPV_recall	HPV33	cross_reactive_non_booster_target	IgG1	antibody_isotype_or_subclass	IgG subclass architecture	none	19	19	0.806740070412949	0.6744542462353761	0.15473041586220537	0.4816635294323923	1.1318166113935058	1.7492543392082234	1.3963528320187029	2.1913449617279923	0.8421052631578947
3	previously_4vHPV_vaccinated	six_year_4vHPV_persistence_to_heterologous_2vHPV_recall	HPV33	cross_reactive_non_booster_target	IgG2	antibody_isotype_or_subclass	IgG subclass architecture	high	19	19	-0.37799187911031207	4.481355069101396	1.0280933619124588	-2.5379358825776226	1.7819521243569987	0.7695079416067363	0.17218890818686872	3.4389118232471243	0.2631578947368421
3	previously_4vHPV_vaccinated	six_year_4vHPV_persistence_to_heterologous_2vHPV_recall	HPV33	cross_reactive_non_booster_target	IgG3	antibody_isotype_or_subclass	IgG subclass architecture	low	19	19	-0.6374815401374152	2.539930873548164	0.5827001053355491	-1.8616890342875994	0.586725954012769	0.6428341418874892	0.27515395401110404	1.5018346200452866	0.42105263157894735
3	previously_4vHPV_vaccinated	six_year_4vHPV_persistence_to_heterologous_2vHPV_recall	HPV33	cross_reactive_non_booster_target	IgG4	antibody_isotype_or_subclass	IgG subclass architecture	high	19	19	0.9387473111111028	3.991403520082093	0.9156907677331768	-0.9850476048646942	2.8625422270869	1.9168631078757175	0.5052090524954367	7.272957909573768	0.47368421052631576
3	previously_4vHPV_vaccinated	six_year_4vHPV_persistence_to_heterologous_2vHPV_recall	HPV33	cross_reactive_non_booster_target	FcgR2A	fc_gamma_receptor_binding	Fc-receptor engagement	moderate	19	19	2.8942642370568423	2.8490544235695356	0.6536179114203753	1.5210639610575123	4.267464513056172	7.43464696334979	2.870026307363765	19.259048367545326	0.8947368421052632
3	previously_4vHPV_vaccinated	six_year_4vHPV_persistence_to_heterologous_2vHPV_recall	HPV33	cross_reactive_non_booster_target	FcgR2B	fc_gamma_receptor_binding	Fc-receptor engagement	high	19	19	0.22387616301524446	2.234227345330753	0.5125669060627317	-0.8529869470300663	1.3007392730605551	1.1678671437985837	0.5536373013245555	2.4635508884628106	0.5789473684210527
3	previously_4vHPV_vaccinated	six_year_4vHPV_persistence_to_heterologous_2vHPV_recall	HPV33	cross_reactive_non_booster_target	FcgR3A	fc_gamma_receptor_binding	Fc-receptor engagement	high	19	19	2.3151773071837543	2.6570581183234103	0.6095709381518991	1.0345162881300702	3.5958383262374385	4.976658206777457	2.0484267271945593	12.090804410175535	0.7894736842105263
3	previously_4vHPV_vaccinated	six_year_4vHPV_persistence_to_heterologous_2vHPV_recall	HPV45	cross_reactive_non_booster_target	IgG	antibody_isotype_or_subclass	Antibody abundance	none	19	19	2.4868066384378107	1.8852666597753829	0.4325098342940721	1.5781371949484293	3.395476081927192	5.60535847086823	2.9858406954711194	10.523014049139222	0.8947368421052632
3	previously_4vHPV_vaccinated	six_year_4vHPV_persistence_to_heterologous_2vHPV_recall	HPV45	cross_reactive_non_booster_target	IgM	antibody_isotype_or_subclass	Antibody abundance	none	19	19	0.5710858159122163	1.7364396873303984	0.39836658519087215	-0.26585132301081504	1.4080229548352476	1.4856412885189452	0.8317078056362893	2.6537325046068196	0.47368421052631576
3	previously_4vHPV_vaccinated	six_year_4vHPV_persistence_to_heterologous_2vHPV_recall	HPV45	cross_reactive_non_booster_target	IgA1	antibody_isotype_or_subclass	Antibody abundance	low	19	19	-0.139732601237632	3.166552459579664	0.7264569563541009	-1.665962032128328	1.3864968296530638	0.9076873765853176	0.31513414127366385	2.61443070015337	0.631578947368421
3	previously_4vHPV_vaccinated	six_year_4vHPV_persistence_to_heterologous_2vHPV_recall	HPV45	cross_reactive_non_booster_target	IgA2	antibody_isotype_or_subclass	Antibody abundance	high	19	19	-0.04307780532359183	6.36310332471703	1.4597960189341688	-3.1099954357583965	3.0238398251112133	0.9705821243393103	0.11582387416668803	8.133294339052119	0.5263157894736842
3	previously_4vHPV_vaccinated	six_year_4vHPV_persistence_to_heterologous_2vHPV_recall	HPV45	cross_reactive_non_booster_target	IgG1	antibody_isotype_or_subclass	IgG subclass architecture	none	19	19	2.7600614752201893	1.1768753156981622	0.2699937142250429	2.1928257302782774	3.327297220162101	6.774251152910138	4.572001035416966	10.037285277762221	1.0
3	previously_4vHPV_vaccinated	six_year_4vHPV_persistence_to_heterologous_2vHPV_recall	HPV45	cross_reactive_non_booster_target	IgG2	antibody_isotype_or_subclass	IgG subclass architecture	high	19	19	0.877018709200342	3.602622860742746	0.8264983674561597	-0.8593899272114757	2.6134273456121595	1.836576141588254	0.5511855886424206	6.119557538068045	0.47368421052631576
3	previously_4vHPV_vaccinated	six_year_4vHPV_persistence_to_heterologous_2vHPV_recall	HPV45	cross_reactive_non_booster_target	IgG3	antibody_isotype_or_subclass	IgG subclass architecture	low	19	19	0.3647835359463177	2.5600993112165624	0.5873270622642673	-0.8691448339946564	1.5987119058872916	1.2876884083805857	0.5474712712988992	3.0287277598032016	0.5263157894736842
3	previously_4vHPV_vaccinated	six_year_4vHPV_persistence_to_heterologous_2vHPV_recall	HPV45	cross_reactive_non_booster_target	IgG4	antibody_isotype_or_subclass	IgG subclass architecture	high	19	19	1.8544245131716135	3.6375511461958108	0.8345114656962149	0.1011809820566476	3.607668044286579	3.6160747808690266	1.0726511694663898	12.190353390787681	0.5789473684210527
3	previously_4vHPV_vaccinated	six_year_4vHPV_persistence_to_heterologous_2vHPV_recall	HPV45	cross_reactive_non_booster_target	FcgR2A	fc_gamma_receptor_binding	Fc-receptor engagement	moderate	19	19	2.8003271228694437	3.8829642700966285	0.8908130976173881	0.9287982523497511	4.671855993389136	6.965983824400368	1.9036895848774689	25.489938605159143	0.8421052631578947
3	previously_4vHPV_vaccinated	six_year_4vHPV_persistence_to_heterologous_2vHPV_recall	HPV45	cross_reactive_non_booster_target	FcgR2B	fc_gamma_receptor_binding	Fc-receptor engagement	high	19	19	2.4753318055966282	2.6356998014580393	0.60467100421399	1.2049651657488223	3.745698445444434	5.560951696219528	2.3053170304397534	13.414286781106137	0.7894736842105263
3	previously_4vHPV_vaccinated	six_year_4vHPV_persistence_to_heterologous_2vHPV_recall	HPV45	cross_reactive_non_booster_target	FcgR3A	fc_gamma_receptor_binding	Fc-receptor engagement	high	19	19	3.2032095065529793	3.436058164643165	0.7882858054635472	1.547082483845515	4.859336529260443	9.210053307107419	2.9222558277480317	29.02726076009873	0.8947368421052632
3	previously_4vHPV_vaccinated	six_year_4vHPV_persistence_to_heterologous_2vHPV_recall	HPV52	cross_reactive_non_booster_target	IgG	antibody_isotype_or_subclass	Antibody abundance	none	19	19	2.3511304650788194	1.5729208906196959	0.3608528004418551	1.5930068633478531	3.1092540668097857	5.102238948981515	3.016774505071185	8.62936299970147	0.9473684210526315
3	previously_4vHPV_vaccinated	six_year_4vHPV_persistence_to_heterologous_2vHPV_recall	HPV52	cross_reactive_non_booster_target	IgM	antibody_isotype_or_subclass	Antibody abundance	none	19	19	0.09003437006039638	1.3240198427383354	0.30375098388100097	-0.5481227667200751	0.7281915068408679	1.0643955397895835	0.683909451922602	1.6565612040293505	0.42105263157894735
3	previously_4vHPV_vaccinated	six_year_4vHPV_persistence_to_heterologous_2vHPV_recall	HPV52	cross_reactive_non_booster_target	IgA1	antibody_isotype_or_subclass	Antibody abundance	moderate	19	19	-0.9023164866481747	2.9986995615294934	0.6879488605656204	-2.3476434103691415	0.5430104370727923	0.5350269664949538	0.19646668365890188	1.4570096544907112	0.42105263157894735
3	previously_4vHPV_vaccinated	six_year_4vHPV_persistence_to_heterologous_2vHPV_recall	HPV52	cross_reactive_non_booster_target	IgA2	antibody_isotype_or_subclass	Antibody abundance	high	19	19	-1.2503833758776175	4.055415431017168	0.930376107256804	-3.2050310453270243	0.7042642935717893	0.42033649428413755	0.10844000235056185	1.629313579834715	0.3157894736842105
3	previously_4vHPV_vaccinated	six_year_4vHPV_persistence_to_heterologous_2vHPV_recall	HPV52	cross_reactive_non_booster_target	IgG1	antibody_isotype_or_subclass	IgG subclass architecture	none	19	19	2.2459927573650686	1.1160259945007427	0.2560339225470114	1.7080854464367055	2.783900068293432	4.743634183534847	3.2672694691370348	6.887116437672849	0.9473684210526315
3	previously_4vHPV_vaccinated	six_year_4vHPV_persistence_to_heterologous_2vHPV_recall	HPV52	cross_reactive_non_booster_target	IgG2	antibody_isotype_or_subclass	IgG subclass architecture	high	19	19	1.3972142957274574	4.3760637576190105	1.0039378784185333	-0.7119809200747886	3.5064095115297036	2.6339250542850214	0.610481330016646	11.364084125883402	0.5263157894736842
3	previously_4vHPV_vaccinated	six_year_4vHPV_persistence_to_heterologous_2vHPV_recall	HPV52	cross_reactive_non_booster_target	IgG3	antibody_isotype_or_subclass	IgG subclass architecture	low	19	19	2.616310071889034	4.419177328356314	1.0138288098890123	0.486334780161946	4.746285363616122	6.13179757860693	1.4008813603896046	26.83949020104959	0.8421052631578947
3	previously_4vHPV_vaccinated	six_year_4vHPV_persistence_to_heterologous_2vHPV_recall	HPV52	cross_reactive_non_booster_target	IgG4	antibody_isotype_or_subclass	IgG subclass architecture	high	19	19	1.655507632876074	2.6710572793961687	0.6127825659629781	0.36809923416904344	2.9429160315831044	3.1503402035206887	1.2906512634060856	7.68963985804128	0.47368421052631576
3	previously_4vHPV_vaccinated	six_year_4vHPV_persistence_to_heterologous_2vHPV_recall	HPV52	cross_reactive_non_booster_target	FcgR2A	fc_gamma_receptor_binding	Fc-receptor engagement	high	19	19	2.995372526157073	3.984583198318604	0.9141260786105726	1.0748649000450807	4.915880152269065	7.974380945206795	2.1065247989428397	30.187516183616847	0.8947368421052632
3	previously_4vHPV_vaccinated	six_year_4vHPV_persistence_to_heterologous_2vHPV_recall	HPV52	cross_reactive_non_booster_target	FcgR2B	fc_gamma_receptor_binding	Fc-receptor engagement	high	19	19	2.9872206146171028	2.4473966579583335	0.5614713003578713	1.807613184732499	4.166828044501706	7.929448972054475	3.5006266052412114	17.96140179768852	0.8421052631578947
3	previously_4vHPV_vaccinated	six_year_4vHPV_persistence_to_heterologous_2vHPV_recall	HPV52	cross_reactive_non_booster_target	FcgR3A	fc_gamma_receptor_binding	Fc-receptor engagement	high	19	19	2.951472283862239	2.6714604440186656	0.6128750582707189	1.663869566027323	4.239075001697155	7.735380633515019	3.1686527530426867	18.883771182532335	0.7894736842105263
3	previously_4vHPV_vaccinated	six_year_4vHPV_persistence_to_heterologous_2vHPV_recall	HPV58	cross_reactive_non_booster_target	IgG	antibody_isotype_or_subclass	Antibody abundance	none	19	19	2.064249633971856	1.955877676481989	0.44870911251116463	1.1215467698401898	3.0069524981035225	4.182163990948499	2.175801236672844	8.038645880141198	0.7894736842105263
3	previously_4vHPV_vaccinated	six_year_4vHPV_persistence_to_heterologous_2vHPV_recall	HPV58	cross_reactive_non_booster_target	IgM	antibody_isotype_or_subclass	Antibody abundance	none	19	19	-0.012326920590992373	1.1583653202247646	0.2657472300295726	-0.5706411332931058	0.5459872921111211	0.9914920291351514	0.6733174998177408	1.4600191501106714	0.3157894736842105
3	previously_4vHPV_vaccinated	six_year_4vHPV_persistence_to_heterologous_2vHPV_recall	HPV58	cross_reactive_non_booster_target	IgA1	antibody_isotype_or_subclass	Antibody abundance	low	19	19	-0.42853241840306705	2.7824363975546853	0.6383346880931702	-1.769623833668347	0.912558996862213	0.7430172353255299	0.2932851981207972	1.8823814346178067	0.5263157894736842
3	previously_4vHPV_vaccinated	six_year_4vHPV_persistence_to_heterologous_2vHPV_recall	HPV58	cross_reactive_non_booster_target	IgA2	antibody_isotype_or_subclass	Antibody abundance	high	19	19	0.4815359801016303	4.371394947104187	1.0028667798279725	-1.6254089410644352	2.5884809012676957	1.3962293852809697	0.3241180023359271	6.014650473815986	0.42105263157894735
3	previously_4vHPV_vaccinated	six_year_4vHPV_persistence_to_heterologous_2vHPV_recall	HPV58	cross_reactive_non_booster_target	IgG1	antibody_isotype_or_subclass	IgG subclass architecture	none	19	19	2.28356719865597	1.0329946129175125	0.23698521720680799	1.7856797326148959	2.781454664697044	4.868803238760863	3.4478087076585227	6.875452493960139	1.0
3	previously_4vHPV_vaccinated	six_year_4vHPV_persistence_to_heterologous_2vHPV_recall	HPV58	cross_reactive_non_booster_target	IgG2	antibody_isotype_or_subclass	IgG subclass architecture	high	19	19	1.0525488534371752	3.542350605261583	0.8126709637329146	-0.654809485733167	2.7599071926075176	2.0741911493827674	0.635159361337025	6.773526749446676	0.42105263157894735
3	previously_4vHPV_vaccinated	six_year_4vHPV_persistence_to_heterologous_2vHPV_recall	HPV58	cross_reactive_non_booster_target	IgG3	antibody_isotype_or_subclass	IgG subclass architecture	low	19	19	1.7289220857604277	3.3163872665017955	0.7608314185434957	0.1304745896346029	3.3273695818862525	3.314800593879323	1.0946537398438867	10.037788733768675	0.7894736842105263
3	previously_4vHPV_vaccinated	six_year_4vHPV_persistence_to_heterologous_2vHPV_recall	HPV58	cross_reactive_non_booster_target	IgG4	antibody_isotype_or_subclass	IgG subclass architecture	high	19	19	2.411005298736234	2.809154961156915	0.644464346969943	1.057035948037583	3.7649746494348846	5.3184479663083835	2.0806523765977865	13.594721102129478	0.6842105263157895
3	previously_4vHPV_vaccinated	six_year_4vHPV_persistence_to_heterologous_2vHPV_recall	HPV58	cross_reactive_non_booster_target	FcgR2A	fc_gamma_receptor_binding	Fc-receptor engagement	moderate	19	19	2.93010148948148	3.550574181924777	0.8145575816081422	1.2187795132355594	4.6414234657274	7.621640126138787	2.3274973307183164	24.957879627058993	0.7894736842105263
3	previously_4vHPV_vaccinated	six_year_4vHPV_persistence_to_heterologous_2vHPV_recall	HPV58	cross_reactive_non_booster_target	FcgR2B	fc_gamma_receptor_binding	Fc-receptor engagement	high	19	19	1.703969735056109	1.70024582395123	0.39006314346212934	0.8844774798708499	2.523461990241368	3.257961905841918	1.8460958751652738	5.749601590419481	0.8421052631578947
3	previously_4vHPV_vaccinated	six_year_4vHPV_persistence_to_heterologous_2vHPV_recall	HPV58	cross_reactive_non_booster_target	FcgR3A	fc_gamma_receptor_binding	Fc-receptor engagement	high	19	19	3.165145193822125	3.3258462333984955	0.7630014543757594	1.5621386215881847	4.768151766056065	8.970231349060326	2.952912528816629	27.249385029332636	0.7894736842105263
