model_id	model_family	contrast_type	contrast_label	previous_4vHPV_doses	antigen_target	antigen_class	feature	assay_family	outcome_family	maximum_floor_severity	fit_method	estimate_log2	standard_error	ci95_lower	ci95_upper	test_statistic	p_value	ratio_effect	ratio_ci95_lower	ratio_ci95_upper	bh_family	q_value	fdr_significant_0_05
HPVVT-FJ-M06	Heterologous BPV control	within_trajectory	dose0_v2_minus_v1	0	BPV	heterologous_control_antigen	FcgR2A	fc_gamma_receptor_binding	Fc-receptor engagement	moderate	mixedlm_powell	-0.4065962078318939	0.48390448547636167	-1.3550315713229484	0.5418391556591606	-0.8402406260641198	0.40077348410069125	0.7544011561776134	0.39092626660700686	1.4558272315179321	HPVVT-FJ-M06|Fc-receptor engagement|within_trajectory	0.48092818092082956	no
HPVVT-FJ-M06	Heterologous BPV control	within_trajectory	dose1_v2_minus_v1	1	BPV	heterologous_control_antigen	FcgR2A	fc_gamma_receptor_binding	Fc-receptor engagement	moderate	mixedlm_powell	1.3126559816079526	0.4839044854763612	0.364220618116899	2.2610913450990062	2.712634457842974	0.006675069492236389	2.4839841735560793	1.2871860698083932	4.7935395815739	HPVVT-FJ-M06|Fc-receptor engagement|within_trajectory	0.020025208476709168	yes
HPVVT-FJ-M06	Heterologous BPV control	within_trajectory	dose2_v2_minus_v1	2	BPV	heterologous_control_antigen	FcgR2A	fc_gamma_receptor_binding	Fc-receptor engagement	moderate	mixedlm_powell	0.28126692051984803	0.47224242267650324	-0.6443112198980396	1.2068450609377357	0.5955985888047213	0.5514434196379667	1.2152616129841016	0.6397981740078102	2.308322918056174	HPVVT-FJ-M06|Fc-receptor engagement|within_trajectory	0.6015746396050546	no
HPVVT-FJ-M06	Heterologous BPV control	within_trajectory	dose3_v2_minus_v1	3	BPV	heterologous_control_antigen	FcgR2A	fc_gamma_receptor_binding	Fc-receptor engagement	moderate	mixedlm_powell	0.7355696741351188	0.4964755265756514	-0.23750447715871648	1.708643825428954	1.4815829477206566	0.13845129907700315	1.665054816531419	0.8482112499452041	3.268534274019095	HPVVT-FJ-M06|Fc-receptor engagement|within_trajectory	0.23734508413200542	no
HPVVT-FJ-M06	Heterologous BPV control	primary_minus_pooled_recall	dose0_minus_mean_dose1_2_3_change		BPV	heterologous_control_antigen	FcgR2A	fc_gamma_receptor_binding	Fc-receptor engagement	moderate	mixedlm_powell	-1.1830937332528668	0.5588814587991671	-2.27848126412644	-0.08770620237929339	-2.116895657613879	0.034268704298744054	0.4404060725374512	0.2061146185520592	0.9410177215493044	HPVVT-FJ-M06|Fc-receptor engagement|primary_minus_pooled_recall	0.05140305644811608	no
HPVVT-FJ-M06	Heterologous BPV control	persistence_dose_contrast	dose2_minus_dose1_at_v1		BPV	heterologous_control_antigen	FcgR2A	fc_gamma_receptor_binding	Fc-receptor engagement	moderate	mixedlm_powell	1.7416062708166282	0.5135337964176827	0.735098524993846	2.7481140166394105	3.3914150986084133	0.0006953270237988231	3.3440728365896852	1.664511138871797	6.71838287846886	HPVVT-FJ-M06|Fc-receptor engagement|persistence_dose_contrast	0.006257943214189408	yes
HPVVT-FJ-M06	Heterologous BPV control	persistence_dose_contrast	dose3_minus_dose1_at_v1		BPV	heterologous_control_antigen	FcgR2A	fc_gamma_receptor_binding	Fc-receptor engagement	moderate	mixedlm_powell	1.3818492053866156	0.5265531952077342	0.3498239068349678	2.4138745039382634	2.6243297314746186	0.008681968976141246	2.6060218956260117	1.2744050658793198	5.3290357220890865	HPVVT-FJ-M06|Fc-receptor engagement|persistence_dose_contrast	0.03906886039263561	yes
HPVVT-FJ-M06	Heterologous BPV control	persistence_dose_contrast	dose3_minus_dose2_at_v1		BPV	heterologous_control_antigen	FcgR2A	fc_gamma_receptor_binding	Fc-receptor engagement	moderate	mixedlm_powell	-0.3597570654300126	0.5204095948446033	-1.3797411285345165	0.6602269976744912	-0.6912959887633082	0.4893795520788885	0.7792957937733365	0.3842877442016859	1.5803312579078348	HPVVT-FJ-M06|Fc-receptor engagement|persistence_dose_contrast	0.8808831937419994	no
HPVVT-FJ-M06	Heterologous BPV control	recall_dose_contrast	dose2_minus_dose1_change		BPV	heterologous_control_antigen	FcgR2A	fc_gamma_receptor_binding	Fc-receptor engagement	moderate	mixedlm_powell	-1.0313890610881047	0.6761482506370293	-2.3566152805464435	0.2938371583702344	-1.5253889366960385	0.12716211655286003	0.48923887113351827	0.1952486826306485	1.2258964813646707	HPVVT-FJ-M06|Fc-receptor engagement|recall_dose_contrast	0.3814863496585801	no
HPVVT-FJ-M06	Heterologous BPV control	recall_dose_contrast	dose3_minus_dose1_change		BPV	heterologous_control_antigen	FcgR2A	fc_gamma_receptor_binding	Fc-receptor engagement	moderate	mixedlm_powell	-0.5770863074728338	0.6932903428958983	-1.935910410378219	0.7817377954325513	-0.8323876329537837	0.40519018034450016	0.6703161937411708	0.2613562544555122	1.7192004856655698	HPVVT-FJ-M06|Fc-receptor engagement|recall_dose_contrast	0.5292534101205238	no
HPVVT-FJ-M06	Heterologous BPV control	recall_dose_contrast	dose3_minus_dose2_change		BPV	heterologous_control_antigen	FcgR2A	fc_gamma_receptor_binding	Fc-receptor engagement	moderate	mixedlm_powell	0.4543027536152707	0.6852013238924335	-0.8886671633730633	1.7972726706036046	0.6630208345694755	0.5073172105576598	1.3701204734368595	0.5401128721595778	3.475625574752477	HPVVT-FJ-M06|Fc-receptor engagement|recall_dose_contrast	0.5707318618773672	no
HPVVT-FJ-M06	Heterologous BPV control	within_trajectory	dose0_v2_minus_v1	0	BPV	heterologous_control_antigen	FcgR2B	fc_gamma_receptor_binding	Fc-receptor engagement	high	mixedlm_powell	-0.07999961351112807	0.4565753625591052	-0.9748708803552917	0.8148716533330356	-0.17521666754581366	0.860909388118696	0.9460579001684867	0.508785379754526	1.7591416461358027	HPVVT-FJ-M06|Fc-receptor engagement|within_trajectory	0.8609093881186961	no
HPVVT-FJ-M06	Heterologous BPV control	within_trajectory	dose1_v2_minus_v1	1	BPV	heterologous_control_antigen	FcgR2B	fc_gamma_receptor_binding	Fc-receptor engagement	high	mixedlm_powell	0.42828536522350935	0.4565753625591085	-0.4665859016206608	1.3231566320676795	0.9380387124328533	0.34822451588544523	1.3456333486107506	0.7236751304136274	2.502129799401055	HPVVT-FJ-M06|Fc-receptor engagement|within_trajectory	0.464299354513927	no
HPVVT-FJ-M06	Heterologous BPV control	within_trajectory	dose2_v2_minus_v1	2	BPV	heterologous_control_antigen	FcgR2B	fc_gamma_receptor_binding	Fc-receptor engagement	high	mixedlm_powell	2.553112093133762	0.44557192962793696	1.6798071585409902	3.426417027726534	5.729966192586842	1.0045065248631517e-08	5.868989362053743	3.203851230907597	10.75113469677002	HPVVT-FJ-M06|Fc-receptor engagement|within_trajectory	1.205407829835782e-07	yes
HPVVT-FJ-M06	Heterologous BPV control	within_trajectory	dose3_v2_minus_v1	3	BPV	heterologous_control_antigen	FcgR2B	fc_gamma_receptor_binding	Fc-receptor engagement	high	mixedlm_powell	0.9653363567008679	0.4684364380810758	0.04721780901573225	1.8834549043860036	2.060762737961452	0.039325680980356735	1.9525186878721004	1.0332703725656018	3.6895756693611625	HPVVT-FJ-M06|Fc-receptor engagement|within_trajectory	0.09438163435285615	no
HPVVT-FJ-M06	Heterologous BPV control	primary_minus_pooled_recall	dose0_minus_mean_dose1_2_3_change		BPV	heterologous_control_antigen	FcgR2B	fc_gamma_receptor_binding	Fc-receptor engagement	high	mixedlm_powell	-1.3955775518638411	0.5273179156989996	-2.4291016750366086	-0.3620534286910737	-2.6465581963281073	0.008131551217942219	0.3800924960105488	0.18568102860893987	0.7780563615241268	HPVVT-FJ-M06|Fc-receptor engagement|primary_minus_pooled_recall	0.024394653653826655	yes
HPVVT-FJ-M06	Heterologous BPV control	persistence_dose_contrast	dose2_minus_dose1_at_v1		BPV	heterologous_control_antigen	FcgR2B	fc_gamma_receptor_binding	Fc-receptor engagement	high	mixedlm_powell	-0.27464758527743655	0.6087488844688288	-1.4677734744652753	0.9184783039104021	-0.45116729128314315	0.6518689818262442	0.8266522241892436	0.36153983655111044	1.8901206192817939	HPVVT-FJ-M06|Fc-receptor engagement|persistence_dose_contrast	0.9247250485681141	no
HPVVT-FJ-M06	Heterologous BPV control	persistence_dose_contrast	dose3_minus_dose1_at_v1		BPV	heterologous_control_antigen	FcgR2B	fc_gamma_receptor_binding	Fc-receptor engagement	high	mixedlm_powell	0.6497107932315324	0.6241822299373955	-0.5736638972356615	1.873085483698726	1.0408992151165493	0.29792232604678603	1.568853667381859	0.6719082282036976	3.663151791186777	HPVVT-FJ-M06|Fc-receptor engagement|persistence_dose_contrast	0.6703252336052685	no
HPVVT-FJ-M06	Heterologous BPV control	persistence_dose_contrast	dose3_minus_dose2_at_v1		BPV	heterologous_control_antigen	FcgR2B	fc_gamma_receptor_binding	Fc-receptor engagement	high	mixedlm_powell	0.9243583785089688	0.6168995352174622	-0.2847424925967559	2.1334592496146936	1.498393702279456	0.13403099166914345	1.8978400123710366	0.8208881164904124	4.38768285251278	HPVVT-FJ-M06|Fc-receptor engagement|persistence_dose_contrast	0.4020929750074303	no
HPVVT-FJ-M06	Heterologous BPV control	recall_dose_contrast	dose2_minus_dose1_change		BPV	heterologous_control_antigen	FcgR2B	fc_gamma_receptor_binding	Fc-receptor engagement	high	mixedlm_powell	2.1248267279102526	0.6379619159231565	0.8744443491926959	3.3752091066278096	3.330648232873812	0.0008664401801810028	4.3615070688556905	1.8333018582570149	10.376220274910844	HPVVT-FJ-M06|Fc-receptor engagement|recall_dose_contrast	0.007797961621629025	yes
HPVVT-FJ-M06	Heterologous BPV control	recall_dose_contrast	dose3_minus_dose1_change		BPV	heterologous_control_antigen	FcgR2B	fc_gamma_receptor_binding	Fc-receptor engagement	high	mixedlm_powell	0.5370509914773586	0.654135886661225	-0.7450317873738171	1.8191337703285342	0.8210082987779811	0.41164154120485186	1.4510034920640946	0.5966547250814497	3.528692634915086	HPVVT-FJ-M06|Fc-receptor engagement|recall_dose_contrast	0.5292534101205238	no
HPVVT-FJ-M06	Heterologous BPV control	recall_dose_contrast	dose3_minus_dose2_change		BPV	heterologous_control_antigen	FcgR2B	fc_gamma_receptor_binding	Fc-receptor engagement	high	mixedlm_powell	-1.5877757364328942	0.6465037053215154	-2.8548997147347603	-0.320651758131028	-2.455942206306878	0.014051575351064367	0.3326839711954858	0.1382259397546561	0.8007080645416315	HPVVT-FJ-M06|Fc-receptor engagement|recall_dose_contrast	0.06323208907978965	no
HPVVT-FJ-M06	Heterologous BPV control	within_trajectory	dose0_v2_minus_v1	0	BPV	heterologous_control_antigen	FcgR3A	fc_gamma_receptor_binding	Fc-receptor engagement	high	mixedlm_lbfgs	0.3682205383472616	0.3522087131223621	-0.32209585441376815	1.0585369311082913	1.045461184315837	0.2958098713566193	1.290759788055156	0.7999069797742036	2.082818218351444	HPVVT-FJ-M06|Fc-receptor engagement|within_trajectory	0.44371480703492894	no
HPVVT-FJ-M06	Heterologous BPV control	within_trajectory	dose1_v2_minus_v1	1	BPV	heterologous_control_antigen	FcgR3A	fc_gamma_receptor_binding	Fc-receptor engagement	high	mixedlm_lbfgs	0.6327174168822416	0.35220871312236285	-0.05759897587878948	1.3230338096432726	1.7964274968473752	0.07242655401510296	1.5504826872830118	0.960861916410853	2.5019167921069205	HPVVT-FJ-M06|Fc-receptor engagement|within_trajectory	0.14485310803020593	no
HPVVT-FJ-M06	Heterologous BPV control	within_trajectory	dose2_v2_minus_v1	2	BPV	heterologous_control_antigen	FcgR3A	fc_gamma_receptor_binding	Fc-receptor engagement	high	mixedlm_lbfgs	1.183176571426511	0.3437205088292229	0.5094967533734525	1.8568563894795695	3.44226352816896	0.0005768679760561655	2.270762105828971	1.4235535393675087	3.6221753511004704	HPVVT-FJ-M06|Fc-receptor engagement|within_trajectory	0.0034612078563369926	yes
HPVVT-FJ-M06	Heterologous BPV control	within_trajectory	dose3_v2_minus_v1	3	BPV	heterologous_control_antigen	FcgR3A	fc_gamma_receptor_binding	Fc-receptor engagement	high	mixedlm_lbfgs	1.1548898546707342	0.36135851507931466	0.4466401796084035	1.8631395297330648	3.195966903996291	0.0013936309655699808	2.2266732303148817	1.3628626553739471	3.6379848365868503	HPVVT-FJ-M06|Fc-receptor engagement|within_trajectory	0.005574523862279923	yes
HPVVT-FJ-M06	Heterologous BPV control	primary_minus_pooled_recall	dose0_minus_mean_dose1_2_3_change		BPV	heterologous_control_antigen	FcgR3A	fc_gamma_receptor_binding	Fc-receptor engagement	high	mixedlm_lbfgs	-0.6220407426459007	0.40678052239550666	-1.4193159161534825	0.17523443086168122	-1.529180254213597	0.1262197642536316	0.6497511815728247	0.3738895576398233	1.129147870885377	HPVVT-FJ-M06|Fc-receptor engagement|primary_minus_pooled_recall	0.1262197642536316	no
HPVVT-FJ-M06	Heterologous BPV control	persistence_dose_contrast	dose2_minus_dose1_at_v1		BPV	heterologous_control_antigen	FcgR3A	fc_gamma_receptor_binding	Fc-receptor engagement	high	mixedlm_lbfgs	-0.12514688122586937	0.6067761424117453	-1.3144062670310368	1.064112504579298	-0.2062488494166064	0.8365965317016479	0.9169106874933401	0.40209093957313863	2.09088324579516	HPVVT-FJ-M06|Fc-receptor engagement|persistence_dose_contrast	0.9247250485681141	no
HPVVT-FJ-M06	Heterologous BPV control	persistence_dose_contrast	dose3_minus_dose1_at_v1		BPV	heterologous_control_antigen	FcgR3A	fc_gamma_receptor_binding	Fc-receptor engagement	high	mixedlm_lbfgs	-0.0670489099746042	0.6221594738097089	-1.2864590712820245	1.1523612513328163	-0.1077680446848126	0.9141796918706374	0.954588651307103	0.4099559852214728	2.2227739709960086	HPVVT-FJ-M06|Fc-receptor engagement|persistence_dose_contrast	0.9247250485681141	no
HPVVT-FJ-M06	Heterologous BPV control	persistence_dose_contrast	dose3_minus_dose2_at_v1		BPV	heterologous_control_antigen	FcgR3A	fc_gamma_receptor_binding	Fc-receptor engagement	high	mixedlm_lbfgs	0.058097971251265146	0.614900379754236	-1.1470846271470396	1.2632805696495697	0.0944835507736811	0.9247250485681142	1.0410922942961516	0.4515367675729323	2.40040954155025	HPVVT-FJ-M06|Fc-receptor engagement|persistence_dose_contrast	0.9247250485681141	no
HPVVT-FJ-M06	Heterologous BPV control	recall_dose_contrast	dose2_minus_dose1_change		BPV	heterologous_control_antigen	FcgR3A	fc_gamma_receptor_binding	Fc-receptor engagement	high	mixedlm_lbfgs	0.5504591545442694	0.4921328741195113	-0.4141035543381568	1.5150218634266956	1.1185173425553236	0.2633461038478533	1.4645517324725121	0.7504856781644897	2.858031591401162	HPVVT-FJ-M06|Fc-receptor engagement|recall_dose_contrast	0.5292534101205238	no
HPVVT-FJ-M06	Heterologous BPV control	recall_dose_contrast	dose3_minus_dose1_change		BPV	heterologous_control_antigen	FcgR3A	fc_gamma_receptor_binding	Fc-receptor engagement	high	mixedlm_lbfgs	0.5221724377884926	0.5046097046427448	-0.4668444095606813	1.5111892851376667	1.0348045885446893	0.3007601795985291	1.4361161518138539	0.7235454709898338	2.8504491897090607	HPVVT-FJ-M06|Fc-receptor engagement|recall_dose_contrast	0.5292534101205238	no
HPVVT-FJ-M06	Heterologous BPV control	recall_dose_contrast	dose3_minus_dose2_change		BPV	heterologous_control_antigen	FcgR3A	fc_gamma_receptor_binding	Fc-receptor engagement	high	mixedlm_lbfgs	-0.028286716755776875	0.4987221316626596	-1.0057641331076326	0.9491906995960789	-0.05671839078300676	0.9547695238713898	0.9805841063663538	0.49800628917494655	1.9307892501745414	HPVVT-FJ-M06|Fc-receptor engagement|recall_dose_contrast	0.9547695238713898	no
HPVVT-FJ-M06	Heterologous BPV control	within_trajectory	dose0_v2_minus_v1	0	BPV	heterologous_control_antigen	IgA1	antibody_isotype_or_subclass	Antibody abundance	low	mixedlm_powell	0.9966010300604478	0.5461657307144857	-0.07386413172994577	2.0670661918508415	1.8247227425944674	0.06804287949374516	1.9952935734547066	0.9500898549968726	4.190336759550767	HPVVT-FJ-M06|Antibody abundance|within_trajectory	0.2177372143799845	no
HPVVT-FJ-M06	Heterologous BPV control	within_trajectory	dose1_v2_minus_v1	1	BPV	heterologous_control_antigen	IgA1	antibody_isotype_or_subclass	Antibody abundance	low	mixedlm_powell	0.2741076056527221	0.5461657307144889	-0.7963575561376779	1.344572767443122	0.5018762442201143	0.6157545766503691	1.209245865952878	0.5758010975044181	2.5395498040239595	HPVVT-FJ-M06|Antibody abundance|within_trajectory	0.8795511131220441	no
HPVVT-FJ-M06	Heterologous BPV control	within_trajectory	dose2_v2_minus_v1	2	BPV	heterologous_control_antigen	IgA1	antibody_isotype_or_subclass	Antibody abundance	low	mixedlm_powell	0.5867816619183206	0.5330031764462588	-0.45788536756179443	1.6314486913984356	1.1008971200333626	0.2709414356430879	1.5018926126730492	0.7280526211886537	3.0982395425198024	HPVVT-FJ-M06|Antibody abundance|within_trajectory	0.48167366336548967	no
HPVVT-FJ-M06	Heterologous BPV control	within_trajectory	dose3_v2_minus_v1	3	BPV	heterologous_control_antigen	IgA1	antibody_isotype_or_subclass	Antibody abundance	low	mixedlm_powell	1.1527572804020574	0.5603542163638355	0.05448319774377475	2.2510313630603402	2.0571939083145527	0.039667577285555145	2.2233842205045034	1.038487029807896	4.760230267779924	HPVVT-FJ-M06|Antibody abundance|within_trajectory	0.15867030914222058	no
HPVVT-FJ-M06	Heterologous BPV control	primary_minus_pooled_recall	dose0_minus_mean_dose1_2_3_change		BPV	heterologous_control_antigen	IgA1	antibody_isotype_or_subclass	Antibody abundance	low	mixedlm_powell	0.3253855140694144	0.6307895658940657	-0.9109393169066096	1.5617103450454384	0.5158384533647461	0.605967243046811	1.2529992178254339	0.5318387063433682	2.952036061206711	HPVVT-FJ-M06|Antibody abundance|primary_minus_pooled_recall	0.605967243046811	no
HPVVT-FJ-M06	Heterologous BPV control	persistence_dose_contrast	dose2_minus_dose1_at_v1		BPV	heterologous_control_antigen	IgA1	antibody_isotype_or_subclass	Antibody abundance	low	mixedlm_powell	0.43631842100903795	0.7225753801947961	-0.9799033002880989	1.8525401423061747	0.6038379288419884	0.5459513998593303	1.353146854687888	0.5070137224321624	3.611354741185945	HPVVT-FJ-M06|Antibody abundance|persistence_dose_contrast	0.8851104168542925	no
HPVVT-FJ-M06	Heterologous BPV control	persistence_dose_contrast	dose3_minus_dose1_at_v1		BPV	heterologous_control_antigen	IgA1	antibody_isotype_or_subclass	Antibody abundance	low	mixedlm_powell	-0.3367581778390535	0.7408945192587759	-1.7888847519293716	1.1153683962512648	-0.45452917937085224	0.6494479949481686	0.79181857807127	0.289395671371877	2.1665032431433136	HPVVT-FJ-M06|Antibody abundance|persistence_dose_contrast	0.8851104168542925	no
HPVVT-FJ-M06	Heterologous BPV control	persistence_dose_contrast	dose3_minus_dose2_at_v1		BPV	heterologous_control_antigen	IgA1	antibody_isotype_or_subclass	Antibody abundance	low	mixedlm_powell	-0.7730765988480914	0.732250074824697	-2.208260373181257	0.6621071754850743	-1.0557548922520335	0.29108021140039675	0.5851682508281099	0.2163950835337545	1.5823921513624262	HPVVT-FJ-M06|Antibody abundance|persistence_dose_contrast	0.8851104168542925	no
HPVVT-FJ-M06	Heterologous BPV control	recall_dose_contrast	dose2_minus_dose1_change		BPV	heterologous_control_antigen	IgA1	antibody_isotype_or_subclass	Antibody abundance	low	mixedlm_powell	0.3126740562655985	0.7631444106515447	-1.1830615036144743	1.8084096161456713	0.40971807157527224	0.6820127718477733	1.2420076470466717	0.440415911267474	3.5025596393259426	HPVVT-FJ-M06|Antibody abundance|recall_dose_contrast	0.7440139329248435	no
HPVVT-FJ-M06	Heterologous BPV control	recall_dose_contrast	dose3_minus_dose1_change		BPV	heterologous_control_antigen	IgA1	antibody_isotype_or_subclass	Antibody abundance	low	mixedlm_powell	0.8786496747493352	0.7824920786842636	-0.6550066176597037	2.412305967158374	1.1228863507816687	0.2614857651454102	1.8386535634359937	0.6350725781770715	5.323244999870367	HPVVT-FJ-M06|Antibody abundance|recall_dose_contrast	0.6190235792890516	no
HPVVT-FJ-M06	Heterologous BPV control	recall_dose_contrast	dose3_minus_dose2_change		BPV	heterologous_control_antigen	IgA1	antibody_isotype_or_subclass	Antibody abundance	low	mixedlm_powell	0.5659756184837367	0.7733622914899135	-0.949786619837861	2.081737856805334	0.7318376195888241	0.4642676844667887	1.4803882792574317	0.5177090274207428	4.233168326774615	HPVVT-FJ-M06|Antibody abundance|recall_dose_contrast	0.6190235792890516	no
HPVVT-FJ-M06	Heterologous BPV control	within_trajectory	dose0_v2_minus_v1	0	BPV	heterologous_control_antigen	IgA2	antibody_isotype_or_subclass	Antibody abundance	high	mixedlm_lbfgs	0.9365258917708117	0.5402757492941604	-0.12239511856613428	1.9954469021077577	1.733422040493821	0.08302068292199451	1.9139138496820713	0.9186612503785613	3.987396031448341	HPVVT-FJ-M06|Antibody abundance|within_trajectory	0.22138848779198536	no
HPVVT-FJ-M06	Heterologous BPV control	within_trajectory	dose1_v2_minus_v1	1	BPV	heterologous_control_antigen	IgA2	antibody_isotype_or_subclass	Antibody abundance	high	mixedlm_lbfgs	0.11975710780333737	0.5402757492941579	-0.9391639025336037	1.1786781181402786	0.221659232271287	0.8245791685519164	1.0865519152006664	0.5215350425439886	2.2636926919952067	HPVVT-FJ-M06|Antibody abundance|within_trajectory	0.8795511131220441	no
HPVVT-FJ-M06	Heterologous BPV control	within_trajectory	dose2_v2_minus_v1	2	BPV	heterologous_control_antigen	IgA2	antibody_isotype_or_subclass	Antibody abundance	high	mixedlm_lbfgs	0.7795382084971864	0.5272551431484923	-0.2538628827373691	1.8129392997317417	1.4784838396116753	0.13927831946103994	1.716581325307328	0.838647887798181	3.5135740389570613	HPVVT-FJ-M06|Antibody abundance|within_trajectory	0.3122109804450359	no
HPVVT-FJ-M06	Heterologous BPV control	within_trajectory	dose3_v2_minus_v1	3	BPV	heterologous_control_antigen	IgA2	antibody_isotype_or_subclass	Antibody abundance	high	mixedlm_lbfgs	-0.026055664861395433	0.5543112229323921	-1.112485698035237	1.060374368312446	-0.04700547956355085	0.9625088602978352	0.9821017011775309	0.4624964836366298	2.085472615643925	HPVVT-FJ-M06|Antibody abundance|within_trajectory	0.9625088602978352	no
HPVVT-FJ-M06	Heterologous BPV control	primary_minus_pooled_recall	dose0_minus_mean_dose1_2_3_change		BPV	heterologous_control_antigen	IgA2	antibody_isotype_or_subclass	Antibody abundance	high	mixedlm_lbfgs	0.6454460079577689	0.6239869808648079	-0.5775460013591385	1.8684380172746762	1.0343901840118845	0.3009537914523017	1.5642227896750314	0.6701026412159177	3.6513703800644213	HPVVT-FJ-M06|Antibody abundance|primary_minus_pooled_recall	0.4129337099416621	no
HPVVT-FJ-M06	Heterologous BPV control	persistence_dose_contrast	dose2_minus_dose1_at_v1		BPV	heterologous_control_antigen	IgA2	antibody_isotype_or_subclass	Antibody abundance	high	mixedlm_lbfgs	0.34539190859864954	0.9883137796468843	-1.5916675049338989	2.2824513221311977	0.34947596169513595	0.7267320143300644	1.2704960663542362	0.3317877428017837	4.865038837754526	HPVVT-FJ-M06|Antibody abundance|persistence_dose_contrast	0.8851104168542925	no
HPVVT-FJ-M06	Heterologous BPV control	persistence_dose_contrast	dose3_minus_dose1_at_v1		BPV	heterologous_control_antigen	IgA2	antibody_isotype_or_subclass	Antibody abundance	high	mixedlm_lbfgs	0.6809538945705415	1.0133700686714535	-1.3052149430363889	2.6671227321774715	0.6719696146771774	0.5016030404022047	1.6031994231759203	0.40466081451693986	6.351611765373957	HPVVT-FJ-M06|Antibody abundance|persistence_dose_contrast	0.8851104168542925	no
HPVVT-FJ-M06	Heterologous BPV control	persistence_dose_contrast	dose3_minus_dose2_at_v1		BPV	heterologous_control_antigen	IgA2	antibody_isotype_or_subclass	Antibody abundance	high	mixedlm_lbfgs	0.3355619859718919	1.0015464945700376	-1.6274330722277226	2.298557044171506	0.3350438424887585	0.7375920140452437	1.261868860229057	0.32366357689282527	4.9196546478970715	HPVVT-FJ-M06|Antibody abundance|persistence_dose_contrast	0.8851104168542925	no
HPVVT-FJ-M06	Heterologous BPV control	recall_dose_contrast	dose2_minus_dose1_change		BPV	heterologous_control_antigen	IgA2	antibody_isotype_or_subclass	Antibody abundance	high	mixedlm_lbfgs	0.659781100693849	0.7549144794292271	-0.8198240903952396	2.1393862917829374	0.8739812504228212	0.3821284645700481	1.5798428968672948	0.5665110138309598	4.405745904044849	HPVVT-FJ-M06|Antibody abundance|recall_dose_contrast	0.6190235792890516	no
HPVVT-FJ-M06	Heterologous BPV control	recall_dose_contrast	dose3_minus_dose1_change		BPV	heterologous_control_antigen	IgA2	antibody_isotype_or_subclass	Antibody abundance	high	mixedlm_lbfgs	-0.1458127726647328	0.7740534975983041	-1.66292975006467	1.3713042047352046	-0.18837557496626997	0.8505822452838958	0.9038700198656909	0.3157971923717426	2.5870433067381122	HPVVT-FJ-M06|Antibody abundance|recall_dose_contrast	0.8505822452838959	no
HPVVT-FJ-M06	Heterologous BPV control	recall_dose_contrast	dose3_minus_dose2_change		BPV	heterologous_control_antigen	IgA2	antibody_isotype_or_subclass	Antibody abundance	high	mixedlm_lbfgs	-0.8055938733585818	0.7650221682051711	-2.3050097704154604	0.6938220236982967	-1.0530333718937799	0.29232569746661463	0.5721265207179743	0.20235918368784123	1.6175631357249947	HPVVT-FJ-M06|Antibody abundance|recall_dose_contrast	0.6190235792890516	no
HPVVT-FJ-M06	Heterologous BPV control	within_trajectory	dose0_v2_minus_v1	0	BPV	heterologous_control_antigen	IgG	antibody_isotype_or_subclass	Antibody abundance	none	mixedlm_powell	-0.07525718447832072	0.24285465952365248	-0.5512435706224168	0.4007292016657754	-0.3098856930558137	0.7566478829213126	0.9491728999508959	0.6824316340853127	1.3201750168113777	HPVVT-FJ-M06|Antibody abundance|within_trajectory	0.8795511131220441	no
HPVVT-FJ-M06	Heterologous BPV control	within_trajectory	dose1_v2_minus_v1	1	BPV	heterologous_control_antigen	IgG	antibody_isotype_or_subclass	Antibody abundance	none	mixedlm_powell	1.007332646885648	0.24285465952365262	0.5313462607415517	1.4833190330297445	4.147882724842427	3.3556420471576775e-05	2.010191083709873	1.4452772367930258	2.7959121545379717	HPVVT-FJ-M06|Antibody abundance|within_trajectory	0.0002684513637726142	yes
HPVVT-FJ-M06	Heterologous BPV control	within_trajectory	dose2_v2_minus_v1	2	BPV	heterologous_control_antigen	IgG	antibody_isotype_or_subclass	Antibody abundance	none	mixedlm_powell	0.6213195011101275	0.2370018799450238	0.1568043521495951	1.0858346500706597	2.6215804754555196	0.008752309591635598	1.5382814633533695	1.1148150253381586	2.1226031285134566	HPVVT-FJ-M06|Antibody abundance|within_trajectory	0.04667898448872319	yes
HPVVT-FJ-M06	Heterologous BPV control	within_trajectory	dose3_v2_minus_v1	3	BPV	heterologous_control_antigen	IgG	antibody_isotype_or_subclass	Antibody abundance	none	mixedlm_powell	1.2711530493012617	0.2491636233742783	0.7828013212301739	1.7595047773723496	5.101679900487776	3.3665180000546813e-07	2.413543868331399	1.7204683129725489	3.385818826442425	HPVVT-FJ-M06|Antibody abundance|within_trajectory	5.38642880008749e-06	yes
HPVVT-FJ-M06	Heterologous BPV control	primary_minus_pooled_recall	dose0_minus_mean_dose1_2_3_change		BPV	heterologous_control_antigen	IgG	antibody_isotype_or_subclass	Antibody abundance	none	mixedlm_powell	-1.0418589169106665	0.280482968156707	-1.591595432774707	-0.49212240104662597	-3.7145175828593473	0.00020359171440840958	0.4857012428265699	0.33180431820798323	0.7109783819492156	HPVVT-FJ-M06|Antibody abundance|primary_minus_pooled_recall	0.0008143668576336383	yes
HPVVT-FJ-M06	Heterologous BPV control	persistence_dose_contrast	dose2_minus_dose1_at_v1		BPV	heterologous_control_antigen	IgG	antibody_isotype_or_subclass	Antibody abundance	none	mixedlm_powell	0.6203065369299261	0.31523968462143265	0.0024481085741530073	1.2381649652856992	1.9677298487176333	0.049099129524772654	1.5372017638570477	1.001698340104637	2.3589829075272117	HPVVT-FJ-M06|Antibody abundance|persistence_dose_contrast	0.44352486004254116	no
HPVVT-FJ-M06	Heterologous BPV control	persistence_dose_contrast	dose3_minus_dose1_at_v1		BPV	heterologous_control_antigen	IgG	antibody_isotype_or_subclass	Antibody abundance	none	mixedlm_powell	0.5776486190664833	0.323231819116118	-0.055874105058473233	1.21117134319144	1.7871032024200828	0.07392081000709019	1.4924148484023398	0.9620113996990864	2.3152553913898224	HPVVT-FJ-M06|Antibody abundance|persistence_dose_contrast	0.44352486004254116	no
HPVVT-FJ-M06	Heterologous BPV control	persistence_dose_contrast	dose3_minus_dose2_at_v1		BPV	heterologous_control_antigen	IgG	antibody_isotype_or_subclass	Antibody abundance	none	mixedlm_powell	-0.04265791786344286	0.3194604867239295	-0.6687889663259808	0.5834731305990951	-0.133531123992517	0.8937733512789866	0.9708646473691707	0.6290344927162703	1.498452269987712	HPVVT-FJ-M06|Antibody abundance|persistence_dose_contrast	0.9750254741225308	no
HPVVT-FJ-M06	Heterologous BPV control	recall_dose_contrast	dose2_minus_dose1_change		BPV	heterologous_control_antigen	IgG	antibody_isotype_or_subclass	Antibody abundance	none	mixedlm_powell	-0.3860131457755206	0.3393350508712955	-1.051097624175327	0.27907133262428574	-1.1375575402080387	0.2553052848892198	0.7652414120325421	0.48260085473401304	1.2134135547942846	HPVVT-FJ-M06|Antibody abundance|recall_dose_contrast	0.6190235792890516	no
HPVVT-FJ-M06	Heterologous BPV control	recall_dose_contrast	dose3_minus_dose1_change		BPV	heterologous_control_antigen	IgG	antibody_isotype_or_subclass	Antibody abundance	none	mixedlm_powell	0.26382040241561366	0.347938064697366	-0.41812567324179095	0.9457664780730183	0.7582395523326335	0.4483075870605626	1.2006539517015093	0.7483962977154642	1.9262119763779575	HPVVT-FJ-M06|Antibody abundance|recall_dose_contrast	0.6190235792890516	no
HPVVT-FJ-M06	Heterologous BPV control	recall_dose_contrast	dose3_minus_dose2_change		BPV	heterologous_control_antigen	IgG	antibody_isotype_or_subclass	Antibody abundance	none	mixedlm_powell	0.6498335481911343	0.3438784702630781	-0.024155868583226825	1.3238229649654953	1.8897186197611926	0.058795602495622774	1.5689871625118628	0.9833958223308208	2.503285716927611	HPVVT-FJ-M06|Antibody abundance|recall_dose_contrast	0.6190235792890516	no
HPVVT-FJ-M06	Heterologous BPV control	within_trajectory	dose0_v2_minus_v1	0	BPV	heterologous_control_antigen	IgG1	antibody_isotype_or_subclass	IgG subclass architecture	none	mixedlm_lbfgs	0.14822333606418747	0.18698736193507046	-0.21826515889270642	0.5147118310210814	0.7926917334426943	0.4279574477581204	1.108203889827579	0.8595984825604912	1.4287087359330608	HPVVT-FJ-M06|IgG subclass architecture|within_trajectory	0.5267168587792251	no
HPVVT-FJ-M06	Heterologous BPV control	within_trajectory	dose1_v2_minus_v1	1	BPV	heterologous_control_antigen	IgG1	antibody_isotype_or_subclass	IgG subclass architecture	none	mixedlm_lbfgs	1.196899384647562	0.18698736193507118	0.8304108896906666	1.5633878796044574	6.400964066561723	1.5439891097546624e-10	2.2924644865475594	1.7781917317278984	2.955470621255792	HPVVT-FJ-M06|IgG subclass architecture|within_trajectory	2.47038257560746e-09	yes
HPVVT-FJ-M06	Heterologous BPV control	within_trajectory	dose2_v2_minus_v1	2	BPV	heterologous_control_antigen	IgG1	antibody_isotype_or_subclass	IgG subclass architecture	none	mixedlm_lbfgs	0.5013832174519467	0.1824809801528898	0.1437270684887143	0.8590393664151791	2.7475916505482814	0.006003472746828262	1.4155701227575583	1.1047554655038503	1.8138301506659216	HPVVT-FJ-M06|IgG subclass architecture|within_trajectory	0.024013890987313047	yes
HPVVT-FJ-M06	Heterologous BPV control	within_trajectory	dose3_v2_minus_v1	3	BPV	heterologous_control_antigen	IgG1	antibody_isotype_or_subclass	IgG subclass architecture	none	mixedlm_lbfgs	0.8643314015821358	0.19184498545889464	0.488322139468092	1.2403406636961796	4.505363533556265	6.6259410008865e-06	1.8204957863533704	1.402812449755738	2.36254312449783	HPVVT-FJ-M06|IgG subclass architecture|within_trajectory	5.3007528007092e-05	yes
HPVVT-FJ-M06	Heterologous BPV control	primary_minus_pooled_recall	dose0_minus_mean_dose1_2_3_change		BPV	heterologous_control_antigen	IgG1	antibody_isotype_or_subclass	IgG subclass architecture	none	mixedlm_lbfgs	-0.705981331829694	0.2159594976938586	-1.1292541694290177	-0.2827084942303703	-3.269045072657485	0.001079111102871342	0.6130253623944738	0.45715199806823265	0.8220462702271413	HPVVT-FJ-M06|IgG subclass architecture|primary_minus_pooled_recall	0.002158222205742684	yes
HPVVT-FJ-M06	Heterologous BPV control	persistence_dose_contrast	dose2_minus_dose1_at_v1		BPV	heterologous_control_antigen	IgG1	antibody_isotype_or_subclass	IgG subclass architecture	none	mixedlm_lbfgs	0.6854548278434246	0.2920482879111515	0.1130507017909832	1.257858953895866	2.347059908298306	0.018922212071026845	1.6082089097565677	1.0815127712880284	2.391405784640166	HPVVT-FJ-M06|IgG subclass architecture|persistence_dose_contrast	0.11353327242616107	no
HPVVT-FJ-M06	Heterologous BPV control	persistence_dose_contrast	dose3_minus_dose1_at_v1		BPV	heterologous_control_antigen	IgG1	antibody_isotype_or_subclass	IgG subclass architecture	none	mixedlm_lbfgs	0.906709504276251	0.2994524610206744	0.3197934655938447	1.4936255429586573	3.027891309310866	0.0024626664530683	1.8747646592461693	1.2481518522627841	2.8159574663823976	HPVVT-FJ-M06|IgG subclass architecture|persistence_dose_contrast	0.029551997436819598	yes
HPVVT-FJ-M06	Heterologous BPV control	persistence_dose_contrast	dose3_minus_dose2_at_v1		BPV	heterologous_control_antigen	IgG1	antibody_isotype_or_subclass	IgG subclass architecture	none	mixedlm_lbfgs	0.2212546764328264	0.29595857613874665	-0.3588134737148725	0.8013228265805252	0.7475866363443419	0.454709527844641	1.1657469672456608	0.7798056572989448	1.7426982978676766	HPVVT-FJ-M06|IgG subclass architecture|persistence_dose_contrast	0.5456514334135691	no
HPVVT-FJ-M06	Heterologous BPV control	recall_dose_contrast	dose2_minus_dose1_change		BPV	heterologous_control_antigen	IgG1	antibody_isotype_or_subclass	IgG subclass architecture	none	mixedlm_lbfgs	-0.6955161671956154	0.26127300212803595	-1.2076018414992227	-0.18343049289200797	-2.662028458856151	0.00776713112317186	0.6174883541552263	0.43298776329217525	0.880606566380119	HPVVT-FJ-M06|IgG subclass architecture|recall_dose_contrast	0.07769936524836904	no
HPVVT-FJ-M06	Heterologous BPV control	recall_dose_contrast	dose3_minus_dose1_change		BPV	heterologous_control_antigen	IgG1	antibody_isotype_or_subclass	IgG subclass architecture	none	mixedlm_lbfgs	-0.33256798306542623	0.2678969428141366	-0.8576363425495205	0.19250037641866802	-1.2414026810905323	0.21445702919847098	0.7941216961205921	0.551855957793337	1.1427425206590025	HPVVT-FJ-M06|IgG subclass architecture|recall_dose_contrast	0.2812024837734723	no
HPVVT-FJ-M06	Heterologous BPV control	recall_dose_contrast	dose3_minus_dose2_change		BPV	heterologous_control_antigen	IgG1	antibody_isotype_or_subclass	IgG subclass architecture	none	mixedlm_lbfgs	0.36294818413018914	0.2647712343954359	-0.15599389942707798	0.8818902676874563	1.3707991540656792	0.17043757473550047	1.286051292751933	0.8975138458817272	1.8427882034110363	HPVVT-FJ-M06|IgG subclass architecture|recall_dose_contrast	0.2812024837734723	no
HPVVT-FJ-M06	Heterologous BPV control	within_trajectory	dose0_v2_minus_v1	0	BPV	heterologous_control_antigen	IgG2	antibody_isotype_or_subclass	IgG subclass architecture	high	mixedlm_lbfgs	0.7840438471067124	0.4422741164458217	-0.08279749242137213	1.6508851866347969	1.7727554427272418	0.07626923962846083	1.7219507102667249	0.9442249483980526	3.1402625546154166	HPVVT-FJ-M06|IgG subclass architecture|within_trajectory	0.13558975933948592	no
HPVVT-FJ-M06	Heterologous BPV control	within_trajectory	dose1_v2_minus_v1	1	BPV	heterologous_control_antigen	IgG2	antibody_isotype_or_subclass	IgG subclass architecture	high	mixedlm_lbfgs	-0.6512664667483066	0.4422741164458197	-1.518107806276387	0.21557487277977405	-1.4725403150018823	0.14087502866048765	0.6367211239803428	0.34914354217558613	1.1611665139116514	HPVVT-FJ-M06|IgG subclass architecture|within_trajectory	0.22540004585678025	no
HPVVT-FJ-M06	Heterologous BPV control	within_trajectory	dose2_v2_minus_v1	2	BPV	heterologous_control_antigen	IgG2	antibody_isotype_or_subclass	IgG subclass architecture	high	mixedlm_lbfgs	0.8845008112373859	0.4316153425027236	0.03855028475712763	1.730451337717644	2.0492802830145096	0.040434715531383246	1.8461257306001277	1.0270812288914835	3.3183161344135	HPVVT-FJ-M06|IgG subclass architecture|within_trajectory	0.10782590808368865	no
HPVVT-FJ-M06	Heterologous BPV control	within_trajectory	dose3_v2_minus_v1	3	BPV	heterologous_control_antigen	IgG2	antibody_isotype_or_subclass	IgG subclass architecture	high	mixedlm_lbfgs	0.1350985969499483	0.45376366916099964	-0.7542618520983594	1.024459045998256	0.2977289856628298	0.7659100187631983	1.0981678624278728	0.5928496365191268	2.0341964973617657	HPVVT-FJ-M06|IgG subclass architecture|within_trajectory	0.7659100187631983	no
HPVVT-FJ-M06	Heterologous BPV control	primary_minus_pooled_recall	dose0_minus_mean_dose1_2_3_change		BPV	heterologous_control_antigen	IgG2	antibody_isotype_or_subclass	IgG subclass architecture	high	mixedlm_lbfgs	0.6612661999603697	0.5108008105050471	-0.3398849919033915	1.662417391824131	1.294567640381291	0.19546942143894708	1.5814700124167294	0.7901042945219806	3.1654648854763203	HPVVT-FJ-M06|IgG subclass architecture|primary_minus_pooled_recall	0.2606258952519294	no
HPVVT-FJ-M06	Heterologous BPV control	persistence_dose_contrast	dose2_minus_dose1_at_v1		BPV	heterologous_control_antigen	IgG2	antibody_isotype_or_subclass	IgG subclass architecture	high	mixedlm_lbfgs	-0.8185940484833513	0.8821688896531251	-2.5476133004851658	0.9104252035184631	-0.927933480861276	0.3534420757570198	0.5669942271330626	0.1710377517482118	1.8795993885342916	HPVVT-FJ-M06|IgG subclass architecture|persistence_dose_contrast	0.5301631136355297	no
HPVVT-FJ-M06	Heterologous BPV control	persistence_dose_contrast	dose3_minus_dose1_at_v1		BPV	heterologous_control_antigen	IgG2	antibody_isotype_or_subclass	IgG subclass architecture	high	mixedlm_lbfgs	-1.5067371684946653	0.9045341334884683	-3.279591492919209	0.2661171559298783	-1.6657604314872152	0.09576114011630765	0.3519061985857565	0.10297803182991251	1.202566900944655	HPVVT-FJ-M06|IgG subclass architecture|persistence_dose_contrast	0.3117686048806919	no
HPVVT-FJ-M06	Heterologous BPV control	persistence_dose_contrast	dose3_minus_dose2_at_v1		BPV	heterologous_control_antigen	IgG2	antibody_isotype_or_subclass	IgG subclass architecture	high	mixedlm_lbfgs	-0.6881431200113142	0.8939804111266245	-2.4403125287038088	1.0640262886811804	-0.7697518999818942	0.4414470770703425	0.6206521720073367	0.1842437354142435	2.0907582977046233	HPVVT-FJ-M06|IgG subclass architecture|persistence_dose_contrast	0.5456514334135691	no
HPVVT-FJ-M06	Heterologous BPV control	recall_dose_contrast	dose2_minus_dose1_change		BPV	heterologous_control_antigen	IgG2	antibody_isotype_or_subclass	IgG subclass architecture	high	mixedlm_lbfgs	1.5357672779856926	0.6179791242118733	0.32455045133281635	2.746984104638569	2.485144267525705	0.012949894208061506	2.8994259198743384	1.2522741649454971	6.713123132429262	HPVVT-FJ-M06|IgG subclass architecture|recall_dose_contrast	0.07769936524836904	no
HPVVT-FJ-M06	Heterologous BPV control	recall_dose_contrast	dose3_minus_dose1_change		BPV	heterologous_control_antigen	IgG2	antibody_isotype_or_subclass	IgG subclass architecture	high	mixedlm_lbfgs	0.7863650636982549	0.6336464799305553	-0.45555921589621584	2.028289343292726	1.2410154377949623	0.21460004596221005	1.724723463802932	0.7292274549705365	4.079208765819949	HPVVT-FJ-M06|IgG subclass architecture|recall_dose_contrast	0.2812024837734723	no
HPVVT-FJ-M06	Heterologous BPV control	recall_dose_contrast	dose3_minus_dose2_change		BPV	heterologous_control_antigen	IgG2	antibody_isotype_or_subclass	IgG subclass architecture	high	mixedlm_lbfgs	-0.7494022142874376	0.6262533603376484	-1.9768362457464135	0.4780318171715382	-1.1966438214134174	0.23144541243419114	0.5948499846058085	0.25404636984821366	1.3928421980481158	HPVVT-FJ-M06|IgG subclass architecture|recall_dose_contrast	0.2812024837734723	no
HPVVT-FJ-M06	Heterologous BPV control	within_trajectory	dose0_v2_minus_v1	0	BPV	heterologous_control_antigen	IgG3	antibody_isotype_or_subclass	IgG subclass architecture	low	mixedlm_powell	-1.2640528539383427	0.6773783648748452	-2.5916900529996707	0.06358434512298539	-1.8660956999592002	0.062027977489854155	0.4163726311170308	0.16589127864456665	1.0450589648824629	HPVVT-FJ-M06|IgG subclass architecture|within_trajectory	0.12405595497970831	no
HPVVT-FJ-M06	Heterologous BPV control	within_trajectory	dose1_v2_minus_v1	1	BPV	heterologous_control_antigen	IgG3	antibody_isotype_or_subclass	IgG subclass architecture	low	mixedlm_powell	2.410460202681573	0.6773783648748456	1.082823003620244	3.738097401742902	3.5585137165208054	0.00037295931721460004	5.316438867149718	2.118176785878238	13.343797560514359	HPVVT-FJ-M06|IgG subclass architecture|within_trajectory	0.0019891163584778667	yes
HPVVT-FJ-M06	Heterologous BPV control	within_trajectory	dose2_v2_minus_v1	2	BPV	heterologous_control_antigen	IgG3	antibody_isotype_or_subclass	IgG subclass architecture	low	mixedlm_powell	1.284839063551507	0.66105359569512	-0.010802175861630348	2.580480302964644	1.9436231372441983	0.051940913609726976	2.4365487087352182	0.9925404637381229	5.981387990651884	HPVVT-FJ-M06|IgG subclass architecture|within_trajectory	0.11872208825080452	no
HPVVT-FJ-M06	Heterologous BPV control	within_trajectory	dose3_v2_minus_v1	3	BPV	heterologous_control_antigen	IgG3	antibody_isotype_or_subclass	IgG subclass architecture	low	mixedlm_powell	0.8778632210720514	0.6949755385324304	-0.4842638045878409	2.239990246731944	1.263157006829078	0.20653276024703182	1.837651534764045	0.7148617648905686	4.72393870965752	HPVVT-FJ-M06|IgG subclass architecture|within_trajectory	0.3004112876320463	no
HPVVT-FJ-M06	Heterologous BPV control	primary_minus_pooled_recall	dose0_minus_mean_dose1_2_3_change		BPV	heterologous_control_antigen	IgG3	antibody_isotype_or_subclass	IgG subclass architecture	low	mixedlm_powell	-2.7884403497067196	0.7823325058613063	-4.32178388512985	-1.2550968142835885	-3.56426497533398	0.00036487721715788087	0.14474241471544252	0.05000499817914274	0.4189654510655623	HPVVT-FJ-M06|IgG subclass architecture|primary_minus_pooled_recall	0.0014595088686315235	yes
HPVVT-FJ-M06	Heterologous BPV control	persistence_dose_contrast	dose2_minus_dose1_at_v1		BPV	heterologous_control_antigen	IgG3	antibody_isotype_or_subclass	IgG subclass architecture	low	mixedlm_powell	1.1497601489387426	0.707054801552843	-0.23604179720094476	2.53556209507843	1.626125933115261	0.10392286829356398	2.218770038321715	0.8490716471161882	5.798027174355148	HPVVT-FJ-M06|IgG subclass architecture|persistence_dose_contrast	0.3117686048806919	no
HPVVT-FJ-M06	Heterologous BPV control	persistence_dose_contrast	dose3_minus_dose1_at_v1		BPV	heterologous_control_antigen	IgG3	antibody_isotype_or_subclass	IgG subclass architecture	low	mixedlm_powell	0.7400671176338698	0.7249804541429012	-0.6808684619817089	2.1610026972494483	1.020809752048839	0.3073445831725491	1.6702535412504211	0.6237896575151912	4.47225576514409	HPVVT-FJ-M06|IgG subclass architecture|persistence_dose_contrast	0.5268764282957984	no
HPVVT-FJ-M06	Heterologous BPV control	persistence_dose_contrast	dose3_minus_dose2_at_v1		BPV	heterologous_control_antigen	IgG3	antibody_isotype_or_subclass	IgG subclass architecture	low	mixedlm_powell	-0.4096930313048728	0.7165216883014406	-1.8140497345175308	0.9946636719077853	-0.5717803633775214	0.5674707822120851	0.7527835297946455	0.28439150287399406	1.9926159431745303	HPVVT-FJ-M06|IgG subclass architecture|persistence_dose_contrast	0.6190590351404566	no
HPVVT-FJ-M06	Heterologous BPV control	recall_dose_contrast	dose2_minus_dose1_change		BPV	heterologous_control_antigen	IgG3	antibody_isotype_or_subclass	IgG subclass architecture	low	mixedlm_powell	-1.125621139130066	0.9464847096398159	-2.9806970819419556	0.7294548036818238	-1.1892650009723034	0.23433540314456025	0.4583046602474178	0.1266837091003312	1.6580124081948904	HPVVT-FJ-M06|IgG subclass architecture|recall_dose_contrast	0.2812024837734723	no
HPVVT-FJ-M06	Heterologous BPV control	recall_dose_contrast	dose3_minus_dose1_change		BPV	heterologous_control_antigen	IgG3	antibody_isotype_or_subclass	IgG subclass architecture	low	mixedlm_powell	-1.5325969816095215	0.9704805244614448	-3.4347038572514963	0.36950989403245327	-1.579214567402077	0.11428684971751214	0.3456545971249469	0.09248070094055834	1.2919138728241564	HPVVT-FJ-M06|IgG subclass architecture|recall_dose_contrast	0.2812024837734723	no
HPVVT-FJ-M06	Heterologous BPV control	recall_dose_contrast	dose3_minus_dose2_change		BPV	heterologous_control_antigen	IgG3	antibody_isotype_or_subclass	IgG subclass architecture	low	mixedlm_powell	-0.4069758424794556	0.9591573674532708	-2.286889738194117	1.4729380532352059	-0.42430560019577085	0.6713429555686468	0.7542026671479704	0.20491681262337288	2.7758662447018376	HPVVT-FJ-M06|IgG subclass architecture|recall_dose_contrast	0.6713429555686469	no
HPVVT-FJ-M06	Heterologous BPV control	within_trajectory	dose0_v2_minus_v1	0	BPV	heterologous_control_antigen	IgG4	antibody_isotype_or_subclass	IgG subclass architecture	high	mixedlm_lbfgs	0.19903929810108603	0.33078410725256546	-0.44928563877217675	0.8473642349743488	0.6017196525984014	0.547360766000931	1.1479336824171116	0.7324054142143381	1.7992108109158111	HPVVT-FJ-M06|IgG subclass architecture|within_trajectory	0.6255551611439211	no
HPVVT-FJ-M06	Heterologous BPV control	within_trajectory	dose1_v2_minus_v1	1	BPV	heterologous_control_antigen	IgG4	antibody_isotype_or_subclass	IgG subclass architecture	high	mixedlm_lbfgs	-0.17324413043453354	0.3307841072525653	-0.821569067307796	0.47508080643872885	-0.5237377692461372	0.6004609420738447	0.8868462218242124	0.5658262183508006	1.389996072391733	HPVVT-FJ-M06|IgG subclass architecture|within_trajectory	0.6404916715454344	no
HPVVT-FJ-M06	Heterologous BPV control	within_trajectory	dose2_v2_minus_v1	2	BPV	heterologous_control_antigen	IgG4	antibody_isotype_or_subclass	IgG subclass architecture	high	mixedlm_lbfgs	0.2746415300421218	0.32281223439799395	-0.35805882314684834	0.9073418832310919	0.8507779469830047	0.39489271425184325	1.2096934763833591	0.7802136677965213	1.8755866081368093	HPVVT-FJ-M06|IgG subclass architecture|within_trajectory	0.5265236190024577	no
HPVVT-FJ-M06	Heterologous BPV control	within_trajectory	dose3_v2_minus_v1	3	BPV	heterologous_control_antigen	IgG4	antibody_isotype_or_subclass	IgG subclass architecture	high	mixedlm_lbfgs	-0.7413346646105198	0.33937733325494585	-1.4065020149594614	-0.0761673142615783	-2.1843965167043637	0.028933123965762933	0.59818570328665	0.3772252061389539	0.9485742993662408	HPVVT-FJ-M06|IgG subclass architecture|within_trajectory	0.09258599669044139	no
HPVVT-FJ-M06	Heterologous BPV control	primary_minus_pooled_recall	dose0_minus_mean_dose1_2_3_change		BPV	heterologous_control_antigen	IgG4	antibody_isotype_or_subclass	IgG subclass architecture	high	mixedlm_lbfgs	0.41235171976872986	0.382036352126198	-0.33642577118368033	1.16112921072114	1.0793520498083853	0.2804308178922714	1.3308534550437456	0.79200103942468	2.2363239827165846	HPVVT-FJ-M06|IgG subclass architecture|primary_minus_pooled_recall	0.2804308178922714	no
HPVVT-FJ-M06	Heterologous BPV control	persistence_dose_contrast	dose2_minus_dose1_at_v1		BPV	heterologous_control_antigen	IgG4	antibody_isotype_or_subclass	IgG subclass architecture	high	mixedlm_lbfgs	-0.6266514085789605	0.5942034383716336	-1.791268747277228	0.5379659301193069	-1.0546075100074277	0.29160486765108906	0.6476779758170982	0.28891785159861794	1.4519239916725875	HPVVT-FJ-M06|IgG subclass architecture|persistence_dose_contrast	0.5268764282957984	no
HPVVT-FJ-M06	Heterologous BPV control	persistence_dose_contrast	dose3_minus_dose1_at_v1		BPV	heterologous_control_antigen	IgG4	antibody_isotype_or_subclass	IgG subclass architecture	high	mixedlm_lbfgs	0.03895226336584562	0.6092680194771931	-1.155191111741501	1.2330956384731924	0.06393288687509016	0.9490236658951509	1.0273674447551158	0.44900670322866687	2.3507084837553682	HPVVT-FJ-M06|IgG subclass architecture|persistence_dose_contrast	0.9490236658951509	no
HPVVT-FJ-M06	Heterologous BPV control	persistence_dose_contrast	dose3_minus_dose2_at_v1		BPV	heterologous_control_antigen	IgG4	antibody_isotype_or_subclass	IgG subclass architecture	high	mixedlm_lbfgs	0.6656036719448062	0.6021593374679091	-0.5146069424467958	1.8458142863364082	1.1053613728613454	0.269003034227421	1.5862318669382092	0.6999836150713776	3.594557760375156	HPVVT-FJ-M06|IgG subclass architecture|persistence_dose_contrast	0.5268764282957984	no
HPVVT-FJ-M06	Heterologous BPV control	recall_dose_contrast	dose2_minus_dose1_change		BPV	heterologous_control_antigen	IgG4	antibody_isotype_or_subclass	IgG subclass architecture	high	mixedlm_lbfgs	0.4478856604766553	0.4621967809146901	-0.45800338388648704	1.3537747048397977	0.969036737102078	0.33252685993882547	1.3640397248297016	0.7279930669669593	2.5557995746653637	HPVVT-FJ-M06|IgG subclass architecture|recall_dose_contrast	0.3627565744787187	no
HPVVT-FJ-M06	Heterologous BPV control	recall_dose_contrast	dose3_minus_dose1_change		BPV	heterologous_control_antigen	IgG4	antibody_isotype_or_subclass	IgG subclass architecture	high	mixedlm_lbfgs	-0.5680905341759862	0.47391465469862315	-1.4969461891310236	0.3607651207790511	-1.198719070076557	0.2306372003005367	0.6745089380391139	0.35430256395954046	1.284106731857034	HPVVT-FJ-M06|IgG subclass architecture|recall_dose_contrast	0.2812024837734723	no
HPVVT-FJ-M06	Heterologous BPV control	recall_dose_contrast	dose3_minus_dose2_change		BPV	heterologous_control_antigen	IgG4	antibody_isotype_or_subclass	IgG subclass architecture	high	mixedlm_lbfgs	-1.0159761946526416	0.46838521860138155	-1.9339943540022695	-0.0979580353030135	-2.1691038792521895	0.030074798257022254	0.49449361756918436	0.2617035946705964	0.9343545247226676	HPVVT-FJ-M06|IgG subclass architecture|recall_dose_contrast	0.12029919302808902	no
HPVVT-FJ-M06	Heterologous BPV control	within_trajectory	dose0_v2_minus_v1	0	BPV	heterologous_control_antigen	IgM	antibody_isotype_or_subclass	Antibody abundance	none	mixedlm_lbfgs	-0.11971997270795437	0.17095239473292936	-0.45478050945537074	0.215340564039462	-0.7003117616163674	0.48373262811051854	0.9203662765007016	0.7296211676953017	1.16097794365735	HPVVT-FJ-M06|Antibody abundance|within_trajectory	0.7739722049768296	no
HPVVT-FJ-M06	Heterologous BPV control	within_trajectory	dose1_v2_minus_v1	1	BPV	heterologous_control_antigen	IgM	antibody_isotype_or_subclass	Antibody abundance	none	mixedlm_lbfgs	-0.04869057499366922	0.17095239473292956	-0.383751111741086	0.2863699617537475	-0.2848194965021466	0.7757824345650643	0.9668134341429541	0.7664421923898566	1.2195677974417092	HPVVT-FJ-M06|Antibody abundance|within_trajectory	0.8795511131220441	no
HPVVT-FJ-M06	Heterologous BPV control	within_trajectory	dose2_v2_minus_v1	2	BPV	heterologous_control_antigen	IgM	antibody_isotype_or_subclass	Antibody abundance	none	mixedlm_lbfgs	0.23661715906617203	0.1668324544905924	-0.09036844318780668	0.5636027613201507	1.4182921409905576	0.15610549022251796	1.1782267060594125	0.939282839497477	1.4779554277967215	HPVVT-FJ-M06|Antibody abundance|within_trajectory	0.3122109804450359	no
HPVVT-FJ-M06	Heterologous BPV control	within_trajectory	dose3_v2_minus_v1	3	BPV	heterologous_control_antigen	IgM	antibody_isotype_or_subclass	Antibody abundance	none	mixedlm_lbfgs	0.05462258006623019	0.17539345623310185	-0.2891422772746517	0.398387437407112	0.31142883685258793	0.7554746344748045	1.0385873654452598	0.8183884688834359	1.3180338637153515	HPVVT-FJ-M06|Antibody abundance|within_trajectory	0.8795511131220441	no
HPVVT-FJ-M06	Heterologous BPV control	primary_minus_pooled_recall	dose0_minus_mean_dose1_2_3_change		BPV	heterologous_control_antigen	IgM	antibody_isotype_or_subclass	Antibody abundance	none	mixedlm_lbfgs	-0.20056969408753206	0.19744004575509935	-0.5875450728734672	0.18640568469840307	-1.0158511325322253	0.3097002824562466	0.8702068665429595	0.6654743324480509	1.1379251665392074	HPVVT-FJ-M06|Antibody abundance|primary_minus_pooled_recall	0.4129337099416621	no
HPVVT-FJ-M06	Heterologous BPV control	persistence_dose_contrast	dose2_minus_dose1_at_v1		BPV	heterologous_control_antigen	IgM	antibody_isotype_or_subclass	Antibody abundance	none	mixedlm_lbfgs	-0.0022959917481270575	0.3136324725057331	-0.6170043422416127	0.6124123587453585	-0.007320644223423285	0.9941590231704878	0.998409805494465	0.6520234051581113	1.5288134318825144	HPVVT-FJ-M06|Antibody abundance|persistence_dose_contrast	0.9941590231704879	no
HPVVT-FJ-M06	Heterologous BPV control	persistence_dose_contrast	dose3_minus_dose1_at_v1		BPV	heterologous_control_antigen	IgM	antibody_isotype_or_subclass	Antibody abundance	none	mixedlm_lbfgs	-0.24477605665094954	0.3215838600512976	-0.8750688403608617	0.3855167270589627	-0.7611577789131083	0.446562833076519	0.8439467881948911	0.5452278493461283	1.3063275879224492	HPVVT-FJ-M06|Antibody abundance|persistence_dose_contrast	0.8851104168542925	no
HPVVT-FJ-M06	Heterologous BPV control	persistence_dose_contrast	dose3_minus_dose2_at_v1		BPV	heterologous_control_antigen	IgM	antibody_isotype_or_subclass	Antibody abundance	none	mixedlm_lbfgs	-0.24248006490282248	0.3178317553496847	-0.8654188585313501	0.3804587287257052	-0.7629195661586463	0.44551136653265033	0.8452909652433995	0.548887025053094	1.3017557043783332	HPVVT-FJ-M06|Antibody abundance|persistence_dose_contrast	0.8851104168542925	no
HPVVT-FJ-M06	Heterologous BPV control	recall_dose_contrast	dose2_minus_dose1_change		BPV	heterologous_control_antigen	IgM	antibody_isotype_or_subclass	Antibody abundance	none	mixedlm_lbfgs	0.2853077340598412	0.23886772309434973	-0.18286440027417078	0.7534798683938533	1.1944172714668038	0.23231478403226524	1.2186701843917473	0.8809521714304948	1.6858543136499795	HPVVT-FJ-M06|Antibody abundance|recall_dose_contrast	0.6190235792890516	no
HPVVT-FJ-M06	Heterologous BPV control	recall_dose_contrast	dose3_minus_dose1_change		BPV	heterologous_control_antigen	IgM	antibody_isotype_or_subclass	Antibody abundance	none	mixedlm_lbfgs	0.10331315505989941	0.2449236324945316	-0.3767283435921066	0.5833546537119054	0.4218178295318484	0.673157990697177	1.074237623069368	0.7701821842503848	1.4983292192624473	HPVVT-FJ-M06|Antibody abundance|recall_dose_contrast	0.7440139329248435	no
HPVVT-FJ-M06	Heterologous BPV control	recall_dose_contrast	dose3_minus_dose2_change		BPV	heterologous_control_antigen	IgM	antibody_isotype_or_subclass	Antibody abundance	none	mixedlm_lbfgs	-0.18199457899994184	0.24206596696096827	-0.6564351561263023	0.2924459981264186	-0.7518387705830923	0.452148023349502	0.8814834701199591	0.6344440485378647	1.2247149451325514	HPVVT-FJ-M06|Antibody abundance|recall_dose_contrast	0.6190235792890516	no
HPVVT-FJ-M01	Primary 2vHPV induction	within_trajectory	dose0_v2_minus_v1	0	HPV16	vaccine_target_2vHPV_and_4vHPV	ADCP	antibody_dependent_cellular_phagocytosis	Phagocytic function	none	mixedlm_powell	1.5838570278059942	0.19515826378936477	1.201353859493472	1.9663601961185164	8.115756909558586	4.827662204758573e-16	2.9977021141931868	2.299553653858851	3.9078096526944033	HPVVT-FJ-M01|Phagocytic function|within_trajectory	9.655324409517146e-16	yes
HPVVT-FJ-M03	Heterologous 2vHPV recall	within_trajectory	dose1_v2_minus_v1	1	HPV16	vaccine_target_2vHPV_and_4vHPV	ADCP	antibody_dependent_cellular_phagocytosis	Phagocytic function	none	mixedlm_powell	1.7621023077085212	0.19515826378936482	1.3795991393959988	2.1446054760210433	9.029093995273323	1.730989377046983e-19	3.3919203856629085	2.6019606416259142	4.421713272144765	HPVVT-FJ-M03|Phagocytic function|within_trajectory	5.192968131140948e-19	yes
HPVVT-FJ-M03	Heterologous 2vHPV recall	within_trajectory	dose2_v2_minus_v1	2	HPV16	vaccine_target_2vHPV_and_4vHPV	ADCP	antibody_dependent_cellular_phagocytosis	Phagocytic function	none	mixedlm_powell	1.0534544515500732	0.1904549638685502	0.6801695816908375	1.426739321409309	5.531252271676968	3.179526627351454e-08	2.0754935543980215	1.602328089879015	2.6883841839613427	HPVVT-FJ-M03|Phagocytic function|within_trajectory	3.179526627351454e-08	yes
HPVVT-FJ-M03	Heterologous 2vHPV recall	within_trajectory	dose3_v2_minus_v1	3	HPV16	vaccine_target_2vHPV_and_4vHPV	ADCP	antibody_dependent_cellular_phagocytosis	Phagocytic function	none	mixedlm_powell	1.4785603588977814	0.20022815387841236	1.0861203886051491	1.8710003291904136	7.384377922175871	1.5316781522006461e-13	2.786705138618928	2.123023570503142	3.657861192640793	HPVVT-FJ-M03|Phagocytic function|within_trajectory	3.0633563044012923e-13	yes
HPVVT-FJ-M04	Primary-versus-recall contrast	primary_minus_pooled_recall	dose0_minus_mean_dose1_2_3_change		HPV16	vaccine_target_2vHPV_and_4vHPV	ADCP	antibody_dependent_cellular_phagocytosis	Phagocytic function	none	mixedlm_powell	0.15248465508720233	0.22539641279816341	-0.28928419624172086	0.5942535064161255	0.6765176658944805	0.49871203372874073	1.1114820542329307	0.8183079673703411	1.5096912240165867	HPVVT-FJ-M04|Phagocytic function|primary_minus_pooled_recall	0.49871203372874073	no
HPVVT-FJ-M02	Six-year 4vHPV persistence	persistence_dose_contrast	dose2_minus_dose1_at_v1		HPV16	vaccine_target_2vHPV_and_4vHPV	ADCP	antibody_dependent_cellular_phagocytosis	Phagocytic function	none	mixedlm_powell	0.8872479136082035	0.22488324402683926	0.44648485458906634	1.3280109726273408	3.9453713745889964	7.96763934852918e-05	1.849644372952849	1.3627159332550736	2.510563076945956	HPVVT-FJ-M02|Phagocytic function|persistence_dose_contrast	0.00047805836091175074	yes
HPVVT-FJ-M02	Six-year 4vHPV persistence	persistence_dose_contrast	dose3_minus_dose1_at_v1		HPV16	vaccine_target_2vHPV_and_4vHPV	ADCP	antibody_dependent_cellular_phagocytosis	Phagocytic function	none	mixedlm_powell	0.46046456336515906	0.2305846110169186	0.008527030382820822	0.9124020963474972	1.996944034271973	0.04583126295992782	1.3759848287660845	1.0059279884606886	1.8821767270753518	HPVVT-FJ-M02|Phagocytic function|persistence_dose_contrast	0.06874689443989174	no
HPVVT-FJ-M02	Six-year 4vHPV persistence	persistence_dose_contrast	dose3_minus_dose2_at_v1		HPV16	vaccine_target_2vHPV_and_4vHPV	ADCP	antibody_dependent_cellular_phagocytosis	Phagocytic function	none	mixedlm_powell	-0.4267833502430445	0.22789424713180895	-0.8734478669052606	0.019881166419171592	-1.8727254224903822	0.0611063109159149	0.7439185872089592	0.5458407970162208	1.0138759642374768	HPVVT-FJ-M02|Phagocytic function|persistence_dose_contrast	0.07332757309909789	no
HPVVT-FJ-M03	Heterologous 2vHPV recall	recall_dose_contrast	dose2_minus_dose1_change		HPV16	vaccine_target_2vHPV_and_4vHPV	ADCP	antibody_dependent_cellular_phagocytosis	Phagocytic function	none	mixedlm_powell	-0.7086478561584479	0.2726900093282665	-1.2431104533857416	-0.17418525893115422	-2.598730543535872	0.009356918988988598	0.6118933578661788	0.422460847174301	0.8862678847165931	HPVVT-FJ-M03|Phagocytic function|recall_dose_contrast	0.028070756966965794	yes
HPVVT-FJ-M03	Heterologous 2vHPV recall	recall_dose_contrast	dose3_minus_dose1_change		HPV16	vaccine_target_2vHPV_and_4vHPV	ADCP	antibody_dependent_cellular_phagocytosis	Phagocytic function	none	mixedlm_powell	-0.2835419488107399	0.2796034004278855	-0.8315545436043267	0.26447064598284686	-1.0140861962938474	0.3105416240890012	0.8215715057457932	0.5619234280563993	1.2011952258122673	HPVVT-FJ-M03|Phagocytic function|recall_dose_contrast	0.3726499489068015	no
HPVVT-FJ-M03	Heterologous 2vHPV recall	recall_dose_contrast	dose3_minus_dose2_change		HPV16	vaccine_target_2vHPV_and_4vHPV	ADCP	antibody_dependent_cellular_phagocytosis	Phagocytic function	none	mixedlm_powell	0.42510590734770803	0.27634110600438716	-0.11651270786885604	0.9667245225642721	1.5383375766794503	0.12396609651278531	1.3426710638121864	0.922414624831202	1.9543983118529227	HPVVT-FJ-M03|Phagocytic function|recall_dose_contrast	0.18594914476917795	no
HPVVT-FJ-M01	Primary 2vHPV induction	within_trajectory	dose0_v2_minus_v1	0	HPV16	vaccine_target_2vHPV_and_4vHPV	FcgR2A	fc_gamma_receptor_binding	Fc-receptor engagement	low	mixedlm_lbfgs	-0.4252620581827547	0.8660331141634351	-2.1226557713621523	1.272131654996643	-0.49104595566596376	0.6233939444987568	0.7447034476986855	0.2296238225383448	2.4151815734262465	HPVVT-FJ-M01|Fc-receptor engagement|within_trajectory	0.6890143597091524	no
HPVVT-FJ-M03	Heterologous 2vHPV recall	within_trajectory	dose1_v2_minus_v1	1	HPV16	vaccine_target_2vHPV_and_4vHPV	FcgR2A	fc_gamma_receptor_binding	Fc-receptor engagement	low	mixedlm_lbfgs	1.003421770989018	0.8660331141634359	-0.6939719421903812	2.7008154841684173	1.1586413435914582	0.2466024092111544	2.0047492116693135	0.6181496522364671	6.501693218054738	HPVVT-FJ-M03|Fc-receptor engagement|within_trajectory	0.28247185055095864	no
HPVVT-FJ-M03	Heterologous 2vHPV recall	within_trajectory	dose2_v2_minus_v1	2	HPV16	vaccine_target_2vHPV_and_4vHPV	FcgR2A	fc_gamma_receptor_binding	Fc-receptor engagement	low	mixedlm_lbfgs	0.3647268484301282	0.8451617792879426	-1.2917598000840294	2.0212134969442856	0.4315467847320478	0.6660708424548099	1.2876378125018022	0.4084524947407078	4.059250849323268	HPVVT-FJ-M03|Fc-receptor engagement|within_trajectory	0.6913910141049296	no
HPVVT-FJ-M03	Heterologous 2vHPV recall	within_trajectory	dose3_v2_minus_v1	3	HPV16	vaccine_target_2vHPV_and_4vHPV	FcgR2A	fc_gamma_receptor_binding	Fc-receptor engagement	low	mixedlm_lbfgs	0.37932626793690044	0.8885312273205762	-1.3621629367506005	2.1208154726244013	0.4269138284321008	0.6694420930222335	1.3007342765568586	0.3889986526198269	4.3493972197981305	HPVVT-FJ-M03|Fc-receptor engagement|within_trajectory	0.6913910141049296	no
HPVVT-FJ-M04	Primary-versus-recall contrast	primary_minus_pooled_recall	dose0_minus_mean_dose1_2_3_change		HPV16	vaccine_target_2vHPV_and_4vHPV	FcgR2A	fc_gamma_receptor_binding	Fc-receptor engagement	low	mixedlm_lbfgs	-1.0077536873014368	1.0002177387043252	-2.9681444318600088	0.952637057257135	-1.0075343080866308	0.31367807942156634	0.49731998500357455	0.127790772227471	1.935407096873212	HPVVT-FJ-M04|Fc-receptor engagement|primary_minus_pooled_recall	0.31367807942156634	no
HPVVT-FJ-M02	Six-year 4vHPV persistence	persistence_dose_contrast	dose2_minus_dose1_at_v1		HPV16	vaccine_target_2vHPV_and_4vHPV	FcgR2A	fc_gamma_receptor_binding	Fc-receptor engagement	low	mixedlm_lbfgs	1.0653854600054067	0.8580176726921055	-0.6162982765699963	2.7470691965808096	1.2416824197369578	0.21435375883280727	2.0927289412948475	0.6523425883557933	6.713519092431887	HPVVT-FJ-M02|Fc-receptor engagement|persistence_dose_contrast	0.45588334059765906	no
HPVVT-FJ-M02	Six-year 4vHPV persistence	persistence_dose_contrast	dose3_minus_dose1_at_v1		HPV16	vaccine_target_2vHPV_and_4vHPV	FcgR2A	fc_gamma_receptor_binding	Fc-receptor engagement	low	mixedlm_lbfgs	1.0091372284199518	0.8797706212372962	-0.7151815038615781	2.7334559607014817	1.147045836789499	0.2513626773457468	2.0127070855669427	0.6091284932372392	6.650468427050948	HPVVT-FJ-M02|Fc-receptor engagement|persistence_dose_contrast	0.5108338281542596	no
HPVVT-FJ-M02	Six-year 4vHPV persistence	persistence_dose_contrast	dose3_minus_dose2_at_v1		HPV16	vaccine_target_2vHPV_and_4vHPV	FcgR2A	fc_gamma_receptor_binding	Fc-receptor engagement	low	mixedlm_lbfgs	-0.05624823158545489	0.8695058290808779	-1.7604483409316156	1.6479518777607058	-0.0646898844196511	0.9484209170167823	0.9617619586804241	0.2951564264468412	3.1338842128561932	HPVVT-FJ-M02|Fc-receptor engagement|persistence_dose_contrast	0.9628308718258524	no
HPVVT-FJ-M03	Heterologous 2vHPV recall	recall_dose_contrast	dose2_minus_dose1_change		HPV16	vaccine_target_2vHPV_and_4vHPV	FcgR2A	fc_gamma_receptor_binding	Fc-receptor engagement	low	mixedlm_lbfgs	-0.6386949225588898	1.2100875125365023	-3.0104228652720955	1.7330330201543158	-0.5278088699718101	0.5976320001384405	0.6422937118551665	0.12410018185813852	3.324259530580479	HPVVT-FJ-M03|Fc-receptor engagement|recall_dose_contrast	0.8362986994246877	no
HPVVT-FJ-M03	Heterologous 2vHPV recall	recall_dose_contrast	dose3_minus_dose1_change		HPV16	vaccine_target_2vHPV_and_4vHPV	FcgR2A	fc_gamma_receptor_binding	Fc-receptor engagement	low	mixedlm_lbfgs	-0.6240955030521176	1.2407663344689153	-3.05595283184097	1.807761825736735	-0.5029919701353349	0.614969917743627	0.6488264312491057	0.12024486311167545	3.5009872937064777	HPVVT-FJ-M03|Fc-receptor engagement|recall_dose_contrast	0.8362986994246877	no
HPVVT-FJ-M03	Heterologous 2vHPV recall	recall_dose_contrast	dose3_minus_dose2_change		HPV16	vaccine_target_2vHPV_and_4vHPV	FcgR2A	fc_gamma_receptor_binding	Fc-receptor engagement	low	mixedlm_lbfgs	0.014599419506772238	1.226289596748244	-2.3888840247359315	2.4180828637494765	0.01190536032066615	0.990501121201263	1.010170922232868	0.19093003509796982	5.3446032815172	HPVVT-FJ-M03|Fc-receptor engagement|recall_dose_contrast	0.992909625305679	no
HPVVT-FJ-M01	Primary 2vHPV induction	within_trajectory	dose0_v2_minus_v1	0	HPV16	vaccine_target_2vHPV_and_4vHPV	FcgR2B	fc_gamma_receptor_binding	Fc-receptor engagement	moderate	mixedlm_powell	7.72852973993451	0.5155650656481651	6.718040779577078	8.739018700291941	14.990406167683709	8.48328508407147e-51	212.08955168930586	105.27658452727789	427.2742902683699	HPVVT-FJ-M01|Fc-receptor engagement|within_trajectory	1.781489867655009e-49	yes
HPVVT-FJ-M03	Heterologous 2vHPV recall	within_trajectory	dose1_v2_minus_v1	1	HPV16	vaccine_target_2vHPV_and_4vHPV	FcgR2B	fc_gamma_receptor_binding	Fc-receptor engagement	moderate	mixedlm_powell	0.5677564562327939	0.5155650656481651	-0.44273250412463816	1.578245416590226	1.1012314333575224	0.27079594438147525	1.4822167731849412	0.7357397767455495	2.9860646823103396	HPVVT-FJ-M03|Fc-receptor engagement|within_trajectory	0.30464543742915967	no
HPVVT-FJ-M03	Heterologous 2vHPV recall	within_trajectory	dose2_v2_minus_v1	2	HPV16	vaccine_target_2vHPV_and_4vHPV	FcgR2B	fc_gamma_receptor_binding	Fc-receptor engagement	moderate	mixedlm_powell	0.14025377040338238	0.5031399851757596	-0.8458824797231232	1.126390020529888	0.2787569553916256	0.7804313500936566	1.1020989582984897	0.556370379737072	2.1831178619836287	HPVVT-FJ-M03|Fc-receptor engagement|within_trajectory	0.793018952514522	no
HPVVT-FJ-M03	Heterologous 2vHPV recall	within_trajectory	dose3_v2_minus_v1	3	HPV16	vaccine_target_2vHPV_and_4vHPV	FcgR2B	fc_gamma_receptor_binding	Fc-receptor engagement	moderate	mixedlm_powell	0.12425318598706347	0.5289585964463785	-0.9124866123606952	1.1609929843348221	0.23490153449025047	0.8142851585401693	1.0899433752094652	0.5312686132472839	2.236112827937844	HPVVT-FJ-M03|Fc-receptor engagement|within_trajectory	0.8142851585401693	no
HPVVT-FJ-M04	Primary-versus-recall contrast	primary_minus_pooled_recall	dose0_minus_mean_dose1_2_3_change		HPV16	vaccine_target_2vHPV_and_4vHPV	FcgR2B	fc_gamma_receptor_binding	Fc-receptor engagement	moderate	mixedlm_powell	7.45110860239343	0.5954475824122326	6.2840527861840085	8.618164418602852	12.513458484805762	6.301944720807322e-36	174.98756596925296	77.92707638447787	392.9397799138136	HPVVT-FJ-M04|Fc-receptor engagement|primary_minus_pooled_recall	1.3234083913695374e-34	yes
HPVVT-FJ-M02	Six-year 4vHPV persistence	persistence_dose_contrast	dose2_minus_dose1_at_v1		HPV16	vaccine_target_2vHPV_and_4vHPV	FcgR2B	fc_gamma_receptor_binding	Fc-receptor engagement	moderate	mixedlm_powell	0.8030344894056087	0.5729129010668143	-0.3198541629637064	1.9259231417749239	1.4016694124190394	0.16101398865686978	1.7447671218544856	0.801150859057257	3.799799095374645	HPVVT-FJ-M02|Fc-receptor engagement|persistence_dose_contrast	0.44103831675577376	no
HPVVT-FJ-M02	Six-year 4vHPV persistence	persistence_dose_contrast	dose3_minus_dose1_at_v1		HPV16	vaccine_target_2vHPV_and_4vHPV	FcgR2B	fc_gamma_receptor_binding	Fc-receptor engagement	moderate	mixedlm_powell	0.6331528029286266	0.5874377124482395	-0.5182039566305194	1.7845095624877727	1.0778211706733336	0.28111356981250724	1.5509506728101876	0.6982405476186979	3.445013323408374	HPVVT-FJ-M02|Fc-receptor engagement|persistence_dose_contrast	0.5366713605511502	no
HPVVT-FJ-M02	Six-year 4vHPV persistence	persistence_dose_contrast	dose3_minus_dose2_at_v1		HPV16	vaccine_target_2vHPV_and_4vHPV	FcgR2B	fc_gamma_receptor_binding	Fc-receptor engagement	moderate	mixedlm_powell	-0.1698816864769821	0.5805837372442907	-1.3078049014854578	0.9680415285314936	-0.2926049690666782	0.7698241151677069	0.8889155769749413	0.4039350100447865	1.9561832555714398	HPVVT-FJ-M02|Fc-receptor engagement|persistence_dose_contrast	0.8981281343623246	no
HPVVT-FJ-M03	Heterologous 2vHPV recall	recall_dose_contrast	dose2_minus_dose1_change		HPV16	vaccine_target_2vHPV_and_4vHPV	FcgR2B	fc_gamma_receptor_binding	Fc-receptor engagement	moderate	mixedlm_powell	-0.42750268582941153	0.7203868277526043	-1.8394349231615754	0.9844295515027524	-0.5934349010282358	0.5528901375922443	0.7435477578157033	0.27943121109929303	1.9785308376175106	HPVVT-FJ-M03|Fc-receptor engagement|recall_dose_contrast	0.8362986994246877	no
HPVVT-FJ-M03	Heterologous 2vHPV recall	recall_dose_contrast	dose3_minus_dose1_change		HPV16	vaccine_target_2vHPV_and_4vHPV	FcgR2B	fc_gamma_receptor_binding	Fc-receptor engagement	moderate	mixedlm_powell	-0.44350327024573044	0.7386504813992336	-1.8912316109514014	1.0042250704599405	-0.6004237205743065	0.5482238831614452	0.7353468095408399	0.2695768264569284	2.005865776405258	HPVVT-FJ-M03|Fc-receptor engagement|recall_dose_contrast	0.8362986994246877	no
HPVVT-FJ-M03	Heterologous 2vHPV recall	recall_dose_contrast	dose3_minus_dose2_change		HPV16	vaccine_target_2vHPV_and_4vHPV	FcgR2B	fc_gamma_receptor_binding	Fc-receptor engagement	moderate	mixedlm_powell	-0.016000584416318908	0.7300322194514338	-1.4468374420949703	1.4148362732623325	-0.021917641427308763	0.9825136523311868	0.9889705157622221	0.3668246662524644	2.6662947479487404	HPVVT-FJ-M03|Fc-receptor engagement|recall_dose_contrast	0.992909625305679	no
HPVVT-FJ-M01	Primary 2vHPV induction	within_trajectory	dose0_v2_minus_v1	0	HPV16	vaccine_target_2vHPV_and_4vHPV	FcgR3A	fc_gamma_receptor_binding	Fc-receptor engagement	low	mixedlm_powell	6.662738455416506	0.5093125568339286	5.664504187147997	7.660972723685016	13.081826407019106	4.1826786384125974e-39	101.31742144355417	50.720750482138754	202.38698738469282	HPVVT-FJ-M01|Fc-receptor engagement|within_trajectory	4.3918125703332273e-38	yes
HPVVT-FJ-M03	Heterologous 2vHPV recall	within_trajectory	dose1_v2_minus_v1	1	HPV16	vaccine_target_2vHPV_and_4vHPV	FcgR3A	fc_gamma_receptor_binding	Fc-receptor engagement	low	mixedlm_powell	1.190984814564592	0.5093125568339275	0.1927505462960848	2.189219082833099	2.338416358646619	0.019365659942217582	2.2830853829599658	1.142940694587703	4.56058559343341	HPVVT-FJ-M03|Fc-receptor engagement|within_trajectory	0.024898705639994034	yes
HPVVT-FJ-M03	Heterologous 2vHPV recall	within_trajectory	dose2_v2_minus_v1	2	HPV16	vaccine_target_2vHPV_and_4vHPV	FcgR3A	fc_gamma_receptor_binding	Fc-receptor engagement	low	mixedlm_powell	1.2673042362985125	0.49703816136783396	0.2931273410755503	2.241481131521475	2.549712144457741	0.010781189533574115	2.407113611880227	1.2252934790176657	4.728822963413108	HPVVT-FJ-M03|Fc-receptor engagement|within_trajectory	0.014150311262816026	yes
HPVVT-FJ-M03	Heterologous 2vHPV recall	within_trajectory	dose3_v2_minus_v1	3	HPV16	vaccine_target_2vHPV_and_4vHPV	FcgR3A	fc_gamma_receptor_binding	Fc-receptor engagement	low	mixedlm_powell	0.3577866520555055	0.5225436577567495	-0.6663800974975476	1.3819534016085586	0.6847019320671951	0.49353202960840314	1.281458406122565	0.6300856693402318	2.606210117969639	HPVVT-FJ-M03|Fc-receptor engagement|within_trajectory	0.526991828225922	no
HPVVT-FJ-M04	Primary-versus-recall contrast	primary_minus_pooled_recall	dose0_minus_mean_dose1_2_3_change		HPV16	vaccine_target_2vHPV_and_4vHPV	FcgR3A	fc_gamma_receptor_binding	Fc-receptor engagement	low	mixedlm_powell	5.724046554443635	0.5882262993860683	4.571144192887666	6.876948915999605	9.731027940127502	2.223346739953275e-22	52.857876203473204	23.771222471689065	117.53518692903697	HPVVT-FJ-M04|Fc-receptor engagement|primary_minus_pooled_recall	2.3345140769509386e-21	yes
HPVVT-FJ-M02	Six-year 4vHPV persistence	persistence_dose_contrast	dose2_minus_dose1_at_v1		HPV16	vaccine_target_2vHPV_and_4vHPV	FcgR3A	fc_gamma_receptor_binding	Fc-receptor engagement	low	mixedlm_powell	0.22669649676132586	0.554593160448918	-0.860286123790797	1.3136791173134488	0.40876179680583385	0.6827144783588733	1.1701524477839211	0.5508433006116478	2.4857463992650923	HPVVT-FJ-M02|Fc-receptor engagement|persistence_dose_contrast	0.8271348487809427	no
HPVVT-FJ-M02	Six-year 4vHPV persistence	persistence_dose_contrast	dose3_minus_dose1_at_v1		HPV16	vaccine_target_2vHPV_and_4vHPV	FcgR3A	fc_gamma_receptor_binding	Fc-receptor engagement	low	mixedlm_powell	1.15887334219524	0.5686535194213714	0.044332924447403776	2.273413759943076	2.037925208612868	0.041557413117169394	2.2328298896414203	1.0312062583138932	4.834657737849522	HPVVT-FJ-M02|Fc-receptor engagement|persistence_dose_contrast	0.20139361741397474	no
HPVVT-FJ-M02	Six-year 4vHPV persistence	persistence_dose_contrast	dose3_minus_dose2_at_v1		HPV16	vaccine_target_2vHPV_and_4vHPV	FcgR3A	fc_gamma_receptor_binding	Fc-receptor engagement	low	mixedlm_powell	0.9321768454339141	0.5620187102506958	-0.16935958529510176	2.03371327616293	1.65862244162317	0.09719189673602598	1.9081529879889052	0.8892373274823377	4.0945737578063	HPVVT-FJ-M02|Fc-receptor engagement|persistence_dose_contrast	0.3401716385760909	no
HPVVT-FJ-M03	Heterologous 2vHPV recall	recall_dose_contrast	dose2_minus_dose1_change		HPV16	vaccine_target_2vHPV_and_4vHPV	FcgR3A	fc_gamma_receptor_binding	Fc-receptor engagement	low	mixedlm_powell	0.07631942173392048	0.7116503456084523	-1.3184896252441283	1.4711284687119692	0.10724286470860674	0.9145963103728543	1.0543248315835922	0.4009544832048253	2.772386635033372	HPVVT-FJ-M03|Fc-receptor engagement|recall_dose_contrast	0.992909625305679	no
HPVVT-FJ-M03	Heterologous 2vHPV recall	recall_dose_contrast	dose3_minus_dose1_change		HPV16	vaccine_target_2vHPV_and_4vHPV	FcgR3A	fc_gamma_receptor_binding	Fc-receptor engagement	low	mixedlm_powell	-0.8331981625090865	0.7296925070264293	-2.263369196069628	0.5969728710514552	-1.1418483189644542	0.2535170737840019	0.5612836101912161	0.20828499333657047	1.5125395546870195	HPVVT-FJ-M03|Fc-receptor engagement|recall_dose_contrast	0.7259807112905509	no
HPVVT-FJ-M03	Heterologous 2vHPV recall	recall_dose_contrast	dose3_minus_dose2_change		HPV16	vaccine_target_2vHPV_and_4vHPV	FcgR3A	fc_gamma_receptor_binding	Fc-receptor engagement	low	mixedlm_powell	-0.909517584243007	0.7211787629414219	-2.3230019860233435	0.5039668175373293	-1.2611541423286239	0.20725331693020044	0.5323630757592706	0.19985118247149566	1.4181074183651279	HPVVT-FJ-M03|Fc-receptor engagement|recall_dose_contrast	0.6655125021922297	no
HPVVT-FJ-M01	Primary 2vHPV induction	within_trajectory	dose0_v2_minus_v1	0	HPV16	vaccine_target_2vHPV_and_4vHPV	IgA1	antibody_isotype_or_subclass	Antibody abundance	none	mixedlm_powell	5.513085080474381	0.496530744952508	4.539902703150622	6.4862674577981405	11.103209894891192	1.2101795697561577e-28	45.667157246112524	23.261991411403226	89.65222340847582	HPVVT-FJ-M01|Antibody abundance|within_trajectory	1.1295009317724139e-27	yes
HPVVT-FJ-M03	Heterologous 2vHPV recall	within_trajectory	dose1_v2_minus_v1	1	HPV16	vaccine_target_2vHPV_and_4vHPV	IgA1	antibody_isotype_or_subclass	Antibody abundance	none	mixedlm_powell	2.6960906176031862	0.49653074495250754	1.7229082402794282	3.6692729949269443	5.429856348293324	5.639943101855066e-08	6.480434821043114	3.3010116731558994	12.722171148712784	HPVVT-FJ-M03|Antibody abundance|within_trajectory	2.2559772407420264e-07	yes
HPVVT-FJ-M03	Heterologous 2vHPV recall	within_trajectory	dose2_v2_minus_v1	2	HPV16	vaccine_target_2vHPV_and_4vHPV	IgA1	antibody_isotype_or_subclass	Antibody abundance	none	mixedlm_powell	0.6363972359865517	0.48456439022034153	-0.31333151703593043	1.5861259890090338	1.3133388437750628	0.18906879503721963	1.554442483512538	0.8047811856237399	3.0024203817288515	HPVVT-FJ-M03|Antibody abundance|within_trajectory	0.23704147437502163	no
HPVVT-FJ-M03	Heterologous 2vHPV recall	within_trajectory	dose3_v2_minus_v1	3	HPV16	vaccine_target_2vHPV_and_4vHPV	IgA1	antibody_isotype_or_subclass	Antibody abundance	none	mixedlm_powell	1.0141594395570017	0.5094297954659878	0.01569538779205959	2.0126234913219436	1.990773701466216	0.04650577183250018	2.0197257930161743	1.0109386076329423	4.035153320067827	HPVVT-FJ-M03|Antibody abundance|within_trajectory	0.068534821647895	no
HPVVT-FJ-M04	Primary-versus-recall contrast	primary_minus_pooled_recall	dose0_minus_mean_dose1_2_3_change		HPV16	vaccine_target_2vHPV_and_4vHPV	IgA1	antibody_isotype_or_subclass	Antibody abundance	none	mixedlm_powell	4.064202649425468	0.5734640521145791	2.940233760852492	5.188171537998444	7.087109705375976	1.3694182656762617e-12	16.728111167082783	7.675356497053839	36.458202733083674	HPVVT-FJ-M04|Antibody abundance|primary_minus_pooled_recall	7.668742287787066e-12	yes
HPVVT-FJ-M02	Six-year 4vHPV persistence	persistence_dose_contrast	dose2_minus_dose1_at_v1		HPV16	vaccine_target_2vHPV_and_4vHPV	IgA1	antibody_isotype_or_subclass	Antibody abundance	none	mixedlm_powell	2.637686607521687	0.6014118427178472	1.4589410559188392	3.816432159124535	4.385824189297116	1.155474229866154e-05	6.22332938972564	2.7490650705077937	14.088363752651706	HPVVT-FJ-M02|Antibody abundance|persistence_dose_contrast	0.0009705983530875693	yes
HPVVT-FJ-M02	Six-year 4vHPV persistence	persistence_dose_contrast	dose3_minus_dose1_at_v1		HPV16	vaccine_target_2vHPV_and_4vHPV	IgA1	antibody_isotype_or_subclass	Antibody abundance	none	mixedlm_powell	1.8776537092992522	0.6166591753608478	0.6690239348558211	3.086283483742683	3.0448808423234985	0.002327725131651167	3.674769371601296	1.589996880328126	8.493054358491689	HPVVT-FJ-M02|Antibody abundance|persistence_dose_contrast	0.021190952539816066	yes
HPVVT-FJ-M02	Six-year 4vHPV persistence	persistence_dose_contrast	dose3_minus_dose2_at_v1		HPV16	vaccine_target_2vHPV_and_4vHPV	IgA1	antibody_isotype_or_subclass	Antibody abundance	none	mixedlm_powell	-0.7600328982224349	0.6094642564653687	-1.9545608907590404	0.43449509431417055	-1.2470508157940217	0.21237886558666452	0.5904828655973328	0.2579993094376483	1.35143778223291	HPVVT-FJ-M02|Antibody abundance|persistence_dose_contrast	0.4507020413369922	no
HPVVT-FJ-M03	Heterologous 2vHPV recall	recall_dose_contrast	dose2_minus_dose1_change		HPV16	vaccine_target_2vHPV_and_4vHPV	IgA1	antibody_isotype_or_subclass	Antibody abundance	none	mixedlm_powell	-2.0596933816166345	0.6937906232810469	-3.419498016059083	-0.6998887471741861	-2.968753558351675	0.0029901029677131	0.2398670037487283	0.0934605918792108	0.6156196780965463	HPVVT-FJ-M03|Antibody abundance|recall_dose_contrast	0.0877809011925809	no
HPVVT-FJ-M03	Heterologous 2vHPV recall	recall_dose_contrast	dose3_minus_dose1_change		HPV16	vaccine_target_2vHPV_and_4vHPV	IgA1	antibody_isotype_or_subclass	Antibody abundance	none	mixedlm_powell	-1.6819311780461845	0.7113799949335167	-3.0762103474381632	-0.2876520086542058	-2.364321726819676	0.01806311851169264	0.31166516580920905	0.11856825067571453	0.8192342808914973	HPVVT-FJ-M03|Antibody abundance|recall_dose_contrast	0.1530419570731849	no
HPVVT-FJ-M03	Heterologous 2vHPV recall	recall_dose_contrast	dose3_minus_dose2_change		HPV16	vaccine_target_2vHPV_and_4vHPV	IgA1	antibody_isotype_or_subclass	Antibody abundance	none	mixedlm_powell	0.37776220357045	0.7030799135077958	-1.000249105158366	1.755773512299266	0.5372962536871868	0.5910629927998232	1.2993248797808499	0.49991367418391225	3.377073343659799	HPVVT-FJ-M03|Antibody abundance|recall_dose_contrast	0.8555073470945799	no
HPVVT-FJ-M01	Primary 2vHPV induction	within_trajectory	dose0_v2_minus_v1	0	HPV16	vaccine_target_2vHPV_and_4vHPV	IgA2	antibody_isotype_or_subclass	Antibody abundance	high	mixedlm_powell	9.63914231602742	0.7168340182850658	8.234173457295565	11.044111174759276	13.446826001767946	3.213734361776535e-41	797.3903390975942	301.1155614543369	2111.5858304207827	HPVVT-FJ-M01|Antibody abundance|within_trajectory	4.499228106487149e-40	yes
HPVVT-FJ-M03	Heterologous 2vHPV recall	within_trajectory	dose1_v2_minus_v1	1	HPV16	vaccine_target_2vHPV_and_4vHPV	IgA2	antibody_isotype_or_subclass	Antibody abundance	high	mixedlm_powell	4.523405268357245	0.7168340182850628	3.118436409625396	5.928374127089095	6.3102547493197045	2.7857653663787645e-10	22.997502159986293	8.684461593538412	60.90016058014303	HPVVT-FJ-M03|Antibody abundance|within_trajectory	1.544714936063042e-09	yes
HPVVT-FJ-M03	Heterologous 2vHPV recall	within_trajectory	dose2_v2_minus_v1	2	HPV16	vaccine_target_2vHPV_and_4vHPV	IgA2	antibody_isotype_or_subclass	Antibody abundance	high	mixedlm_powell	1.743888340853819	0.6995583707363828	0.37277912912698974	3.1149975525806486	2.4928417896252646	0.012672529832860616	3.349366711671022	1.294844748097911	8.663785666759855	HPVVT-FJ-M03|Antibody abundance|within_trajectory	0.02047100973000561	yes
HPVVT-FJ-M03	Heterologous 2vHPV recall	within_trajectory	dose3_v2_minus_v1	3	HPV16	vaccine_target_2vHPV_and_4vHPV	IgA2	antibody_isotype_or_subclass	Antibody abundance	high	mixedlm_powell	2.200106510818814	0.7354561847986878	0.7586388764061514	3.641574145231476	2.9914854974277447	0.002776237246681951	4.595132655420072	1.6918936392487265	12.48024322042135	HPVVT-FJ-M03|Antibody abundance|within_trajectory	0.005182309527139641	yes
HPVVT-FJ-M04	Primary-versus-recall contrast	primary_minus_pooled_recall	dose0_minus_mean_dose1_2_3_change		HPV16	vaccine_target_2vHPV_and_4vHPV	IgA2	antibody_isotype_or_subclass	Antibody abundance	high	mixedlm_powell	6.816675609350794	0.8279014844461413	5.194018517089109	8.439332701612479	8.233679655630874	1.8154877444862778e-16	112.72593056067629	36.60626098335952	347.1301105170731	HPVVT-FJ-M04|Antibody abundance|primary_minus_pooled_recall	2.5416828422807888e-15	yes
HPVVT-FJ-M02	Six-year 4vHPV persistence	persistence_dose_contrast	dose2_minus_dose1_at_v1		HPV16	vaccine_target_2vHPV_and_4vHPV	IgA2	antibody_isotype_or_subclass	Antibody abundance	high	mixedlm_powell	3.497481901779487	0.9999345573719208	1.537646182433522	5.457317621125452	3.4977108011665763	0.00046926969212756264	11.293978632079886	2.9032044684225964	43.93557351170005	HPVVT-FJ-M02|Antibody abundance|persistence_dose_contrast	0.007506937804261398	yes
HPVVT-FJ-M02	Six-year 4vHPV persistence	persistence_dose_contrast	dose3_minus_dose1_at_v1		HPV16	vaccine_target_2vHPV_and_4vHPV	IgA2	antibody_isotype_or_subclass	Antibody abundance	high	mixedlm_powell	2.4267284993158738	1.0252854629154189	0.4172059181291754	4.436251080502572	2.3668808220643496	0.017938708300355904	5.3767280353023015	1.335338884710976	21.649339127769743	HPVVT-FJ-M02|Antibody abundance|persistence_dose_contrast	0.10561268972071054	no
HPVVT-FJ-M02	Six-year 4vHPV persistence	persistence_dose_contrast	dose3_minus_dose2_at_v1		HPV16	vaccine_target_2vHPV_and_4vHPV	IgA2	antibody_isotype_or_subclass	Antibody abundance	high	mixedlm_powell	-1.0707534024636134	1.01332286502482	-3.056829722623203	0.9153229176959763	-1.0566754579621438	0.29065972935228435	0.47607032122674814	0.12017179876258317	1.8859911650378571	HPVVT-FJ-M02|Antibody abundance|persistence_dose_contrast	0.517932204327335	no
HPVVT-FJ-M03	Heterologous 2vHPV recall	recall_dose_contrast	dose2_minus_dose1_change		HPV16	vaccine_target_2vHPV_and_4vHPV	IgA2	antibody_isotype_or_subclass	Antibody abundance	high	mixedlm_powell	-2.779516927503426	1.001615157552067	-4.7426465626748895	-0.8163872923319628	-2.7750348090743007	0.0055195799803467544	0.145640456444815	0.037352624829597315	0.5678621689966713	HPVVT-FJ-M03|Antibody abundance|recall_dose_contrast	0.1094150760972572	no
HPVVT-FJ-M03	Heterologous 2vHPV recall	recall_dose_contrast	dose3_minus_dose1_change		HPV16	vaccine_target_2vHPV_and_4vHPV	IgA2	antibody_isotype_or_subclass	Antibody abundance	high	mixedlm_powell	-2.3232987575384314	1.0270086706203367	-4.336198763764651	-0.3103987513122122	-2.2621997496234436	0.02368506478513576	0.19981007604448514	0.049507854389926914	0.8064188396139835	HPVVT-FJ-M03|Antibody abundance|recall_dose_contrast	0.1530419570731849	no
HPVVT-FJ-M03	Heterologous 2vHPV recall	recall_dose_contrast	dose3_minus_dose2_change		HPV16	vaccine_target_2vHPV_and_4vHPV	IgA2	antibody_isotype_or_subclass	Antibody abundance	high	mixedlm_powell	0.45621816996499476	1.0150259670698005	-1.533196168864753	2.4456325087947426	0.44946453072724385	0.6530965892997409	1.3719407431285806	0.3455110679520873	5.447644307930573	HPVVT-FJ-M03|Antibody abundance|recall_dose_contrast	0.8579230605720407	no
HPVVT-FJ-M01	Primary 2vHPV induction	within_trajectory	dose0_v2_minus_v1	0	HPV16	vaccine_target_2vHPV_and_4vHPV	IgG	antibody_isotype_or_subclass	Antibody abundance	none	mixedlm_powell	6.4545725871579345	0.3195846801813926	5.828198123991653	7.080947050324216	20.1967521831597	1.0455145455924746e-90	87.70411244850987	56.81492739159022	135.38715428367232	HPVVT-FJ-M01|Antibody abundance|within_trajectory	2.927440727658929e-89	yes
HPVVT-FJ-M03	Heterologous 2vHPV recall	within_trajectory	dose1_v2_minus_v1	1	HPV16	vaccine_target_2vHPV_and_4vHPV	IgG	antibody_isotype_or_subclass	Antibody abundance	none	mixedlm_powell	0.9236340941015202	0.3195846801813909	0.29725963093524244	1.550008557267798	2.8901075407534584	0.0038511005836954822	1.896887468067156	1.2288080998656092	2.928188760233389	HPVVT-FJ-M03|Antibody abundance|within_trajectory	0.006882818064477032	yes
HPVVT-FJ-M03	Heterologous 2vHPV recall	within_trajectory	dose2_v2_minus_v1	2	HPV16	vaccine_target_2vHPV_and_4vHPV	IgG	antibody_isotype_or_subclass	Antibody abundance	none	mixedlm_powell	0.006394895647124699	0.31188271270225304	-0.6048839886499441	0.6176737799441935	0.02050416835135634	0.9836411869129218	1.0044424424077754	0.6575242514350508	1.5343991007299829	HPVVT-FJ-M03|Antibody abundance|within_trajectory	0.9836411869129217	no
HPVVT-FJ-M03	Heterologous 2vHPV recall	within_trajectory	dose3_v2_minus_v1	3	HPV16	vaccine_target_2vHPV_and_4vHPV	IgG	antibody_isotype_or_subclass	Antibody abundance	none	mixedlm_powell	0.06156468997461406	0.3278869635241645	-0.5810819495329468	0.7042113294821749	0.18776193268835736	0.8510632782735141	1.0435969913029433	0.6684622759028304	1.6292537657201607	HPVVT-FJ-M03|Antibody abundance|within_trajectory	0.8718209192070145	no
HPVVT-FJ-M04	Primary-versus-recall contrast	primary_minus_pooled_recall	dose0_minus_mean_dose1_2_3_change		HPV16	vaccine_target_2vHPV_and_4vHPV	IgG	antibody_isotype_or_subclass	Antibody abundance	none	mixedlm_powell	6.124041360583515	0.3691016670238465	5.40061538658308	6.84746733458395	16.59174668584702	7.99606713828693e-62	69.74613470296319	42.24226788849411	115.15772114424941	HPVVT-FJ-M04|Antibody abundance|primary_minus_pooled_recall	2.2388987987203405e-60	yes
HPVVT-FJ-M02	Six-year 4vHPV persistence	persistence_dose_contrast	dose2_minus_dose1_at_v1		HPV16	vaccine_target_2vHPV_and_4vHPV	IgG	antibody_isotype_or_subclass	Antibody abundance	none	mixedlm_powell	0.9287392419747533	0.3414228042585413	0.2595628421273437	1.597915641822163	2.720202723399426	0.0065241905073296575	1.9036117200926954	1.1971159058818006	3.027056580795333	HPVVT-FJ-M02|Antibody abundance|persistence_dose_contrast	0.04982109114688102	yes
HPVVT-FJ-M02	Six-year 4vHPV persistence	persistence_dose_contrast	dose3_minus_dose1_at_v1		HPV16	vaccine_target_2vHPV_and_4vHPV	IgG	antibody_isotype_or_subclass	Antibody abundance	none	mixedlm_powell	0.8723970354965997	0.35007874798740196	0.18625529768841798	1.5585387733047815	2.492002272380139	0.012702522473170105	1.8307020835363996	1.1378065550242564	2.94555353356447	HPVVT-FJ-M02|Antibody abundance|persistence_dose_contrast	0.08207783751894529	no
HPVVT-FJ-M02	Six-year 4vHPV persistence	persistence_dose_contrast	dose3_minus_dose2_at_v1		HPV16	vaccine_target_2vHPV_and_4vHPV	IgG	antibody_isotype_or_subclass	Antibody abundance	none	mixedlm_powell	-0.05634220647815358	0.34599417696431406	-0.7344783321887871	0.62179391923248	-0.16284148760100298	0.8706432418376067	0.9616993130548988	0.6010353153815919	1.5387873974478112	HPVVT-FJ-M02|Antibody abundance|persistence_dose_contrast	0.9257472444855565	no
HPVVT-FJ-M03	Heterologous 2vHPV recall	recall_dose_contrast	dose2_minus_dose1_change		HPV16	vaccine_target_2vHPV_and_4vHPV	IgG	antibody_isotype_or_subclass	Antibody abundance	none	mixedlm_powell	-0.9172391984543955	0.4465480873200086	-1.7924573669668595	-0.042021029941931465	-2.054065899059773	0.039969314012557065	0.529521365561689	0.2886799135666467	0.9712933370460585	HPVVT-FJ-M03|Antibody abundance|recall_dose_contrast	0.1974954339443996	no
HPVVT-FJ-M03	Heterologous 2vHPV recall	recall_dose_contrast	dose3_minus_dose1_change		HPV16	vaccine_target_2vHPV_and_4vHPV	IgG	antibody_isotype_or_subclass	Antibody abundance	none	mixedlm_powell	-0.8620694041269061	0.45786922658739443	-1.7594765978674087	0.03533778961359635	-1.882785201687629	0.059729483321504004	0.5501628372115939	0.2953552992632832	1.0247967387200967	HPVVT-FJ-M03|Antibody abundance|recall_dose_contrast	0.2787375888336853	no
HPVVT-FJ-M03	Heterologous 2vHPV recall	recall_dose_contrast	dose3_minus_dose2_change		HPV16	vaccine_target_2vHPV_and_4vHPV	IgG	antibody_isotype_or_subclass	Antibody abundance	none	mixedlm_powell	0.05516979432748936	0.45252700177073735	-0.8317668311750491	0.9421064198300279	0.12191492245017437	0.9029663973808459	1.0389813763756433	0.5618407490563222	1.921331448935564	HPVVT-FJ-M03|Antibody abundance|recall_dose_contrast	0.9364095972838403	no
HPVVT-FJ-M01	Primary 2vHPV induction	within_trajectory	dose0_v2_minus_v1	0	HPV16	vaccine_target_2vHPV_and_4vHPV	IgG1	antibody_isotype_or_subclass	IgG subclass architecture	none	mixedlm_powell	6.354073737640918	0.32340242489616955	5.720216632331506	6.9879308429503295	19.647576049192995	6.064041192975623e-86	81.8025401508794	52.717740506042105	126.93365669511745	HPVVT-FJ-M01|IgG subclass architecture|within_trajectory	1.6979315340331744e-84	yes
HPVVT-FJ-M03	Heterologous 2vHPV recall	within_trajectory	dose1_v2_minus_v1	1	HPV16	vaccine_target_2vHPV_and_4vHPV	IgG1	antibody_isotype_or_subclass	IgG subclass architecture	none	mixedlm_powell	1.3353682467569552	0.3234024248961673	0.7015111414475477	1.9692253520663627	4.1291225543089025	3.6415027320755314e-05	2.5233988310033175	1.6262072610547558	3.915578175551209	HPVVT-FJ-M03|IgG subclass architecture|within_trajectory	6.797471766540991e-05	yes
HPVVT-FJ-M03	Heterologous 2vHPV recall	within_trajectory	dose2_v2_minus_v1	2	HPV16	vaccine_target_2vHPV_and_4vHPV	IgG1	antibody_isotype_or_subclass	IgG subclass architecture	none	mixedlm_powell	0.132391449666855	0.31560845004790217	-0.4861897456435419	0.7509726449772519	0.4194800539933611	0.6748653288919464	1.0961091358422586	0.713908089292237	1.6829270541926151	HPVVT-FJ-M03|IgG subclass architecture|within_trajectory	0.6962400934945973	no
HPVVT-FJ-M03	Heterologous 2vHPV recall	within_trajectory	dose3_v2_minus_v1	3	HPV16	vaccine_target_2vHPV_and_4vHPV	IgG1	antibody_isotype_or_subclass	IgG subclass architecture	none	mixedlm_powell	0.21287840867858154	0.3318038869553125	-0.4374452596842304	0.8632020770413935	0.6415790081062315	0.521146566436065	1.1589982666241132	0.7384410911790698	1.819071281492322	HPVVT-FJ-M03|IgG subclass architecture|within_trajectory	0.5685235270211619	no
HPVVT-FJ-M04	Primary-versus-recall contrast	primary_minus_pooled_recall	dose0_minus_mean_dose1_2_3_change		HPV16	vaccine_target_2vHPV_and_4vHPV	IgG1	antibody_isotype_or_subclass	IgG subclass architecture	none	mixedlm_powell	5.79386103594012	0.3735109395136785	5.061793046661592	6.525929025218648	15.511891146973865	2.8826201612534836e-54	55.47865996177216	33.40039007716252	92.15107081214717	HPVVT-FJ-M04|IgG subclass architecture|primary_minus_pooled_recall	8.0713364515097535e-53	yes
HPVVT-FJ-M02	Six-year 4vHPV persistence	persistence_dose_contrast	dose2_minus_dose1_at_v1		HPV16	vaccine_target_2vHPV_and_4vHPV	IgG1	antibody_isotype_or_subclass	IgG subclass architecture	none	mixedlm_powell	1.2446484036168801	0.37890652593097274	0.5020052592849815	1.9872915479487787	3.2848428792794766	0.0010203925706234766	2.3696079789876134	1.416180600832823	3.964919425375327	HPVVT-FJ-M02|IgG subclass architecture|persistence_dose_contrast	0.014285495988728672	yes
HPVVT-FJ-M02	Six-year 4vHPV persistence	persistence_dose_contrast	dose3_minus_dose1_at_v1		HPV16	vaccine_target_2vHPV_and_4vHPV	IgG1	antibody_isotype_or_subclass	IgG subclass architecture	none	mixedlm_powell	1.2325396626037115	0.3885127781380543	0.4710686099195246	1.9940107152878985	3.1724559189807144	0.0015115550432292057	2.349802758457061	1.3861358042277514	3.9834285982740427	HPVVT-FJ-M02|IgG subclass architecture|persistence_dose_contrast	0.01534297438006679	yes
HPVVT-FJ-M02	Six-year 4vHPV persistence	persistence_dose_contrast	dose3_minus_dose2_at_v1		HPV16	vaccine_target_2vHPV_and_4vHPV	IgG1	antibody_isotype_or_subclass	IgG subclass architecture	none	mixedlm_powell	-0.012108741013168611	0.383979775078585	-0.7646952709589858	0.7404777889326486	-0.03153484063240166	0.9748430071469971	0.991641984367805	0.588577676079082	1.6707290560384653	HPVVT-FJ-M02|IgG subclass architecture|persistence_dose_contrast	0.9941305115325851	no
HPVVT-FJ-M03	Heterologous 2vHPV recall	recall_dose_contrast	dose2_minus_dose1_change		HPV16	vaccine_target_2vHPV_and_4vHPV	IgG1	antibody_isotype_or_subclass	IgG subclass architecture	none	mixedlm_powell	-1.2029767970901002	0.4518825313843856	-2.0886502838462864	-0.3173033103339138	-2.6621449459545716	0.007764443556049413	0.4343780786354884	0.23510053321030353	0.8025686399880495	HPVVT-FJ-M03|IgG subclass architecture|recall_dose_contrast	0.0724681398564612	no
HPVVT-FJ-M03	Heterologous 2vHPV recall	recall_dose_contrast	dose3_minus_dose1_change		HPV16	vaccine_target_2vHPV_and_4vHPV	IgG1	antibody_isotype_or_subclass	IgG subclass architecture	none	mixedlm_powell	-1.1224898380783737	0.4633389124899558	-2.030617419194643	-0.21436225696210454	-2.4226107668060513	0.0154094272412135	0.45930046902783456	0.24475030805743397	0.861927090198738	HPVVT-FJ-M03|IgG subclass architecture|recall_dose_contrast	0.11215777761785466	no
HPVVT-FJ-M03	Heterologous 2vHPV recall	recall_dose_contrast	dose3_minus_dose2_change		HPV16	vaccine_target_2vHPV_and_4vHPV	IgG1	antibody_isotype_or_subclass	IgG subclass architecture	none	mixedlm_powell	0.08048695901172653	0.45793286968757	-0.8170449729129845	0.9780188909364376	0.17576148020699997	0.8604813328060132	1.0573748805893586	0.5676033569841672	1.9697586780349983	HPVVT-FJ-M03|IgG subclass architecture|recall_dose_contrast	0.9149421766544951	no
HPVVT-FJ-M01	Primary 2vHPV induction	within_trajectory	dose0_v2_minus_v1	0	HPV16	vaccine_target_2vHPV_and_4vHPV	IgG2	antibody_isotype_or_subclass	IgG subclass architecture	moderate	mixedlm_powell	1.2912135836911323	0.6782268202077477	-0.03808655726517585	2.6205137246474406	1.9038079079438652	0.05693520625269405	2.4473383714915524	0.9739458330358529	6.149690158748736	HPVVT-FJ-M01|IgG subclass architecture|within_trajectory	0.17713175278615925	no
HPVVT-FJ-M03	Heterologous 2vHPV recall	within_trajectory	dose1_v2_minus_v1	1	HPV16	vaccine_target_2vHPV_and_4vHPV	IgG2	antibody_isotype_or_subclass	IgG subclass architecture	moderate	mixedlm_powell	2.4912579195209124	0.6782268202077428	1.1619577785646138	3.820558060477211	3.6731928689547146	0.0002395385450734104	5.6226799122643785	2.2376087159973768	14.128712124581492	HPVVT-FJ-M03|IgG subclass architecture|within_trajectory	0.0003869468805032014	yes
HPVVT-FJ-M03	Heterologous 2vHPV recall	within_trajectory	dose2_v2_minus_v1	2	HPV16	vaccine_target_2vHPV_and_4vHPV	IgG2	antibody_isotype_or_subclass	IgG subclass architecture	moderate	mixedlm_powell	0.42467407945579005	0.6618816033163879	-0.872590025073957	1.7219381839855372	0.6416163817334418	0.5211222937873986	1.3422692352663885	0.5461654562789101	3.298792846068516	HPVVT-FJ-M03|IgG subclass architecture|within_trajectory	0.5685235270211619	no
HPVVT-FJ-M03	Heterologous 2vHPV recall	within_trajectory	dose3_v2_minus_v1	3	HPV16	vaccine_target_2vHPV_and_4vHPV	IgG2	antibody_isotype_or_subclass	IgG subclass architecture	moderate	mixedlm_powell	0.6422621513234869	0.695846035336694	-0.7215710167214192	2.006095319368393	0.9229946262648749	0.3560100056507678	1.5607745420666788	0.6064367057992931	4.016935564533056	HPVVT-FJ-M03|IgG subclass architecture|within_trajectory	0.40736978472858526	no
HPVVT-FJ-M04	Primary-versus-recall contrast	primary_minus_pooled_recall	dose0_minus_mean_dose1_2_3_change		HPV16	vaccine_target_2vHPV_and_4vHPV	IgG2	antibody_isotype_or_subclass	IgG subclass architecture	moderate	mixedlm_powell	0.10514886692440248	0.7833124222878114	-1.4301152694025379	1.6404130032513429	0.13423617950203753	0.8932158176918343	1.0756053728883466	0.3711012409803249	3.117550658494342	HPVVT-FJ-M04|IgG subclass architecture|primary_minus_pooled_recall	0.8932158176918344	no
HPVVT-FJ-M02	Six-year 4vHPV persistence	persistence_dose_contrast	dose2_minus_dose1_at_v1		HPV16	vaccine_target_2vHPV_and_4vHPV	IgG2	antibody_isotype_or_subclass	IgG subclass architecture	moderate	mixedlm_powell	2.5793916350648987	0.8657906989805726	0.8824730469132172	4.27631022321658	2.9792323226641377	0.0028897158816343018	5.976876095462501	1.843532751351461	19.377495644882433	HPVVT-FJ-M02|IgG subclass architecture|persistence_dose_contrast	0.018672010312098565	yes
HPVVT-FJ-M02	Six-year 4vHPV persistence	persistence_dose_contrast	dose3_minus_dose1_at_v1		HPV16	vaccine_target_2vHPV_and_4vHPV	IgG2	antibody_isotype_or_subclass	IgG subclass architecture	moderate	mixedlm_powell	1.7005343407977778	0.8877407136775163	-0.039405485620038316	3.440474167215594	1.9155754767101059	0.05541915350956807	3.2502131661304534	0.9730558474631091	10.856402181672568	HPVVT-FJ-M02|IgG subclass architecture|persistence_dose_contrast	0.17241514425198953	no
HPVVT-FJ-M02	Six-year 4vHPV persistence	persistence_dose_contrast	dose3_minus_dose2_at_v1		HPV16	vaccine_target_2vHPV_and_4vHPV	IgG2	antibody_isotype_or_subclass	IgG subclass architecture	moderate	mixedlm_powell	-0.8788572942671209	0.8773829298475964	-2.598496237418643	0.8407816488844009	-1.0016804115618942	0.3164979703291715	0.543797983130006	0.1651104986124854	1.7910202497196062	HPVVT-FJ-M02|IgG subclass architecture|persistence_dose_contrast	0.5525096976845805	no
HPVVT-FJ-M03	Heterologous 2vHPV recall	recall_dose_contrast	dose2_minus_dose1_change		HPV16	vaccine_target_2vHPV_and_4vHPV	IgG2	antibody_isotype_or_subclass	IgG subclass architecture	moderate	mixedlm_powell	-2.0665838400651224	0.9476702361358503	-3.9239833721119575	-0.20918430801828736	-2.1806993205692216	0.029205663338927212	0.2387241059798879	0.065881473273072	0.8650261741974459	HPVVT-FJ-M03|IgG subclass architecture|recall_dose_contrast	0.12464406090989522	no
HPVVT-FJ-M03	Heterologous 2vHPV recall	recall_dose_contrast	dose3_minus_dose1_change		HPV16	vaccine_target_2vHPV_and_4vHPV	IgG2	antibody_isotype_or_subclass	IgG subclass architecture	moderate	mixedlm_powell	-1.8489957681974256	0.9716961070946522	-3.753485142020719	0.055493605625867914	-1.9028539423975652	0.057059606229922545	0.2775855226370373	0.07414611218999947	1.039214600763246	HPVVT-FJ-M03|IgG subclass architecture|recall_dose_contrast	0.18349087842695586	no
HPVVT-FJ-M03	Heterologous 2vHPV recall	recall_dose_contrast	dose3_minus_dose2_change		HPV16	vaccine_target_2vHPV_and_4vHPV	IgG2	antibody_isotype_or_subclass	IgG subclass architecture	moderate	mixedlm_powell	0.2175880718676968	0.9603587671815507	-1.6646805240454294	2.099856667780823	0.22656956889795637	0.82075845744186	1.1627879869845377	0.3154141910099027	4.286667947140983	HPVVT-FJ-M03|IgG subclass architecture|recall_dose_contrast	0.8976668578804576	no
HPVVT-FJ-M01	Primary 2vHPV induction	within_trajectory	dose0_v2_minus_v1	0	HPV16	vaccine_target_2vHPV_and_4vHPV	IgG3	antibody_isotype_or_subclass	IgG subclass architecture	none	mixedlm_lbfgs	6.048283248858066	0.6174016608536814	4.838198229589638	7.258368268126494	9.796350791306754	1.1672664960322504e-22	66.17815881068437	28.60505532526103	153.10401094398847	HPVVT-FJ-M01|IgG subclass architecture|within_trajectory	1.0894487296301004e-21	yes
HPVVT-FJ-M03	Heterologous 2vHPV recall	within_trajectory	dose1_v2_minus_v1	1	HPV16	vaccine_target_2vHPV_and_4vHPV	IgG3	antibody_isotype_or_subclass	IgG subclass architecture	none	mixedlm_lbfgs	3.9071839675740114	0.6174016608536789	2.697098948305588	5.117268986842435	6.328431255224619	2.4766614975414015e-10	15.003050559416092	6.484965719996722	34.709748024467466	HPVVT-FJ-M03|IgG subclass architecture|within_trajectory	9.906645990165606e-10	yes
HPVVT-FJ-M03	Heterologous 2vHPV recall	within_trajectory	dose2_v2_minus_v1	2	HPV16	vaccine_target_2vHPV_and_4vHPV	IgG3	antibody_isotype_or_subclass	IgG subclass architecture	none	mixedlm_lbfgs	2.3231360731236643	0.6025223258656509	1.1422140145456823	3.5040581317016466	3.8556846334050565	0.00011540618854979913	5.00418828673895	2.2071948789873193	11.34557743293821	HPVVT-FJ-M03|IgG subclass architecture|within_trajectory	0.0001900807811408456	yes
HPVVT-FJ-M03	Heterologous 2vHPV recall	within_trajectory	dose3_v2_minus_v1	3	HPV16	vaccine_target_2vHPV_and_4vHPV	IgG3	antibody_isotype_or_subclass	IgG subclass architecture	none	mixedlm_lbfgs	3.4573693003651598	0.6334407385772948	2.2158482664132104	4.69889033431711	5.458078538065608	4.8131476519264425e-08	10.984286842523993	4.645546312677782	25.972092261695302	HPVVT-FJ-M03|IgG subclass architecture|within_trajectory	1.4439442955779328e-07	yes
HPVVT-FJ-M04	Primary-versus-recall contrast	primary_minus_pooled_recall	dose0_minus_mean_dose1_2_3_change		HPV16	vaccine_target_2vHPV_and_4vHPV	IgG3	antibody_isotype_or_subclass	IgG subclass architecture	none	mixedlm_lbfgs	2.8190534685037876	0.713062910634643	1.4214758449485843	4.216631092058991	3.9534428540039515	7.703466861654763e-05	7.0569924597578995	2.678593850448498	18.592270929294212	HPVVT-FJ-M04|IgG subclass architecture|primary_minus_pooled_recall	0.0001797475601052778	yes
HPVVT-FJ-M02	Six-year 4vHPV persistence	persistence_dose_contrast	dose2_minus_dose1_at_v1		HPV16	vaccine_target_2vHPV_and_4vHPV	IgG3	antibody_isotype_or_subclass	IgG subclass architecture	none	mixedlm_lbfgs	1.356777204027023	0.7556963603256179	-0.12436044545919156	2.8379148535132375	1.795399945346314	0.07259000117650377	2.561124176685806	0.9174106461913956	7.149859308517438	HPVVT-FJ-M02|IgG subclass architecture|persistence_dose_contrast	0.1905487530883224	no
HPVVT-FJ-M02	Six-year 4vHPV persistence	persistence_dose_contrast	dose3_minus_dose1_at_v1		HPV16	vaccine_target_2vHPV_and_4vHPV	IgG3	antibody_isotype_or_subclass	IgG subclass architecture	none	mixedlm_lbfgs	-0.048562052298546377	0.7748552011806944	-1.5672503398462454	1.4701262352491526	-0.06267242218229857	0.950027358119842	0.9668995666932344	0.3374509359177527	2.7704613398951348	HPVVT-FJ-M02|IgG subclass architecture|persistence_dose_contrast	0.9941305115325851	no
HPVVT-FJ-M02	Six-year 4vHPV persistence	persistence_dose_contrast	dose3_minus_dose2_at_v1		HPV16	vaccine_target_2vHPV_and_4vHPV	IgG3	antibody_isotype_or_subclass	IgG subclass architecture	none	mixedlm_lbfgs	-1.4053392563255693	0.7658145178486531	-2.9063081301468356	0.09562961749569698	-1.8350909046141963	0.06649222136254741	0.3775293581994294	0.13338717544055972	1.0685316323081369	HPVVT-FJ-M02|IgG subclass architecture|persistence_dose_contrast	0.18500383243759475	no
HPVVT-FJ-M03	Heterologous 2vHPV recall	recall_dose_contrast	dose2_minus_dose1_change		HPV16	vaccine_target_2vHPV_and_4vHPV	IgG3	antibody_isotype_or_subclass	IgG subclass architecture	none	mixedlm_lbfgs	-1.584047894450347	0.8626806848373475	-3.274870966889897	0.106775177989203	-1.8361926055513906	0.06632917591003323	0.3335447192503302	0.10331552978716628	1.0768185573743358	HPVVT-FJ-M03|IgG subclass architecture|recall_dose_contrast	0.18349087842695586	no
HPVVT-FJ-M03	Heterologous 2vHPV recall	recall_dose_contrast	dose3_minus_dose1_change		HPV16	vaccine_target_2vHPV_and_4vHPV	IgG3	antibody_isotype_or_subclass	IgG subclass architecture	none	mixedlm_lbfgs	-0.44981466720885166	0.8845518526995633	-2.183504440958175	1.2838751065404714	-0.5085226669709215	0.6110868469438364	0.732136894361802	0.22014035759496078	2.434921238167437	HPVVT-FJ-M03|IgG subclass architecture|recall_dose_contrast	0.7852034959610089	no
HPVVT-FJ-M03	Heterologous 2vHPV recall	recall_dose_contrast	dose3_minus_dose2_change		HPV16	vaccine_target_2vHPV_and_4vHPV	IgG3	antibody_isotype_or_subclass	IgG subclass architecture	none	mixedlm_lbfgs	1.1342332272414954	0.8742312751531498	-0.5792285862172044	2.847695040700195	1.2974063722929587	0.19449140112893515	2.1950186949664237	0.6693215701727389	7.198493647842009	HPVVT-FJ-M03|IgG subclass architecture|recall_dose_contrast	0.37993669057745477	no
HPVVT-FJ-M01	Primary 2vHPV induction	within_trajectory	dose0_v2_minus_v1	0	HPV16	vaccine_target_2vHPV_and_4vHPV	IgG4	antibody_isotype_or_subclass	IgG subclass architecture	moderate	mixedlm_lbfgs	0.8193723152599542	0.5079705902010955	-0.17623174673974773	1.814976377259656	1.6130310121607256	0.10673777035887876	1.7646380705006433	0.8850115896786981	3.5185386905393474	HPVVT-FJ-M01|IgG subclass architecture|within_trajectory	0.27169614273169135	no
HPVVT-FJ-M03	Heterologous 2vHPV recall	within_trajectory	dose1_v2_minus_v1	1	HPV16	vaccine_target_2vHPV_and_4vHPV	IgG4	antibody_isotype_or_subclass	IgG subclass architecture	moderate	mixedlm_lbfgs	2.4882892950453344	0.5079705902010959	1.4926852330456315	3.483893357045037	4.898490863536544	9.657552848816185e-07	5.611122054657357	2.8141226988629096	11.18810161510871	HPVVT-FJ-M03|IgG subclass architecture|within_trajectory	2.3701620711934114e-06	yes
HPVVT-FJ-M03	Heterologous 2vHPV recall	within_trajectory	dose2_v2_minus_v1	2	HPV16	vaccine_target_2vHPV_and_4vHPV	IgG4	antibody_isotype_or_subclass	IgG subclass architecture	moderate	mixedlm_lbfgs	0.40734939949656174	0.4957285360329589	-0.5642606772368042	1.3789594762299275	0.821718682479636	0.41123702374582205	1.32624691888315	0.6763019050543709	2.6008072381603604	HPVVT-FJ-M03|IgG subclass architecture|within_trajectory	0.46058546659532074	no
HPVVT-FJ-M03	Heterologous 2vHPV recall	within_trajectory	dose3_v2_minus_v1	3	HPV16	vaccine_target_2vHPV_and_4vHPV	IgG4	antibody_isotype_or_subclass	IgG subclass architecture	moderate	mixedlm_lbfgs	0.27783558739510716	0.5211668290422435	-0.7436326274646335	1.299303802254848	0.5331029756933878	0.5939622993166663	1.2123746463873204	0.5972336556870659	2.461100892768412	HPVVT-FJ-M03|IgG subclass architecture|within_trajectory	0.6315548499063287	no
HPVVT-FJ-M04	Primary-versus-recall contrast	primary_minus_pooled_recall	dose0_minus_mean_dose1_2_3_change		HPV16	vaccine_target_2vHPV_and_4vHPV	IgG4	antibody_isotype_or_subclass	IgG subclass architecture	moderate	mixedlm_lbfgs	-0.23845244538571353	0.58667640619035	-1.3883170720981912	0.9114121813267642	-0.40644628430540036	0.6844147176143005	0.8476540890916394	0.382010163675898	1.8808857016782823	HPVVT-FJ-M04|IgG subclass architecture|primary_minus_pooled_recall	0.7097634108592745	no
HPVVT-FJ-M02	Six-year 4vHPV persistence	persistence_dose_contrast	dose2_minus_dose1_at_v1		HPV16	vaccine_target_2vHPV_and_4vHPV	IgG4	antibody_isotype_or_subclass	IgG subclass architecture	moderate	mixedlm_lbfgs	3.272975311526973	0.7224169411897957	1.857064124973383	4.688886498080563	4.530590473330395	5.88190587995443e-06	9.66637732744932	3.6226969502880633	25.792621331242277	HPVVT-FJ-M02|IgG subclass architecture|persistence_dose_contrast	0.0004940800939161722	yes
HPVVT-FJ-M02	Six-year 4vHPV persistence	persistence_dose_contrast	dose3_minus_dose1_at_v1		HPV16	vaccine_target_2vHPV_and_4vHPV	IgG4	antibody_isotype_or_subclass	IgG subclass architecture	moderate	mixedlm_lbfgs	1.8515432206218438	0.7407320634186534	0.39973505412724397	3.303351387116444	2.499612629263724	0.012432917130241744	3.6088601084816188	1.319265610033065	9.872061534495348	HPVVT-FJ-M02|IgG subclass architecture|persistence_dose_contrast	0.054966580996858236	no
HPVVT-FJ-M02	Six-year 4vHPV persistence	persistence_dose_contrast	dose3_minus_dose2_at_v1		HPV16	vaccine_target_2vHPV_and_4vHPV	IgG4	antibody_isotype_or_subclass	IgG subclass architecture	moderate	mixedlm_lbfgs	-1.421432090905129	0.7320895144507258	-2.8563011726879672	0.013436990877708999	-1.941609684126681	0.052184369639978835	0.3733415307753038	0.13809172997558727	1.009357320864097	HPVVT-FJ-M02|IgG subclass architecture|persistence_dose_contrast	0.16859565575993163	no
HPVVT-FJ-M03	Heterologous 2vHPV recall	recall_dose_contrast	dose2_minus_dose1_change		HPV16	vaccine_target_2vHPV_and_4vHPV	IgG4	antibody_isotype_or_subclass	IgG subclass architecture	moderate	mixedlm_lbfgs	-2.080939895548773	0.709775247487985	-3.472073817743227	-0.6898059733543187	-2.9318293402222353	0.0033697186411517357	0.23636037604677218	0.09011594342541983	0.619937219113803	HPVVT-FJ-M03|IgG subclass architecture|recall_dose_contrast	0.042563490235324596	yes
HPVVT-FJ-M03	Heterologous 2vHPV recall	recall_dose_contrast	dose3_minus_dose1_change		HPV16	vaccine_target_2vHPV_and_4vHPV	IgG4	antibody_isotype_or_subclass	IgG subclass architecture	moderate	mixedlm_lbfgs	-2.2104537076502275	0.727769870359578	-3.6368564425883845	-0.7840509727120706	-3.0372976371748974	0.0023870962425959702	0.21606634726133286	0.08038909154675229	0.5807338473492294	HPVVT-FJ-M03|IgG subclass architecture|recall_dose_contrast	0.0401032168756123	yes
HPVVT-FJ-M03	Heterologous 2vHPV recall	recall_dose_contrast	dose3_minus_dose2_change		HPV16	vaccine_target_2vHPV_and_4vHPV	IgG4	antibody_isotype_or_subclass	IgG subclass architecture	moderate	mixedlm_lbfgs	-0.12951381210145457	0.7192785587874337	-1.5392738821767007	1.2802462579737917	-0.1800607157257546	0.8571049027909334	0.9141394631161721	0.3440585778904178	2.428804313352935	HPVVT-FJ-M03|IgG subclass architecture|recall_dose_contrast	0.9149421766544951	no
HPVVT-FJ-M01	Primary 2vHPV induction	within_trajectory	dose0_v2_minus_v1	0	HPV16	vaccine_target_2vHPV_and_4vHPV	IgM	antibody_isotype_or_subclass	Antibody abundance	none	mixedlm_powell	3.971182214883761	0.37861324937078933	3.229113882047332	4.7132505477201905	10.488756591279884	9.73003865290456e-26	15.683571382626267	9.376918426180417	26.231902650146925	HPVVT-FJ-M01|Antibody abundance|within_trajectory	6.8110270570331915e-25	yes
HPVVT-FJ-M03	Heterologous 2vHPV recall	within_trajectory	dose1_v2_minus_v1	1	HPV16	vaccine_target_2vHPV_and_4vHPV	IgM	antibody_isotype_or_subclass	Antibody abundance	none	mixedlm_powell	1.4636213018952215	0.3786132493707902	0.7215529690587904	2.2056896347316526	3.8657424279989794	0.00011075177477981467	2.7579977920703023	1.6489560754304602	4.612949935054497	HPVVT-FJ-M03|Antibody abundance|within_trajectory	0.0002658042594715552	yes
HPVVT-FJ-M03	Heterologous 2vHPV recall	within_trajectory	dose2_v2_minus_v1	2	HPV16	vaccine_target_2vHPV_and_4vHPV	IgM	antibody_isotype_or_subclass	Antibody abundance	none	mixedlm_powell	0.2461409948139588	0.36948869768023535	-0.4780435453339107	0.9703255349618283	0.6661665061998061	0.5053046788891142	1.1860304046857042	0.7179505848485332	1.9592826449688057	HPVVT-FJ-M03|Antibody abundance|within_trajectory	0.5895221253706332	no
HPVVT-FJ-M03	Heterologous 2vHPV recall	within_trajectory	dose3_v2_minus_v1	3	HPV16	vaccine_target_2vHPV_and_4vHPV	IgM	antibody_isotype_or_subclass	Antibody abundance	none	mixedlm_powell	0.7324888793225237	0.3884489976670489	-0.028857165935575524	1.4938349245806228	1.8856758125821234	0.05933865422378885	1.6615029785428315	0.980196454916576	2.8163661823707096	HPVVT-FJ-M03|Antibody abundance|within_trajectory	0.08448215177624176	no
HPVVT-FJ-M04	Primary-versus-recall contrast	primary_minus_pooled_recall	dose0_minus_mean_dose1_2_3_change		HPV16	vaccine_target_2vHPV_and_4vHPV	IgM	antibody_isotype_or_subclass	Antibody abundance	none	mixedlm_powell	3.1570984895398597	0.43727622181624987	2.300052843484262	4.0141441355954575	7.219918056432807	5.201891037349977e-13	8.920338700459883	4.9247580356505765	16.157634944680186	HPVVT-FJ-M04|Antibody abundance|primary_minus_pooled_recall	4.855098301526644e-12	yes
HPVVT-FJ-M02	Six-year 4vHPV persistence	persistence_dose_contrast	dose2_minus_dose1_at_v1		HPV16	vaccine_target_2vHPV_and_4vHPV	IgM	antibody_isotype_or_subclass	Antibody abundance	none	mixedlm_powell	0.8074902841204539	0.4577463373854168	-0.0896760512100836	1.7046566194509913	1.7640562428805562	0.07772251050408117	1.7501642029095004	0.9397337372762595	3.2595134298614363	HPVVT-FJ-M02|Antibody abundance|persistence_dose_contrast	0.24180336601269697	no
HPVVT-FJ-M02	Six-year 4vHPV persistence	persistence_dose_contrast	dose3_minus_dose1_at_v1		HPV16	vaccine_target_2vHPV_and_4vHPV	IgM	antibody_isotype_or_subclass	Antibody abundance	none	mixedlm_powell	0.9559819815276083	0.4693513810119106	0.03607017865012696	1.8758937844050896	2.0368151031462474	0.04166857422132735	1.9398995922467355	1.025317112337997	3.6702893014415072	HPVVT-FJ-M02|Antibody abundance|persistence_dose_contrast	0.18421895971534197	no
HPVVT-FJ-M02	Six-year 4vHPV persistence	persistence_dose_contrast	dose3_minus_dose2_at_v1		HPV16	vaccine_target_2vHPV_and_4vHPV	IgM	antibody_isotype_or_subclass	Antibody abundance	none	mixedlm_powell	0.1484916974071544	0.4638751872653638	-0.7606869629547318	1.0576703577690405	0.3201113176208937	0.7488839465036574	1.108410050338029	0.5902152231142708	2.081567522450178	HPVVT-FJ-M02|Antibody abundance|persistence_dose_contrast	0.8974702430673018	no
HPVVT-FJ-M03	Heterologous 2vHPV recall	recall_dose_contrast	dose2_minus_dose1_change		HPV16	vaccine_target_2vHPV_and_4vHPV	IgM	antibody_isotype_or_subclass	Antibody abundance	none	mixedlm_powell	-1.2174803070812628	0.5290273058288623	-2.2543547733440894	-0.18060584081843611	-2.301356269642368	0.021371501584960245	0.4300331233388717	0.2095904993428507	0.8823323945904484	HPVVT-FJ-M03|Antibody abundance|recall_dose_contrast	0.1530419570731849	no
HPVVT-FJ-M03	Heterologous 2vHPV recall	recall_dose_contrast	dose3_minus_dose1_change		HPV16	vaccine_target_2vHPV_and_4vHPV	IgM	antibody_isotype_or_subclass	Antibody abundance	none	mixedlm_powell	-0.7311324225726978	0.5424395048184112	-1.794294315808525	0.33202947066312927	-1.3478598370475507	0.17770346793064895	0.6024308588353211	0.2883125782960798	1.2587828870385336	HPVVT-FJ-M03|Antibody abundance|recall_dose_contrast	0.5004486248367814	no
HPVVT-FJ-M03	Heterologous 2vHPV recall	recall_dose_contrast	dose3_minus_dose2_change		HPV16	vaccine_target_2vHPV_and_4vHPV	IgM	antibody_isotype_or_subclass	Antibody abundance	none	mixedlm_powell	0.4863478845085649	0.5361105497021779	-0.5644094846396743	1.5371052536568042	0.9071783511418358	0.3643124900264657	1.4008940849902805	0.6762321511998411	2.90211613552931	HPVVT-FJ-M03|Antibody abundance|recall_dose_contrast	0.7643000620353781	no
HPVVT-FJ-M01	Primary 2vHPV induction	within_trajectory	dose0_v2_minus_v1	0	HPV16	vaccine_target_2vHPV_and_4vHPV	nAb	neutralizing_antibody	Neutralization	moderate	mixedlm_powell	5.100000000000003	0.4824887229617435	4.154339480048262	6.045660519951745	10.57019523418868	4.096409556925897e-26	34.29675080116146	17.8065914990201	66.05796036718758	HPVVT-FJ-M01|Neutralization|within_trajectory	8.192819113851794e-26	yes
HPVVT-FJ-M03	Heterologous 2vHPV recall	within_trajectory	dose1_v2_minus_v1	1	HPV16	vaccine_target_2vHPV_and_4vHPV	nAb	neutralizing_antibody	Neutralization	moderate	mixedlm_powell	5.75	0.48248872296174367	4.804339480048259	6.695660519951741	11.917376979722519	9.60862240808054e-33	53.81737057623773	27.94153705574921	103.65605048717812	HPVVT-FJ-M03|Neutralization|within_trajectory	1.441293361212081e-32	yes
HPVVT-FJ-M03	Heterologous 2vHPV recall	within_trajectory	dose2_v2_minus_v1	2	HPV16	vaccine_target_2vHPV_and_4vHPV	nAb	neutralizing_antibody	Neutralization	moderate	mixedlm_powell	3.476190476190473	0.47086077993521036	2.5533203057850207	4.399060646595926	7.3826290579325615	1.5519397296461514e-13	11.128524953966613	5.86983644753299	21.09838472639345	HPVVT-FJ-M03|Neutralization|within_trajectory	1.5519397296461514e-13	yes
HPVVT-FJ-M03	Heterologous 2vHPV recall	within_trajectory	dose3_v2_minus_v1	3	HPV16	vaccine_target_2vHPV_and_4vHPV	nAb	neutralizing_antibody	Neutralization	moderate	mixedlm_powell	3.7368421052631566	0.4950229848839602	2.766614883371079	4.707069327155234	7.548825447244881	4.39201034645591e-14	13.332192102376702	6.805093024988655	26.11975260323087	HPVVT-FJ-M03|Neutralization|within_trajectory	5.270412415747092e-14	yes
HPVVT-FJ-M04	Primary-versus-recall contrast	primary_minus_pooled_recall	dose0_minus_mean_dose1_2_3_change		HPV16	vaccine_target_2vHPV_and_4vHPV	nAb	neutralizing_antibody	Neutralization	moderate	mixedlm_powell	0.77898913951546	0.5572463356638566	-0.3131936089026168	1.8711718879335368	1.3979259972834772	0.16213529090668488	1.715928143448858	0.804858118844319	3.6582961947475514	HPVVT-FJ-M04|Neutralization|primary_minus_pooled_recall	0.16213529090668488	no
HPVVT-FJ-M02	Six-year 4vHPV persistence	persistence_dose_contrast	dose2_minus_dose1_at_v1		HPV16	vaccine_target_2vHPV_and_4vHPV	nAb	neutralizing_antibody	Neutralization	moderate	mixedlm_powell	2.0809523809523807	0.5567172240812902	0.989806672179937	3.172098089724824	3.737898327802637	0.00018556495415365953	4.2308642039978395	1.9859188507149097	9.013566645095485	HPVVT-FJ-M02|Neutralization|persistence_dose_contrast	0.001113389724921957	yes
HPVVT-FJ-M02	Six-year 4vHPV persistence	persistence_dose_contrast	dose3_minus_dose1_at_v1		HPV16	vaccine_target_2vHPV_and_4vHPV	nAb	neutralizing_antibody	Neutralization	moderate	mixedlm_powell	1.805263157894741	0.5708314335143719	0.6864541069632015	2.9240722088262805	3.162515327476775	0.0015641250139045723	3.494929025580758	1.6093232175112628	7.589854394032803	HPVVT-FJ-M02|Neutralization|persistence_dose_contrast	0.004692375041713717	yes
HPVVT-FJ-M02	Six-year 4vHPV persistence	persistence_dose_contrast	dose3_minus_dose2_at_v1		HPV16	vaccine_target_2vHPV_and_4vHPV	nAb	neutralizing_antibody	Neutralization	moderate	mixedlm_powell	-0.27568922305763977	0.5641712133616067	-1.3814444823606513	0.8300660362453718	-0.48866233605743403	0.6250807729362834	0.8260555898433989	0.3838342930488029	1.7777667338982803	HPVVT-FJ-M02|Neutralization|persistence_dose_contrast	0.7102251400345434	no
HPVVT-FJ-M03	Heterologous 2vHPV recall	recall_dose_contrast	dose2_minus_dose1_change		HPV16	vaccine_target_2vHPV_and_4vHPV	nAb	neutralizing_antibody	Neutralization	moderate	mixedlm_powell	-2.2738095238095264	0.6741700392827086	-3.595158520259589	-0.9524605273594642	-3.3727537435937878	0.0007442047930852235	0.20678314148035046	0.08274646439484881	0.5167503882273973	HPVVT-FJ-M03|Neutralization|recall_dose_contrast	0.004465228758511341	yes
HPVVT-FJ-M03	Heterologous 2vHPV recall	recall_dose_contrast	dose3_minus_dose1_change		HPV16	vaccine_target_2vHPV_and_4vHPV	nAb	neutralizing_antibody	Neutralization	moderate	mixedlm_powell	-2.013157894736843	0.6912619788102624	-3.368006477086847	-0.6583093123868387	-2.9122936837951197	0.0035878512959574044	0.24773027666764788	0.0968565565241953	0.6336203988678736	HPVVT-FJ-M03|Neutralization|recall_dose_contrast	0.010763553887872214	yes
HPVVT-FJ-M03	Heterologous 2vHPV recall	recall_dose_contrast	dose3_minus_dose2_change		HPV16	vaccine_target_2vHPV_and_4vHPV	nAb	neutralizing_antibody	Neutralization	moderate	mixedlm_powell	0.2606516290726837	0.6831966259025436	-1.0783891520555864	1.5996924102009538	0.38151773470536	0.7028191141588603	1.1980196978059183	0.47355728089492494	3.0307868852077555	HPVVT-FJ-M03|Neutralization|recall_dose_contrast	0.8433829369906324	no
HPVVT-FJ-M01	Primary 2vHPV induction	within_trajectory	dose0_v2_minus_v1	0	HPV18	vaccine_target_2vHPV_and_4vHPV	ADCP	antibody_dependent_cellular_phagocytosis	Phagocytic function	none	mixedlm_powell	0.6181995887552567	0.08928274574077714	0.4432086226624866	0.7931905548480268	6.924065603337657	4.388625127070326e-12	1.5349584341901246	1.3596248378871378	1.7329025838868783	HPVVT-FJ-M01|Phagocytic function|within_trajectory	4.388625127070326e-12	yes
HPVVT-FJ-M03	Heterologous 2vHPV recall	within_trajectory	dose1_v2_minus_v1	1	HPV18	vaccine_target_2vHPV_and_4vHPV	ADCP	antibody_dependent_cellular_phagocytosis	Phagocytic function	none	mixedlm_powell	0.9053317994925942	0.08928274574077719	0.730340833399824	1.0803227655853644	10.14005328780017	3.6689938436379155e-24	1.8729752031942435	1.6590309876066516	2.114509094758546	HPVVT-FJ-M03|Phagocytic function|within_trajectory	2.2013963061827493e-23	yes
HPVVT-FJ-M03	Heterologous 2vHPV recall	within_trajectory	dose2_v2_minus_v1	2	HPV18	vaccine_target_2vHPV_and_4vHPV	ADCP	antibody_dependent_cellular_phagocytosis	Phagocytic function	none	mixedlm_powell	0.5662965464144842	0.0871310380814698	0.3955228498392155	0.737070242989753	6.499366458654862	8.065896397922745e-11	1.4807176286905792	1.3154193974628363	1.6667875661131082	HPVVT-FJ-M03|Phagocytic function|within_trajectory	9.679075677507294e-11	yes
HPVVT-FJ-M03	Heterologous 2vHPV recall	within_trajectory	dose3_v2_minus_v1	3	HPV18	vaccine_target_2vHPV_and_4vHPV	ADCP	antibody_dependent_cellular_phagocytosis	Phagocytic function	none	mixedlm_powell	0.6044473078441176	0.09160216434476039	0.42491036482246813	0.7839842508657671	6.598613822804197	4.150197883837016e-11	1.5203961824267203	1.3424890908443623	1.7218795797318955	HPVVT-FJ-M03|Phagocytic function|within_trajectory	6.225296825755525e-11	yes
HPVVT-FJ-M04	Primary-versus-recall contrast	primary_minus_pooled_recall	dose0_minus_mean_dose1_2_3_change		HPV18	vaccine_target_2vHPV_and_4vHPV	ADCP	antibody_dependent_cellular_phagocytosis	Phagocytic function	none	mixedlm_powell	-0.07382562916180863	0.10311636424713028	-0.2759299893028977	0.12827873097928041	-0.715944842516722	0.4740254078632071	0.9501152112824912	0.8259177438660344	1.092988885896603	HPVVT-FJ-M04|Phagocytic function|primary_minus_pooled_recall	0.49871203372874073	no
HPVVT-FJ-M02	Six-year 4vHPV persistence	persistence_dose_contrast	dose2_minus_dose1_at_v1		HPV18	vaccine_target_2vHPV_and_4vHPV	ADCP	antibody_dependent_cellular_phagocytosis	Phagocytic function	none	mixedlm_powell	0.4022023452273055	0.11979065752173915	0.16741697080032467	0.6369877196542864	3.35754351422869	0.000786383646163624	1.3215237430047504	1.1230459603127088	1.5550788347424342	HPVVT-FJ-M02|Phagocytic function|persistence_dose_contrast	0.002359150938490872	yes
HPVVT-FJ-M02	Six-year 4vHPV persistence	persistence_dose_contrast	dose3_minus_dose1_at_v1		HPV18	vaccine_target_2vHPV_and_4vHPV	ADCP	antibody_dependent_cellular_phagocytosis	Phagocytic function	none	mixedlm_powell	0.29252993422216533	0.12282765791485349	0.051792148403646376	0.5332677200406843	2.3816291801717226	0.017236244192091965	1.224786201204301	1.0365517524386703	1.4472034176115283	HPVVT-FJ-M02|Phagocytic function|persistence_dose_contrast	0.03447248838418393	yes
HPVVT-FJ-M02	Six-year 4vHPV persistence	persistence_dose_contrast	dose3_minus_dose2_at_v1		HPV18	vaccine_target_2vHPV_and_4vHPV	ADCP	antibody_dependent_cellular_phagocytosis	Phagocytic function	none	mixedlm_powell	-0.10967241100514019	0.12139455666195818	-0.34760136998178515	0.12825654797150474	-0.90343763362092	0.3662936741441116	0.9267984837105558	0.785889635264203	1.0929720801310976	HPVVT-FJ-M02|Phagocytic function|persistence_dose_contrast	0.3662936741441116	no
HPVVT-FJ-M03	Heterologous 2vHPV recall	recall_dose_contrast	dose2_minus_dose1_change		HPV18	vaccine_target_2vHPV_and_4vHPV	ADCP	antibody_dependent_cellular_phagocytosis	Phagocytic function	none	mixedlm_powell	-0.3390352530781099	0.12475266123080024	-0.5835459760660047	-0.09452453009021514	-2.7176594850419535	0.006574546150275041	0.790569798342929	0.6673215615022069	0.9365808661195377	HPVVT-FJ-M03|Phagocytic function|recall_dose_contrast	0.028070756966965794	yes
HPVVT-FJ-M03	Heterologous 2vHPV recall	recall_dose_contrast	dose3_minus_dose1_change		HPV18	vaccine_target_2vHPV_and_4vHPV	ADCP	antibody_dependent_cellular_phagocytosis	Phagocytic function	none	mixedlm_powell	-0.3008844916484766	0.12791546114390065	-0.5515941885563546	-0.050174794740598605	-2.352213633580944	0.018662053258784818	0.8117545709274627	0.6822658029914496	0.9658193046352747	HPVVT-FJ-M03|Phagocytic function|recall_dose_contrast	0.037324106517569636	yes
HPVVT-FJ-M03	Heterologous 2vHPV recall	recall_dose_contrast	dose3_minus_dose2_change		HPV18	vaccine_target_2vHPV_and_4vHPV	ADCP	antibody_dependent_cellular_phagocytosis	Phagocytic function	none	mixedlm_powell	0.03815076142963331	0.12642299755107467	-0.20963376058806849	0.2859352834473351	0.30177073925351655	0.7628268382672942	1.0267968402397083	0.8647567287004599	1.21920040184093	HPVVT-FJ-M03|Phagocytic function|recall_dose_contrast	0.7628268382672942	no
HPVVT-FJ-M01	Primary 2vHPV induction	within_trajectory	dose0_v2_minus_v1	0	HPV18	vaccine_target_2vHPV_and_4vHPV	FcgR2A	fc_gamma_receptor_binding	Fc-receptor engagement	low	mixedlm_powell	-0.18342677287726583	0.8620669468849305	-1.8730469410341333	1.5061933952796016	-0.2127755547757358	0.8315020316033699	0.8806088370426912	0.27299625380038556	2.8405954773456523	HPVVT-FJ-M01|Fc-receptor engagement|within_trajectory	0.8730771331835383	no
HPVVT-FJ-M03	Heterologous 2vHPV recall	within_trajectory	dose1_v2_minus_v1	1	HPV18	vaccine_target_2vHPV_and_4vHPV	FcgR2A	fc_gamma_receptor_binding	Fc-receptor engagement	low	mixedlm_powell	0.8734429211837522	0.8620669468849308	-0.8161772469731159	2.5630630893406203	1.0131961610869415	0.31096647378459996	1.8320297371675567	0.5679448514021685	5.909610677128169	HPVVT-FJ-M03|Fc-receptor engagement|within_trajectory	0.3377739284212034	no
HPVVT-FJ-M03	Heterologous 2vHPV recall	within_trajectory	dose2_v2_minus_v1	2	HPV18	vaccine_target_2vHPV_and_4vHPV	FcgR2A	fc_gamma_receptor_binding	Fc-receptor engagement	low	mixedlm_powell	1.0063717069827935	0.8412911963515232	-0.6425287383768068	2.655272152342394	1.196222795801483	0.23160962734264046	2.008852595952288	0.6405891472853275	6.299652077100803	HPVVT-FJ-M03|Fc-receptor engagement|within_trajectory	0.2702112318997472	no
HPVVT-FJ-M03	Heterologous 2vHPV recall	within_trajectory	dose3_v2_minus_v1	3	HPV18	vaccine_target_2vHPV_and_4vHPV	FcgR2A	fc_gamma_receptor_binding	Fc-receptor engagement	low	mixedlm_powell	0.9214509603575751	0.8844620255520812	-0.812062755417849	2.654964676132999	1.0418208286358088	0.29749475551477345	1.8940192060760046	0.569566912628615	6.298309598830008	HPVVT-FJ-M03|Fc-receptor engagement|within_trajectory	0.32880999293738117	no
HPVVT-FJ-M04	Primary-versus-recall contrast	primary_minus_pooled_recall	dose0_minus_mean_dose1_2_3_change		HPV18	vaccine_target_2vHPV_and_4vHPV	FcgR2A	fc_gamma_receptor_binding	Fc-receptor engagement	low	mixedlm_powell	-1.1171819690519729	0.9956370468095801	-3.06859472247257	0.8342307843686241	-1.1220775408386734	0.2618294722162158	0.4609934095748378	0.11919579758127773	1.7829061760883274	HPVVT-FJ-M04|Fc-receptor engagement|primary_minus_pooled_recall	0.2749209458270266	no
HPVVT-FJ-M02	Six-year 4vHPV persistence	persistence_dose_contrast	dose2_minus_dose1_at_v1		HPV18	vaccine_target_2vHPV_and_4vHPV	FcgR2A	fc_gamma_receptor_binding	Fc-receptor engagement	low	mixedlm_powell	1.118191831085459	0.8517424194321096	-0.5511926351064844	2.7875762972774023	1.3128286270290517	0.18924070138428817	2.17074736272146	0.6824557283117485	6.904688344281356	HPVVT-FJ-M02|Fc-receptor engagement|persistence_dose_contrast	0.45545155773161317	no
HPVVT-FJ-M02	Six-year 4vHPV persistence	persistence_dose_contrast	dose3_minus_dose1_at_v1		HPV18	vaccine_target_2vHPV_and_4vHPV	FcgR2A	fc_gamma_receptor_binding	Fc-receptor engagement	low	mixedlm_powell	1.0779679451411597	0.8733362742131308	-0.6337396987089734	2.789675588991293	1.2343102845606642	0.2170873050465043	2.111060529660306	0.6445035906702256	6.914742794924099	HPVVT-FJ-M02|Fc-receptor engagement|persistence_dose_contrast	0.45588334059765906	no
HPVVT-FJ-M02	Six-year 4vHPV persistence	persistence_dose_contrast	dose3_minus_dose2_at_v1		HPV18	vaccine_target_2vHPV_and_4vHPV	FcgR2A	fc_gamma_receptor_binding	Fc-receptor engagement	low	mixedlm_powell	-0.040223885944299376	0.8631465553011135	-1.731960047714292	1.6515122758256933	-0.04660145568242122	0.9628308718258524	0.972504016779583	0.30104268191147643	3.1416278138610636	HPVVT-FJ-M02|Fc-receptor engagement|persistence_dose_contrast	0.9628308718258524	no
HPVVT-FJ-M03	Heterologous 2vHPV recall	recall_dose_contrast	dose2_minus_dose1_change		HPV18	vaccine_target_2vHPV_and_4vHPV	FcgR2A	fc_gamma_receptor_binding	Fc-receptor engagement	low	mixedlm_powell	0.13292878579904133	1.2045456811470803	-2.2279373669825038	2.493794938580586	0.11035595235579126	0.912127084625328	1.0965174610419324	0.21346369568807833	5.632576249062828	HPVVT-FJ-M03|Fc-receptor engagement|recall_dose_contrast	0.992909625305679	no
HPVVT-FJ-M03	Heterologous 2vHPV recall	recall_dose_contrast	dose3_minus_dose1_change		HPV18	vaccine_target_2vHPV_and_4vHPV	FcgR2A	fc_gamma_receptor_binding	Fc-receptor engagement	low	mixedlm_powell	0.0480080391738229	1.2350840034407362	-2.3727121254515646	2.46872820379921	0.03887026229801421	0.9689938258920048	1.0338364971107337	0.1930823069631048	5.535555896182797	HPVVT-FJ-M03|Fc-receptor engagement|recall_dose_contrast	0.992909625305679	no
HPVVT-FJ-M03	Heterologous 2vHPV recall	recall_dose_contrast	dose3_minus_dose2_change		HPV18	vaccine_target_2vHPV_and_4vHPV	FcgR2A	fc_gamma_receptor_binding	Fc-receptor engagement	low	mixedlm_powell	-0.08492074662521842	1.220673564759337	-2.4773969704336403	2.3075554771832034	-0.069568760295027	0.9445369023486366	0.9428363285053043	0.17956810550061408	4.950435601417659	HPVVT-FJ-M03|Fc-receptor engagement|recall_dose_contrast	0.992909625305679	no
HPVVT-FJ-M01	Primary 2vHPV induction	within_trajectory	dose0_v2_minus_v1	0	HPV18	vaccine_target_2vHPV_and_4vHPV	FcgR2B	fc_gamma_receptor_binding	Fc-receptor engagement	none	mixedlm_powell	2.7687396933893935	0.4504655975712306	1.8858433458754678	3.6516360409033193	6.146395436893673	7.926353252397717e-10	6.815122991610878	3.695688973959852	12.567589350198324	HPVVT-FJ-M01|Fc-receptor engagement|within_trajectory	5.548447276678401e-09	yes
HPVVT-FJ-M03	Heterologous 2vHPV recall	within_trajectory	dose1_v2_minus_v1	1	HPV18	vaccine_target_2vHPV_and_4vHPV	FcgR2B	fc_gamma_receptor_binding	Fc-receptor engagement	none	mixedlm_powell	1.7108867972895287	0.4504655975712296	0.8279904497756051	2.5937831448034525	3.7980409747472352	0.00014584421812599294	3.273619847973248	1.7752109231166244	6.036796399511765	HPVVT-FJ-M03|Fc-receptor engagement|within_trajectory	0.00026251959262678734	yes
HPVVT-FJ-M03	Heterologous 2vHPV recall	within_trajectory	dose2_v2_minus_v1	2	HPV18	vaccine_target_2vHPV_and_4vHPV	FcgR2B	fc_gamma_receptor_binding	Fc-receptor engagement	none	mixedlm_powell	1.8169470483435024	0.4396094095305676	0.9553284383986708	2.678565658288334	4.1330940806833745	3.579121328981588e-05	3.5233481756598604	1.9390210136856045	6.402190734039401	HPVVT-FJ-M03|Fc-receptor engagement|within_trajectory	7.273698184704517e-05	yes
HPVVT-FJ-M03	Heterologous 2vHPV recall	within_trajectory	dose3_v2_minus_v1	3	HPV18	vaccine_target_2vHPV_and_4vHPV	FcgR2B	fc_gamma_receptor_binding	Fc-receptor engagement	none	mixedlm_powell	0.7107798963519216	0.46216795146718437	-0.19505264333241534	1.6166124360362586	1.5379255400455643	0.12406682176894147	1.636688644001563	0.8735410201924295	3.0665414164678633	HPVVT-FJ-M03|Fc-receptor engagement|within_trajectory	0.14747565606496815	no
HPVVT-FJ-M04	Primary-versus-recall contrast	primary_minus_pooled_recall	dose0_minus_mean_dose1_2_3_change		HPV18	vaccine_target_2vHPV_and_4vHPV	FcgR2B	fc_gamma_receptor_binding	Fc-receptor engagement	none	mixedlm_powell	1.3558684460610757	0.5202614934672803	0.3361746563221857	2.3755622357999657	2.6061287700246596	0.009157202792794878	2.559511424819393	1.2624048527960658	5.1893801891454645	HPVVT-FJ-M04|Fc-receptor engagement|primary_minus_pooled_recall	0.012018828665543277	yes
HPVVT-FJ-M02	Six-year 4vHPV persistence	persistence_dose_contrast	dose2_minus_dose1_at_v1		HPV18	vaccine_target_2vHPV_and_4vHPV	FcgR2B	fc_gamma_receptor_binding	Fc-receptor engagement	none	mixedlm_powell	-0.07266184965237654	0.5497999618434165	-1.150249973566969	1.0049262742622158	-0.13216052145356585	0.8948573264705693	0.9508819503928286	0.45054715892355646	2.0068409392329114	HPVVT-FJ-M02|Fc-receptor engagement|persistence_dose_contrast	0.9396001927940977	no
HPVVT-FJ-M02	Six-year 4vHPV persistence	persistence_dose_contrast	dose3_minus_dose1_at_v1		HPV18	vaccine_target_2vHPV_and_4vHPV	FcgR2B	fc_gamma_receptor_binding	Fc-receptor engagement	none	mixedlm_powell	0.8579869261123796	0.5637388009381904	-0.24692082041426833	1.9628946726390275	1.521958262735318	0.12801953895951756	1.8125074512850987	0.8426930778480428	3.8984338987965432	HPVVT-FJ-M02|Fc-receptor engagement|persistence_dose_contrast	0.42448583970787407	no
HPVVT-FJ-M02	Six-year 4vHPV persistence	persistence_dose_contrast	dose3_minus_dose2_at_v1		HPV18	vaccine_target_2vHPV_and_4vHPV	FcgR2B	fc_gamma_receptor_binding	Fc-receptor engagement	none	mixedlm_powell	0.9306487757647561	0.5571613346277097	-0.16136737368382414	2.0226649252133364	1.6703398422049647	0.09485214458341233	1.9061329858415286	0.8941771759068908	4.0633367274535255	HPVVT-FJ-M02|Fc-receptor engagement|persistence_dose_contrast	0.3401716385760909	no
HPVVT-FJ-M03	Heterologous 2vHPV recall	recall_dose_contrast	dose2_minus_dose1_change		HPV18	vaccine_target_2vHPV_and_4vHPV	FcgR2B	fc_gamma_receptor_binding	Fc-receptor engagement	none	mixedlm_powell	0.10606025105397365	0.6294248863391241	-1.1275898571439267	1.339710359251874	0.1685034280592936	0.8661872470304782	1.0762850725753093	0.4576796790357921	2.5310050030817486	HPVVT-FJ-M03|Fc-receptor engagement|recall_dose_contrast	0.992909625305679	no
HPVVT-FJ-M03	Heterologous 2vHPV recall	recall_dose_contrast	dose3_minus_dose1_change		HPV18	vaccine_target_2vHPV_and_4vHPV	FcgR2B	fc_gamma_receptor_binding	Fc-receptor engagement	none	mixedlm_powell	-1.0001069009376071	0.6453824214824716	-2.2650332032985006	0.2648194014232865	-1.5496345540994405	0.1212292544438205	0.4999629523308468	0.2080448955167919	1.2014856364654303	HPVVT-FJ-M03|Fc-receptor engagement|recall_dose_contrast	0.5091628686640461	no
HPVVT-FJ-M03	Heterologous 2vHPV recall	recall_dose_contrast	dose3_minus_dose2_change		HPV18	vaccine_target_2vHPV_and_4vHPV	FcgR2B	fc_gamma_receptor_binding	Fc-receptor engagement	none	mixedlm_powell	-1.1061671519915808	0.6378523718786252	-2.3563348283271353	0.1440005243439737	-1.7342055948364015	0.08288161062229146	0.4645265135328388	0.195286641622312	1.1049648863966162	HPVVT-FJ-M03|Fc-receptor engagement|recall_dose_contrast	0.5091628686640461	no
HPVVT-FJ-M01	Primary 2vHPV induction	within_trajectory	dose0_v2_minus_v1	0	HPV18	vaccine_target_2vHPV_and_4vHPV	FcgR3A	fc_gamma_receptor_binding	Fc-receptor engagement	low	mixedlm_lbfgs	3.8067782894436615	0.6831645237312282	2.4678004274149954	5.145756151472328	5.57227162302317	2.514389864745162e-08	13.994405440334784	5.531997204375852	35.401931055489	HPVVT-FJ-M01|Fc-receptor engagement|within_trajectory	1.32005467899121e-07	yes
HPVVT-FJ-M03	Heterologous 2vHPV recall	within_trajectory	dose1_v2_minus_v1	1	HPV18	vaccine_target_2vHPV_and_4vHPV	FcgR3A	fc_gamma_receptor_binding	Fc-receptor engagement	low	mixedlm_lbfgs	2.1475669673991566	0.6831645237312305	0.8085891053704859	3.486544829427827	3.1435575074505024	0.0016690761644107403	4.430799263848148	1.7514977142303005	11.208682693111365	HPVVT-FJ-M03|Fc-receptor engagement|within_trajectory	0.0023367066301750363	yes
HPVVT-FJ-M03	Heterologous 2vHPV recall	within_trajectory	dose2_v2_minus_v1	2	HPV18	vaccine_target_2vHPV_and_4vHPV	FcgR3A	fc_gamma_receptor_binding	Fc-receptor engagement	low	mixedlm_lbfgs	2.6156143502166205	0.6667003085451577	1.3089057569863698	3.922322943446871	3.9232235484100673	8.737201027336926e-05	6.128841308645353	2.4775355470577893	15.161314569700307	HPVVT-FJ-M03|Fc-receptor engagement|within_trajectory	0.00017201364522569573	yes
HPVVT-FJ-M03	Heterologous 2vHPV recall	within_trajectory	dose3_v2_minus_v1	3	HPV18	vaccine_target_2vHPV_and_4vHPV	FcgR3A	fc_gamma_receptor_binding	Fc-receptor engagement	low	mixedlm_lbfgs	1.4704491605187555	0.7009120122608069	0.0966868601560773	2.844211460881434	2.097908346264162	0.035913242589745	2.7710815347972577	1.0693149657429926	7.181132892083671	HPVVT-FJ-M03|Fc-receptor engagement|within_trajectory	0.043510274676037214	yes
HPVVT-FJ-M04	Primary-versus-recall contrast	primary_minus_pooled_recall	dose0_minus_mean_dose1_2_3_change		HPV18	vaccine_target_2vHPV_and_4vHPV	FcgR3A	fc_gamma_receptor_binding	Fc-receptor engagement	low	mixedlm_lbfgs	1.7289014633988171	0.7890151818842738	0.1824601236503205	3.2753428031473137	2.191214444403933	0.028436277816633868	3.314753211358412	1.1348173583970125	9.682253069984263	HPVVT-FJ-M04|Fc-receptor engagement|primary_minus_pooled_recall	0.03512716671466537	yes
HPVVT-FJ-M02	Six-year 4vHPV persistence	persistence_dose_contrast	dose2_minus_dose1_at_v1		HPV18	vaccine_target_2vHPV_and_4vHPV	FcgR3A	fc_gamma_receptor_binding	Fc-receptor engagement	low	mixedlm_lbfgs	0.400718964241781	0.7689622028250058	-1.1064192587678146	1.9078571872513765	0.5211165942482264	0.6022855516783738	1.320165648827806	0.46444534596329856	3.752513305371058	HPVVT-FJ-M02|Fc-receptor engagement|persistence_dose_contrast	0.7904997865778657	no
HPVVT-FJ-M02	Six-year 4vHPV persistence	persistence_dose_contrast	dose3_minus_dose1_at_v1		HPV18	vaccine_target_2vHPV_and_4vHPV	FcgR3A	fc_gamma_receptor_binding	Fc-receptor engagement	low	mixedlm_lbfgs	0.7889038374315689	0.7884573668101088	-0.756444204861531	2.3342518797246687	1.0005662584183421	0.3170365495309805	1.7277612073618627	0.5919535157635735	5.042893926922456	HPVVT-FJ-M02|Fc-receptor engagement|persistence_dose_contrast	0.5474670052269192	no
HPVVT-FJ-M02	Six-year 4vHPV persistence	persistence_dose_contrast	dose3_minus_dose2_at_v1		HPV18	vaccine_target_2vHPV_and_4vHPV	FcgR3A	fc_gamma_receptor_binding	Fc-receptor engagement	low	mixedlm_lbfgs	0.3881848731897879	0.7792579791525391	-1.139132700614653	1.9155024469942288	0.4981468057753452	0.6183805723058933	1.3087457690600923	0.4540324445559022	3.772451745619258	HPVVT-FJ-M02|Fc-receptor engagement|persistence_dose_contrast	0.7950607358218628	no
HPVVT-FJ-M03	Heterologous 2vHPV recall	recall_dose_contrast	dose2_minus_dose1_change		HPV18	vaccine_target_2vHPV_and_4vHPV	FcgR3A	fc_gamma_receptor_binding	Fc-receptor engagement	low	mixedlm_lbfgs	0.4680473828174636	0.9545695720580704	-1.4028745991541662	2.3389693647890937	0.49032296494465505	0.6239053789358782	1.3832360582551995	0.3781748693220296	5.059410733155042	HPVVT-FJ-M03|Fc-receptor engagement|recall_dose_contrast	0.8362986994246877	no
HPVVT-FJ-M03	Heterologous 2vHPV recall	recall_dose_contrast	dose3_minus_dose1_change		HPV18	vaccine_target_2vHPV_and_4vHPV	FcgR3A	fc_gamma_receptor_binding	Fc-receptor engagement	low	mixedlm_lbfgs	-0.6771178068804014	0.9787703588771028	-2.5954724594148666	1.241236845654064	-0.6918045696206276	0.4890600665557824	0.6254134682668007	0.16545692044671664	2.3640111591190345	HPVVT-FJ-M03|Fc-receptor engagement|recall_dose_contrast	0.8362986994246877	no
HPVVT-FJ-M03	Heterologous 2vHPV recall	recall_dose_contrast	dose3_minus_dose2_change		HPV18	vaccine_target_2vHPV_and_4vHPV	FcgR3A	fc_gamma_receptor_binding	Fc-receptor engagement	low	mixedlm_lbfgs	-1.145165189697865	0.9673504795810577	-3.0411372901042872	0.7508069107085571	-1.183816221597177	0.2364858194557996	0.4521379156755725	0.12148606206071955	1.6827337335971613	HPVVT-FJ-M03|Fc-receptor engagement|recall_dose_contrast	0.7094574583673988	no
HPVVT-FJ-M01	Primary 2vHPV induction	within_trajectory	dose0_v2_minus_v1	0	HPV18	vaccine_target_2vHPV_and_4vHPV	IgA1	antibody_isotype_or_subclass	Antibody abundance	none	mixedlm_lbfgs	3.8036306462243283	0.4108576036587911	2.998364540278666	4.608896752169991	9.257783262015923	2.0872030606218555e-20	13.963906009735567	7.990936224025548	24.401480074696394	HPVVT-FJ-M01|Antibody abundance|within_trajectory	9.740280949568659e-20	yes
HPVVT-FJ-M03	Heterologous 2vHPV recall	within_trajectory	dose1_v2_minus_v1	1	HPV18	vaccine_target_2vHPV_and_4vHPV	IgA1	antibody_isotype_or_subclass	Antibody abundance	none	mixedlm_lbfgs	2.3867239275244465	0.4108576036587894	1.5814578215787873	3.1919900334701055	5.8091268270809024	6.279950429056865e-09	5.229684551926206	2.992721069382607	9.13870684189682	HPVVT-FJ-M03|Antibody abundance|within_trajectory	2.7763991370567194e-08	yes
HPVVT-FJ-M03	Heterologous 2vHPV recall	within_trajectory	dose2_v2_minus_v1	2	HPV18	vaccine_target_2vHPV_and_4vHPV	IgA1	antibody_isotype_or_subclass	Antibody abundance	none	mixedlm_lbfgs	1.8801186087905943	0.40095596538207223	1.0942593572552441	2.6659778603259445	4.6890900026865125	2.74422677336693e-06	3.6810532217720944	2.135034462598885	6.34657334993305	HPVVT-FJ-M03|Antibody abundance|within_trajectory	8.537594406030449e-06	yes
HPVVT-FJ-M03	Heterologous 2vHPV recall	within_trajectory	dose3_v2_minus_v1	3	HPV18	vaccine_target_2vHPV_and_4vHPV	IgA1	antibody_isotype_or_subclass	Antibody abundance	none	mixedlm_lbfgs	1.6779006065487536	0.4215310071435002	0.8517150141805969	2.5040861989169105	3.980491537073457	6.877291332762884e-05	3.1996200701828634	1.8046449353549618	5.672899080008406	HPVVT-FJ-M03|Antibody abundance|within_trajectory	0.0001863524103071233	yes
HPVVT-FJ-M04	Primary-versus-recall contrast	primary_minus_pooled_recall	dose0_minus_mean_dose1_2_3_change		HPV18	vaccine_target_2vHPV_and_4vHPV	IgA1	antibody_isotype_or_subclass	Antibody abundance	none	mixedlm_lbfgs	1.8220495986030634	0.4745165704870736	0.8920142103809372	2.7520849868251895	3.839801836072442	0.00012313365937845783	3.535831680988807	1.855765231927557	6.736900477060007	HPVVT-FJ-M04|Antibody abundance|primary_minus_pooled_recall	0.0003134311329633472	yes
HPVVT-FJ-M02	Six-year 4vHPV persistence	persistence_dose_contrast	dose2_minus_dose1_at_v1		HPV18	vaccine_target_2vHPV_and_4vHPV	IgA1	antibody_isotype_or_subclass	Antibody abundance	none	mixedlm_lbfgs	0.968378260693137	0.5905265094285047	-0.18903242970288492	2.125788951089159	1.6398556969615248	0.10103517430256655	1.9566398917118537	0.8771938304595795	4.3644169998692055	HPVVT-FJ-M02|Antibody abundance|persistence_dose_contrast	0.2571804436792603	no
HPVVT-FJ-M02	Six-year 4vHPV persistence	persistence_dose_contrast	dose3_minus_dose1_at_v1		HPV18	vaccine_target_2vHPV_and_4vHPV	IgA1	antibody_isotype_or_subclass	Antibody abundance	none	mixedlm_lbfgs	0.7455493357828116	0.6054978709552025	-0.4412046840050665	1.9323033555706897	1.2312996817093198	0.21821080090006073	1.676612552490605	0.7365193409733676	3.81664064307404	HPVVT-FJ-M02|Antibody abundance|persistence_dose_contrast	0.4507020413369922	no
HPVVT-FJ-M02	Six-year 4vHPV persistence	persistence_dose_contrast	dose3_minus_dose2_at_v1		HPV18	vaccine_target_2vHPV_and_4vHPV	IgA1	antibody_isotype_or_subclass	Antibody abundance	none	mixedlm_lbfgs	-0.22282892491032547	0.5984331774470606	-1.3957363998604315	0.9500785500397806	-0.37235389565284865	0.7096293758202733	0.8568835581818511	0.3800506482145705	1.931977844878834	HPVVT-FJ-M02|Antibody abundance|persistence_dose_contrast	0.8974702430673018	no
HPVVT-FJ-M03	Heterologous 2vHPV recall	recall_dose_contrast	dose2_minus_dose1_change		HPV18	vaccine_target_2vHPV_and_4vHPV	IgA1	antibody_isotype_or_subclass	Antibody abundance	none	mixedlm_lbfgs	-0.5066053187338524	0.5740815766593738	-1.6317845331741951	0.6185738957064904	-0.8824622481038826	0.37752688635271414	0.7038767224337235	0.3226888126603274	1.5353567305277473	HPVVT-FJ-M03|Antibody abundance|recall_dose_contrast	0.7643000620353781	no
HPVVT-FJ-M03	Heterologous 2vHPV recall	recall_dose_contrast	dose3_minus_dose1_change		HPV18	vaccine_target_2vHPV_and_4vHPV	IgA1	antibody_isotype_or_subclass	Antibody abundance	none	mixedlm_lbfgs	-0.7088233209756931	0.5886360169643516	-1.8625287142289306	0.4448820722775444	-1.2041793239753797	0.2285202756434478	0.6118189421203949	0.27499385501101387	1.3612028455047733	HPVVT-FJ-M03|Antibody abundance|recall_dose_contrast	0.5816879743651399	no
HPVVT-FJ-M03	Heterologous 2vHPV recall	recall_dose_contrast	dose3_minus_dose2_change		HPV18	vaccine_target_2vHPV_and_4vHPV	IgA1	antibody_isotype_or_subclass	Antibody abundance	none	mixedlm_lbfgs	-0.20221800224184072	0.5817680604492508	-1.3424624480780933	0.9380264435944119	-0.34759213506098063	0.728146513716291	0.8692132054104166	0.3943469943724506	1.9159055533367928	HPVVT-FJ-M03|Antibody abundance|recall_dose_contrast	0.8993949883212394	no
HPVVT-FJ-M01	Primary 2vHPV induction	within_trajectory	dose0_v2_minus_v1	0	HPV18	vaccine_target_2vHPV_and_4vHPV	IgA2	antibody_isotype_or_subclass	Antibody abundance	high	mixedlm_powell	5.806649541396872	0.8899184925927813	4.062441346738846	7.5508577360548985	6.524922888700935	6.80365276991003e-11	55.972626465944494	16.707701247712443	187.51442026922166	HPVVT-FJ-M01|Antibody abundance|within_trajectory	2.721461107964012e-10	yes
HPVVT-FJ-M03	Heterologous 2vHPV recall	within_trajectory	dose1_v2_minus_v1	1	HPV18	vaccine_target_2vHPV_and_4vHPV	IgA2	antibody_isotype_or_subclass	Antibody abundance	high	mixedlm_powell	4.752425889451455	0.8899184925927768	3.008217694793438	6.4966340841094725	5.340293441487283	9.279625433540967e-08	26.953970262918844	8.045698603523212	90.29874827975432	HPVVT-FJ-M03|Antibody abundance|within_trajectory	3.3890805931193096e-07	yes
HPVVT-FJ-M03	Heterologous 2vHPV recall	within_trajectory	dose2_v2_minus_v1	2	HPV18	vaccine_target_2vHPV_and_4vHPV	IgA2	antibody_isotype_or_subclass	Antibody abundance	high	mixedlm_powell	3.4047834197197795	0.8684715218395394	1.7026105153155913	5.106956324123968	3.9204318553911714	8.839042839580434e-05	10.591121203403619	3.2548938972645574	34.462520710569386	HPVVT-FJ-M03|Antibody abundance|within_trajectory	0.0002249938177347747	yes
HPVVT-FJ-M03	Heterologous 2vHPV recall	within_trajectory	dose3_v2_minus_v1	3	HPV18	vaccine_target_2vHPV_and_4vHPV	IgA2	antibody_isotype_or_subclass	Antibody abundance	high	mixedlm_powell	3.5007515923380725	0.9130371085204414	1.7112317430894184	5.290271441586727	3.8341832546225545	0.0001259821957275709	11.31960407062175	3.274402658195197	39.13185081100007	HPVVT-FJ-M03|Antibody abundance|within_trajectory	0.00029363331074332545	yes
HPVVT-FJ-M04	Primary-versus-recall contrast	primary_minus_pooled_recall	dose0_minus_mean_dose1_2_3_change		HPV18	vaccine_target_2vHPV_and_4vHPV	IgA2	antibody_isotype_or_subclass	Antibody abundance	high	mixedlm_powell	1.920662574227103	1.0278039577645213	-0.09379616615908559	3.9351213146132915	1.8687051744814778	0.06166384371838953	3.7859689373050838	0.9370538309061911	15.296411285547505	HPVVT-FJ-M04|Antibody abundance|primary_minus_pooled_recall	0.12402568821223792	no
HPVVT-FJ-M02	Six-year 4vHPV persistence	persistence_dose_contrast	dose2_minus_dose1_at_v1		HPV18	vaccine_target_2vHPV_and_4vHPV	IgA2	antibody_isotype_or_subclass	Antibody abundance	high	mixedlm_powell	2.179548411473569	1.2072548541071335	-0.18662762273757005	4.545724445684709	1.8053755626317431	0.07101593254435033	4.530117314076792	0.8786572311664848	23.356050745811142	HPVVT-FJ-M02|Antibody abundance|persistence_dose_contrast	0.2386135333490171	no
HPVVT-FJ-M02	Six-year 4vHPV persistence	persistence_dose_contrast	dose3_minus_dose1_at_v1		HPV18	vaccine_target_2vHPV_and_4vHPV	IgA2	antibody_isotype_or_subclass	Antibody abundance	high	mixedlm_powell	2.4297823089972783	1.237861860883494	0.003617643829899375	4.855946974164658	1.9628864785147189	0.049659366260343084	5.38812122224596	1.0025107061781013	28.95914240786137	HPVVT-FJ-M02|Antibody abundance|persistence_dose_contrast	0.1896084893576736	no
HPVVT-FJ-M02	Six-year 4vHPV persistence	persistence_dose_contrast	dose3_minus_dose2_at_v1		HPV18	vaccine_target_2vHPV_and_4vHPV	IgA2	antibody_isotype_or_subclass	Antibody abundance	high	mixedlm_powell	0.2502338975237093	1.2234190113343053	-2.1476233026931295	2.648091097740548	0.20453654488399284	0.837934236881369	1.1893999313225343	0.22568410179876655	6.268373294151911	HPVVT-FJ-M02|Antibody abundance|persistence_dose_contrast	0.9257472444855565	no
HPVVT-FJ-M03	Heterologous 2vHPV recall	recall_dose_contrast	dose2_minus_dose1_change		HPV18	vaccine_target_2vHPV_and_4vHPV	IgA2	antibody_isotype_or_subclass	Antibody abundance	high	mixedlm_powell	-1.3476424697316762	1.2434619848249828	-3.7847831761333337	1.0894982366699812	-1.0837826054821909	0.27846119942103686	0.3929336235105241	0.07255489816706447	2.1280001266020263	HPVVT-FJ-M03|Antibody abundance|recall_dose_contrast	0.6683068786104885	no
HPVVT-FJ-M03	Heterologous 2vHPV recall	recall_dose_contrast	dose3_minus_dose1_change		HPV18	vaccine_target_2vHPV_and_4vHPV	IgA2	antibody_isotype_or_subclass	Antibody abundance	high	mixedlm_powell	-1.2516742971133832	1.2749869352248155	-3.7506027709131247	1.2472541766863583	-0.9817153905915736	0.3262400810432944	0.4199605460793421	0.07429439733738337	2.3738917951288787	HPVVT-FJ-M03|Antibody abundance|recall_dose_contrast	0.7211622844114928	no
HPVVT-FJ-M03	Heterologous 2vHPV recall	recall_dose_contrast	dose3_minus_dose2_change		HPV18	vaccine_target_2vHPV_and_4vHPV	IgA2	antibody_isotype_or_subclass	Antibody abundance	high	mixedlm_powell	0.09596817261829305	1.2601109259829681	-2.3738038588337425	2.5657402040703285	0.07615851163534008	0.9392929897030278	1.068782412478107	0.19293625068874545	5.920586935553816	HPVVT-FJ-M03|Antibody abundance|recall_dose_contrast	0.9622025748177357	no
HPVVT-FJ-M01	Primary 2vHPV induction	within_trajectory	dose0_v2_minus_v1	0	HPV18	vaccine_target_2vHPV_and_4vHPV	IgG	antibody_isotype_or_subclass	Antibody abundance	none	mixedlm_powell	3.750673700139008	0.3625689802884219	3.0400515568622883	4.461295843415728	10.344717568379306	4.42218269607393e-25	13.460626930724496	8.22520454796719	22.028446382275717	HPVVT-FJ-M01|Antibody abundance|within_trajectory	2.476422309801401e-24	yes
HPVVT-FJ-M03	Heterologous 2vHPV recall	within_trajectory	dose1_v2_minus_v1	1	HPV18	vaccine_target_2vHPV_and_4vHPV	IgG	antibody_isotype_or_subclass	Antibody abundance	none	mixedlm_powell	2.5462375407868763	0.3625689802884195	1.8356153975101612	3.256859684063591	7.022767195255847	2.175164848861097e-12	5.84108970311115	3.5692362501668717	9.558999889176844	HPVVT-FJ-M03|Antibody abundance|within_trajectory	1.522615394202768e-11	yes
HPVVT-FJ-M03	Heterologous 2vHPV recall	within_trajectory	dose2_v2_minus_v1	2	HPV18	vaccine_target_2vHPV_and_4vHPV	IgG	antibody_isotype_or_subclass	Antibody abundance	none	mixedlm_powell	1.1678656504228941	0.35383109431234394	0.47436944896030486	1.8613618518854835	3.3006303549793796	0.0009646788822420329	2.2467905661274203	1.3893108684223932	3.6335049000022694	HPVVT-FJ-M03|Antibody abundance|within_trajectory	0.0019293577644840655	yes
HPVVT-FJ-M03	Heterologous 2vHPV recall	within_trajectory	dose3_v2_minus_v1	3	HPV18	vaccine_target_2vHPV_and_4vHPV	IgG	antibody_isotype_or_subclass	Antibody abundance	none	mixedlm_powell	1.3607197046128787	0.3719879249135074	0.6316367690986143	2.089802640127143	3.6579674056066898	0.000254223366735781	2.568132617401955	1.5493217362405547	4.2568983486718475	HPVVT-FJ-M03|Antibody abundance|within_trajectory	0.0005208478733123318	yes
HPVVT-FJ-M04	Primary-versus-recall contrast	primary_minus_pooled_recall	dose0_minus_mean_dose1_2_3_change		HPV18	vaccine_target_2vHPV_and_4vHPV	IgG	antibody_isotype_or_subclass	Antibody abundance	none	mixedlm_powell	2.0590660681981245	0.4187460267483259	1.2383389371021596	2.8797931992940895	4.9172193565329305	8.778217051660808e-07	4.167164546902283	2.359267389885055	7.360446058556066	HPVVT-FJ-M04|Antibody abundance|primary_minus_pooled_recall	3.0723759680812826e-06	yes
HPVVT-FJ-M02	Six-year 4vHPV persistence	persistence_dose_contrast	dose2_minus_dose1_at_v1		HPV18	vaccine_target_2vHPV_and_4vHPV	IgG	antibody_isotype_or_subclass	Antibody abundance	none	mixedlm_powell	1.459563468245182	0.3821646482042067	0.7105345216005169	2.208592414889847	3.8192006380068824	0.00013388483306994736	2.750251337240728	1.636410298330926	4.6222407825893495	HPVVT-FJ-M02|Antibody abundance|persistence_dose_contrast	0.0028115814944688943	yes
HPVVT-FJ-M02	Six-year 4vHPV persistence	persistence_dose_contrast	dose3_minus_dose1_at_v1		HPV18	vaccine_target_2vHPV_and_4vHPV	IgG	antibody_isotype_or_subclass	Antibody abundance	none	mixedlm_powell	1.2713739323923092	0.391853502166962	0.5033551809291756	2.039392683855443	3.244513384113124	0.0011765148824832317	2.413913421028147	1.4175063332078655	4.110724493930944	HPVVT-FJ-M02|Antibody abundance|persistence_dose_contrast	0.01411817858979878	yes
HPVVT-FJ-M02	Six-year 4vHPV persistence	persistence_dose_contrast	dose3_minus_dose2_at_v1		HPV18	vaccine_target_2vHPV_and_4vHPV	IgG	antibody_isotype_or_subclass	Antibody abundance	none	mixedlm_powell	-0.18818953585287268	0.3872815209500266	-0.9472473687928192	0.5708682970870739	-0.4859243874875093	0.6270207767556913	0.8777064802557202	0.5186210363496984	1.485417311463311	HPVVT-FJ-M02|Antibody abundance|persistence_dose_contrast	0.8384634231830157	no
HPVVT-FJ-M03	Heterologous 2vHPV recall	recall_dose_contrast	dose2_minus_dose1_change		HPV18	vaccine_target_2vHPV_and_4vHPV	IgG	antibody_isotype_or_subclass	Antibody abundance	none	mixedlm_powell	-1.3783718903639823	0.50660902949874	-2.3713073424243025	-0.38543643830366214	-2.7207803456006316	0.006512802148646262	0.38465263851892356	0.19327040689992664	0.7655473732001847	HPVVT-FJ-M03|Antibody abundance|recall_dose_contrast	0.1094150760972572	no
HPVVT-FJ-M03	Heterologous 2vHPV recall	recall_dose_contrast	dose3_minus_dose1_change		HPV18	vaccine_target_2vHPV_and_4vHPV	IgG	antibody_isotype_or_subclass	Antibody abundance	none	mixedlm_powell	-1.1855178361739978	0.5194528676875714	-2.2036267485076877	-0.1674089238403078	-2.28224331776533	0.022474978952832084	0.4396666971291479	0.2170912150880188	0.8904404744617528	HPVVT-FJ-M03|Antibody abundance|recall_dose_contrast	0.1530419570731849	no
HPVVT-FJ-M03	Heterologous 2vHPV recall	recall_dose_contrast	dose3_minus_dose2_change		HPV18	vaccine_target_2vHPV_and_4vHPV	IgG	antibody_isotype_or_subclass	Antibody abundance	none	mixedlm_powell	0.19285405418998458	0.5133921109480823	-0.8133759932152484	1.1990841015952176	0.37564670371315323	0.7071795648631939	1.1430226991866008	0.5690486905161337	2.2959386650566076	HPVVT-FJ-M03|Antibody abundance|recall_dose_contrast	0.8938052919597027	no
HPVVT-FJ-M01	Primary 2vHPV induction	within_trajectory	dose0_v2_minus_v1	0	HPV18	vaccine_target_2vHPV_and_4vHPV	IgG1	antibody_isotype_or_subclass	IgG subclass architecture	none	mixedlm_lbfgs	3.7676499686591556	0.31133183069818393	3.1574507932497937	4.377849144068517	12.101717836592329	1.0342397591398326e-33	13.61995440564846	8.922517298207413	20.790450924562688	HPVVT-FJ-M01|IgG subclass architecture|within_trajectory	1.4479356627957656e-32	yes
HPVVT-FJ-M03	Heterologous 2vHPV recall	within_trajectory	dose1_v2_minus_v1	1	HPV18	vaccine_target_2vHPV_and_4vHPV	IgG1	antibody_isotype_or_subclass	IgG subclass architecture	none	mixedlm_lbfgs	2.638168749138554	0.31133183069818154	2.0279695737291967	3.2483679245479116	8.473816323959847	2.3748177854652748e-17	6.225409543497312	4.078304720113036	9.502900504990524	HPVVT-FJ-M03|IgG subclass architecture|within_trajectory	1.8134972179916646e-16	yes
HPVVT-FJ-M03	Heterologous 2vHPV recall	within_trajectory	dose2_v2_minus_v1	2	HPV18	vaccine_target_2vHPV_and_4vHPV	IgG1	antibody_isotype_or_subclass	IgG subclass architecture	none	mixedlm_lbfgs	1.3879506354933357	0.30382875628955575	0.792457215698209	1.9834440552884625	4.568200365374853	4.9192966858276065e-06	2.617066593554194	1.7320219526075546	3.9543595534607077	HPVVT-FJ-M03|IgG subclass architecture|within_trajectory	1.0595408246397922e-05	yes
HPVVT-FJ-M03	Heterologous 2vHPV recall	within_trajectory	dose3_v2_minus_v1	3	HPV18	vaccine_target_2vHPV_and_4vHPV	IgG1	antibody_isotype_or_subclass	IgG subclass architecture	none	mixedlm_lbfgs	1.711023033419095	0.3194197186113745	1.0849718889888824	2.3370741778493076	5.356660637162572	8.477413159983402e-08	3.2739289960214175	2.121334147993396	5.052768834711266	HPVVT-FJ-M03|IgG subclass architecture|within_trajectory	2.455526570477951e-07	yes
HPVVT-FJ-M04	Primary-versus-recall contrast	primary_minus_pooled_recall	dose0_minus_mean_dose1_2_3_change		HPV18	vaccine_target_2vHPV_and_4vHPV	IgG1	antibody_isotype_or_subclass	IgG subclass architecture	none	mixedlm_lbfgs	1.8552691626421607	0.3595701071874352	1.1505247026375809	2.5600136226467405	5.159686874846506	2.4736320711868806e-07	3.6181924910133296	2.219946183220556	5.897132552570801	HPVVT-FJ-M04|IgG subclass architecture|primary_minus_pooled_recall	1.3852339598646533e-06	yes
HPVVT-FJ-M02	Six-year 4vHPV persistence	persistence_dose_contrast	dose2_minus_dose1_at_v1		HPV18	vaccine_target_2vHPV_and_4vHPV	IgG1	antibody_isotype_or_subclass	IgG subclass architecture	none	mixedlm_lbfgs	1.2918101615185686	0.38441520129659923	0.5383702118675191	2.045250111169618	3.36045545847668	0.0007781407663957942	2.4483505949216573	1.4523309166326874	4.1274482055037724	HPVVT-FJ-M02|IgG subclass architecture|persistence_dose_contrast	0.013072764875449344	yes
HPVVT-FJ-M02	Six-year 4vHPV persistence	persistence_dose_contrast	dose3_minus_dose1_at_v1		HPV18	vaccine_target_2vHPV_and_4vHPV	IgG1	antibody_isotype_or_subclass	IgG subclass architecture	none	mixedlm_lbfgs	1.2114658266733902	0.39416111255219966	0.43892424196484026	1.9840074113819401	3.0735295494502974	0.0021154273650169195	2.3157280304713805	1.355593140744499	3.955903987656424	HPVVT-FJ-M02|IgG subclass architecture|persistence_dose_contrast	0.016154172605583748	yes
HPVVT-FJ-M02	Six-year 4vHPV persistence	persistence_dose_contrast	dose3_minus_dose2_at_v1		HPV18	vaccine_target_2vHPV_and_4vHPV	IgG1	antibody_isotype_or_subclass	IgG subclass architecture	none	mixedlm_lbfgs	-0.08034433484517844	0.38956220711159656	-0.843872230521841	0.6831835608314841	-0.20624263180170985	0.836601388242233	0.9458318736191781	0.5571461657904813	1.6056790624857047	HPVVT-FJ-M02|IgG subclass architecture|persistence_dose_contrast	0.9941305115325851	no
HPVVT-FJ-M03	Heterologous 2vHPV recall	recall_dose_contrast	dose2_minus_dose1_change		HPV18	vaccine_target_2vHPV_and_4vHPV	IgG1	antibody_isotype_or_subclass	IgG subclass architecture	none	mixedlm_lbfgs	-1.2502181136452182	0.43501657664316595	-2.1028349365437315	-0.3976012907467048	-2.8739551106135046	0.00405366573669758	0.42038464702901746	0.2328003388817627	0.7591193909192195	HPVVT-FJ-M03|IgG subclass architecture|recall_dose_contrast	0.042563490235324596	yes
HPVVT-FJ-M03	Heterologous 2vHPV recall	recall_dose_contrast	dose3_minus_dose1_change		HPV18	vaccine_target_2vHPV_and_4vHPV	IgG1	antibody_isotype_or_subclass	IgG subclass architecture	none	mixedlm_lbfgs	-0.9271457157194589	0.44604536254023636	-1.8013785617694336	-0.052912869669484275	-2.07859064028678	0.037654991993595704	0.5258977699613622	0.28690031122447057	0.9639880252132138	HPVVT-FJ-M03|IgG subclass architecture|recall_dose_contrast	0.14055077556420734	no
HPVVT-FJ-M03	Heterologous 2vHPV recall	recall_dose_contrast	dose3_minus_dose2_change		HPV18	vaccine_target_2vHPV_and_4vHPV	IgG1	antibody_isotype_or_subclass	IgG subclass architecture	none	mixedlm_lbfgs	0.32307239792575926	0.44084109357707113	-0.5409602683905519	1.1871050642420704	0.7328545424481335	0.46364715085122643	1.2509918563345193	0.6873132760320064	2.2769538712393635	HPVVT-FJ-M03|IgG subclass architecture|recall_dose_contrast	0.6491060111917171	no
HPVVT-FJ-M01	Primary 2vHPV induction	within_trajectory	dose0_v2_minus_v1	0	HPV18	vaccine_target_2vHPV_and_4vHPV	IgG2	antibody_isotype_or_subclass	IgG subclass architecture	low	mixedlm_powell	0.6552732689055465	0.5934977686365871	-0.5079609825270499	1.818507520338143	1.1040871651647035	0.26955532830686413	1.5749142381679513	0.7032156180612577	3.5271612203699276	HPVVT-FJ-M01|IgG subclass architecture|within_trajectory	0.5735209319711767	no
HPVVT-FJ-M03	Heterologous 2vHPV recall	within_trajectory	dose1_v2_minus_v1	1	HPV18	vaccine_target_2vHPV_and_4vHPV	IgG2	antibody_isotype_or_subclass	IgG subclass architecture	low	mixedlm_powell	2.8799955427788255	0.5934977686365918	1.71676129134622	4.043229794211431	4.852580236981974	1.2186545332519144e-06	7.361478461600409	3.2869768402378767	16.48668906857431	HPVVT-FJ-M03|IgG subclass architecture|within_trajectory	2.8435272442544666e-06	yes
HPVVT-FJ-M03	Heterologous 2vHPV recall	within_trajectory	dose2_v2_minus_v1	2	HPV18	vaccine_target_2vHPV_and_4vHPV	IgG2	antibody_isotype_or_subclass	IgG subclass architecture	low	mixedlm_powell	2.5349779172078435	0.5791945157072416	1.3997775263785315	3.6701783080371557	4.376729835075248	1.204731476314733e-05	5.795679905240932	2.638608898305404	12.730157010228385	HPVVT-FJ-M03|IgG subclass architecture|within_trajectory	2.4682303417179892e-05	yes
HPVVT-FJ-M03	Heterologous 2vHPV recall	within_trajectory	dose3_v2_minus_v1	3	HPV18	vaccine_target_2vHPV_and_4vHPV	IgG2	antibody_isotype_or_subclass	IgG subclass architecture	low	mixedlm_powell	1.478757394504339	0.6089158626319865	0.28530423413050654	2.6722105548781716	2.428508576065891	0.015161066543903572	2.787085757958878	1.2186672279427175	6.374050966587849	HPVVT-FJ-M03|IgG subclass architecture|within_trajectory	0.019898899838873437	yes
HPVVT-FJ-M04	Primary-versus-recall contrast	primary_minus_pooled_recall	dose0_minus_mean_dose1_2_3_change		HPV18	vaccine_target_2vHPV_and_4vHPV	IgG2	antibody_isotype_or_subclass	IgG subclass architecture	low	mixedlm_powell	-1.6426370159247894	0.685455309229346	-2.9861047350260734	-0.29916929682350535	-2.396417379524856	0.016556225540897092	0.3202705357076306	0.12620974944456886	0.8127202256074733	HPVVT-FJ-M04|IgG subclass architecture|primary_minus_pooled_recall	0.02207496738786279	yes
HPVVT-FJ-M02	Six-year 4vHPV persistence	persistence_dose_contrast	dose2_minus_dose1_at_v1		HPV18	vaccine_target_2vHPV_and_4vHPV	IgG2	antibody_isotype_or_subclass	IgG subclass architecture	low	mixedlm_powell	1.4496513453943827	0.6942787208091589	0.08889005737589195	2.8104126334128736	2.087996221034777	0.036798175569027626	2.73142033423663	1.063551620343471	7.0148518412975065	HPVVT-FJ-M02|IgG subclass architecture|persistence_dose_contrast	0.13439333686079655	no
HPVVT-FJ-M02	Six-year 4vHPV persistence	persistence_dose_contrast	dose3_minus_dose1_at_v1		HPV18	vaccine_target_2vHPV_and_4vHPV	IgG2	antibody_isotype_or_subclass	IgG subclass architecture	low	mixedlm_powell	2.0547525189146025	0.711880466985781	0.6594924423249169	3.450012595504288	2.8863729435009824	0.003897100626497331	4.154723647371034	1.5795268292011941	10.92841746458574	HPVVT-FJ-M02|IgG subclass architecture|persistence_dose_contrast	0.021823763508385056	yes
HPVVT-FJ-M02	Six-year 4vHPV persistence	persistence_dose_contrast	dose3_minus_dose2_at_v1		HPV18	vaccine_target_2vHPV_and_4vHPV	IgG2	antibody_isotype_or_subclass	IgG subclass architecture	low	mixedlm_powell	0.6051011735202199	0.703574546263461	-0.7738795975952739	1.9840819446357136	0.8600384660499546	0.38976783896381206	1.521085420392532	0.5848426389601105	3.956108364883657	HPVVT-FJ-M02|IgG subclass architecture|persistence_dose_contrast	0.6336739367264796	no
HPVVT-FJ-M03	Heterologous 2vHPV recall	recall_dose_contrast	dose2_minus_dose1_change		HPV18	vaccine_target_2vHPV_and_4vHPV	IgG2	antibody_isotype_or_subclass	IgG subclass architecture	low	mixedlm_powell	-0.34501762557098203	0.8292803436727291	-1.9703772322565296	1.2803419811145655	-0.4160446201377002	0.6773773528308984	0.7872983579960012	0.2551862972337715	2.4289654704122956	HPVVT-FJ-M03|IgG subclass architecture|recall_dose_contrast	0.8367602593793451	no
HPVVT-FJ-M03	Heterologous 2vHPV recall	recall_dose_contrast	dose3_minus_dose1_change		HPV18	vaccine_target_2vHPV_and_4vHPV	IgG2	antibody_isotype_or_subclass	IgG subclass architecture	low	mixedlm_powell	-1.4012381482744865	0.8503047272251694	-3.067804789519973	0.26532849297100025	-1.6479246832452623	0.09936812755540513	0.37860407695235676	0.11926107989501944	1.2019096859689953	HPVVT-FJ-M03|IgG subclass architecture|recall_dose_contrast	0.25293705195921307	no
HPVVT-FJ-M03	Heterologous 2vHPV recall	recall_dose_contrast	dose3_minus_dose2_change		HPV18	vaccine_target_2vHPV_and_4vHPV	IgG2	antibody_isotype_or_subclass	IgG subclass architecture	low	mixedlm_powell	-1.0562205227035044	0.8403837306791477	-2.7033423680280424	0.5909013226210336	-1.256831235714107	0.20881475277433914	0.4808902153893222	0.15353693216257241	1.5061874429816287	HPVVT-FJ-M03|IgG subclass architecture|recall_dose_contrast	0.395667923548924	no
HPVVT-FJ-M01	Primary 2vHPV induction	within_trajectory	dose0_v2_minus_v1	0	HPV18	vaccine_target_2vHPV_and_4vHPV	IgG3	antibody_isotype_or_subclass	IgG subclass architecture	none	mixedlm_powell	3.758988151268617	0.5379220739516555	2.704680259834281	4.813296042702953	6.987978990440998	2.7887413644998174e-12	13.538426355206516	6.519133683099914	28.11554373405557	HPVVT-FJ-M01|IgG subclass architecture|within_trajectory	1.9521189551498723e-11	yes
HPVVT-FJ-M03	Heterologous 2vHPV recall	within_trajectory	dose1_v2_minus_v1	1	HPV18	vaccine_target_2vHPV_and_4vHPV	IgG3	antibody_isotype_or_subclass	IgG subclass architecture	none	mixedlm_powell	3.9800401241197276	0.537922073951655	2.9257322326853923	5.0343480155540625	7.398915785109477	1.3730088747837288e-13	15.78016214240518	7.598592616915892	32.77100507878877	HPVVT-FJ-M03|IgG subclass architecture|within_trajectory	7.208296592614576e-13	yes
HPVVT-FJ-M03	Heterologous 2vHPV recall	within_trajectory	dose2_v2_minus_v1	2	HPV18	vaccine_target_2vHPV_and_4vHPV	IgG3	antibody_isotype_or_subclass	IgG subclass architecture	none	mixedlm_powell	3.5593891441554457	0.5249581912100466	2.530489995994463	4.588288292316428	6.780328802853675	1.1990268285623221e-11	11.789160997307073	5.777678775903992	24.055390133502264	HPVVT-FJ-M03|IgG subclass architecture|within_trajectory	5.300960715749214e-11	yes
HPVVT-FJ-M03	Heterologous 2vHPV recall	within_trajectory	dose3_v2_minus_v1	3	HPV18	vaccine_target_2vHPV_and_4vHPV	IgG3	antibody_isotype_or_subclass	IgG subclass architecture	none	mixedlm_powell	2.2536630854375184	0.5518964029831476	1.171966012393345	3.3353601584816914	4.083489352813077	4.4364462871978326e-05	4.768921666417836	2.253185374896031	10.093538735790384	HPVVT-FJ-M03|IgG subclass architecture|within_trajectory	8.10133669836126e-05	yes
HPVVT-FJ-M04	Primary-versus-recall contrast	primary_minus_pooled_recall	dose0_minus_mean_dose1_2_3_change		HPV18	vaccine_target_2vHPV_and_4vHPV	IgG3	antibody_isotype_or_subclass	IgG subclass architecture	none	mixedlm_powell	0.4946240333643866	0.6212686231135593	-0.7230400926629783	1.7122881593917514	0.79615164030902	0.42594390200037735	1.4089535337034667	0.605819494186982	3.2768012240999007	HPVVT-FJ-M04|IgG subclass architecture|primary_minus_pooled_recall	0.4969345523337736	no
HPVVT-FJ-M02	Six-year 4vHPV persistence	persistence_dose_contrast	dose2_minus_dose1_at_v1		HPV18	vaccine_target_2vHPV_and_4vHPV	IgG3	antibody_isotype_or_subclass	IgG subclass architecture	none	mixedlm_powell	0.8310428513841325	0.7305777252636507	-0.6008631780398214	2.262948880808086	1.13751463074545	0.25532321186937446	1.7789708258448667	0.659359336440896	4.799715457568029	HPVVT-FJ-M02|IgG subclass architecture|persistence_dose_contrast	0.49877092551226637	no
HPVVT-FJ-M02	Six-year 4vHPV persistence	persistence_dose_contrast	dose3_minus_dose1_at_v1		HPV18	vaccine_target_2vHPV_and_4vHPV	IgG3	antibody_isotype_or_subclass	IgG subclass architecture	none	mixedlm_powell	1.019533015093836	0.749099744298596	-0.44867550455957605	2.487741534747248	1.3610110307118775	0.17351020356215163	2.027262650196123	0.7327152233520656	5.608992036603932	HPVVT-FJ-M02|IgG subclass architecture|persistence_dose_contrast	0.36437142748051843	no
HPVVT-FJ-M02	Six-year 4vHPV persistence	persistence_dose_contrast	dose3_minus_dose2_at_v1		HPV18	vaccine_target_2vHPV_and_4vHPV	IgG3	antibody_isotype_or_subclass	IgG subclass architecture	none	mixedlm_powell	0.1884901637097034	0.7403595647631198	-1.2625879188357612	1.639568246255168	0.25459273126296594	0.7990376738476257	1.1395704869040433	0.41679563712420475	3.115725739316533	HPVVT-FJ-M02|IgG subclass architecture|persistence_dose_contrast	0.9870465382823612	no
HPVVT-FJ-M03	Heterologous 2vHPV recall	recall_dose_contrast	dose2_minus_dose1_change		HPV18	vaccine_target_2vHPV_and_4vHPV	IgG3	antibody_isotype_or_subclass	IgG subclass architecture	none	mixedlm_powell	-0.4206509799642817	0.7516257447446658	-1.8938103695169224	1.052508409588359	-0.5596548320829281	0.5757148965780194	0.747087443773895	0.26909539926446335	2.0741330032776983	HPVVT-FJ-M03|IgG subclass architecture|recall_dose_contrast	0.7800008276218329	no
HPVVT-FJ-M03	Heterologous 2vHPV recall	recall_dose_contrast	dose3_minus_dose1_change		HPV18	vaccine_target_2vHPV_and_4vHPV	IgG3	antibody_isotype_or_subclass	IgG subclass architecture	none	mixedlm_powell	-1.7263770386822093	0.7706813850549309	-3.2368847969453194	-0.21586928041909936	-2.2400658328592695	0.025086649282807703	0.3022099280971626	0.10607195750435347	0.8610272006787816	HPVVT-FJ-M03|IgG subclass architecture|recall_dose_contrast	0.12464406090989522	no
HPVVT-FJ-M03	Heterologous 2vHPV recall	recall_dose_contrast	dose3_minus_dose2_change		HPV18	vaccine_target_2vHPV_and_4vHPV	IgG3	antibody_isotype_or_subclass	IgG subclass architecture	none	mixedlm_powell	-1.3057260587179276	0.7616894000471981	-2.798609850216357	0.18715773278050207	-1.7142500061534507	0.08648282050572222	0.40451747732575466	0.14372571867106748	1.1385184988115327	HPVVT-FJ-M03|IgG subclass architecture|recall_dose_contrast	0.2270174038275208	no
HPVVT-FJ-M01	Primary 2vHPV induction	within_trajectory	dose0_v2_minus_v1	0	HPV18	vaccine_target_2vHPV_and_4vHPV	IgG4	antibody_isotype_or_subclass	IgG subclass architecture	high	mixedlm_powell	-0.24620053578366763	0.6467439773984647	-1.5137954387028452	1.02139436713551	-0.3806769670651008	0.7034429619154197	0.8431139085859501	0.35018873034225706	2.0298798940683707	HPVVT-FJ-M01|IgG subclass architecture|within_trajectory	0.894369027124296	no
HPVVT-FJ-M03	Heterologous 2vHPV recall	within_trajectory	dose1_v2_minus_v1	1	HPV18	vaccine_target_2vHPV_and_4vHPV	IgG4	antibody_isotype_or_subclass	IgG subclass architecture	high	mixedlm_powell	2.012406578761567	0.6467439773984681	0.7448116758423828	3.2800014816807512	3.111596936482479	0.0018607837058608214	4.034546670972342	1.6757555080356579	9.71356905121248	HPVVT-FJ-M03|IgG subclass architecture|within_trajectory	0.0027485165341082874	yes
HPVVT-FJ-M03	Heterologous 2vHPV recall	within_trajectory	dose2_v2_minus_v1	2	HPV18	vaccine_target_2vHPV_and_4vHPV	IgG4	antibody_isotype_or_subclass	IgG subclass architecture	high	mixedlm_powell	1.8101030181419646	0.6311574947221896	0.5730570599139437	3.0471489763699857	2.8679102019357305	0.0041319278931481	3.5066732764123776	1.4876726000886766	8.265768601755346	HPVVT-FJ-M03|IgG subclass architecture|within_trajectory	0.00578469905040734	yes
HPVVT-FJ-M03	Heterologous 2vHPV recall	within_trajectory	dose3_v2_minus_v1	3	HPV18	vaccine_target_2vHPV_and_4vHPV	IgG4	antibody_isotype_or_subclass	IgG subclass architecture	high	mixedlm_powell	1.9345140694584289	0.6635453201522785	0.6339891398498632	3.2350389990669948	2.9154211637186633	0.0035520883624513343	3.8224935559492152	1.551850026671536	9.415508415212301	HPVVT-FJ-M03|IgG subclass architecture|within_trajectory	0.005057210549930713	yes
HPVVT-FJ-M04	Primary-versus-recall contrast	primary_minus_pooled_recall	dose0_minus_mean_dose1_2_3_change		HPV18	vaccine_target_2vHPV_and_4vHPV	IgG4	antibody_isotype_or_subclass	IgG subclass architecture	high	mixedlm_powell	-2.1652084245709875	0.7469515749625899	-3.629206609693134	-0.7012102394488409	-2.8987266338911315	0.0037468141274579494	0.22294991819801696	0.08081648361070486	0.6150560356466483	HPVVT-FJ-M04|IgG subclass architecture|primary_minus_pooled_recall	0.005828377531601255	yes
HPVVT-FJ-M02	Six-year 4vHPV persistence	persistence_dose_contrast	dose2_minus_dose1_at_v1		HPV18	vaccine_target_2vHPV_and_4vHPV	IgG4	antibody_isotype_or_subclass	IgG subclass architecture	high	mixedlm_powell	1.2829377354547373	0.9023661660260416	-0.48566745082379503	3.0515429217332697	1.4217484916402692	0.1550992773915741	2.4333396957252136	0.7141665902151737	8.290981622380395	HPVVT-FJ-M02|IgG subclass architecture|persistence_dose_contrast	0.3608200520093856	no
HPVVT-FJ-M02	Six-year 4vHPV persistence	persistence_dose_contrast	dose3_minus_dose1_at_v1		HPV18	vaccine_target_2vHPV_and_4vHPV	IgG4	antibody_isotype_or_subclass	IgG subclass architecture	high	mixedlm_powell	1.2739906676713095	0.9252434626170285	-0.5394531959891982	3.0874345313318172	1.3769247977909058	0.16853549949989977	2.4182957084415255	0.6880316344201796	8.499833206644746	HPVVT-FJ-M02|IgG subclass architecture|persistence_dose_contrast	0.3629995373843995	no
HPVVT-FJ-M02	Six-year 4vHPV persistence	persistence_dose_contrast	dose3_minus_dose2_at_v1		HPV18	vaccine_target_2vHPV_and_4vHPV	IgG4	antibody_isotype_or_subclass	IgG subclass architecture	high	mixedlm_powell	-0.008947067783427798	0.9144481125466979	-1.8012324341055856	1.78333829853873	-0.00978411750286258	0.992193528254481	0.9938175556375805	0.2869293722486802	3.44221759575539	HPVVT-FJ-M02|IgG subclass architecture|persistence_dose_contrast	0.9941305115325851	no
HPVVT-FJ-M03	Heterologous 2vHPV recall	recall_dose_contrast	dose2_minus_dose1_change		HPV18	vaccine_target_2vHPV_and_4vHPV	IgG4	antibody_isotype_or_subclass	IgG subclass architecture	high	mixedlm_powell	-0.20230356061960242	0.9036800072178099	-1.973483828315406	1.568876707076201	-0.22386636752365607	0.8228612863904196	0.869161658642371	0.25463738856072105	2.9667363191396148	HPVVT-FJ-M03|IgG subclass architecture|recall_dose_contrast	0.8976668578804576	no
HPVVT-FJ-M03	Heterologous 2vHPV recall	recall_dose_contrast	dose3_minus_dose1_change		HPV18	vaccine_target_2vHPV_and_4vHPV	IgG4	antibody_isotype_or_subclass	IgG subclass architecture	high	mixedlm_powell	-0.07789250930313818	0.926590613052593	-1.8939767392991098	1.7381917206928335	-0.0840635640010709	0.933005893783086	0.9474406588108644	0.2690643693098149	3.33616749133502	HPVVT-FJ-M03|IgG subclass architecture|recall_dose_contrast	0.9557621350948685	no
HPVVT-FJ-M03	Heterologous 2vHPV recall	recall_dose_contrast	dose3_minus_dose2_change		HPV18	vaccine_target_2vHPV_and_4vHPV	IgG4	antibody_isotype_or_subclass	IgG subclass architecture	high	mixedlm_powell	0.12441105131646424	0.9157795449997671	-1.6704838746615571	1.9193059772944856	0.13585262085810826	0.8919377912002874	1.0900626475985664	0.3141479618770178	3.7824105831848924	HPVVT-FJ-M03|IgG subclass architecture|recall_dose_contrast	0.9345609384208478	no
HPVVT-FJ-M01	Primary 2vHPV induction	within_trajectory	dose0_v2_minus_v1	0	HPV18	vaccine_target_2vHPV_and_4vHPV	IgM	antibody_isotype_or_subclass	Antibody abundance	none	mixedlm_lbfgs	1.2226119047871447	0.212291340675188	0.8065285228340531	1.6386952867402362	5.7591228210187655	8.455216551083864e-09	2.3336883404521047	1.7489978585381925	3.113841016886055	HPVVT-FJ-M01|Antibody abundance|within_trajectory	2.9593257928793522e-08	yes
HPVVT-FJ-M03	Heterologous 2vHPV recall	within_trajectory	dose1_v2_minus_v1	1	HPV18	vaccine_target_2vHPV_and_4vHPV	IgM	antibody_isotype_or_subclass	Antibody abundance	none	mixedlm_lbfgs	0.8213861852978142	0.21229134067518912	0.4053028033447204	1.237469567250908	3.8691459702756075	0.0001092172433428549	1.7671030635500533	1.3243668489883125	2.357846120652588	HPVVT-FJ-M03|Antibody abundance|within_trajectory	0.0002658042594715552	yes
HPVVT-FJ-M03	Heterologous 2vHPV recall	within_trajectory	dose2_v2_minus_v1	2	HPV18	vaccine_target_2vHPV_and_4vHPV	IgM	antibody_isotype_or_subclass	Antibody abundance	none	mixedlm_lbfgs	0.6485369508997584	0.207175134851259	0.2424811480990618	1.054592753700455	3.1303802522700144	0.001745801598703528	1.5675776958156697	1.1830254810859753	2.0771317876966187	HPVVT-FJ-M03|Antibody abundance|within_trajectory	0.003410403123048752	yes
HPVVT-FJ-M03	Heterologous 2vHPV recall	within_trajectory	dose3_v2_minus_v1	3	HPV18	vaccine_target_2vHPV_and_4vHPV	IgM	antibody_isotype_or_subclass	Antibody abundance	none	mixedlm_lbfgs	0.8252219123193684	0.21780631986787863	0.39832936977311545	1.2521144548656213	3.788787730401708	0.00015138419153431815	1.7718075529597062	1.3179808146886354	2.3819026572603805	HPVVT-FJ-M03|Antibody abundance|within_trajectory	0.00033164161629136807	yes
HPVVT-FJ-M04	Primary-versus-recall contrast	primary_minus_pooled_recall	dose0_minus_mean_dose1_2_3_change		HPV18	vaccine_target_2vHPV_and_4vHPV	IgM	antibody_isotype_or_subclass	Antibody abundance	none	mixedlm_lbfgs	0.4575635552814977	0.24518411737842008	-0.022988484361446793	0.9381155949244422	1.866203896785405	0.06201284410611896	1.3732207432612789	0.9841918778538998	1.916023950365287	HPVVT-FJ-M04|Antibody abundance|primary_minus_pooled_recall	0.12402568821223792	no
HPVVT-FJ-M02	Six-year 4vHPV persistence	persistence_dose_contrast	dose2_minus_dose1_at_v1		HPV18	vaccine_target_2vHPV_and_4vHPV	IgM	antibody_isotype_or_subclass	Antibody abundance	none	mixedlm_lbfgs	-0.29477482975768854	0.3005756280629318	-0.8838922353915416	0.2943425758761645	-0.9807010357339127	0.32674019298068446	0.815199555656646	0.541903460329535	1.2263260233449622	HPVVT-FJ-M02|Antibody abundance|persistence_dose_contrast	0.5586903956444863	no
HPVVT-FJ-M02	Six-year 4vHPV persistence	persistence_dose_contrast	dose3_minus_dose1_at_v1		HPV18	vaccine_target_2vHPV_and_4vHPV	IgM	antibody_isotype_or_subclass	Antibody abundance	none	mixedlm_lbfgs	-0.051268112564481716	0.30819599111521784	-0.6553211553299352	0.5527849302009717	-0.16634905723129714	0.8678822617210282	0.9650876548984104	0.6349341341748473	1.466914647529136	HPVVT-FJ-M02|Antibody abundance|persistence_dose_contrast	0.9257472444855565	no
HPVVT-FJ-M02	Six-year 4vHPV persistence	persistence_dose_contrast	dose3_minus_dose2_at_v1		HPV18	vaccine_target_2vHPV_and_4vHPV	IgM	antibody_isotype_or_subclass	Antibody abundance	none	mixedlm_lbfgs	0.24350671719320682	0.3046000904157947	-0.3534984897093949	0.8405119240958085	0.7994308762706134	0.4240406128994362	1.1838667577793625	0.7826838113462214	1.7906854337058031	HPVVT-FJ-M02|Antibody abundance|persistence_dose_contrast	0.6277783451563724	no
HPVVT-FJ-M03	Heterologous 2vHPV recall	recall_dose_contrast	dose2_minus_dose1_change		HPV18	vaccine_target_2vHPV_and_4vHPV	IgM	antibody_isotype_or_subclass	Antibody abundance	none	mixedlm_lbfgs	-0.17284923439805572	0.2966296509560475	-0.7542326670185959	0.40853419822248455	-0.5827105747552773	0.5600881532462729	0.8870890035505096	0.5928616297252098	1.327336533121523	HPVVT-FJ-M03|Antibody abundance|recall_dose_contrast	0.8555073470945799	no
HPVVT-FJ-M03	Heterologous 2vHPV recall	recall_dose_contrast	dose3_minus_dose1_change		HPV18	vaccine_target_2vHPV_and_4vHPV	IgM	antibody_isotype_or_subclass	Antibody abundance	none	mixedlm_lbfgs	0.0038357270215542694	0.3041499733684977	-0.5922872666795178	0.5999587207226262	0.012611301520342512	0.9899379039468831	1.0026622609097862	0.6632904840150197	1.5156731985166838	HPVVT-FJ-M03|Antibody abundance|recall_dose_contrast	0.9899379039468831	no
HPVVT-FJ-M03	Heterologous 2vHPV recall	recall_dose_contrast	dose3_minus_dose2_change		HPV18	vaccine_target_2vHPV_and_4vHPV	IgM	antibody_isotype_or_subclass	Antibody abundance	none	mixedlm_lbfgs	0.17668496141961	0.3006012798958547	-0.4124827208829095	0.7658526437221295	0.5877718201360408	0.55668546121687	1.130283722260904	0.7513293047254862	1.7003746356928544	HPVVT-FJ-M03|Antibody abundance|recall_dose_contrast	0.8555073470945799	no
HPVVT-FJ-M01	Primary 2vHPV induction	within_trajectory	dose0_v2_minus_v1	0	HPV18	vaccine_target_2vHPV_and_4vHPV	nAb	neutralizing_antibody	Neutralization	high	mixedlm_powell	3.9000000000000212	0.40921856396493705	3.097946352823544	4.702053647176498	9.530359429965117	1.5673960033209288e-21	14.928527864589139	8.56199120051905	26.02910222452739	HPVVT-FJ-M01|Neutralization|within_trajectory	1.5673960033209288e-21	yes
HPVVT-FJ-M03	Heterologous 2vHPV recall	within_trajectory	dose1_v2_minus_v1	1	HPV18	vaccine_target_2vHPV_and_4vHPV	nAb	neutralizing_antibody	Neutralization	high	mixedlm_powell	6.100000000000001	0.4092185639649373	5.297946352823524	6.902053647176479	14.906459621227405	2.992019485775422e-50	68.59350160232283	39.34058083014073	119.5983476294555	HPVVT-FJ-M03|Neutralization|within_trajectory	1.7952116914652532e-49	yes
HPVVT-FJ-M03	Heterologous 2vHPV recall	within_trajectory	dose2_v2_minus_v1	2	HPV18	vaccine_target_2vHPV_and_4vHPV	nAb	neutralizing_antibody	Neutralization	high	mixedlm_powell	5.238095238095234	0.39935642642527636	4.455371025307072	6.020819450883395	13.116341422078841	2.6544347179883633e-39	37.74190236471554	21.938166105313087	64.93027663614693	HPVVT-FJ-M03|Neutralization|within_trajectory	7.96330415396509e-39	yes
HPVVT-FJ-M03	Heterologous 2vHPV recall	within_trajectory	dose3_v2_minus_v1	3	HPV18	vaccine_target_2vHPV_and_4vHPV	nAb	neutralizing_antibody	Neutralization	high	mixedlm_powell	5.157894736842103	0.41984938789939963	4.335005057628092	5.980784416056113	12.285107196769307	1.089005755925043e-34	35.70105336836933	20.182109293206054	63.15322115712726	HPVVT-FJ-M03|Neutralization|within_trajectory	2.178011511850086e-34	yes
HPVVT-FJ-M04	Primary-versus-recall contrast	primary_minus_pooled_recall	dose0_minus_mean_dose1_2_3_change		HPV18	vaccine_target_2vHPV_and_4vHPV	nAb	neutralizing_antibody	Neutralization	high	mixedlm_powell	-1.5986633249790914	0.47262357523155557	-2.524988510677497	-0.6723381392806858	-3.3825297948707864	0.000718214865545475	0.3301827544749329	0.1737411611131646	0.6274889073732176	HPVVT-FJ-M04|Neutralization|primary_minus_pooled_recall	0.00143642973109095	yes
HPVVT-FJ-M02	Six-year 4vHPV persistence	persistence_dose_contrast	dose2_minus_dose1_at_v1		HPV18	vaccine_target_2vHPV_and_4vHPV	nAb	neutralizing_antibody	Neutralization	high	mixedlm_powell	1.3047619047619121	0.5324994873722118	0.2610820877263358	2.3484417217974887	2.450259456963377	0.014275330862254187	2.4704295331648014	1.198377205715704	5.0927387881080115	HPVVT-FJ-M02|Neutralization|persistence_dose_contrast	0.02141299629338128	yes
HPVVT-FJ-M02	Six-year 4vHPV persistence	persistence_dose_contrast	dose3_minus_dose1_at_v1		HPV18	vaccine_target_2vHPV_and_4vHPV	nAb	neutralizing_antibody	Neutralization	high	mixedlm_powell	1.505263157894742	0.545999715068926	0.4351233807905157	2.5754029349989684	2.7568936692663297	0.005835332363749903	2.8387644761229356	1.352026454802104	5.960374312407269	HPVVT-FJ-M02|Neutralization|persistence_dose_contrast	0.011670664727499806	yes
HPVVT-FJ-M02	Six-year 4vHPV persistence	persistence_dose_contrast	dose3_minus_dose2_at_v1		HPV18	vaccine_target_2vHPV_and_4vHPV	nAb	neutralizing_antibody	Neutralization	high	mixedlm_powell	0.20050125313282985	0.5396292209226631	-0.857152584880998	1.2581550911466577	0.3715537360819915	0.7102251400345434	1.1490975306169815	0.5520410345473165	2.3918967109986977	HPVVT-FJ-M02|Neutralization|persistence_dose_contrast	0.7102251400345434	no
HPVVT-FJ-M03	Heterologous 2vHPV recall	recall_dose_contrast	dose2_minus_dose1_change		HPV18	vaccine_target_2vHPV_and_4vHPV	nAb	neutralizing_antibody	Neutralization	high	mixedlm_powell	-0.8619047619047671	0.5717913854026596	-1.9825952839642416	0.25878576015470744	-1.5073762632814196	0.13171423950799613	0.5502256260881349	0.25303427344406026	1.196471274358848	HPVVT-FJ-M03|Neutralization|recall_dose_contrast	0.1975713592619942	no
HPVVT-FJ-M03	Heterologous 2vHPV recall	recall_dose_contrast	dose3_minus_dose1_change		HPV18	vaccine_target_2vHPV_and_4vHPV	nAb	neutralizing_antibody	Neutralization	high	mixedlm_powell	-0.9421052631578979	0.5862877634856676	-2.0912081641663436	0.20699763785054803	-1.6068990721497953	0.1080765099946575	0.5204728222703882	0.23468407219533008	1.15428352758698	HPVVT-FJ-M03|Neutralization|recall_dose_contrast	0.1975713592619942	no
HPVVT-FJ-M03	Heterologous 2vHPV recall	recall_dose_contrast	dose3_minus_dose2_change		HPV18	vaccine_target_2vHPV_and_4vHPV	nAb	neutralizing_antibody	Neutralization	high	mixedlm_powell	-0.08020050125313083	0.5794472054006886	-1.2158961547808635	1.0554951522746019	-0.13840864276439482	0.8899174668212994	0.9459261757230825	0.43050558085491736	2.0784314297185387	HPVVT-FJ-M03|Neutralization|recall_dose_contrast	0.8899174668212994	no
HPVVT-FJ-M01	Primary 2vHPV induction	within_trajectory	dose0_v2_minus_v1	0	HPV31	cross_reactive_non_booster_target	FcgR2A	fc_gamma_receptor_binding	Fc-receptor engagement	low	mixedlm_powell	-1.0157618476208323	1.041446892178154	-3.0569602481011833	1.0254365528595184	-0.9753371537711327	0.3293930465522743	0.4945670919421337	0.12016092690713838	2.035575246695007	HPVVT-FJ-M01|Fc-receptor engagement|within_trajectory	0.4506622249290677	no
HPVVT-FJ-M03	Heterologous 2vHPV recall	within_trajectory	dose1_v2_minus_v1	1	HPV31	cross_reactive_non_booster_target	FcgR2A	fc_gamma_receptor_binding	Fc-receptor engagement	low	mixedlm_powell	3.735969223046891	1.041446892178147	1.694770822566554	5.7771676235272285	3.587287312589941	0.0003341360836582184	13.324128087988354	3.2372545755014803	54.84041652103275	HPVVT-FJ-M03|Fc-receptor engagement|within_trajectory	0.0005397582889863527	yes
HPVVT-FJ-M03	Heterologous 2vHPV recall	within_trajectory	dose2_v2_minus_v1	2	HPV31	cross_reactive_non_booster_target	FcgR2A	fc_gamma_receptor_binding	Fc-receptor engagement	low	mixedlm_powell	2.330053899987351	1.0163480980486768	0.33804823205616086	4.322059567918541	2.292574664586774	0.02187250438328259	5.028241352814	1.2640453572017534	20.001822686267207	HPVVT-FJ-M03|Fc-receptor engagement|within_trajectory	0.027559355522936063	yes
HPVVT-FJ-M03	Heterologous 2vHPV recall	within_trajectory	dose3_v2_minus_v1	3	HPV31	cross_reactive_non_booster_target	FcgR2A	fc_gamma_receptor_binding	Fc-receptor engagement	low	mixedlm_powell	2.343158703535246	1.0685019662211401	0.24893333233157788	4.4373840747389135	2.1929381298399027	0.028311837045731703	5.074123745119172	1.1883281905406722	21.66634771920021	HPVVT-FJ-M03|Fc-receptor engagement|within_trajectory	0.034973445762374454	yes
HPVVT-FJ-M04	Primary-versus-recall contrast	primary_minus_pooled_recall	dose0_minus_mean_dose1_2_3_change		HPV31	cross_reactive_non_booster_target	FcgR2A	fc_gamma_receptor_binding	Fc-receptor engagement	low	mixedlm_powell	-3.8188224564773283	1.2028104219563325	-6.176287563741166	-1.461357349213491	-3.1749163349167997	0.0014987970905863844	0.07086305843876964	0.013827771090252787	0.3631513002725502	HPVVT-FJ-M04|Fc-receptor engagement|primary_minus_pooled_recall	0.0022481956358795766	yes
HPVVT-FJ-M02	Six-year 4vHPV persistence	persistence_dose_contrast	dose2_minus_dose1_at_v1		HPV31	cross_reactive_non_booster_target	FcgR2A	fc_gamma_receptor_binding	Fc-receptor engagement	low	mixedlm_powell	2.918511538460712	1.0289740248108155	0.90175950880429	4.935263568117135	2.8363315964144986	0.004563503786147681	7.560656645695257	1.8683432228491608	30.5958392521281	HPVVT-FJ-M02|Fc-receptor engagement|persistence_dose_contrast	0.07187518463182598	no
HPVVT-FJ-M02	Six-year 4vHPV persistence	persistence_dose_contrast	dose3_minus_dose1_at_v1		HPV31	cross_reactive_non_booster_target	FcgR2A	fc_gamma_receptor_binding	Fc-receptor engagement	low	mixedlm_powell	2.8198422562003693	1.0550611553308877	0.7519603902646099	4.887724122136129	2.672681334112819	0.007524769335379733	7.060851896900804	1.6840796695408695	29.604080146374447	HPVVT-FJ-M02|Fc-receptor engagement|persistence_dose_contrast	0.0790100780214872	no
HPVVT-FJ-M02	Six-year 4vHPV persistence	persistence_dose_contrast	dose3_minus_dose2_at_v1		HPV31	cross_reactive_non_booster_target	FcgR2A	fc_gamma_receptor_binding	Fc-receptor engagement	low	mixedlm_powell	-0.09866928226034277	1.0427511472329234	-2.1424239756746957	1.9450854111540101	-0.09462399779868344	0.9246134878711862	0.9338940025693374	0.2264989118413715	3.850605731147147	HPVVT-FJ-M02|Fc-receptor engagement|persistence_dose_contrast	0.9549286841948317	no
HPVVT-FJ-M03	Heterologous 2vHPV recall	recall_dose_contrast	dose2_minus_dose1_change		HPV31	cross_reactive_non_booster_target	FcgR2A	fc_gamma_receptor_binding	Fc-receptor engagement	low	mixedlm_powell	-1.4059153230595407	1.4551890205862201	-4.258033394106647	1.446202747987566	-0.9661393146666063	0.3339744741902717	0.3773786411845543	0.05226419021980323	2.7248989838617796	HPVVT-FJ-M03|Fc-receptor engagement|recall_dose_contrast	0.761601386181712	no
HPVVT-FJ-M03	Heterologous 2vHPV recall	recall_dose_contrast	dose3_minus_dose1_change		HPV31	cross_reactive_non_booster_target	FcgR2A	fc_gamma_receptor_binding	Fc-receptor engagement	low	mixedlm_powell	-1.3928105195116456	1.4920817943551095	-4.317237098435559	1.531616059412268	-0.9334679404178577	0.350578415861423	0.38082219801635436	0.05016284214953158	2.8910950872699246	HPVVT-FJ-M03|Fc-receptor engagement|recall_dose_contrast	0.761601386181712	no
HPVVT-FJ-M03	Heterologous 2vHPV recall	recall_dose_contrast	dose3_minus_dose2_change		HPV31	cross_reactive_non_booster_target	FcgR2A	fc_gamma_receptor_binding	Fc-receptor engagement	low	mixedlm_powell	0.013104803547895116	1.4746728139575929	-2.8772008007893226	2.903410407885113	0.008886583806156726	0.992909625305679	1.0091249383404188	0.1361056817972098	7.4819296867989395	HPVVT-FJ-M03|Fc-receptor engagement|recall_dose_contrast	0.992909625305679	no
HPVVT-FJ-M01	Primary 2vHPV induction	within_trajectory	dose0_v2_minus_v1	0	HPV31	cross_reactive_non_booster_target	FcgR2B	fc_gamma_receptor_binding	Fc-receptor engagement	moderate	mixedlm_powell	2.3336024071487675	0.7077415419134527	0.946454474635555	3.72075033966198	3.2972522721213045	0.0009763576220353552	5.040624227431698	1.9271307729498017	13.184311598781795	HPVVT-FJ-M01|Fc-receptor engagement|within_trajectory	0.004100702012548492	yes
HPVVT-FJ-M03	Heterologous 2vHPV recall	within_trajectory	dose1_v2_minus_v1	1	HPV31	cross_reactive_non_booster_target	FcgR2B	fc_gamma_receptor_binding	Fc-receptor engagement	moderate	mixedlm_powell	5.080293889823286	0.707741541913458	3.6931459573100636	6.467441822336509	7.178176762223321	7.064718533832613e-13	33.831468367342154	12.93444241091583	88.4899569327033	HPVVT-FJ-M03|Fc-receptor engagement|within_trajectory	4.046156978467769e-12	yes
HPVVT-FJ-M03	Heterologous 2vHPV recall	within_trajectory	dose2_v2_minus_v1	2	HPV31	cross_reactive_non_booster_target	FcgR2B	fc_gamma_receptor_binding	Fc-receptor engagement	moderate	mixedlm_powell	3.3449162085835757	0.690685022382051	1.9911984400535148	4.698633977113637	4.842896689792909	1.2795982822144595e-06	10.16061771668998	3.975671181953264	25.967477605628588	HPVVT-FJ-M03|Fc-receptor engagement|within_trajectory	3.111703212209683e-06	yes
HPVVT-FJ-M03	Heterologous 2vHPV recall	within_trajectory	dose3_v2_minus_v1	3	HPV31	cross_reactive_non_booster_target	FcgR2B	fc_gamma_receptor_binding	Fc-receptor engagement	moderate	mixedlm_powell	2.7137680232993717	0.7261275008745756	1.290584273401127	4.136951773197616	3.7373161325398176	0.00018599501044085824	6.5603283433522	2.4462710639051086	17.593270266577317	HPVVT-FJ-M03|Fc-receptor engagement|within_trajectory	0.00031669420696686673	yes
HPVVT-FJ-M04	Primary-versus-recall contrast	primary_minus_pooled_recall	dose0_minus_mean_dose1_2_3_change		HPV31	cross_reactive_non_booster_target	FcgR2B	fc_gamma_receptor_binding	Fc-receptor engagement	moderate	mixedlm_powell	-1.3793903000866439	0.8174002045217355	-2.9814652619049196	0.22268466173163182	-1.6875335881445386	0.09150079705120553	0.3843812050251493	0.1266162728228711	1.1669030171443926	HPVVT-FJ-M04|Fc-receptor engagement|primary_minus_pooled_recall	0.10675092989307312	no
HPVVT-FJ-M02	Six-year 4vHPV persistence	persistence_dose_contrast	dose2_minus_dose1_at_v1		HPV31	cross_reactive_non_booster_target	FcgR2B	fc_gamma_receptor_binding	Fc-receptor engagement	moderate	mixedlm_powell	1.2263095634590144	0.8973911617413456	-0.5325447935985814	2.9851639205166105	1.3665273469814636	0.17177350343773756	2.3396773059159055	0.6913342021020877	7.9181528690078675	HPVVT-FJ-M02|Fc-receptor engagement|persistence_dose_contrast	0.44602808151727963	no
HPVVT-FJ-M02	Six-year 4vHPV persistence	persistence_dose_contrast	dose3_minus_dose1_at_v1		HPV31	cross_reactive_non_booster_target	FcgR2B	fc_gamma_receptor_binding	Fc-receptor engagement	moderate	mixedlm_powell	2.0200219465257385	0.9201423292144117	0.2165761206146939	3.823467772436783	2.1953363978487643	0.02813947580900184	4.05589961773521	1.1619726572427258	14.157236494858667	HPVVT-FJ-M02|Fc-receptor engagement|persistence_dose_contrast	0.19697633066301287	no
HPVVT-FJ-M02	Six-year 4vHPV persistence	persistence_dose_contrast	dose3_minus_dose2_at_v1		HPV31	cross_reactive_non_booster_target	FcgR2B	fc_gamma_receptor_binding	Fc-receptor engagement	moderate	mixedlm_powell	0.7937123830667239	0.9094064970148489	-0.988691598389112	2.5761163645225595	0.8727806384406819	0.3827826548041251	1.7335294946357827	0.5039345936346086	5.96332251591987	HPVVT-FJ-M02|Fc-receptor engagement|persistence_dose_contrast	0.5941396470597752	no
HPVVT-FJ-M03	Heterologous 2vHPV recall	recall_dose_contrast	dose2_minus_dose1_change		HPV31	cross_reactive_non_booster_target	FcgR2B	fc_gamma_receptor_binding	Fc-receptor engagement	moderate	mixedlm_powell	-1.7353776812397108	0.9889104561551229	-3.673606559238828	0.20285119675940622	-1.754838034564674	0.07928701575926897	0.30033037899407644	0.07836718256250322	1.1509707711488315	HPVVT-FJ-M03|Fc-receptor engagement|recall_dose_contrast	0.5091628686640461	no
HPVVT-FJ-M03	Heterologous 2vHPV recall	recall_dose_contrast	dose3_minus_dose1_change		HPV31	cross_reactive_non_booster_target	FcgR2B	fc_gamma_receptor_binding	Fc-receptor engagement	moderate	mixedlm_powell	-2.366525866523915	1.0139818724594614	-4.353893817520946	-0.37915791552688427	-2.333893662993988	0.019601290656049906	0.1939120191923135	0.0489043355893827	0.7688862497378174	HPVVT-FJ-M03|Fc-receptor engagement|recall_dose_contrast	0.5091628686640461	no
HPVVT-FJ-M03	Heterologous 2vHPV recall	recall_dose_contrast	dose3_minus_dose2_change		HPV31	cross_reactive_non_booster_target	FcgR2B	fc_gamma_receptor_binding	Fc-receptor engagement	moderate	mixedlm_powell	-0.6311481852842044	1.0021511600897595	-2.595328366125167	1.333031995556758	-0.6297933988597832	0.5288297651197964	0.6456623530453377	0.1654734467547306	2.5193158317295055	HPVVT-FJ-M03|Fc-receptor engagement|recall_dose_contrast	0.8362986994246877	no
HPVVT-FJ-M01	Primary 2vHPV induction	within_trajectory	dose0_v2_minus_v1	0	HPV31	cross_reactive_non_booster_target	FcgR3A	fc_gamma_receptor_binding	Fc-receptor engagement	moderate	mixedlm_powell	2.016036329411983	0.6702726009377462	0.7023261717500127	3.3297464870739537	3.0077856779337893	0.0026315865544592103	4.044710174515822	1.6271262235618396	10.054340074502557	HPVVT-FJ-M01|Fc-receptor engagement|within_trajectory	0.009210552940607237	yes
HPVVT-FJ-M03	Heterologous 2vHPV recall	within_trajectory	dose1_v2_minus_v1	1	HPV31	cross_reactive_non_booster_target	FcgR3A	fc_gamma_receptor_binding	Fc-receptor engagement	moderate	mixedlm_powell	5.399575353412481	0.6702726009377457	4.085865195750511	6.713285511074451	8.05579005595365	7.896707184281428e-16	42.211826577841286	16.98118456101051	104.93015352585715	HPVVT-FJ-M03|Fc-receptor engagement|within_trajectory	6.218656907621624e-15	yes
HPVVT-FJ-M03	Heterologous 2vHPV recall	within_trajectory	dose2_v2_minus_v1	2	HPV31	cross_reactive_non_booster_target	FcgR3A	fc_gamma_receptor_binding	Fc-receptor engagement	moderate	mixedlm_powell	4.110380332860126	0.654119080150549	2.8283304941645815	5.392430171555671	6.2838410582888065	3.303084131458285e-10	17.27220459735344	7.10251756433156	42.003282491130875	HPVVT-FJ-M03|Fc-receptor engagement|within_trajectory	1.3005893767616997e-09	yes
HPVVT-FJ-M03	Heterologous 2vHPV recall	within_trajectory	dose3_v2_minus_v1	3	HPV31	cross_reactive_non_booster_target	FcgR3A	fc_gamma_receptor_binding	Fc-receptor engagement	moderate	mixedlm_powell	3.5751116012414244	0.6876851785579383	2.2272734185658694	4.922949783916979	5.198762039249355	2.0062015778784323e-07	11.918341625580936	4.682481902542094	30.33580696317027	HPVVT-FJ-M03|Fc-receptor engagement|within_trajectory	5.495247800275706e-07	yes
HPVVT-FJ-M04	Primary-versus-recall contrast	primary_minus_pooled_recall	dose0_minus_mean_dose1_2_3_change		HPV31	cross_reactive_non_booster_target	FcgR3A	fc_gamma_receptor_binding	Fc-receptor engagement	moderate	mixedlm_powell	-2.345652766426027	0.7741257629311614	-3.8629113812756954	-0.8283941515763584	-3.030066791143098	0.0024449966230397865	0.19673795731362007	0.06873023101322095	0.5631557362362181	HPVVT-FJ-M04|Fc-receptor engagement|primary_minus_pooled_recall	0.0034229952722557013	yes
HPVVT-FJ-M02	Six-year 4vHPV persistence	persistence_dose_contrast	dose2_minus_dose1_at_v1		HPV31	cross_reactive_non_booster_target	FcgR3A	fc_gamma_receptor_binding	Fc-receptor engagement	moderate	mixedlm_powell	1.647052242371164	0.7897416663545361	0.09918701922562545	3.1949174655167027	2.085558243335433	0.03701865712227734	3.131930595354449	1.0711696718967634	9.157269395751378	HPVVT-FJ-M02|Fc-receptor engagement|persistence_dose_contrast	0.20139361741397474	no
HPVVT-FJ-M02	Six-year 4vHPV persistence	persistence_dose_contrast	dose3_minus_dose1_at_v1		HPV31	cross_reactive_non_booster_target	FcgR3A	fc_gamma_receptor_binding	Fc-receptor engagement	moderate	mixedlm_powell	2.2149567638913092	0.8097636430328278	0.6278491875570182	3.8020643402256002	2.735312684076031	0.006232104494547418	4.6426765191384805	1.545259556805501	13.948753894730201	HPVVT-FJ-M02|Fc-receptor engagement|persistence_dose_contrast	0.07852451663129748	no
HPVVT-FJ-M02	Six-year 4vHPV persistence	persistence_dose_contrast	dose3_minus_dose2_at_v1		HPV31	cross_reactive_non_booster_target	FcgR3A	fc_gamma_receptor_binding	Fc-receptor engagement	moderate	mixedlm_powell	0.5679045215201453	0.8003156627401166	-1.0006853537137876	2.1364943967540784	0.709600658789754	0.4779518109824191	1.4823689024350988	0.49976253091222994	4.396923392587344	HPVVT-FJ-M02|Fc-receptor engagement|persistence_dose_contrast	0.6843400929975547	no
HPVVT-FJ-M03	Heterologous 2vHPV recall	recall_dose_contrast	dose2_minus_dose1_change		HPV31	cross_reactive_non_booster_target	FcgR3A	fc_gamma_receptor_binding	Fc-receptor engagement	moderate	mixedlm_powell	-1.2891950205523548	0.9365559943670483	-3.1248110390168673	0.5464209979121575	-1.3765274348851189	0.1686583995269958	0.4091792750427987	0.11464051977722857	1.460458129899434	HPVVT-FJ-M03|Fc-receptor engagement|recall_dose_contrast	0.664092448137546	no
HPVVT-FJ-M03	Heterologous 2vHPV recall	recall_dose_contrast	dose3_minus_dose1_change		HPV31	cross_reactive_non_booster_target	FcgR3A	fc_gamma_receptor_binding	Fc-receptor engagement	moderate	mixedlm_powell	-1.8244637521710567	0.9603000907925158	-3.7066173444749317	0.05768984013281808	-1.8998891801263547	0.057447664235764605	0.28234602934328745	0.07659439618715076	1.0407978162153588	HPVVT-FJ-M03|Fc-receptor engagement|recall_dose_contrast	0.5091628686640461	no
HPVVT-FJ-M03	Heterologous 2vHPV recall	recall_dose_contrast	dose3_minus_dose2_change		HPV31	cross_reactive_non_booster_target	FcgR3A	fc_gamma_receptor_binding	Fc-receptor engagement	moderate	mixedlm_powell	-0.5352687316187019	0.9490957147860609	-2.3954621504806806	1.3249246872432767	-0.5639776086644315	0.5727693708849327	0.6900301324248522	0.1900614504399137	2.505198095416972	HPVVT-FJ-M03|Fc-receptor engagement|recall_dose_contrast	0.8362986994246877	no
HPVVT-FJ-M01	Primary 2vHPV induction	within_trajectory	dose0_v2_minus_v1	0	HPV31	cross_reactive_non_booster_target	IgA1	antibody_isotype_or_subclass	Antibody abundance	low	mixedlm_lbfgs	2.4189533227668045	0.5580101734727551	1.3252734797532568	3.5126331657803522	4.334962761901886	1.4578479883708637e-05	5.347828954133571	2.505803836714812	11.413213637729886	HPVVT-FJ-M01|Antibody abundance|within_trajectory	3.71088578858038e-05	yes
HPVVT-FJ-M03	Heterologous 2vHPV recall	within_trajectory	dose1_v2_minus_v1	1	HPV31	cross_reactive_non_booster_target	IgA1	antibody_isotype_or_subclass	Antibody abundance	low	mixedlm_lbfgs	3.516461821768436	0.5580101734727525	2.422781978754893	4.610141664781979	6.301788012006817	2.942314163929604e-10	11.44354250225896	5.362039989256808	24.4225453863424	HPVVT-FJ-M03|Antibody abundance|within_trajectory	1.544714936063042e-09	yes
HPVVT-FJ-M03	Heterologous 2vHPV recall	within_trajectory	dose2_v2_minus_v1	2	HPV31	cross_reactive_non_booster_target	IgA1	antibody_isotype_or_subclass	Antibody abundance	low	mixedlm_lbfgs	3.2295791434204992	0.5445621689980827	2.162256904841243	4.2969013819997555	5.9305976934873526	3.0183393180558543e-09	9.379942919487394	4.476145413221959	19.656048016883066	HPVVT-FJ-M03|Antibody abundance|within_trajectory	1.491414721862893e-08	yes
HPVVT-FJ-M03	Heterologous 2vHPV recall	within_trajectory	dose3_v2_minus_v1	3	HPV31	cross_reactive_non_booster_target	IgA1	antibody_isotype_or_subclass	Antibody abundance	low	mixedlm_lbfgs	3.381308922398688	0.5725063582263256	2.2592170793549036	4.503400765442472	5.90615086420049	3.5019330378302693e-09	10.42018453814203	4.787316136342329	22.680817960748502	HPVVT-FJ-M03|Antibody abundance|within_trajectory	1.6342354176541256e-08	yes
HPVVT-FJ-M04	Primary-versus-recall contrast	primary_minus_pooled_recall	dose0_minus_mean_dose1_2_3_change		HPV31	cross_reactive_non_booster_target	IgA1	antibody_isotype_or_subclass	Antibody abundance	low	mixedlm_lbfgs	-0.9568299730957366	0.644469206496875	-2.2199664069747187	0.3063064607832455	-1.4846791180245107	0.13762884591337055	0.51518768999198	0.21464635707251908	1.2365379014077553	HPVVT-FJ-M04|Antibody abundance|primary_minus_pooled_recall	0.24085048034839845	no
HPVVT-FJ-M02	Six-year 4vHPV persistence	persistence_dose_contrast	dose2_minus_dose1_at_v1		HPV31	cross_reactive_non_booster_target	IgA1	antibody_isotype_or_subclass	Antibody abundance	low	mixedlm_lbfgs	0.7267291444473659	0.7974863864980757	-0.836315451249852	2.2897737401445837	0.911274670955301	0.3621506687150393	1.6548829106999585	0.5600721316149277	4.88979417745729	HPVVT-FJ-M02|Antibody abundance|persistence_dose_contrast	0.585012618693525	no
HPVVT-FJ-M02	Six-year 4vHPV persistence	persistence_dose_contrast	dose3_minus_dose1_at_v1		HPV31	cross_reactive_non_booster_target	IgA1	antibody_isotype_or_subclass	Antibody abundance	low	mixedlm_lbfgs	1.0102712309285158	0.8177047116947502	-0.592400553981903	2.6129430158389346	1.2354964041171512	0.2166458139187486	2.014289756941292	0.6632384013244234	6.117503475094997	HPVVT-FJ-M02|Antibody abundance|persistence_dose_contrast	0.4507020413369922	no
HPVVT-FJ-M02	Six-year 4vHPV persistence	persistence_dose_contrast	dose3_minus_dose2_at_v1		HPV31	cross_reactive_non_booster_target	IgA1	antibody_isotype_or_subclass	Antibody abundance	low	mixedlm_lbfgs	0.28354208648115	0.8081640783657286	-1.3004304007146839	1.8675145736769838	0.3508471782791058	0.7257030010327257	1.2171796227500573	0.4060050561973799	3.6490339502514124	HPVVT-FJ-M02|Antibody abundance|persistence_dose_contrast	0.8974702430673018	no
HPVVT-FJ-M03	Heterologous 2vHPV recall	recall_dose_contrast	dose2_minus_dose1_change		HPV31	cross_reactive_non_booster_target	IgA1	antibody_isotype_or_subclass	Antibody abundance	low	mixedlm_lbfgs	-0.2868826783479367	0.7796943693544206	-1.8150555612312713	1.2412902045353982	-0.3679424780064434	0.7129161257297629	0.8196712615552213	0.2841932982144549	2.3640985950081608	HPVVT-FJ-M03|Antibody abundance|recall_dose_contrast	0.8938052919597027	no
HPVVT-FJ-M03	Heterologous 2vHPV recall	recall_dose_contrast	dose3_minus_dose1_change		HPV31	cross_reactive_non_booster_target	IgA1	antibody_isotype_or_subclass	Antibody abundance	low	mixedlm_lbfgs	-0.13515289936974806	0.7994616212856381	-1.7020688841115992	1.4317630853721028	-0.169054893657565	0.8657534638215294	0.9105733243080175	0.3073450417125397	2.6977620147093617	HPVVT-FJ-M03|Antibody abundance|recall_dose_contrast	0.9253073736009508	no
HPVVT-FJ-M03	Heterologous 2vHPV recall	recall_dose_contrast	dose3_minus_dose2_change		HPV31	cross_reactive_non_booster_target	IgA1	antibody_isotype_or_subclass	Antibody abundance	low	mixedlm_lbfgs	0.15172977897818862	0.7901338406330071	-1.396904091628816	1.7003636495851933	0.19203047784490787	0.8477183318131182	1.110900634213186	0.3797431664150795	3.2498286427261776	HPVVT-FJ-M03|Antibody abundance|recall_dose_contrast	0.9253073736009508	no
HPVVT-FJ-M01	Primary 2vHPV induction	within_trajectory	dose0_v2_minus_v1	0	HPV31	cross_reactive_non_booster_target	IgA2	antibody_isotype_or_subclass	Antibody abundance	high	mixedlm_powell	3.464110451171125	1.042824619638267	1.4202117544884412	5.508009147853809	3.3218533451701107	0.0008942168045082752	11.035732225992577	2.676247892453957	45.50676568759085	HPVVT-FJ-M01|Antibody abundance|within_trajectory	0.0017884336090165504	yes
HPVVT-FJ-M03	Heterologous 2vHPV recall	within_trajectory	dose1_v2_minus_v1	1	HPV31	cross_reactive_non_booster_target	IgA2	antibody_isotype_or_subclass	Antibody abundance	high	mixedlm_powell	4.103218683831434	1.0428246196382656	2.059319987148753	6.147117380514116	3.9347159690713442	8.32951406893249e-05	17.186676506307204	4.16789804576431	70.87069935231226	HPVVT-FJ-M03|Antibody abundance|within_trajectory	0.00021864974430947786	yes
HPVVT-FJ-M03	Heterologous 2vHPV recall	within_trajectory	dose2_v2_minus_v1	2	HPV31	cross_reactive_non_booster_target	IgA2	antibody_isotype_or_subclass	Antibody abundance	high	mixedlm_powell	4.901327733755285	1.01769262237751	2.906686846563244	6.895968620947326	4.816117977061597	1.463779996359214e-06	29.88454627074185	7.498940864219562	119.0949658063555	HPVVT-FJ-M03|Antibody abundance|within_trajectory	4.729135372852845e-06	yes
HPVVT-FJ-M03	Heterologous 2vHPV recall	within_trajectory	dose3_v2_minus_v1	3	HPV31	cross_reactive_non_booster_target	IgA2	antibody_isotype_or_subclass	Antibody abundance	high	mixedlm_powell	4.571850710320104	1.0699154847702954	2.4748548936686117	6.6688465269715955	4.273095188730401	1.9277810986616646e-05	23.782866579166534	5.5591137153446715	101.7472877306247	HPVVT-FJ-M03|Antibody abundance|within_trajectory	5.397787076252661e-05	yes
HPVVT-FJ-M04	Primary-versus-recall contrast	primary_minus_pooled_recall	dose0_minus_mean_dose1_2_3_change		HPV31	cross_reactive_non_booster_target	IgA2	antibody_isotype_or_subclass	Antibody abundance	high	mixedlm_powell	-1.0613552581311492	1.2044016168219445	-3.421939050023971	1.2992285337616725	-0.8812303498327644	0.37819315552690125	0.47918170805589244	0.09330259065571102	2.4609724952080723	HPVVT-FJ-M04|Antibody abundance|primary_minus_pooled_recall	0.5294704177376618	no
HPVVT-FJ-M02	Six-year 4vHPV persistence	persistence_dose_contrast	dose2_minus_dose1_at_v1		HPV31	cross_reactive_non_booster_target	IgA2	antibody_isotype_or_subclass	Antibody abundance	high	mixedlm_powell	0.09217501942527906	1.3837831132130038	-2.6199900448869204	2.804340083737479	0.06661088616066287	0.9468914790930402	1.065976046278046	0.1626688543997914	6.985387186940393	HPVVT-FJ-M02|Antibody abundance|persistence_dose_contrast	0.9699863932172607	no
HPVVT-FJ-M02	Six-year 4vHPV persistence	persistence_dose_contrast	dose3_minus_dose1_at_v1		HPV31	cross_reactive_non_booster_target	IgA2	antibody_isotype_or_subclass	Antibody abundance	high	mixedlm_powell	1.7407195789021108	1.4188655640965395	-1.040205825631214	4.5216449834354355	1.2268389782301266	0.2198831174922098	3.342018174140486	0.48625809555182425	22.969459179101587	HPVVT-FJ-M02|Antibody abundance|persistence_dose_contrast	0.4507020413369922	no
HPVVT-FJ-M02	Six-year 4vHPV persistence	persistence_dose_contrast	dose3_minus_dose2_at_v1		HPV31	cross_reactive_non_booster_target	IgA2	antibody_isotype_or_subclass	Antibody abundance	high	mixedlm_powell	1.6485445594768318	1.4023108397607038	-1.0999341815842665	4.39702330053793	1.1755913972383942	0.23975819489211303	3.135171926057299	0.46653777959916726	21.068611023061884	HPVVT-FJ-M02|Antibody abundance|persistence_dose_contrast	0.46678860671651057	no
HPVVT-FJ-M03	Heterologous 2vHPV recall	recall_dose_contrast	dose2_minus_dose1_change		HPV31	cross_reactive_non_booster_target	IgA2	antibody_isotype_or_subclass	Antibody abundance	high	mixedlm_powell	0.798109049923851	1.4571140864617658	-2.057782080907192	3.654000180754894	0.5477327117616835	0.5838754473987142	1.738820548567069	0.2401849931928317	12.588200702829415	HPVVT-FJ-M03|Antibody abundance|recall_dose_contrast	0.8555073470945799	no
HPVVT-FJ-M03	Heterologous 2vHPV recall	recall_dose_contrast	dose3_minus_dose1_change		HPV31	cross_reactive_non_booster_target	IgA2	antibody_isotype_or_subclass	Antibody abundance	high	mixedlm_powell	0.46863202648866964	1.4940556655877817	-2.4596632689614015	3.3969273219387404	0.31366436825786104	0.7537759659302543	1.383796720118555	0.18178899002205193	10.533604715987384	HPVVT-FJ-M03|Antibody abundance|recall_dose_contrast	0.9045311591163052	no
HPVVT-FJ-M03	Heterologous 2vHPV recall	recall_dose_contrast	dose3_minus_dose2_change		HPV31	cross_reactive_non_booster_target	IgA2	antibody_isotype_or_subclass	Antibody abundance	high	mixedlm_powell	-0.32947702343518137	1.4766236548941198	-3.223606205747558	2.5646521588771956	-0.223128636970675	0.8234353910495206	0.7958249177920731	0.10705275241902082	5.9161234575247645	HPVVT-FJ-M03|Antibody abundance|recall_dose_contrast	0.9253073736009508	no
HPVVT-FJ-M01	Primary 2vHPV induction	within_trajectory	dose0_v2_minus_v1	0	HPV31	cross_reactive_non_booster_target	IgG	antibody_isotype_or_subclass	Antibody abundance	none	mixedlm_powell	2.032957307307011	0.47476681002056187	1.1024314586117399	2.9634831560022823	4.282012272970313	1.8521076409917104e-05	4.092428772684928	2.147162616504321	7.800048832242589	HPVVT-FJ-M01|Antibody abundance|within_trajectory	4.3215844956473244e-05	yes
HPVVT-FJ-M03	Heterologous 2vHPV recall	within_trajectory	dose1_v2_minus_v1	1	HPV31	cross_reactive_non_booster_target	IgG	antibody_isotype_or_subclass	Antibody abundance	none	mixedlm_powell	5.041652973623405	0.4747668100205636	4.111127124928131	5.972178822318679	10.619219514112698	2.425808134119108e-26	32.93735895293989	17.28114764077803	62.777637072833116	HPVVT-FJ-M03|Antibody abundance|within_trajectory	6.792262775533503e-25	yes
HPVVT-FJ-M03	Heterologous 2vHPV recall	within_trajectory	dose2_v2_minus_v1	2	HPV31	cross_reactive_non_booster_target	IgG	antibody_isotype_or_subclass	Antibody abundance	none	mixedlm_powell	3.081909270665939	0.4633249645326104	2.173809027043725	3.990009514288153	6.651722886926425	2.8968174058171613e-11	8.467342641390218	4.512131228805134	15.889584715312237	HPVVT-FJ-M03|Antibody abundance|within_trajectory	1.738090443490297e-10	yes
HPVVT-FJ-M03	Heterologous 2vHPV recall	within_trajectory	dose3_v2_minus_v1	3	HPV31	cross_reactive_non_booster_target	IgG	antibody_isotype_or_subclass	Antibody abundance	none	mixedlm_powell	3.3060804489642086	0.48710046936962326	2.3513810721471913	4.260779825781226	6.787265988970907	1.1427840517179058e-11	9.89075360981393	5.103125323559334	19.17001852147632	HPVVT-FJ-M03|Antibody abundance|within_trajectory	7.384143103408007e-11	yes
HPVVT-FJ-M04	Primary-versus-recall contrast	primary_minus_pooled_recall	dose0_minus_mean_dose1_2_3_change		HPV31	cross_reactive_non_booster_target	IgG	antibody_isotype_or_subclass	Antibody abundance	none	mixedlm_powell	-1.7769235904441731	0.5483279765685919	-2.8516266762343356	-0.7022205046540104	-3.2406217927527043	0.0011926931011577158	0.2918049799324051	0.13853988857874003	0.6146254857492233	HPVVT-FJ-M04|Antibody abundance|primary_minus_pooled_recall	0.0027829505693680034	yes
HPVVT-FJ-M02	Six-year 4vHPV persistence	persistence_dose_contrast	dose2_minus_dose1_at_v1		HPV31	cross_reactive_non_booster_target	IgG	antibody_isotype_or_subclass	Antibody abundance	none	mixedlm_powell	1.9388683668818678	0.5600455100521167	0.8411993374763542	3.0365373962873816	3.461983592550257	0.0005362098431615284	3.834047915168366	1.7915388603813969	8.20519372528568	HPVVT-FJ-M02|Antibody abundance|persistence_dose_contrast	0.007506937804261398	yes
HPVVT-FJ-M02	Six-year 4vHPV persistence	persistence_dose_contrast	dose3_minus_dose1_at_v1		HPV31	cross_reactive_non_booster_target	IgG	antibody_isotype_or_subclass	Antibody abundance	none	mixedlm_powell	1.7986315143799545	0.5742441000705539	0.6731337599070542	2.924129268852855	3.1321723882909156	0.0017351795954972603	3.478900734722751	1.5945327838171932	7.590154586274113	HPVVT-FJ-M02|Antibody abundance|persistence_dose_contrast	0.018219385752721234	yes
HPVVT-FJ-M02	Six-year 4vHPV persistence	persistence_dose_contrast	dose3_minus_dose2_at_v1		HPV31	cross_reactive_non_booster_target	IgG	antibody_isotype_or_subclass	Antibody abundance	none	mixedlm_powell	-0.1402368525019133	0.5675440623652895	-1.252602774377435	0.9721290693736084	-0.24709421135949156	0.8048353135291408	0.9073701768200205	0.41969035843552993	1.9617335047949842	HPVVT-FJ-M02|Antibody abundance|persistence_dose_contrast	0.9179102029017954	no
HPVVT-FJ-M03	Heterologous 2vHPV recall	recall_dose_contrast	dose2_minus_dose1_change		HPV31	cross_reactive_non_booster_target	IgG	antibody_isotype_or_subclass	Antibody abundance	none	mixedlm_powell	-1.9597437029574667	0.6633803936326779	-3.2599453825275195	-0.6595420233874139	-2.95417790722739	0.0031350321854493176	0.2570741222296588	0.10438994184263181	0.6330792330527023	HPVVT-FJ-M03|Antibody abundance|recall_dose_contrast	0.0877809011925809	no
HPVVT-FJ-M03	Heterologous 2vHPV recall	recall_dose_contrast	dose3_minus_dose1_change		HPV31	cross_reactive_non_booster_target	IgG	antibody_isotype_or_subclass	Antibody abundance	none	mixedlm_powell	-1.7355725246591966	0.680198787970994	-3.0687376514101414	-0.40240739790825186	-2.5515666233930534	0.010723981871539622	0.30028982056350056	0.1191839893443703	0.7565947140224566	HPVVT-FJ-M03|Antibody abundance|recall_dose_contrast	0.1501357462015547	no
HPVVT-FJ-M03	Heterologous 2vHPV recall	recall_dose_contrast	dose3_minus_dose2_change		HPV31	cross_reactive_non_booster_target	IgG	antibody_isotype_or_subclass	Antibody abundance	none	mixedlm_powell	0.22417117829827005	0.6722625157029447	-1.0934391406357942	1.5417814972323343	0.3334577981993651	0.7387887404067324	1.1681059842158472	0.4686428767353757	2.911538098831142	HPVVT-FJ-M03|Antibody abundance|recall_dose_contrast	0.8993949883212394	no
HPVVT-FJ-M01	Primary 2vHPV induction	within_trajectory	dose0_v2_minus_v1	0	HPV31	cross_reactive_non_booster_target	IgG1	antibody_isotype_or_subclass	IgG subclass architecture	none	mixedlm_powell	1.9731375636557502	0.4585077391053434	1.0744789083763897	2.8717962189351107	4.3033898784474305	1.6820447072816008e-05	3.926210609050814	2.1059612756501527	7.319759354010061	HPVVT-FJ-M01|IgG subclass architecture|within_trajectory	9.419450360776964e-05	yes
HPVVT-FJ-M03	Heterologous 2vHPV recall	within_trajectory	dose1_v2_minus_v1	1	HPV31	cross_reactive_non_booster_target	IgG1	antibody_isotype_or_subclass	IgG subclass architecture	none	mixedlm_powell	4.676450545473427	0.45850773910534115	3.7777918901940715	5.575109200752784	10.199283777844856	1.997399958430319e-24	25.571245834497137	13.716037895022776	47.673287179059784	HPVVT-FJ-M03|IgG subclass architecture|within_trajectory	2.7963599418024464e-23	yes
HPVVT-FJ-M03	Heterologous 2vHPV recall	within_trajectory	dose2_v2_minus_v1	2	HPV31	cross_reactive_non_booster_target	IgG1	antibody_isotype_or_subclass	IgG subclass architecture	none	mixedlm_powell	2.7062367657947863	0.4474577360403694	1.829235718551832	3.5832378130377407	6.04802766344536	1.4662978391245688e-09	6.526170891859372	3.553487731949528	11.985663022504978	HPVVT-FJ-M03|IgG subclass architecture|within_trajectory	5.13204243693599e-09	yes
HPVVT-FJ-M03	Heterologous 2vHPV recall	within_trajectory	dose3_v2_minus_v1	3	HPV31	cross_reactive_non_booster_target	IgG1	antibody_isotype_or_subclass	IgG subclass architecture	none	mixedlm_powell	3.1840889399047896	0.47041901458558766	2.262084613674215	4.106093266135364	6.768622953538114	1.3001387381487491e-11	9.08879441105822	4.79684098034155	17.22095524638412	HPVVT-FJ-M03|IgG subclass architecture|within_trajectory	5.4605827002247464e-11	yes
HPVVT-FJ-M04	Primary-versus-recall contrast	primary_minus_pooled_recall	dose0_minus_mean_dose1_2_3_change		HPV31	cross_reactive_non_booster_target	IgG1	antibody_isotype_or_subclass	IgG subclass architecture	none	mixedlm_powell	-1.5491211867352508	0.5295496979112414	-2.5870195226653494	-0.5112228508051522	-2.925355623552638	0.0034406278694486415	0.34171815737127925	0.16642919950599233	0.7016274753698973	HPVVT-FJ-M04|IgG subclass architecture|primary_minus_pooled_recall	0.005666916490856586	yes
HPVVT-FJ-M02	Six-year 4vHPV persistence	persistence_dose_contrast	dose2_minus_dose1_at_v1		HPV31	cross_reactive_non_booster_target	IgG1	antibody_isotype_or_subclass	IgG subclass architecture	none	mixedlm_powell	1.8051097851951337	0.5598803578105866	0.707764448234985	2.902455122155282	3.224099149064667	0.0012636963810924585	3.494557499934001	1.6332712929103836	7.476977139899462	HPVVT-FJ-M02|IgG subclass architecture|persistence_dose_contrast	0.015164356573109503	yes
HPVVT-FJ-M02	Six-year 4vHPV persistence	persistence_dose_contrast	dose3_minus_dose1_at_v1		HPV31	cross_reactive_non_booster_target	IgG1	antibody_isotype_or_subclass	IgG subclass architecture	none	mixedlm_powell	1.74362460611577	0.574074760796138	0.618458750521893	2.868790461709647	3.0372779386741855	0.002387252256931901	3.34875447998556	1.535234194666496	7.304525007443211	HPVVT-FJ-M02|IgG subclass architecture|persistence_dose_contrast	0.01671076579852331	yes
HPVVT-FJ-M02	Six-year 4vHPV persistence	persistence_dose_contrast	dose3_minus_dose2_at_v1		HPV31	cross_reactive_non_booster_target	IgG1	antibody_isotype_or_subclass	IgG subclass architecture	none	mixedlm_powell	-0.06148517907936357	0.56737669887003	-1.17352307453185	1.0505527163731228	-0.10836747297133557	0.913704201962785	0.9582771152138161	0.4433373836454597	2.0713232482034063	HPVVT-FJ-M02|IgG subclass architecture|persistence_dose_contrast	0.9941305115325851	no
HPVVT-FJ-M03	Heterologous 2vHPV recall	recall_dose_contrast	dose2_minus_dose1_change		HPV31	cross_reactive_non_booster_target	IgG1	antibody_isotype_or_subclass	IgG subclass architecture	none	mixedlm_powell	-1.970213779678641	0.6406619798004752	-3.2258881863516997	-0.714539373005582	-3.075278136986114	0.0021030633053866804	0.25521521063534486	0.10688355574538921	0.6093996713096184	HPVVT-FJ-M03|IgG subclass architecture|recall_dose_contrast	0.0401032168756123	yes
HPVVT-FJ-M03	Heterologous 2vHPV recall	recall_dose_contrast	dose3_minus_dose1_change		HPV31	cross_reactive_non_booster_target	IgG1	antibody_isotype_or_subclass	IgG subclass architecture	none	mixedlm_powell	-1.4923616055686382	0.656904404082639	-2.779870578856357	-0.20485263228091943	-2.2718094083304368	0.023098024362474576	0.3554302543522104	0.14560475962003186	0.8676273086027387	HPVVT-FJ-M03|IgG subclass architecture|recall_dose_contrast	0.12464406090989522	no
HPVVT-FJ-M03	Heterologous 2vHPV recall	recall_dose_contrast	dose3_minus_dose2_change		HPV31	cross_reactive_non_booster_target	IgG1	antibody_isotype_or_subclass	IgG subclass architecture	none	mixedlm_powell	0.4778521741100029	0.6492399208505653	-0.7946346880827403	1.750339036302746	0.7360178552852568	0.46171983162609964	1.392668773414349	0.576489130571619	3.364376203451201	HPVVT-FJ-M03|IgG subclass architecture|recall_dose_contrast	0.6491060111917171	no
HPVVT-FJ-M01	Primary 2vHPV induction	within_trajectory	dose0_v2_minus_v1	0	HPV31	cross_reactive_non_booster_target	IgG2	antibody_isotype_or_subclass	IgG subclass architecture	high	mixedlm_powell	-0.23522945806085221	0.6615857129611137	-1.5319136281508892	1.0614547120291846	-0.3555540173442022	0.7221745849108884	0.8495498690086141	0.3458183602262018	2.0870348799886225	HPVVT-FJ-M01|IgG subclass architecture|within_trajectory	0.894369027124296	no
HPVVT-FJ-M03	Heterologous 2vHPV recall	within_trajectory	dose1_v2_minus_v1	1	HPV31	cross_reactive_non_booster_target	IgG2	antibody_isotype_or_subclass	IgG subclass architecture	high	mixedlm_powell	3.517412942966114	0.6615857129611159	2.2207287728760727	4.814097113056155	5.316639815607455	1.0570100870589263e-07	11.451089339342236	4.661288386467762	28.131159496218892	HPVVT-FJ-M03|IgG subclass architecture|within_trajectory	2.9596282437649935e-07	yes
HPVVT-FJ-M03	Heterologous 2vHPV recall	within_trajectory	dose2_v2_minus_v1	2	HPV31	cross_reactive_non_booster_target	IgG2	antibody_isotype_or_subclass	IgG subclass architecture	high	mixedlm_powell	3.79420791018867	0.6456415455404603	2.528773734006591	5.059642086370749	5.876647710166444	4.186578460989737e-09	13.873000142988044	5.770809607877743	33.35062946880427	HPVVT-FJ-M03|IgG subclass architecture|within_trajectory	1.3525868873966842e-08	yes
HPVVT-FJ-M03	Heterologous 2vHPV recall	within_trajectory	dose3_v2_minus_v1	3	HPV31	cross_reactive_non_booster_target	IgG2	antibody_isotype_or_subclass	IgG subclass architecture	high	mixedlm_powell	1.7857907959200872	0.6787726195469274	0.45542090791620127	3.1161606839239733	2.630911655087209	0.008515616917922164	3.4480741412807814	1.371182790764746	8.6707734109894	HPVVT-FJ-M03|IgG subclass architecture|within_trajectory	0.011537287437184867	yes
HPVVT-FJ-M04	Primary-versus-recall contrast	primary_minus_pooled_recall	dose0_minus_mean_dose1_2_3_change		HPV31	cross_reactive_non_booster_target	IgG2	antibody_isotype_or_subclass	IgG subclass architecture	high	mixedlm_powell	-3.2677000077524756	0.7640929139485246	-4.7652945999338465	-1.7701054155711047	-4.276574154923538	1.8979135588192203e-05	0.1038303411212994	0.03677082612775657	0.2931873137663209	HPVVT-FJ-M04|IgG subclass architecture|primary_minus_pooled_recall	5.3141579646938167e-05	yes
HPVVT-FJ-M02	Six-year 4vHPV persistence	persistence_dose_contrast	dose2_minus_dose1_at_v1		HPV31	cross_reactive_non_booster_target	IgG2	antibody_isotype_or_subclass	IgG subclass architecture	high	mixedlm_powell	0.5127799910781167	0.7991349057911994	-1.053495643061443	2.0790556252176766	0.6416688688756859	0.5210882065089742	1.4267969046474371	0.48179935153672976	4.225305411097702	HPVVT-FJ-M02|IgG subclass architecture|persistence_dose_contrast	0.7816323097634613	no
HPVVT-FJ-M02	Six-year 4vHPV persistence	persistence_dose_contrast	dose3_minus_dose1_at_v1		HPV31	cross_reactive_non_booster_target	IgG2	antibody_isotype_or_subclass	IgG subclass architecture	high	mixedlm_powell	2.3884668186816223	0.8193950251798823	0.7824820802177623	3.9944515571454824	2.9149149619956267	0.0035578547255063456	5.236006247507271	1.7200876481290897	15.938583974924095	HPVVT-FJ-M02|IgG subclass architecture|persistence_dose_contrast	0.02134712835303807	yes
HPVVT-FJ-M02	Six-year 4vHPV persistence	persistence_dose_contrast	dose3_minus_dose2_at_v1		HPV31	cross_reactive_non_booster_target	IgG2	antibody_isotype_or_subclass	IgG subclass architecture	high	mixedlm_powell	1.8756868276035057	0.8098346699867913	0.2884400409975145	3.462933614209497	2.3161354991557705	0.02055087158294295	3.669762830611897	1.2213189742435715	11.026733815612403	HPVVT-FJ-M02|IgG subclass architecture|persistence_dose_contrast	0.08400021005894139	no
HPVVT-FJ-M03	Heterologous 2vHPV recall	recall_dose_contrast	dose2_minus_dose1_change		HPV31	cross_reactive_non_booster_target	IgG2	antibody_isotype_or_subclass	IgG subclass architecture	high	mixedlm_powell	0.27679496722255603	0.92441801200655	-1.5350310429703973	2.088620977415509	0.2994261942405713	0.7646148783223399	1.2115004723022207	0.3450719132370357	4.253413094737424	HPVVT-FJ-M03|IgG subclass architecture|recall_dose_contrast	0.8742145567026461	no
HPVVT-FJ-M03	Heterologous 2vHPV recall	recall_dose_contrast	dose3_minus_dose1_change		HPV31	cross_reactive_non_booster_target	IgG2	antibody_isotype_or_subclass	IgG subclass architecture	high	mixedlm_powell	-1.7316221470460267	0.9478543794491144	-3.5893825933548533	0.12613829926279996	-1.8268862650109101	0.06771687180042418	0.30111319884950294	0.08307840948512728	1.0913684925276752	HPVVT-FJ-M03|IgG subclass architecture|recall_dose_contrast	0.18349087842695586	no
HPVVT-FJ-M03	Heterologous 2vHPV recall	recall_dose_contrast	dose3_minus_dose2_change		HPV31	cross_reactive_non_booster_target	IgG2	antibody_isotype_or_subclass	IgG subclass architecture	high	mixedlm_powell	-2.0084171142685827	0.9367952147478509	-3.844501996063836	-0.1723322324733294	-2.1439233277992042	0.032039030699065656	0.24854567186201415	0.06961287666295286	0.8874069563370867	HPVVT-FJ-M03|IgG subclass architecture|recall_dose_contrast	0.12815612279626262	no
HPVVT-FJ-M01	Primary 2vHPV induction	within_trajectory	dose0_v2_minus_v1	0	HPV31	cross_reactive_non_booster_target	IgG3	antibody_isotype_or_subclass	IgG subclass architecture	none	mixedlm_powell	1.6810237828465096	0.8448117887929895	0.025223103097391286	3.3368244625956276	1.9898204607777121	0.046610716680439826	3.206554177249187	1.0176370506694978	10.103788659099768	HPVVT-FJ-M01|IgG subclass architecture|within_trajectory	0.1631375083815394	no
HPVVT-FJ-M03	Heterologous 2vHPV recall	within_trajectory	dose1_v2_minus_v1	1	HPV31	cross_reactive_non_booster_target	IgG3	antibody_isotype_or_subclass	IgG subclass architecture	none	mixedlm_powell	7.458074143004344	0.8448117887929931	5.802273463255219	9.11387482275347	8.828089572068956	1.0647877132269451e-18	175.83447413462414	55.80310382214843	554.0509429858712	HPVVT-FJ-M03|IgG subclass architecture|within_trajectory	8.944216791106338e-18	yes
HPVVT-FJ-M03	Heterologous 2vHPV recall	within_trajectory	dose2_v2_minus_v1	2	HPV31	cross_reactive_non_booster_target	IgG3	antibody_isotype_or_subclass	IgG subclass architecture	none	mixedlm_powell	5.821540565135868	0.8244518863108629	4.205644560980465	7.43743656929127	7.061104064162251	1.6518482528961834e-12	56.55334936777769	18.451223264376008	173.33708876033603	HPVVT-FJ-M03|IgG subclass architecture|within_trajectory	7.70862518018219e-12	yes
HPVVT-FJ-M03	Heterologous 2vHPV recall	within_trajectory	dose3_v2_minus_v1	3	HPV31	cross_reactive_non_booster_target	IgG3	antibody_isotype_or_subclass	IgG subclass architecture	none	mixedlm_powell	4.785306082490976	0.8667586068879465	3.0864904297004903	6.484121735281462	5.520921332033124	3.372267433346775e-08	27.575326877515366	8.494272723623588	89.51898263015056	HPVVT-FJ-M03|IgG subclass architecture|within_trajectory	1.0491498681523301e-07	yes
HPVVT-FJ-M04	Primary-versus-recall contrast	primary_minus_pooled_recall	dose0_minus_mean_dose1_2_3_change		HPV31	cross_reactive_non_booster_target	IgG3	antibody_isotype_or_subclass	IgG subclass architecture	none	mixedlm_powell	-4.34061648069722	0.9757083455561905	-6.252969697402515	-2.4282632639919246	-4.448682334702083	8.639868682645983e-06	0.049356486872617046	0.013111988483201551	0.18578896706077688	HPVVT-FJ-M04|IgG subclass architecture|primary_minus_pooled_recall	2.6879591457120837e-05	yes
HPVVT-FJ-M02	Six-year 4vHPV persistence	persistence_dose_contrast	dose2_minus_dose1_at_v1		HPV31	cross_reactive_non_booster_target	IgG3	antibody_isotype_or_subclass	IgG subclass architecture	none	mixedlm_powell	1.281719520705213	1.0787839231622904	-0.8326581157937012	3.396097157204127	1.1881151481642847	0.23478804709884193	2.431285845789674	0.5614937558576175	10.527545145909242	HPVVT-FJ-M02|IgG subclass architecture|persistence_dose_contrast	0.4810291696659201	no
HPVVT-FJ-M02	Six-year 4vHPV persistence	persistence_dose_contrast	dose3_minus_dose1_at_v1		HPV31	cross_reactive_non_booster_target	IgG3	antibody_isotype_or_subclass	IgG subclass architecture	none	mixedlm_powell	1.291235563059661	1.1061338623521202	-0.87674696923068	3.459218095350002	1.167341139266756	0.24307263119117561	2.447375656822277	0.5445940143101987	10.998372086760748	HPVVT-FJ-M02|IgG subclass architecture|persistence_dose_contrast	0.4861452623823513	no
HPVVT-FJ-M02	Six-year 4vHPV persistence	persistence_dose_contrast	dose3_minus_dose2_at_v1		HPV31	cross_reactive_non_booster_target	IgG3	antibody_isotype_or_subclass	IgG subclass architecture	none	mixedlm_powell	0.009516042354448029	1.093227959472285	-2.133171385103444	2.1522034698123402	0.008704536205826225	0.9930548726567008	1.006617819562626	0.22795620969037908	4.4450617775988635	HPVVT-FJ-M02|IgG subclass architecture|persistence_dose_contrast	0.9941305115325851	no
HPVVT-FJ-M03	Heterologous 2vHPV recall	recall_dose_contrast	dose2_minus_dose1_change		HPV31	cross_reactive_non_booster_target	IgG3	antibody_isotype_or_subclass	IgG subclass architecture	none	mixedlm_powell	-1.6365335778684775	1.1804354583479593	-3.9501445623045086	0.6770774065675536	-1.386381242866794	0.16563052088875452	0.3216283362298949	0.06469757452720261	1.5988974458774519	HPVVT-FJ-M03|IgG subclass architecture|recall_dose_contrast	0.36613062512251	no
HPVVT-FJ-M03	Heterologous 2vHPV recall	recall_dose_contrast	dose3_minus_dose1_change		HPV31	cross_reactive_non_booster_target	IgG3	antibody_isotype_or_subclass	IgG subclass architecture	none	mixedlm_powell	-2.672768060513368	1.2103625246586043	-5.045035017081206	-0.30050110394553053	-2.208237619772019	0.02722771323133972	0.15682548608984873	0.030289571582086318	0.8119703185852489	HPVVT-FJ-M03|IgG subclass architecture|recall_dose_contrast	0.12464406090989522	no
HPVVT-FJ-M03	Heterologous 2vHPV recall	recall_dose_contrast	dose3_minus_dose2_change		HPV31	cross_reactive_non_booster_target	IgG3	antibody_isotype_or_subclass	IgG subclass architecture	none	mixedlm_powell	-1.0362344826448906	1.196240525753861	-3.380822829969717	1.308353864679936	-0.8662425827714406	0.38635714590052117	0.48759847446324606	0.09599993039504245	2.476587965434219	HPVVT-FJ-M03|IgG subclass architecture|recall_dose_contrast	0.601000004734144	no
HPVVT-FJ-M01	Primary 2vHPV induction	within_trajectory	dose0_v2_minus_v1	0	HPV31	cross_reactive_non_booster_target	IgG4	antibody_isotype_or_subclass	IgG subclass architecture	high	mixedlm_lbfgs	-0.007054615961730714	0.4137689862130284	-0.8180269268589165	0.8039176949354551	-0.0170496489509696	0.9863970073816262	0.9951220488712171	0.567217155671442	1.7458355803385772	HPVVT-FJ-M01|IgG subclass architecture|within_trajectory	0.9863970073816262	no
HPVVT-FJ-M03	Heterologous 2vHPV recall	within_trajectory	dose1_v2_minus_v1	1	HPV31	cross_reactive_non_booster_target	IgG4	antibody_isotype_or_subclass	IgG subclass architecture	high	mixedlm_lbfgs	1.9893567999816304	0.4137689862130282	1.1783844890844448	2.800329110878816	4.807892486551454	1.525297541364488e-06	3.9705993657133005	2.2632320136865904	6.965993423414906	HPVVT-FJ-M03|IgG subclass architecture|within_trajectory	3.462837661476135e-06	yes
HPVVT-FJ-M03	Heterologous 2vHPV recall	within_trajectory	dose2_v2_minus_v1	2	HPV31	cross_reactive_non_booster_target	IgG4	antibody_isotype_or_subclass	IgG subclass architecture	high	mixedlm_lbfgs	1.7803082299175734	0.4037971838291349	0.9888802925537695	2.571736167281377	4.408916904856135	1.0388887346822959e-05	3.4349955496880566	1.984644066938471	5.945244602261751	HPVVT-FJ-M03|IgG subclass architecture|within_trajectory	2.1816663428328213e-05	yes
HPVVT-FJ-M03	Heterologous 2vHPV recall	within_trajectory	dose3_v2_minus_v1	3	HPV31	cross_reactive_non_booster_target	IgG4	antibody_isotype_or_subclass	IgG subclass architecture	high	mixedlm_lbfgs	1.951499555650317	0.4245180226187875	1.1194595205293334	2.7835395907713005	4.596976928357037	4.286650651850294e-06	3.8677634298026367	2.1726556266337114	6.885395810332301	HPVVT-FJ-M03|IgG subclass architecture|within_trajectory	9.475754072511176e-06	yes
HPVVT-FJ-M04	Primary-versus-recall contrast	primary_minus_pooled_recall	dose0_minus_mean_dose1_2_3_change		HPV31	cross_reactive_non_booster_target	IgG4	antibody_isotype_or_subclass	IgG subclass architecture	high	mixedlm_lbfgs	-1.9141094778115708	0.47787904754167865	-2.850735199959565	-0.9774837556635764	-4.005426661114766	6.19056391459523e-05	0.26533566667901054	0.13862552219257546	0.507864748846123	HPVVT-FJ-M04|IgG subclass architecture|primary_minus_pooled_recall	0.0001575779905533331	yes
HPVVT-FJ-M02	Six-year 4vHPV persistence	persistence_dose_contrast	dose2_minus_dose1_at_v1		HPV31	cross_reactive_non_booster_target	IgG4	antibody_isotype_or_subclass	IgG subclass architecture	high	mixedlm_lbfgs	0.13842295353599365	0.5789164965496565	-0.9962325297574396	1.2730784368294268	0.23910694264370552	0.8110226584513911	1.1007012536111085	0.5013074120405875	2.4167670786462963	HPVVT-FJ-M02|IgG subclass architecture|persistence_dose_contrast	0.9873319320277805	no
HPVVT-FJ-M02	Six-year 4vHPV persistence	persistence_dose_contrast	dose3_minus_dose1_at_v1		HPV31	cross_reactive_non_booster_target	IgG4	antibody_isotype_or_subclass	IgG subclass architecture	high	mixedlm_lbfgs	-0.054491592825033464	0.593593514473885	-1.2179135026504033	1.1089303170003362	-0.09179950841162839	0.9268573346449566	0.962933722123625	0.4299040174135873	2.156856683455484	HPVVT-FJ-M02|IgG subclass architecture|persistence_dose_contrast	0.9941305115325851	no
HPVVT-FJ-M02	Six-year 4vHPV persistence	persistence_dose_contrast	dose3_minus_dose2_at_v1		HPV31	cross_reactive_non_booster_target	IgG4	antibody_isotype_or_subclass	IgG subclass architecture	high	mixedlm_lbfgs	-0.19291454636102712	0.5866677159709716	-1.3427621405565053	0.9569330478344511	-0.32883102497252903	0.7422834114194814	0.8748365816469231	0.3942650847862385	1.9411788517936421	HPVVT-FJ-M02|IgG subclass architecture|persistence_dose_contrast	0.9469637723489629	no
HPVVT-FJ-M03	Heterologous 2vHPV recall	recall_dose_contrast	dose2_minus_dose1_change		HPV31	cross_reactive_non_booster_target	IgG4	antibody_isotype_or_subclass	IgG subclass architecture	high	mixedlm_lbfgs	-0.20904857006405697	0.578149582392046	-1.3422009292293395	0.9241037891012256	-0.36158215180081227	0.7176643042690644	0.8651075652078475	0.3944184845465943	1.8975051340207587	HPVVT-FJ-M03|IgG subclass architecture|recall_dose_contrast	0.8736782834579914	no
HPVVT-FJ-M03	Heterologous 2vHPV recall	recall_dose_contrast	dose3_minus_dose1_change		HPV31	cross_reactive_non_booster_target	IgG4	antibody_isotype_or_subclass	IgG subclass architecture	high	mixedlm_lbfgs	-0.03785724433131343	0.5928071570754881	-1.199737921976849	1.124023433314222	-0.06386097718198211	0.9490809245213792	0.9741006517054661	0.4353543603474325	2.1795396258252033	HPVVT-FJ-M03|IgG subclass architecture|recall_dose_contrast	0.9605156344553716	no
HPVVT-FJ-M03	Heterologous 2vHPV recall	recall_dose_contrast	dose3_minus_dose2_change		HPV31	cross_reactive_non_booster_target	IgG4	antibody_isotype_or_subclass	IgG subclass architecture	high	mixedlm_lbfgs	0.17119132573274354	0.5858905334586876	-0.9771330187292435	1.3195156701947306	0.2921899500955405	0.7701413951904263	1.1259879012518315	0.5079882320315479	2.4958230797889165	HPVVT-FJ-M03|IgG subclass architecture|recall_dose_contrast	0.8742145567026461	no
HPVVT-FJ-M01	Primary 2vHPV induction	within_trajectory	dose0_v2_minus_v1	0	HPV31	cross_reactive_non_booster_target	IgM	antibody_isotype_or_subclass	Antibody abundance	none	mixedlm_powell	1.5753647784969076	0.3478448814159434	0.8936013387150527	2.2571282182787624	4.528929021707033	5.928340785789522e-06	2.9801083370419916	1.857807907749307	4.78038965356024	HPVVT-FJ-M01|Antibody abundance|within_trajectory	1.659935420021066e-05	yes
HPVVT-FJ-M03	Heterologous 2vHPV recall	within_trajectory	dose1_v2_minus_v1	1	HPV31	cross_reactive_non_booster_target	IgM	antibody_isotype_or_subclass	Antibody abundance	none	mixedlm_powell	1.7851589406181358	0.3478448814159449	1.103395500836278	2.4669223803999936	5.132054648472702	2.865962543329546e-07	3.4465643233096293	2.148597879755884	5.5286313677552315	HPVVT-FJ-M03|Antibody abundance|within_trajectory	1.0030868901653413e-06	yes
HPVVT-FJ-M03	Heterologous 2vHPV recall	within_trajectory	dose2_v2_minus_v1	2	HPV31	cross_reactive_non_booster_target	IgM	antibody_isotype_or_subclass	Antibody abundance	none	mixedlm_powell	0.9385875945928602	0.3394618451485945	0.27325460397610213	1.6039205852096183	2.76492810018754	0.005693534371653396	1.916650909353685	1.2085311037577073	3.0396823854215014	HPVVT-FJ-M03|Antibody abundance|within_trajectory	0.009963685150393442	yes
HPVVT-FJ-M03	Heterologous 2vHPV recall	within_trajectory	dose3_v2_minus_v1	3	HPV31	cross_reactive_non_booster_target	IgM	antibody_isotype_or_subclass	Antibody abundance	none	mixedlm_powell	1.3660399141845552	0.35688131821638697	0.6665653837252584	2.065514444643852	3.8277148297134667	0.00012933848211313145	2.5776205734769504	1.5872896139998607	4.185832101596695	HPVVT-FJ-M03|Antibody abundance|within_trajectory	0.00029363331074332545	yes
HPVVT-FJ-M04	Primary-versus-recall contrast	primary_minus_pooled_recall	dose0_minus_mean_dose1_2_3_change		HPV31	cross_reactive_non_booster_target	IgM	antibody_isotype_or_subclass	Antibody abundance	none	mixedlm_powell	0.21210262869839053	0.4017405512788173	-0.5752943829373582	0.9994996403341392	0.5279592215006106	0.5975276393577	1.1583752063609614	0.6711492889327161	1.9993064744888986	HPVVT-FJ-M04|Antibody abundance|primary_minus_pooled_recall	0.6971155792506499	no
HPVVT-FJ-M02	Six-year 4vHPV persistence	persistence_dose_contrast	dose2_minus_dose1_at_v1		HPV31	cross_reactive_non_booster_target	IgM	antibody_isotype_or_subclass	Antibody abundance	none	mixedlm_powell	0.05031271920052405	0.46608895268926004	-0.8632048416624188	0.9638302800634669	0.10794660313278734	0.9140380491221014	1.035489352636422	0.549730015468219	1.950481453173234	HPVVT-FJ-M02|Antibody abundance|persistence_dose_contrast	0.9597399515782066	no
HPVVT-FJ-M02	Six-year 4vHPV persistence	persistence_dose_contrast	dose3_minus_dose1_at_v1		HPV31	cross_reactive_non_booster_target	IgM	antibody_isotype_or_subclass	Antibody abundance	none	mixedlm_powell	0.13290915680033677	0.4779055030098611	-0.8037684171124895	1.069586730713163	0.27810760906344767	0.7809297548801688	1.0965025421624806	0.5728508962232944	2.098832057164357	HPVVT-FJ-M02|Antibody abundance|persistence_dose_contrast	0.9110847140268636	no
HPVVT-FJ-M02	Six-year 4vHPV persistence	persistence_dose_contrast	dose3_minus_dose2_at_v1		HPV31	cross_reactive_non_booster_target	IgM	antibody_isotype_or_subclass	Antibody abundance	none	mixedlm_powell	0.08259643759981272	0.47232950337951923	-0.8431523778597347	1.0083452530593602	0.1748703754663533	0.861181488515624	1.0589220829463049	0.5574242309490256	2.0116025021773427	HPVVT-FJ-M02|Antibody abundance|persistence_dose_contrast	0.9257472444855565	no
HPVVT-FJ-M03	Heterologous 2vHPV recall	recall_dose_contrast	dose2_minus_dose1_change		HPV31	cross_reactive_non_booster_target	IgM	antibody_isotype_or_subclass	Antibody abundance	none	mixedlm_powell	-0.8465713460252756	0.48603539566472015	-1.7991832167398023	0.10604052468925096	-1.7417894942969596	0.08154528568060218	0.5561047842313833	0.28733721896614256	1.0762703563351226	HPVVT-FJ-M03|Antibody abundance|recall_dose_contrast	0.34249019985852913	no
HPVVT-FJ-M03	Heterologous 2vHPV recall	recall_dose_contrast	dose3_minus_dose1_change		HPV31	cross_reactive_non_booster_target	IgM	antibody_isotype_or_subclass	Antibody abundance	none	mixedlm_powell	-0.41911902643358073	0.49835763947103173	-1.3958820512171999	0.5576439983500383	-0.8410005049354582	0.400347651542341	0.7478811743173099	0.3800122810636318	1.4718636180197062	HPVVT-FJ-M03|Antibody abundance|recall_dose_contrast	0.7643000620353781	no
HPVVT-FJ-M03	Heterologous 2vHPV recall	recall_dose_contrast	dose3_minus_dose2_change		HPV31	cross_reactive_non_booster_target	IgM	antibody_isotype_or_subclass	Antibody abundance	none	mixedlm_powell	0.42745231959169483	0.49254301294765557	-0.5379142466225556	1.3928188858059452	0.8678476972672472	0.3854777146843308	1.3448565729406359	0.6887659620251403	2.625912576259998	HPVVT-FJ-M03|Antibody abundance|recall_dose_contrast	0.7643000620353781	no
HPVVT-FJ-M01	Primary 2vHPV induction	within_trajectory	dose0_v2_minus_v1	0	HPV33	cross_reactive_non_booster_target	FcgR2A	fc_gamma_receptor_binding	Fc-receptor engagement	moderate	mixedlm_powell	-0.5411164284058422	0.8023454821047008	-2.1136846764894823	1.0314518196777978	-0.674418240614247	0.5000454492356761	0.6872388839810075	0.2310561385173009	2.0440802252050805	HPVVT-FJ-M01|Fc-receptor engagement|within_trajectory	0.6177032019970116	no
HPVVT-FJ-M03	Heterologous 2vHPV recall	within_trajectory	dose1_v2_minus_v1	1	HPV33	cross_reactive_non_booster_target	FcgR2A	fc_gamma_receptor_binding	Fc-receptor engagement	moderate	mixedlm_powell	3.041037905563627	0.8023454821047056	1.4684696574799776	4.613606153647276	3.790185117745542	0.0001505350542084492	8.23082991824041	2.7672819772430777	24.481264179118593	HPVVT-FJ-M03|Fc-receptor engagement|within_trajectory	0.0002634363448647861	yes
HPVVT-FJ-M03	Heterologous 2vHPV recall	within_trajectory	dose2_v2_minus_v1	2	HPV33	cross_reactive_non_booster_target	FcgR2A	fc_gamma_receptor_binding	Fc-receptor engagement	moderate	mixedlm_powell	2.5539314034723497	0.7830090145159081	1.0192619354509695	4.08860087149373	3.2616883792216704	0.001107508183885232	5.872323323265394	2.0268817672006123	17.0134152721665	HPVVT-FJ-M03|Fc-receptor engagement|within_trajectory	0.001661262275827848	yes
HPVVT-FJ-M03	Heterologous 2vHPV recall	within_trajectory	dose3_v2_minus_v1	3	HPV33	cross_reactive_non_booster_target	FcgR2A	fc_gamma_receptor_binding	Fc-receptor engagement	moderate	mixedlm_powell	3.6298339111919615	0.8231890955327541	2.0164129314816615	5.243254890902262	4.409477641152176	1.036202556285198e-05	12.37909473553626	4.045766146160346	37.87712411821345	HPVVT-FJ-M03|Fc-receptor engagement|within_trajectory	2.176025368198916e-05	yes
HPVVT-FJ-M04	Primary-versus-recall contrast	primary_minus_pooled_recall	dose0_minus_mean_dose1_2_3_change		HPV33	cross_reactive_non_booster_target	FcgR2A	fc_gamma_receptor_binding	Fc-receptor engagement	moderate	mixedlm_powell	-3.616050835148488	0.9266622380203204	-5.432275447501599	-1.799826222795377	-3.902231780668711	9.530982565444976e-05	0.08155681042459574	0.023159124934844233	0.2872091819249123	HPVVT-FJ-M04|Fc-receptor engagement|primary_minus_pooled_recall	0.0002001506338743445	yes
HPVVT-FJ-M02	Six-year 4vHPV persistence	persistence_dose_contrast	dose2_minus_dose1_at_v1		HPV33	cross_reactive_non_booster_target	FcgR2A	fc_gamma_receptor_binding	Fc-receptor engagement	moderate	mixedlm_powell	1.5638247040874371	0.7927362076541588	0.010090287844420454	3.117559120330454	1.97269241519201	0.048530616642876896	2.9563656249533135	1.0070185700910343	8.67918225938524	HPVVT-FJ-M02|Fc-receptor engagement|persistence_dose_contrast	0.21838777489294606	no
HPVVT-FJ-M02	Six-year 4vHPV persistence	persistence_dose_contrast	dose3_minus_dose1_at_v1		HPV33	cross_reactive_non_booster_target	FcgR2A	fc_gamma_receptor_binding	Fc-receptor engagement	moderate	mixedlm_powell	0.8057805501143347	0.8128341036344419	-0.7873450184150692	2.3989061186437386	0.9913222716805699	0.321528241165016	1.7480913165564615	0.579409394470405	5.2740312466165715	HPVVT-FJ-M02|Fc-receptor engagement|persistence_dose_contrast	0.5474670052269192	no
HPVVT-FJ-M02	Six-year 4vHPV persistence	persistence_dose_contrast	dose3_minus_dose2_at_v1		HPV33	cross_reactive_non_booster_target	FcgR2A	fc_gamma_receptor_binding	Fc-receptor engagement	moderate	mixedlm_powell	-0.7580441539731025	0.803350298503825	-2.332581806010101	0.8164934980638962	-0.9436035007205431	0.345372302662589	0.5912974030686976	0.19852852185273492	1.7611203448899768	HPVVT-FJ-M02|Fc-receptor engagement|persistence_dose_contrast	0.5579091043011053	no
HPVVT-FJ-M03	Heterologous 2vHPV recall	recall_dose_contrast	dose2_minus_dose1_change		HPV33	cross_reactive_non_booster_target	FcgR2A	fc_gamma_receptor_binding	Fc-receptor engagement	moderate	mixedlm_powell	-0.48710650209127726	1.121098296077113	-2.684418785531641	1.7102057813490865	-0.434490449049592	0.6639323289483737	0.713454582538717	0.15556411571488193	3.2720749191183818	HPVVT-FJ-M03|Fc-receptor engagement|recall_dose_contrast	0.8714111817447404	no
HPVVT-FJ-M03	Heterologous 2vHPV recall	recall_dose_contrast	dose3_minus_dose1_change		HPV33	cross_reactive_non_booster_target	FcgR2A	fc_gamma_receptor_binding	Fc-receptor engagement	moderate	mixedlm_powell	0.5887960056283346	1.1495210131432423	-1.6642237796044146	2.8418157908610837	0.5122098673240734	0.6085041380077776	1.5039910748371612	0.31551406415102035	7.16921814333811	HPVVT-FJ-M03|Fc-receptor engagement|recall_dose_contrast	0.8362986994246877	no
HPVVT-FJ-M03	Heterologous 2vHPV recall	recall_dose_contrast	dose3_minus_dose2_change		HPV33	cross_reactive_non_booster_target	FcgR2A	fc_gamma_receptor_binding	Fc-receptor engagement	moderate	mixedlm_powell	1.0759025077196118	1.1361088873066734	-1.150829993917343	3.3026350093565666	0.9470065059258621	0.3436354637458072	2.108040387778355	0.45036605758971593	9.867160727625384	HPVVT-FJ-M03|Fc-receptor engagement|recall_dose_contrast	0.761601386181712	no
HPVVT-FJ-M01	Primary 2vHPV induction	within_trajectory	dose0_v2_minus_v1	0	HPV33	cross_reactive_non_booster_target	FcgR2B	fc_gamma_receptor_binding	Fc-receptor engagement	none	mixedlm_powell	0.9672134974712844	0.36021607910696046	0.2612029557694109	1.6732240391731579	2.6850925141075828	0.007250973234979777	1.9550608314251723	1.1984776091768068	3.1892651354565293	HPVVT-FJ-M01|Fc-receptor engagement|within_trajectory	0.02175291970493933	yes
HPVVT-FJ-M03	Heterologous 2vHPV recall	within_trajectory	dose1_v2_minus_v1	1	HPV33	cross_reactive_non_booster_target	FcgR2B	fc_gamma_receptor_binding	Fc-receptor engagement	none	mixedlm_powell	1.3975427278630783	0.36021607910696	0.6915321861612056	2.103553269564951	3.879734439750264	0.0001045705700104952	2.6345247403451197	1.6149977849151211	4.297665713427156	HPVVT-FJ-M03|Fc-receptor engagement|within_trajectory	0.00019376311501944696	yes
HPVVT-FJ-M03	Heterologous 2vHPV recall	within_trajectory	dose2_v2_minus_v1	2	HPV33	cross_reactive_non_booster_target	FcgR2B	fc_gamma_receptor_binding	Fc-receptor engagement	none	mixedlm_powell	2.0267299116392685	0.3515348978777169	1.3377341724899776	2.7157256507885594	5.765373292594911	8.147729650961487e-09	4.074801867381402	2.5275404354899296	6.569236252474235	HPVVT-FJ-M03|Fc-receptor engagement|within_trajectory	2.4443188952884464e-08	yes
HPVVT-FJ-M03	Heterologous 2vHPV recall	within_trajectory	dose3_v2_minus_v1	3	HPV33	cross_reactive_non_booster_target	FcgR2B	fc_gamma_receptor_binding	Fc-receptor engagement	none	mixedlm_powell	1.1892125197161119	0.3695738992367344	0.4648609875860775	1.913564051846146	3.217793578421374	0.0012918075000213438	2.280282423218547	1.3801843578586444	3.7673865089347656	HPVVT-FJ-M03|Fc-receptor engagement|within_trajectory	0.0018926481977056897	yes
HPVVT-FJ-M04	Primary-versus-recall contrast	primary_minus_pooled_recall	dose0_minus_mean_dose1_2_3_change		HPV33	cross_reactive_non_booster_target	FcgR2B	fc_gamma_receptor_binding	Fc-receptor engagement	none	mixedlm_powell	-0.5706148889348686	0.4160285631079328	-1.3860158891663659	0.24478611129662875	-1.371576231862788	0.1701953971466713	0.6733297483844158	0.38261997843551815	1.1849170864344356	HPVVT-FJ-M04|Fc-receptor engagement|primary_minus_pooled_recall	0.1881107021094788	no
HPVVT-FJ-M02	Six-year 4vHPV persistence	persistence_dose_contrast	dose2_minus_dose1_at_v1		HPV33	cross_reactive_non_booster_target	FcgR2B	fc_gamma_receptor_binding	Fc-receptor engagement	none	mixedlm_powell	-0.40753640158088833	0.500884096790956	-1.3892511917200365	0.57417838855826	-0.8136341404965262	0.4158545735966547	0.7539096786553134	0.3817628988835381	1.4888293368275944	HPVVT-FJ-M02|Fc-receptor engagement|persistence_dose_contrast	0.6092753055020754	no
HPVVT-FJ-M02	Six-year 4vHPV persistence	persistence_dose_contrast	dose3_minus_dose1_at_v1		HPV33	cross_reactive_non_booster_target	FcgR2B	fc_gamma_receptor_binding	Fc-receptor engagement	none	mixedlm_powell	-0.10008195048981938	0.5135827932530135	-1.1066857283452065	0.9065218273655677	-0.19487013935164024	0.8454946113659022	0.9329799932683797	0.4643595696052974	1.8745207912457664	HPVVT-FJ-M02|Fc-receptor engagement|persistence_dose_contrast	0.9132703463099792	no
HPVVT-FJ-M02	Six-year 4vHPV persistence	persistence_dose_contrast	dose3_minus_dose2_at_v1		HPV33	cross_reactive_non_booster_target	FcgR2B	fc_gamma_receptor_binding	Fc-receptor engagement	none	mixedlm_powell	0.30745445109106895	0.5075905260635944	-0.6874046988873158	1.3023136010694536	0.6057135334565896	0.5447049956411019	1.2375222386486127	0.6209699245254026	2.466240683589217	HPVVT-FJ-M02|Fc-receptor engagement|persistence_dose_contrast	0.7460090157693351	no
HPVVT-FJ-M03	Heterologous 2vHPV recall	recall_dose_contrast	dose2_minus_dose1_change		HPV33	cross_reactive_non_booster_target	FcgR2B	fc_gamma_receptor_binding	Fc-receptor engagement	none	mixedlm_powell	0.6291871837761902	0.5033213765310277	-0.35730458687374766	1.615678954426128	1.250070458188464	0.21127381021975544	1.5466933390223572	0.7806216676045604	3.0645578828436717	HPVVT-FJ-M03|Fc-receptor engagement|recall_dose_contrast	0.6655125021922297	no
HPVVT-FJ-M03	Heterologous 2vHPV recall	recall_dose_contrast	dose3_minus_dose1_change		HPV33	cross_reactive_non_booster_target	FcgR2B	fc_gamma_receptor_binding	Fc-receptor engagement	none	mixedlm_powell	-0.20833020814696662	0.5160818642853434	-1.2198320752205278	0.8031716589265945	-0.4036766694668816	0.6864504980324035	0.8655384359456926	0.42933268817043285	1.7449330198727422	HPVVT-FJ-M03|Fc-receptor engagement|recall_dose_contrast	0.8825792117559474	no
HPVVT-FJ-M03	Heterologous 2vHPV recall	recall_dose_contrast	dose3_minus_dose2_change		HPV33	cross_reactive_non_booster_target	FcgR2B	fc_gamma_receptor_binding	Fc-receptor engagement	none	mixedlm_powell	-0.8375173919231569	0.510060438990264	-1.8372174822827638	0.16218269843645006	-1.641996375137699	0.10059075530519292	0.559605717635525	0.27986103070803975	1.118978796076358	HPVVT-FJ-M03|Fc-receptor engagement|recall_dose_contrast	0.5091628686640461	no
HPVVT-FJ-M01	Primary 2vHPV induction	within_trajectory	dose0_v2_minus_v1	0	HPV33	cross_reactive_non_booster_target	FcgR3A	fc_gamma_receptor_binding	Fc-receptor engagement	high	mixedlm_powell	0.6679077505291221	0.528142165863833	-0.3672318732809702	1.7030473743392145	1.2646362924586556	0.20600173694751112	1.5887672072595653	0.7752685933732953	3.2558796531152066	HPVVT-FJ-M01|Fc-receptor engagement|within_trajectory	0.332772036607518	no
HPVVT-FJ-M03	Heterologous 2vHPV recall	within_trajectory	dose1_v2_minus_v1	1	HPV33	cross_reactive_non_booster_target	FcgR3A	fc_gamma_receptor_binding	Fc-receptor engagement	high	mixedlm_powell	3.574388881722846	0.5281421658638354	2.5392492579127492	4.609528505532943	6.767853643869798	1.3070687341788025e-11	11.912372615680885	5.812864414181375	24.41216777543025	HPVVT-FJ-M03|Fc-receptor engagement|within_trajectory	5.881809303804611e-11	yes
HPVVT-FJ-M03	Heterologous 2vHPV recall	within_trajectory	dose2_v2_minus_v1	2	HPV33	cross_reactive_non_booster_target	FcgR3A	fc_gamma_receptor_binding	Fc-receptor engagement	high	mixedlm_powell	2.7925641010689475	0.5154139781937134	1.7823712666807565	3.8027569354571384	5.418099274015788	6.023596887377535e-08	6.928601112718679	3.439911066229396	13.955451886663745	HPVVT-FJ-M03|Fc-receptor engagement|within_trajectory	1.7249391086581124e-07	yes
HPVVT-FJ-M03	Heterologous 2vHPV recall	within_trajectory	dose3_v2_minus_v1	3	HPV33	cross_reactive_non_booster_target	FcgR3A	fc_gamma_receptor_binding	Fc-receptor engagement	high	mixedlm_powell	3.47006716185449	0.541862428999662	2.4080363164397607	4.532098007269219	6.403963397611121	1.5139442098185452e-10	11.081391605458238	5.307514164838915	23.13648840110957	HPVVT-FJ-M03|Fc-receptor engagement|within_trajectory	6.35856568123789e-10	yes
HPVVT-FJ-M04	Primary-versus-recall contrast	primary_minus_pooled_recall	dose0_minus_mean_dose1_2_3_change		HPV33	cross_reactive_non_booster_target	FcgR3A	fc_gamma_receptor_binding	Fc-receptor engagement	high	mixedlm_powell	-2.6110989643529727	0.6099733996488236	-3.806624859192124	-1.4155730695138216	-4.280676773538396	1.8632581513064133e-05	0.1636744499466543	0.07146472636265677	0.37486081496197204	HPVVT-FJ-M04|Fc-receptor engagement|primary_minus_pooled_recall	4.891052647179335e-05	yes
HPVVT-FJ-M02	Six-year 4vHPV persistence	persistence_dose_contrast	dose2_minus_dose1_at_v1		HPV33	cross_reactive_non_booster_target	FcgR3A	fc_gamma_receptor_binding	Fc-receptor engagement	high	mixedlm_powell	0.706615928928514	0.697684432517014	-0.6608204313790992	2.074052289236127	1.012801627777874	0.31115492305305814	1.6319715746160384	0.6325184942627528	4.210677228432761	HPVVT-FJ-M02|Fc-receptor engagement|persistence_dose_contrast	0.5474670052269192	no
HPVVT-FJ-M02	Six-year 4vHPV persistence	persistence_dose_contrast	dose3_minus_dose1_at_v1		HPV33	cross_reactive_non_booster_target	FcgR3A	fc_gamma_receptor_binding	Fc-receptor engagement	high	mixedlm_powell	0.2992116785058224	0.7153725222199976	-1.1028927005749525	1.701316057586597	0.41825995437633856	0.6757570650872821	1.2304718717042233	0.46558203596265396	3.251974754405565	HPVVT-FJ-M02|Fc-receptor engagement|persistence_dose_contrast	0.8271348487809427	no
HPVVT-FJ-M02	Six-year 4vHPV persistence	persistence_dose_contrast	dose3_minus_dose2_at_v1		HPV33	cross_reactive_non_booster_target	FcgR3A	fc_gamma_receptor_binding	Fc-receptor engagement	high	mixedlm_powell	-0.40740425042269157	0.7070258576716022	-1.793149467597574	0.978340966752191	-0.5762225610310306	0.5644647576036637	0.7539787400976774	0.28854145905717976	1.9701984677585813	HPVVT-FJ-M02|Fc-receptor engagement|persistence_dose_contrast	0.7566229729581023	no
HPVVT-FJ-M03	Heterologous 2vHPV recall	recall_dose_contrast	dose2_minus_dose1_change		HPV33	cross_reactive_non_booster_target	FcgR3A	fc_gamma_receptor_binding	Fc-receptor engagement	high	mixedlm_powell	-0.7818247806538987	0.737960511328901	-2.228200804871307	0.6645512435635097	-1.0594398597914245	0.2893995047566148	0.5816306571537392	0.2134247205132774	1.5850751521543858	HPVVT-FJ-M03|Fc-receptor engagement|recall_dose_contrast	0.7596736999861138	no
HPVVT-FJ-M03	Heterologous 2vHPV recall	recall_dose_contrast	dose3_minus_dose1_change		HPV33	cross_reactive_non_booster_target	FcgR3A	fc_gamma_receptor_binding	Fc-receptor engagement	high	mixedlm_powell	-0.10432171986835614	0.7566697029250986	-1.5873670857941713	1.378723646057459	-0.13786956113754004	0.8903435073290928	0.9302421912886789	0.3327782189538564	2.6003821319013496	HPVVT-FJ-M03|Fc-receptor engagement|recall_dose_contrast	0.992909625305679	no
HPVVT-FJ-M03	Heterologous 2vHPV recall	recall_dose_contrast	dose3_minus_dose2_change		HPV33	cross_reactive_non_booster_target	FcgR3A	fc_gamma_receptor_binding	Fc-receptor engagement	high	mixedlm_powell	0.6775030607855426	0.7478412003085171	-0.7882387579743553	2.14324487954544	0.9059450863445917	0.36496491868636927	1.5993692558107253	0.5790505655316318	4.41754514838276	HPVVT-FJ-M03|Fc-receptor engagement|recall_dose_contrast	0.7664263292413754	no
HPVVT-FJ-M01	Primary 2vHPV induction	within_trajectory	dose0_v2_minus_v1	0	HPV33	cross_reactive_non_booster_target	IgA1	antibody_isotype_or_subclass	Antibody abundance	none	mixedlm_lbfgs	1.3008390024516239	0.5073900882795328	0.30637270331114097	2.2953053015921068	2.5637848127119147	0.010353771422174522	2.4637211925915943	1.2365946793647384	4.908578547291809	HPVVT-FJ-M01|Antibody abundance|within_trajectory	0.01610586665671592	yes
HPVVT-FJ-M03	Heterologous 2vHPV recall	within_trajectory	dose1_v2_minus_v1	1	HPV33	cross_reactive_non_booster_target	IgA1	antibody_isotype_or_subclass	Antibody abundance	none	mixedlm_lbfgs	1.4773909378778458	0.5073900882795342	0.48292463873736013	2.4718572370183316	2.9117457593375633	0.003594150458770754	2.7844472039503754	1.3975739656462933	5.547574884883965	HPVVT-FJ-M03|Antibody abundance|within_trajectory	0.006563231272537899	yes
HPVVT-FJ-M03	Heterologous 2vHPV recall	within_trajectory	dose2_v2_minus_v1	2	HPV33	cross_reactive_non_booster_target	IgA1	antibody_isotype_or_subclass	Antibody abundance	none	mixedlm_lbfgs	1.3237535039340433	0.4951620241653601	0.35325377005798564	2.294253237810101	2.6733744498386125	0.007509237890163739	2.5031651948372446	1.2774384408560648	4.905000344631545	HPVVT-FJ-M03|Antibody abundance|within_trajectory	0.012872979240280694	yes
HPVVT-FJ-M03	Heterologous 2vHPV recall	within_trajectory	dose3_v2_minus_v1	3	HPV33	cross_reactive_non_booster_target	IgA1	antibody_isotype_or_subclass	Antibody abundance	none	mixedlm_lbfgs	0.8599588710553008	0.5205712466373774	-0.16034202374107664	1.8802597658516782	1.6519523054916938	0.0985442740236485	1.8149865675118224	0.8948129099854532	3.68141340327991	HPVVT-FJ-M03|Antibody abundance|within_trajectory	0.13139236536486468	no
HPVVT-FJ-M04	Primary-versus-recall contrast	primary_minus_pooled_recall	dose0_minus_mean_dose1_2_3_change		HPV33	cross_reactive_non_booster_target	IgA1	antibody_isotype_or_subclass	Antibody abundance	none	mixedlm_lbfgs	0.08047123149589382	0.5860059603265569	-1.0680793454699655	1.229021808461753	0.13732152391598632	0.890776657973302	1.0573633536976321	0.4769535430191128	2.344080001305078	HPVVT-FJ-M04|Antibody abundance|primary_minus_pooled_recall	0.9237683860463872	no
HPVVT-FJ-M02	Six-year 4vHPV persistence	persistence_dose_contrast	dose2_minus_dose1_at_v1		HPV33	cross_reactive_non_booster_target	IgA1	antibody_isotype_or_subclass	Antibody abundance	none	mixedlm_lbfgs	-0.3211777747589402	0.6644834544985205	-1.6235414138988002	0.9811858643809199	-0.4833495440474588	0.6288475673872618	0.8004161740382174	0.32453783542423636	1.9740873997772812	HPVVT-FJ-M02|Antibody abundance|persistence_dose_contrast	0.8384634231830157	no
HPVVT-FJ-M02	Six-year 4vHPV persistence	persistence_dose_contrast	dose3_minus_dose1_at_v1		HPV33	cross_reactive_non_booster_target	IgA1	antibody_isotype_or_subclass	Antibody abundance	none	mixedlm_lbfgs	0.8121678796732321	0.6813298142587861	-0.5232140178673532	2.1475497772138175	1.1920333774866196	0.23324815802110166	1.7558479031385672	0.6958199662327423	4.4307464697339265	HPVVT-FJ-M02|Antibody abundance|persistence_dose_contrast	0.4664963160422033	no
HPVVT-FJ-M02	Six-year 4vHPV persistence	persistence_dose_contrast	dose3_minus_dose2_at_v1		HPV33	cross_reactive_non_booster_target	IgA1	antibody_isotype_or_subclass	Antibody abundance	none	mixedlm_lbfgs	1.1333456544321723	0.6733803456535469	-0.18645557094591236	2.453146879810257	1.6830691031414167	0.09236171483326086	2.1936686939746055	0.8787620236287007	5.476092741301167	HPVVT-FJ-M02|Antibody abundance|persistence_dose_contrast	0.2571804436792603	no
HPVVT-FJ-M03	Heterologous 2vHPV recall	recall_dose_contrast	dose2_minus_dose1_change		HPV33	cross_reactive_non_booster_target	IgA1	antibody_isotype_or_subclass	Antibody abundance	none	mixedlm_lbfgs	-0.15363743394380244	0.7089641259329348	-1.543181587103274	1.235906719215669	-0.21670692257048835	0.8284367527719543	0.8989810226194745	0.343127916755273	2.3552932873321413	HPVVT-FJ-M03|Antibody abundance|recall_dose_contrast	0.9253073736009508	no
HPVVT-FJ-M03	Heterologous 2vHPV recall	recall_dose_contrast	dose3_minus_dose1_change		HPV33	cross_reactive_non_booster_target	IgA1	antibody_isotype_or_subclass	Antibody abundance	none	mixedlm_lbfgs	-0.617432066822545	0.7269381847928383	-2.042204728003431	0.8073405943583405	-0.8493597939121877	0.39568111831703046	0.6518301244630708	0.24279241758487857	1.7499826204786901	HPVVT-FJ-M03|Antibody abundance|recall_dose_contrast	0.7643000620353781	no
HPVVT-FJ-M03	Heterologous 2vHPV recall	recall_dose_contrast	dose3_minus_dose2_change		HPV33	cross_reactive_non_booster_target	IgA1	antibody_isotype_or_subclass	Antibody abundance	none	mixedlm_lbfgs	-0.46379463287874256	0.7184565769767369	-1.8719436482090759	0.9443543824515908	-0.6455430261775722	0.5185753450134416	0.7250766234906172	0.27320510598148934	1.9243275415510528	HPVVT-FJ-M03|Antibody abundance|recall_dose_contrast	0.8376986342524826	no
HPVVT-FJ-M01	Primary 2vHPV induction	within_trajectory	dose0_v2_minus_v1	0	HPV33	cross_reactive_non_booster_target	IgA2	antibody_isotype_or_subclass	Antibody abundance	high	mixedlm_lbfgs	2.555031063246535	0.644923854251204	1.2910035361434162	3.819058590349654	3.961756176956863	7.440049743797222e-05	5.876801067515818	2.446982079975461	14.114035026975515	HPVVT-FJ-M01|Antibody abundance|within_trajectory	0.0001602472252510171	yes
HPVVT-FJ-M03	Heterologous 2vHPV recall	within_trajectory	dose1_v2_minus_v1	1	HPV33	cross_reactive_non_booster_target	IgA2	antibody_isotype_or_subclass	Antibody abundance	high	mixedlm_lbfgs	1.200762413870714	0.6449238542512052	-0.06326511323240736	2.4647899409738354	1.8618669567818518	0.0626218456852538	2.2986111246632106	0.9570955637708367	5.52046556522391	HPVVT-FJ-M03|Antibody abundance|within_trajectory	0.08623336127149703	no
HPVVT-FJ-M03	Heterologous 2vHPV recall	within_trajectory	dose2_v2_minus_v1	2	HPV33	cross_reactive_non_booster_target	IgA2	antibody_isotype_or_subclass	Antibody abundance	high	mixedlm_lbfgs	1.2210370689627785	0.6293812364100002	-0.012527486946111166	2.4546016248716684	1.9400595351834635	0.052372454967763805	2.331142292445561	0.991354199507639	5.481617357678296	HPVVT-FJ-M03|Antibody abundance|within_trajectory	0.0758497623671062	no
HPVVT-FJ-M03	Heterologous 2vHPV recall	within_trajectory	dose3_v2_minus_v1	3	HPV33	cross_reactive_non_booster_target	IgA2	antibody_isotype_or_subclass	Antibody abundance	high	mixedlm_lbfgs	1.6722170431620782	0.6616779132050576	0.3753521639145454	2.969081922409611	2.5272372098112466	0.01149638245425394	3.187039816449627	1.2971561536731628	7.830377832979491	HPVVT-FJ-M03|Antibody abundance|within_trajectory	0.018935218159947666	yes
HPVVT-FJ-M04	Primary-versus-recall contrast	primary_minus_pooled_recall	dose0_minus_mean_dose1_2_3_change		HPV33	cross_reactive_non_booster_target	IgA2	antibody_isotype_or_subclass	Antibody abundance	high	mixedlm_lbfgs	1.1903588879146783	0.7448494388794038	-0.26951918619382154	2.650236962023178	1.5981201378167453	0.11001624271690029	2.2820950599966565	0.8295959831278066	6.277703808576436	HPVVT-FJ-M04|Antibody abundance|primary_minus_pooled_recall	0.20536365307154722	no
HPVVT-FJ-M02	Six-year 4vHPV persistence	persistence_dose_contrast	dose2_minus_dose1_at_v1		HPV33	cross_reactive_non_booster_target	IgA2	antibody_isotype_or_subclass	Antibody abundance	high	mixedlm_lbfgs	-0.7424601611551168	1.170800550658422	-3.037187073525287	1.5522667512150536	-0.6341474307793759	0.5259846112107193	0.5977192198122492	0.12181915660975812	2.9327757281841627	HPVVT-FJ-M02|Antibody abundance|persistence_dose_contrast	0.7277893221397977	no
HPVVT-FJ-M02	Six-year 4vHPV persistence	persistence_dose_contrast	dose3_minus_dose1_at_v1		HPV33	cross_reactive_non_booster_target	IgA2	antibody_isotype_or_subclass	Antibody abundance	high	mixedlm_lbfgs	1.990325311689598	1.2004833473486631	-0.36257881315386964	4.343229436533066	1.6579366270138995	0.09733025833173209	3.9732658080036876	0.7777730692906645	20.297490109099467	HPVVT-FJ-M02|Antibody abundance|persistence_dose_contrast	0.2571804436792603	no
HPVVT-FJ-M02	Six-year 4vHPV persistence	persistence_dose_contrast	dose3_minus_dose2_at_v1		HPV33	cross_reactive_non_booster_target	IgA2	antibody_isotype_or_subclass	Antibody abundance	high	mixedlm_lbfgs	2.7327854728447147	1.1864766145136374	0.4073340398989722	5.058236905790457	2.303277990830812	0.021263207152868006	6.647378361451616	1.3262327991212017	33.318161871411334	HPVVT-FJ-M02|Antibody abundance|persistence_dose_contrast	0.11163183755255703	no
HPVVT-FJ-M03	Heterologous 2vHPV recall	recall_dose_contrast	dose2_minus_dose1_change		HPV33	cross_reactive_non_booster_target	IgA2	antibody_isotype_or_subclass	Antibody abundance	high	mixedlm_lbfgs	0.020274655092064497	0.9011367923502016	-1.74592100305828	1.786470313242409	0.02249897603136075	0.9820499288028864	1.0141525321239873	0.29814354293483064	3.4496985857523996	HPVVT-FJ-M03|Antibody abundance|recall_dose_contrast	0.9899379039468831	no
HPVVT-FJ-M03	Heterologous 2vHPV recall	recall_dose_contrast	dose3_minus_dose1_change		HPV33	cross_reactive_non_booster_target	IgA2	antibody_isotype_or_subclass	Antibody abundance	high	mixedlm_lbfgs	0.47145462929136406	0.9239829211655536	-1.339518618523233	2.282427877105961	0.5102417138800033	0.6098821314157103	1.3865067397672965	0.39515248376036227	4.864959777365249	HPVVT-FJ-M03|Antibody abundance|recall_dose_contrast	0.8555073470945799	no
HPVVT-FJ-M03	Heterologous 2vHPV recall	recall_dose_contrast	dose3_minus_dose2_change		HPV33	cross_reactive_non_booster_target	IgA2	antibody_isotype_or_subclass	Antibody abundance	high	mixedlm_lbfgs	0.45117997419929956	0.9132022785606596	-1.338663602379507	2.2410235507781064	0.4940635659718515	0.6212612877710639	1.3671579923618298	0.395386741091453	4.7273233566689115	HPVVT-FJ-M03|Antibody abundance|recall_dose_contrast	0.8555073470945799	no
HPVVT-FJ-M01	Primary 2vHPV induction	within_trajectory	dose0_v2_minus_v1	0	HPV33	cross_reactive_non_booster_target	IgG	antibody_isotype_or_subclass	Antibody abundance	none	mixedlm_powell	0.43412351303268437	0.29305566374101727	-0.14025503336519007	1.0085020594305587	1.4813687867037209	0.13850832759307852	1.351089750039799	0.9073587422002896	2.0118211549227123	HPVVT-FJ-M01|Antibody abundance|within_trajectory	0.15512932690424794	no
HPVVT-FJ-M03	Heterologous 2vHPV recall	within_trajectory	dose1_v2_minus_v1	1	HPV33	cross_reactive_non_booster_target	IgG	antibody_isotype_or_subclass	Antibody abundance	none	mixedlm_powell	2.1997382608134934	0.293055663741016	1.6253597144156215	2.7741168072113656	7.506213095261939	6.086231533326927e-14	4.593959890814677	3.0851908010740257	6.84057124475642	HPVVT-FJ-M03|Antibody abundance|within_trajectory	4.647667716358744e-13	yes
HPVVT-FJ-M03	Heterologous 2vHPV recall	within_trajectory	dose2_v2_minus_v1	2	HPV33	cross_reactive_non_booster_target	IgG	antibody_isotype_or_subclass	Antibody abundance	none	mixedlm_powell	1.6418443888792549	0.2859930436228384	1.0813083235494991	2.2023804542090106	5.740854281212814	9.420012440598845e-09	3.1206453053397154	2.1159540870821236	4.602381110815115	HPVVT-FJ-M03|Antibody abundance|within_trajectory	3.956405225051515e-08	yes
HPVVT-FJ-M03	Heterologous 2vHPV recall	within_trajectory	dose3_v2_minus_v1	3	HPV33	cross_reactive_non_booster_target	IgG	antibody_isotype_or_subclass	Antibody abundance	none	mixedlm_powell	1.528036337955066	0.30066876695422873	0.938736383448711	2.117336292461421	5.082125268394377	3.7323512576022475e-07	2.8839303811495043	1.916848588692543	4.338920920712927	HPVVT-FJ-M03|Antibody abundance|within_trajectory	1.2540700225543552e-06	yes
HPVVT-FJ-M04	Primary-versus-recall contrast	primary_minus_pooled_recall	dose0_minus_mean_dose1_2_3_change		HPV33	cross_reactive_non_booster_target	IgG	antibody_isotype_or_subclass	Antibody abundance	none	mixedlm_powell	-1.3557494828499201	0.33846220024124674	-2.019123205450948	-0.6923757602488926	-4.00561564004364	6.185616255605894e-05	0.39073178291626876	0.2467080668235493	0.6188339446967489	HPVVT-FJ-M04|Antibody abundance|primary_minus_pooled_recall	0.00017319725515696504	yes
HPVVT-FJ-M02	Six-year 4vHPV persistence	persistence_dose_contrast	dose2_minus_dose1_at_v1		HPV33	cross_reactive_non_booster_target	IgG	antibody_isotype_or_subclass	Antibody abundance	none	mixedlm_powell	0.2806323742471111	0.3427361285458498	-0.3911180939034448	0.952382842397667	0.8188000939316479	0.412900477348506	1.2147272171878944	0.7625384053817941	1.9350660920983371	HPVVT-FJ-M02|Antibody abundance|persistence_dose_contrast	0.6277783451563724	no
HPVVT-FJ-M02	Six-year 4vHPV persistence	persistence_dose_contrast	dose3_minus_dose1_at_v1		HPV33	cross_reactive_non_booster_target	IgG	antibody_isotype_or_subclass	Antibody abundance	none	mixedlm_powell	1.0615159502881142	0.35142536841365274	0.37273488494363494	1.7502970156325934	3.0206013728600096	0.0025227324452161983	2.087123470502417	1.294805038756457	3.364278212344368	HPVVT-FJ-M02|Antibody abundance|persistence_dose_contrast	0.021190952539816066	yes
HPVVT-FJ-M02	Six-year 4vHPV persistence	persistence_dose_contrast	dose3_minus_dose2_at_v1		HPV33	cross_reactive_non_booster_target	IgG	antibody_isotype_or_subclass	Antibody abundance	none	mixedlm_powell	0.780883576041003	0.3473250855919944	0.10013891735340241	1.4616282347286036	2.248278654304611	0.024558426958075228	1.7181828487667614	1.0718766687559687	2.7541902793933954	HPVVT-FJ-M02|Antibody abundance|persistence_dose_contrast	0.12134752143990113	no
HPVVT-FJ-M03	Heterologous 2vHPV recall	recall_dose_contrast	dose2_minus_dose1_change		HPV33	cross_reactive_non_booster_target	IgG	antibody_isotype_or_subclass	Antibody abundance	none	mixedlm_powell	-0.5578938719342383	0.4094797223933588	-1.3604593802246812	0.24467163635620437	-1.3624456631781838	0.17305728123409903	0.679293110847407	0.3894582595225859	1.1848230693846338	HPVVT-FJ-M03|Antibody abundance|recall_dose_contrast	0.5004486248367814	no
HPVVT-FJ-M03	Heterologous 2vHPV recall	recall_dose_contrast	dose3_minus_dose1_change		HPV33	cross_reactive_non_booster_target	IgG	antibody_isotype_or_subclass	Antibody abundance	none	mixedlm_powell	-0.6717019228584271	0.41986108354128715	-1.4946145251093128	0.15121067939245858	-1.599819438355675	0.10963864528213053	0.627765685746568	0.35487564590344384	1.1105009902767025	HPVVT-FJ-M03|Antibody abundance|recall_dose_contrast	0.40737129727345395	no
HPVVT-FJ-M03	Heterologous 2vHPV recall	recall_dose_contrast	dose3_minus_dose2_change		HPV33	cross_reactive_non_booster_target	IgG	antibody_isotype_or_subclass	Antibody abundance	none	mixedlm_powell	-0.11380805092418877	0.4149623216900916	-0.9271192563778924	0.6995031545295148	-0.2742611677625628	0.78388392435308	0.9241455208686582	0.5259074151295593	1.6239454306443013	HPVVT-FJ-M03|Antibody abundance|recall_dose_contrast	0.9253073736009508	no
HPVVT-FJ-M01	Primary 2vHPV induction	within_trajectory	dose0_v2_minus_v1	0	HPV33	cross_reactive_non_booster_target	IgG1	antibody_isotype_or_subclass	IgG subclass architecture	none	mixedlm_lbfgs	0.3666587836314181	0.2238764704861861	-0.07213103550745109	0.8054486027702872	1.63777275403331	0.10146910722315208	1.2893632632058099	0.9512318749727835	1.7476891473514806	HPVVT-FJ-M01|IgG subclass architecture|within_trajectory	0.27169614273169135	no
HPVVT-FJ-M03	Heterologous 2vHPV recall	within_trajectory	dose1_v2_minus_v1	1	HPV33	cross_reactive_non_booster_target	IgG1	antibody_isotype_or_subclass	IgG subclass architecture	none	mixedlm_lbfgs	2.029418686850794	0.22387647048618492	1.5906288677119274	2.468208505989661	9.064903884019499	1.2471415772577846e-19	4.082403225908324	3.0118060486076237	5.533562198207117	HPVVT-FJ-M03|IgG subclass architecture|within_trajectory	1.3094986561206738e-18	yes
HPVVT-FJ-M03	Heterologous 2vHPV recall	within_trajectory	dose2_v2_minus_v1	2	HPV33	cross_reactive_non_booster_target	IgG1	antibody_isotype_or_subclass	IgG subclass architecture	none	mixedlm_lbfgs	1.3492373409346512	0.21848106387892804	0.9210223244279573	1.7774523574413452	6.175534469579182	6.594001751339616e-10	2.5477740560923428	1.893456561809989	3.4282025644634904	HPVVT-FJ-M03|IgG subclass architecture|within_trajectory	2.4082441178805553e-09	yes
HPVVT-FJ-M03	Heterologous 2vHPV recall	within_trajectory	dose3_v2_minus_v1	3	HPV33	cross_reactive_non_booster_target	IgG1	antibody_isotype_or_subclass	IgG subclass architecture	none	mixedlm_lbfgs	1.6710714719950825	0.22969241226005668	1.2208826164432451	2.12126032754692	7.275257617579039	3.457599786349178e-13	3.1845101537889144	2.3308927376070647	4.350738562940367	HPVVT-FJ-M03|IgG subclass architecture|within_trajectory	1.7084610709019467e-12	yes
HPVVT-FJ-M04	Primary-versus-recall contrast	primary_minus_pooled_recall	dose0_minus_mean_dose1_2_3_change		HPV33	cross_reactive_non_booster_target	IgG1	antibody_isotype_or_subclass	IgG subclass architecture	none	mixedlm_lbfgs	-1.3165837162954244	0.25856426665059357	-1.8233603666195988	-0.80980706597125	-5.091901264433292	3.544907025577214e-07	0.40148452434987486	0.28256205260789913	0.5704581411578377	HPVVT-FJ-M04|IgG subclass architecture|primary_minus_pooled_recall	1.4179628102308855e-06	yes
HPVVT-FJ-M02	Six-year 4vHPV persistence	persistence_dose_contrast	dose2_minus_dose1_at_v1		HPV33	cross_reactive_non_booster_target	IgG1	antibody_isotype_or_subclass	IgG subclass architecture	none	mixedlm_lbfgs	0.5945833423119156	0.32612324824178907	-0.04460647876320656	1.2337731633870377	1.8231860056511184	0.06827522387577901	1.510036416361032	0.9695542443735051	2.3518126932752135	HPVVT-FJ-M02|IgG subclass architecture|persistence_dose_contrast	0.18500383243759475	no
HPVVT-FJ-M02	Six-year 4vHPV persistence	persistence_dose_contrast	dose3_minus_dose1_at_v1		HPV33	cross_reactive_non_booster_target	IgG1	antibody_isotype_or_subclass	IgG subclass architecture	none	mixedlm_lbfgs	0.7717696339851183	0.3343913089871297	0.1163747116271392	1.4271645563430975	2.307983530800505	0.021000052514735346	1.707362779503154	1.0840074798809516	2.6891767030545566	HPVVT-FJ-M02|IgG subclass architecture|persistence_dose_contrast	0.08400021005894139	no
HPVVT-FJ-M02	Six-year 4vHPV persistence	persistence_dose_contrast	dose3_minus_dose2_at_v1		HPV33	cross_reactive_non_booster_target	IgG1	antibody_isotype_or_subclass	IgG subclass architecture	none	mixedlm_lbfgs	0.17718629167320282	0.330489772378828	-0.4705617594481403	0.8249343427945459	0.5361324509313433	0.5918670139856637	1.1306765591903074	0.7216835324828201	1.7714544172904019	HPVVT-FJ-M02|IgG subclass architecture|persistence_dose_contrast	0.8722250732420307	no
HPVVT-FJ-M03	Heterologous 2vHPV recall	recall_dose_contrast	dose2_minus_dose1_change		HPV33	cross_reactive_non_booster_target	IgG1	antibody_isotype_or_subclass	IgG subclass architecture	none	mixedlm_lbfgs	-0.6801813459161429	0.3128172778332742	-1.29329194421122	-0.06707074762106568	-2.1743726901129388	0.02967715735949886	0.6240868221745708	0.4080189478812524	0.9545742020914866	HPVVT-FJ-M03|IgG subclass architecture|recall_dose_contrast	0.12464406090989522	no
HPVVT-FJ-M03	Heterologous 2vHPV recall	recall_dose_contrast	dose3_minus_dose1_change		HPV33	cross_reactive_non_booster_target	IgG1	antibody_isotype_or_subclass	IgG subclass architecture	none	mixedlm_lbfgs	-0.35834721485571164	0.3207479981031767	-0.9870017392512596	0.2703073095398363	-1.1172235430147257	0.26389875669959717	0.7800577203101658	0.5045252086880231	1.2060647050676059	HPVVT-FJ-M03|IgG subclass architecture|recall_dose_contrast	0.4523978686278809	no
HPVVT-FJ-M03	Heterologous 2vHPV recall	recall_dose_contrast	dose3_minus_dose2_change		HPV33	cross_reactive_non_booster_target	IgG1	antibody_isotype_or_subclass	IgG subclass architecture	none	mixedlm_lbfgs	0.32183413106043124	0.3170056458858612	-0.2994855177717147	0.9431537798925772	1.0152315431514698	0.3099954678206589	1.2499185891990625	0.812542106885482	1.922726793339661	HPVVT-FJ-M03|IgG subclass architecture|recall_dose_contrast	0.5007619095564491	no
HPVVT-FJ-M01	Primary 2vHPV induction	within_trajectory	dose0_v2_minus_v1	0	HPV33	cross_reactive_non_booster_target	IgG2	antibody_isotype_or_subclass	IgG subclass architecture	high	mixedlm_lbfgs	0.3405429113361492	0.5923410078347611	-0.8204241305861405	1.5015099532584388	0.5749102406077999	0.5653520037278765	1.2662330099153614	0.566275441734299	2.83138896239053	HPVVT-FJ-M01|IgG subclass architecture|within_trajectory	0.8794364502433635	no
HPVVT-FJ-M03	Heterologous 2vHPV recall	within_trajectory	dose1_v2_minus_v1	1	HPV33	cross_reactive_non_booster_target	IgG2	antibody_isotype_or_subclass	IgG subclass architecture	high	mixedlm_lbfgs	1.6303759364159696	0.592341007834764	0.4694088944936743	2.791342978338265	2.7524279339963744	0.005915516461245698	3.0959366188786586	1.3845420729902496	6.922739102765656	HPVVT-FJ-M03|IgG subclass architecture|within_trajectory	0.008145957094174403	yes
HPVVT-FJ-M03	Heterologous 2vHPV recall	within_trajectory	dose2_v2_minus_v1	2	HPV33	cross_reactive_non_booster_target	IgG2	antibody_isotype_or_subclass	IgG subclass architecture	high	mixedlm_lbfgs	0.7288561051003162	0.5780656327563538	-0.40413171580249463	1.861843926003127	1.2608535498382039	0.2073616162414893	1.6573244986164324	0.7556909676042236	3.6347192324161073	HPVVT-FJ-M03|IgG subclass architecture|within_trajectory	0.24192188561507086	no
HPVVT-FJ-M03	Heterologous 2vHPV recall	within_trajectory	dose3_v2_minus_v1	3	HPV33	cross_reactive_non_booster_target	IgG2	antibody_isotype_or_subclass	IgG subclass architecture	high	mixedlm_lbfgs	-0.2428932821603632	0.6077290510907705	-1.4340203346569758	0.9482337703362494	-0.3996736402915263	0.6893969095369029	0.8450488913555424	0.37009810796367043	1.9295089961695495	HPVVT-FJ-M03|IgG subclass architecture|within_trajectory	0.6977028963987933	no
HPVVT-FJ-M04	Primary-versus-recall contrast	primary_minus_pooled_recall	dose0_minus_mean_dose1_2_3_change		HPV33	cross_reactive_non_booster_target	IgG2	antibody_isotype_or_subclass	IgG subclass architecture	high	mixedlm_lbfgs	-0.3649033417824917	0.6841193179670001	-1.7057525661259174	0.9759458825609342	-0.533391372234417	0.5937626886540671	0.776520898893492	0.3065612882464809	1.9669303644547125	HPVVT-FJ-M04|IgG subclass architecture|primary_minus_pooled_recall	0.6394367416274569	no
HPVVT-FJ-M02	Six-year 4vHPV persistence	persistence_dose_contrast	dose2_minus_dose1_at_v1		HPV33	cross_reactive_non_booster_target	IgG2	antibody_isotype_or_subclass	IgG subclass architecture	high	mixedlm_lbfgs	-0.007225675286502531	0.9822325720284288	-1.9323661409043675	1.9179147903313625	-0.007356379224505495	0.9941305115325852	0.9950040649525115	0.2619991178065283	3.778764972800808	HPVVT-FJ-M02|IgG subclass architecture|persistence_dose_contrast	0.9941305115325851	no
HPVVT-FJ-M02	Six-year 4vHPV persistence	persistence_dose_contrast	dose3_minus_dose1_at_v1		HPV33	cross_reactive_non_booster_target	IgG2	antibody_isotype_or_subclass	IgG subclass architecture	high	mixedlm_lbfgs	2.5612822738960572	1.007134686843507	0.5873345601017579	4.535229987690356	2.5431377822200267	0.010986189810791176	5.902320547790906	1.5024683080307086	23.186770504687882	HPVVT-FJ-M02|IgG subclass architecture|persistence_dose_contrast	0.05428470259449757	no
HPVVT-FJ-M02	Six-year 4vHPV persistence	persistence_dose_contrast	dose3_minus_dose2_at_v1		HPV33	cross_reactive_non_booster_target	IgG2	antibody_isotype_or_subclass	IgG subclass architecture	high	mixedlm_lbfgs	2.5685079491825595	0.9953838645445888	0.6175914238828697	4.51942447448225	2.580419515196493	0.009868035587734733	5.931956215749335	1.5343115122541802	22.93413316952143	HPVVT-FJ-M02|IgG subclass architecture|persistence_dose_contrast	0.05180718683560735	no
HPVVT-FJ-M03	Heterologous 2vHPV recall	recall_dose_contrast	dose2_minus_dose1_change		HPV33	cross_reactive_non_booster_target	IgG2	antibody_isotype_or_subclass	IgG subclass architecture	high	mixedlm_lbfgs	-0.9015198313156534	0.8276640292635095	-2.523711519971437	0.7206718573401305	-1.0892340363249373	0.2760506930947426	0.5353224896499049	0.17389501488137948	1.647949299296781	HPVVT-FJ-M03|IgG subclass architecture|recall_dose_contrast	0.46376516439916754	no
HPVVT-FJ-M03	Heterologous 2vHPV recall	recall_dose_contrast	dose3_minus_dose1_change		HPV33	cross_reactive_non_booster_target	IgG2	antibody_isotype_or_subclass	IgG subclass architecture	high	mixedlm_lbfgs	-1.8732692185763329	0.8486474351003437	-3.536587626945299	-0.2099508102073664	-2.2073586051136047	0.027289015943941824	0.2729541962204695	0.08617495037690631	0.8645667088695953	HPVVT-FJ-M03|IgG subclass architecture|recall_dose_contrast	0.12464406090989522	no
HPVVT-FJ-M03	Heterologous 2vHPV recall	recall_dose_contrast	dose3_minus_dose2_change		HPV33	cross_reactive_non_booster_target	IgG2	antibody_isotype_or_subclass	IgG subclass architecture	high	mixedlm_lbfgs	-0.9717493872606795	0.8387457751391013	-2.6156608987184486	0.6721621241970896	-1.1585744048600666	0.24662970685216234	0.5098874071197318	0.16315771370147092	1.5934592489753632	HPVVT-FJ-M03|IgG subclass architecture|recall_dose_contrast	0.44078500799109865	no
HPVVT-FJ-M01	Primary 2vHPV induction	within_trajectory	dose0_v2_minus_v1	0	HPV33	cross_reactive_non_booster_target	IgG3	antibody_isotype_or_subclass	IgG subclass architecture	none	mixedlm_powell	0.4986502998228552	0.5124878358560156	-0.5058074009698104	1.5031080006155209	0.9729992888318072	0.3305536555528096	1.412891126476078	0.7042661263385191	2.8345269786769487	HPVVT-FJ-M01|IgG subclass architecture|within_trajectory	0.6170334903652446	no
HPVVT-FJ-M03	Heterologous 2vHPV recall	within_trajectory	dose1_v2_minus_v1	1	HPV33	cross_reactive_non_booster_target	IgG3	antibody_isotype_or_subclass	IgG subclass architecture	none	mixedlm_powell	2.619304936787767	0.5124878358560179	1.614847235995097	3.623762637580437	5.1109602092558815	3.205254956353904e-07	6.144539688797307	3.06279166431995	12.327109423418245	HPVVT-FJ-M03|IgG subclass architecture|within_trajectory	8.158830797991757e-07	yes
HPVVT-FJ-M03	Heterologous 2vHPV recall	within_trajectory	dose2_v2_minus_v1	2	HPV33	cross_reactive_non_booster_target	IgG3	antibody_isotype_or_subclass	IgG subclass architecture	none	mixedlm_powell	2.4477199469575663	0.5001369163971237	1.4674696034802839	3.427970290434849	4.89409972891104	9.875675296639215e-07	5.455532219846939	2.7653644046567916	10.762716028190841	HPVVT-FJ-M03|IgG subclass architecture|within_trajectory	2.3701620711934114e-06	yes
HPVVT-FJ-M03	Heterologous 2vHPV recall	within_trajectory	dose3_v2_minus_v1	3	HPV33	cross_reactive_non_booster_target	IgG3	antibody_isotype_or_subclass	IgG subclass architecture	none	mixedlm_powell	0.2403816809346369	0.5258014252952441	-0.7901701756638693	1.270933537533143	0.45717198427079114	0.6475474334733471	1.181305147438273	0.5782758763682178	2.413176666002898	HPVVT-FJ-M03|IgG subclass architecture|within_trajectory	0.6799248051470144	no
HPVVT-FJ-M04	Primary-versus-recall contrast	primary_minus_pooled_recall	dose0_minus_mean_dose1_2_3_change		HPV33	cross_reactive_non_booster_target	IgG3	antibody_isotype_or_subclass	IgG subclass architecture	none	mixedlm_powell	-1.270485221737135	0.5918935614702623	-2.4305752848999935	-0.11039515857427618	-2.146475826804489	0.03183503535461539	0.41452033380312053	0.1854914655393592	0.9263343013470919	HPVVT-FJ-M04|IgG subclass architecture|primary_minus_pooled_recall	0.04051731772405595	yes
HPVVT-FJ-M02	Six-year 4vHPV persistence	persistence_dose_contrast	dose2_minus_dose1_at_v1		HPV33	cross_reactive_non_booster_target	IgG3	antibody_isotype_or_subclass	IgG subclass architecture	none	mixedlm_powell	-0.11581426604209201	0.6505302120053784	-1.3908300524278396	1.1592015203436556	-0.17803057245423443	0.8586989659099558	0.9228612950638829	0.3813453326452952	2.23333786208723	HPVVT-FJ-M02|IgG subclass architecture|persistence_dose_contrast	0.9941305115325851	no
HPVVT-FJ-M02	Six-year 4vHPV persistence	persistence_dose_contrast	dose3_minus_dose1_at_v1		HPV33	cross_reactive_non_booster_target	IgG3	antibody_isotype_or_subclass	IgG subclass architecture	none	mixedlm_powell	1.2360782439828861	0.6670228212828134	-0.07126246259772517	2.543418950563497	1.8531273661756722	0.06386410523650314	2.3555733292938705	0.9518047354697259	5.829689118895015	HPVVT-FJ-M02|IgG subclass architecture|persistence_dose_contrast	0.18498568413331942	no
HPVVT-FJ-M02	Six-year 4vHPV persistence	persistence_dose_contrast	dose3_minus_dose2_at_v1		HPV33	cross_reactive_non_booster_target	IgG3	antibody_isotype_or_subclass	IgG subclass architecture	none	mixedlm_powell	1.3518925100249781	0.6592402806309936	0.059805302830152396	2.643979717219804	2.0506825049146125	0.040297875802210434	2.552467355487925	1.042325085623764	6.25053516478754	HPVVT-FJ-M02|IgG subclass architecture|persistence_dose_contrast	0.1410425653077365	no
HPVVT-FJ-M03	Heterologous 2vHPV recall	recall_dose_contrast	dose2_minus_dose1_change		HPV33	cross_reactive_non_booster_target	IgG3	antibody_isotype_or_subclass	IgG subclass architecture	none	mixedlm_powell	-0.17158498983020087	0.7160870876112823	-1.5750898913424924	1.2319199116820907	-0.2396146960316974	0.8106289708482739	0.8878667070526758	0.33562221311799834	2.348793550251122	HPVVT-FJ-M03|IgG subclass architecture|recall_dose_contrast	0.8976668578804576	no
HPVVT-FJ-M03	Heterologous 2vHPV recall	recall_dose_contrast	dose3_minus_dose1_change		HPV33	cross_reactive_non_booster_target	IgG3	antibody_isotype_or_subclass	IgG subclass architecture	none	mixedlm_powell	-2.37892325585313	0.7342417318178631	-3.818010606162459	-0.9398359055438013	-3.2399728219796264	0.0011954109295490966	0.19225283052398903	0.07090294655423832	0.52129216965915	HPVVT-FJ-M03|IgG subclass architecture|recall_dose_contrast	0.0401032168756123	yes
HPVVT-FJ-M03	Heterologous 2vHPV recall	recall_dose_contrast	dose3_minus_dose2_change		HPV33	cross_reactive_non_booster_target	IgG3	antibody_isotype_or_subclass	IgG subclass architecture	none	mixedlm_powell	-2.2073382660229295	0.7256749092987395	-3.629634952732829	-0.7850415793130299	-3.0417728899515137	0.0023518927137514676	0.2165334379550994	0.08079249237293654	0.5803352313507879	HPVVT-FJ-M03|IgG subclass architecture|recall_dose_contrast	0.0401032168756123	yes
HPVVT-FJ-M01	Primary 2vHPV induction	within_trajectory	dose0_v2_minus_v1	0	HPV33	cross_reactive_non_booster_target	IgG4	antibody_isotype_or_subclass	IgG subclass architecture	none	mixedlm_lbfgs	-0.13831344815433153	0.4659803285138688	-1.0516181095456572	0.774991213236994	-0.2968225044938028	0.7666020232493966	0.9085806915784858	0.4824267767949852	1.711179629359704	HPVVT-FJ-M01|IgG subclass architecture|within_trajectory	0.894369027124296	no
HPVVT-FJ-M03	Heterologous 2vHPV recall	within_trajectory	dose1_v2_minus_v1	1	HPV33	cross_reactive_non_booster_target	IgG4	antibody_isotype_or_subclass	IgG subclass architecture	none	mixedlm_lbfgs	-0.030446370413626314	0.4659803285138683	-0.9437510318049509	0.8828582909776983	-0.06533831698588578	0.9479046349653759	0.9791173114356994	0.5198794262725023	1.8440250971781509	HPVVT-FJ-M03|IgG subclass architecture|within_trajectory	0.9479046349653759	no
HPVVT-FJ-M03	Heterologous 2vHPV recall	within_trajectory	dose2_v2_minus_v1	2	HPV33	cross_reactive_non_booster_target	IgG4	antibody_isotype_or_subclass	IgG subclass architecture	none	mixedlm_lbfgs	0.41723968977087666	0.4547502365892655	-0.4740543959051524	1.3085337754469057	0.9175139586518375	0.35887338178470607	1.3353701436485317	0.719938513918722	2.4768968267048668	HPVVT-FJ-M03|IgG subclass architecture|within_trajectory	0.40736978472858526	no
HPVVT-FJ-M03	Heterologous 2vHPV recall	within_trajectory	dose3_v2_minus_v1	3	HPV33	cross_reactive_non_booster_target	IgG4	antibody_isotype_or_subclass	IgG subclass architecture	none	mixedlm_lbfgs	0.1974126465005828	0.47808572955275724	-0.739618164945378	1.1344434579465437	0.41292311043305907	0.6796629484113925	1.1466401062888696	0.5988978403638526	2.195338578197861	HPVVT-FJ-M03|IgG subclass architecture|within_trajectory	0.6962400934945973	no
HPVVT-FJ-M04	Primary-versus-recall contrast	primary_minus_pooled_recall	dose0_minus_mean_dose1_2_3_change		HPV33	cross_reactive_non_booster_target	IgG4	antibody_isotype_or_subclass	IgG subclass architecture	none	mixedlm_lbfgs	-0.33304877010694256	0.5381801028671552	-1.3878623889226285	0.7217648487087432	-0.6188425925310593	0.5360200601856328	0.7938570942484335	0.3821305778750954	1.6491982651400345	HPVVT-FJ-M04|IgG subclass architecture|primary_minus_pooled_recall	0.6003424674079088	no
HPVVT-FJ-M02	Six-year 4vHPV persistence	persistence_dose_contrast	dose2_minus_dose1_at_v1		HPV33	cross_reactive_non_booster_target	IgG4	antibody_isotype_or_subclass	IgG subclass architecture	none	mixedlm_lbfgs	0.28505416819429197	0.6723975060036458	-1.0328207268674086	1.6029290632559925	0.42393698020757736	0.6716117738129253	1.2184560116129421	0.48875361325928446	3.0375940186617445	HPVVT-FJ-M02|IgG subclass architecture|persistence_dose_contrast	0.9248424426276348	no
HPVVT-FJ-M02	Six-year 4vHPV persistence	persistence_dose_contrast	dose3_minus_dose1_at_v1		HPV33	cross_reactive_non_booster_target	IgG4	antibody_isotype_or_subclass	IgG subclass architecture	none	mixedlm_lbfgs	-0.03616619823870426	0.6894445072665915	-1.3874526018201871	1.3151202053427786	-0.052457011198900845	0.9581645482384061	0.9752431072056972	0.38223913472139187	2.4882306173214426	HPVVT-FJ-M02|IgG subclass architecture|persistence_dose_contrast	0.9941305115325851	no
HPVVT-FJ-M02	Six-year 4vHPV persistence	persistence_dose_contrast	dose3_minus_dose2_at_v1		HPV33	cross_reactive_non_booster_target	IgG4	antibody_isotype_or_subclass	IgG subclass architecture	none	mixedlm_lbfgs	-0.32122036643299623	0.6814003598494807	-1.6567405307906111	1.0142997979246187	-0.47141208804755086	0.6373464853853021	0.8003925442615777	0.31715488511979273	2.0199222996913626	HPVVT-FJ-M02|IgG subclass architecture|persistence_dose_contrast	0.8976621671344908	no
HPVVT-FJ-M03	Heterologous 2vHPV recall	recall_dose_contrast	dose2_minus_dose1_change		HPV33	cross_reactive_non_booster_target	IgG4	antibody_isotype_or_subclass	IgG subclass architecture	none	mixedlm_lbfgs	0.447686060184503	0.6511032515967691	-0.8284528631620858	1.7238249835310917	0.687580747118979	0.4917168357613614	1.3638510197419058	0.5631328186461659	3.303109927996913	HPVVT-FJ-M03|IgG subclass architecture|recall_dose_contrast	0.677118265638596	no
HPVVT-FJ-M03	Heterologous 2vHPV recall	recall_dose_contrast	dose3_minus_dose1_change		HPV33	cross_reactive_non_booster_target	IgG4	antibody_isotype_or_subclass	IgG subclass architecture	none	mixedlm_lbfgs	0.22785901691420912	0.6676103888975102	-1.08063330102969	1.5363513348581084	0.3413053791605832	0.7328736987987425	1.1710957337763013	0.472821223079388	2.9005999534813194	HPVVT-FJ-M03|IgG subclass architecture|recall_dose_contrast	0.8742145567026461	no
HPVVT-FJ-M03	Heterologous 2vHPV recall	recall_dose_contrast	dose3_minus_dose2_change		HPV33	cross_reactive_non_booster_target	IgG4	antibody_isotype_or_subclass	IgG subclass architecture	none	mixedlm_lbfgs	-0.2198270432702939	0.6598209927548419	-1.5130524253132478	1.0733983387726602	-0.3331616388143188	0.7390122733347815	0.8586683712696996	0.3503691301649106	2.104384514331852	HPVVT-FJ-M03|IgG subclass architecture|recall_dose_contrast	0.8742145567026461	no
HPVVT-FJ-M01	Primary 2vHPV induction	within_trajectory	dose0_v2_minus_v1	0	HPV33	cross_reactive_non_booster_target	IgM	antibody_isotype_or_subclass	Antibody abundance	none	mixedlm_lbfgs	0.23385382390893156	0.10863293117062936	0.020937191279479406	0.4467704565383837	2.1526973578722477	0.031342471288463354	1.1759720929446715	1.0146183735108498	1.3629857289095142	HPVVT-FJ-M01|Antibody abundance|within_trajectory	0.04178996171795114	yes
HPVVT-FJ-M03	Heterologous 2vHPV recall	within_trajectory	dose1_v2_minus_v1	1	HPV33	cross_reactive_non_booster_target	IgM	antibody_isotype_or_subclass	Antibody abundance	none	mixedlm_lbfgs	0.23374683687427616	0.10863293117062905	0.020830204244824596	0.4466634695037277	2.151712508862819	0.03142000432287657	1.1758848887202322	1.0145431344733808	1.3628846566866908	HPVVT-FJ-M03|Antibody abundance|within_trajectory	0.047130006484314854	yes
HPVVT-FJ-M03	Heterologous 2vHPV recall	within_trajectory	dose2_v2_minus_v1	2	HPV33	cross_reactive_non_booster_target	IgM	antibody_isotype_or_subclass	Antibody abundance	none	mixedlm_lbfgs	0.02974639706249871	0.10601488545402987	-0.1780389602525391	0.2375317543775365	0.2805869848852247	0.7790271997296618	1.0208326637209413	0.883903660755767	1.1789738787013995	HPVVT-FJ-M03|Antibody abundance|within_trajectory	0.8153367865712902	no
HPVVT-FJ-M03	Heterologous 2vHPV recall	within_trajectory	dose3_v2_minus_v1	3	HPV33	cross_reactive_non_booster_target	IgM	antibody_isotype_or_subclass	Antibody abundance	none	mixedlm_lbfgs	0.09519678156351125	0.11145503570462197	-0.12325107431317361	0.3136446374401961	0.8541272358101581	0.3930344946198834	1.0682111005950972	0.9181163672718815	1.2428434957817092	HPVVT-FJ-M03|Antibody abundance|within_trajectory	0.47164139354386003	no
HPVVT-FJ-M04	Primary-versus-recall contrast	primary_minus_pooled_recall	dose0_minus_mean_dose1_2_3_change		HPV33	cross_reactive_non_booster_target	IgM	antibody_isotype_or_subclass	Antibody abundance	none	mixedlm_lbfgs	0.11429048540883618	0.12546469989114534	-0.1316158077089351	0.3601967785266075	0.910937383248005	0.3623283671356591	1.0824425714684458	0.9128085387396373	1.2836009642778146	HPVVT-FJ-M04|Antibody abundance|primary_minus_pooled_recall	0.5294704177376618	no
HPVVT-FJ-M02	Six-year 4vHPV persistence	persistence_dose_contrast	dose2_minus_dose1_at_v1		HPV33	cross_reactive_non_booster_target	IgM	antibody_isotype_or_subclass	Antibody abundance	none	mixedlm_lbfgs	-0.1947062993293874	0.22841813530930255	-0.6423976179514173	0.2529850192926424	-0.8524117363349205	0.3939856084613371	0.8737507540611595	0.6406473703582365	1.1916702004029844	HPVVT-FJ-M02|Antibody abundance|persistence_dose_contrast	0.6244300209575909	no
HPVVT-FJ-M02	Six-year 4vHPV persistence	persistence_dose_contrast	dose3_minus_dose1_at_v1		HPV33	cross_reactive_non_booster_target	IgM	antibody_isotype_or_subclass	Antibody abundance	none	mixedlm_lbfgs	-0.340600484684379	0.2342091208592642	-0.7996419264193255	0.11844095705056756	-1.4542579871987356	0.14587479363695588	0.7897125459232066	0.5744917473312986	1.0855611209134879	HPVVT-FJ-M02|Antibody abundance|persistence_dose_contrast	0.3603965489854204	no
HPVVT-FJ-M02	Six-year 4vHPV persistence	persistence_dose_contrast	dose3_minus_dose2_at_v1		HPV33	cross_reactive_non_booster_target	IgM	antibody_isotype_or_subclass	Antibody abundance	none	mixedlm_lbfgs	-0.14589418535499155	0.23147646772363578	-0.599579725361866	0.30779135465188284	-0.6302765321664465	0.5285136744110436	0.9038190150367865	0.6599461777467714	1.2378112632323117	HPVVT-FJ-M02|Antibody abundance|persistence_dose_contrast	0.7277893221397977	no
HPVVT-FJ-M03	Heterologous 2vHPV recall	recall_dose_contrast	dose2_minus_dose1_change		HPV33	cross_reactive_non_booster_target	IgM	antibody_isotype_or_subclass	Antibody abundance	none	mixedlm_lbfgs	-0.20400043981177746	0.15179021599745388	-0.5015037963723425	0.09350291674878769	-1.343963037875902	0.17896033962687286	0.8681399629448074	0.7063701108681624	1.0669576524628415	HPVVT-FJ-M03|Antibody abundance|recall_dose_contrast	0.5004486248367814	no
HPVVT-FJ-M03	Heterologous 2vHPV recall	recall_dose_contrast	dose3_minus_dose1_change		HPV33	cross_reactive_non_booster_target	IgM	antibody_isotype_or_subclass	Antibody abundance	none	mixedlm_lbfgs	-0.13855005531076492	0.15563848726661791	-0.4435958849616318	0.166495774340102	-0.8902043302015683	0.3733561799674002	0.9084316933077342	0.7352996050048958	1.122329096587047	HPVVT-FJ-M03|Antibody abundance|recall_dose_contrast	0.7643000620353781	no
HPVVT-FJ-M03	Heterologous 2vHPV recall	recall_dose_contrast	dose3_minus_dose2_change		HPV33	cross_reactive_non_booster_target	IgM	antibody_isotype_or_subclass	Antibody abundance	none	mixedlm_lbfgs	0.06545038450101254	0.15382256311006404	-0.23603629920435248	0.36693706820637756	0.42549274422232247	0.6704775098379476	1.0464115604426891	0.8490748828671856	1.2896119952701304	HPVVT-FJ-M03|Antibody abundance|recall_dose_contrast	0.8664632434828862	no
HPVVT-FJ-M01	Primary 2vHPV induction	within_trajectory	dose0_v2_minus_v1	0	HPV45	cross_reactive_non_booster_target	FcgR2A	fc_gamma_receptor_binding	Fc-receptor engagement	moderate	mixedlm_powell	-2.152278205103175	1.0201708611656646	-4.151776351065089	-0.15278005914126047	-2.1097232699274953	0.03488219893466924	0.2249570981948763	0.0562588412733327	0.8995154340700378	HPVVT-FJ-M01|Fc-receptor engagement|within_trajectory	0.08705039864194136	no
HPVVT-FJ-M03	Heterologous 2vHPV recall	within_trajectory	dose1_v2_minus_v1	1	HPV45	cross_reactive_non_booster_target	FcgR2A	fc_gamma_receptor_binding	Fc-receptor engagement	moderate	mixedlm_powell	2.79045824769841	1.0201708611656657	0.7909601017364936	4.789956393660326	2.7352851898847432	0.006232625108371157	6.918495044523039	1.730225530483061	27.664355217164236	HPVVT-FJ-M03|Fc-receptor engagement|within_trajectory	0.00835436982611453	yes
HPVVT-FJ-M03	Heterologous 2vHPV recall	within_trajectory	dose2_v2_minus_v1	2	HPV45	cross_reactive_non_booster_target	FcgR2A	fc_gamma_receptor_binding	Fc-receptor engagement	moderate	mixedlm_powell	3.2861049111250806	0.9955848178315412	1.3347945246203894	5.237415297629772	3.3006780058001137	0.0009645150726429449	9.754750081032723	2.5223955407003054	37.72411884180127	HPVVT-FJ-M03|Fc-receptor engagement|within_trajectory	0.0014820597457684275	yes
HPVVT-FJ-M03	Heterologous 2vHPV recall	within_trajectory	dose3_v2_minus_v1	3	HPV45	cross_reactive_non_booster_target	FcgR2A	fc_gamma_receptor_binding	Fc-receptor engagement	moderate	mixedlm_powell	3.5358967970045687	1.0466732189840424	1.4844549842132402	5.587338609795897	3.378224199179092	0.0007295557371871005	11.598744918697836	2.79811447057043	48.07912081652368	HPVVT-FJ-M03|Fc-receptor engagement|within_trajectory	0.0011490502860696833	yes
HPVVT-FJ-M04	Primary-versus-recall contrast	primary_minus_pooled_recall	dose0_minus_mean_dose1_2_3_change		HPV45	cross_reactive_non_booster_target	FcgR2A	fc_gamma_receptor_binding	Fc-receptor engagement	moderate	mixedlm_powell	-5.356431523712528	1.1782378469821417	-7.665735269019541	-3.0471277784055153	-4.546137723747482	5.463929041733381e-06	0.0244091941428687	0.004924744969015768	0.12098266254451971	HPVVT-FJ-M04|Fc-receptor engagement|primary_minus_pooled_recall	1.6391787125200142e-05	yes
HPVVT-FJ-M02	Six-year 4vHPV persistence	persistence_dose_contrast	dose2_minus_dose1_at_v1		HPV45	cross_reactive_non_booster_target	FcgR2A	fc_gamma_receptor_binding	Fc-receptor engagement	moderate	mixedlm_powell	1.7193093153431014	1.0237755726737774	-0.28725393534937105	3.725872566035574	1.6793810686973223	0.09307780043253816	3.2927872825161817	0.8194603579791296	13.231205124600354	HPVVT-FJ-M02|Fc-receptor engagement|persistence_dose_contrast	0.3401716385760909	no
HPVVT-FJ-M02	Six-year 4vHPV persistence	persistence_dose_contrast	dose3_minus_dose1_at_v1		HPV45	cross_reactive_non_booster_target	FcgR2A	fc_gamma_receptor_binding	Fc-receptor engagement	moderate	mixedlm_powell	1.52820127905458	1.0497309090997993	-0.5292334962395158	3.585636054348676	1.4558028784396706	0.14544711983036804	2.88426011531185	0.6929227860949377	12.005603769593659	HPVVT-FJ-M02|Fc-receptor engagement|persistence_dose_contrast	0.42527615611938374	no
HPVVT-FJ-M02	Six-year 4vHPV persistence	persistence_dose_contrast	dose3_minus_dose2_at_v1		HPV45	cross_reactive_non_booster_target	FcgR2A	fc_gamma_receptor_binding	Fc-receptor engagement	moderate	mixedlm_powell	-0.19110803628852135	1.03748309206435	-2.2245375313039006	1.842321458726858	-0.18420351883350775	0.8538537990873997	0.8759327183467024	0.21396733455597938	3.5858657054472434	HPVVT-FJ-M02|Fc-receptor engagement|persistence_dose_contrast	0.9132703463099792	no
HPVVT-FJ-M03	Heterologous 2vHPV recall	recall_dose_contrast	dose2_minus_dose1_change		HPV45	cross_reactive_non_booster_target	FcgR2A	fc_gamma_receptor_binding	Fc-receptor engagement	moderate	mixedlm_powell	0.49564666342667074	1.425460527502659	-2.298204631862008	3.2894979587153497	0.3477098480552252	0.7280580999707189	1.4099526007111878	0.20331595915243908	9.777719095635454	HPVVT-FJ-M03|Fc-receptor engagement|recall_dose_contrast	0.9173532059631059	no
HPVVT-FJ-M03	Heterologous 2vHPV recall	recall_dose_contrast	dose3_minus_dose1_change		HPV45	cross_reactive_non_booster_target	FcgR2A	fc_gamma_receptor_binding	Fc-receptor engagement	moderate	mixedlm_powell	0.7454385493061588	1.46159960772775	-2.119244041658102	3.6101211402704196	0.5100155647038259	0.6100405574596329	1.6764838081194946	0.23016748661550004	12.21109897064658	HPVVT-FJ-M03|Fc-receptor engagement|recall_dose_contrast	0.8362986994246877	no
HPVVT-FJ-M03	Heterologous 2vHPV recall	recall_dose_contrast	dose3_minus_dose2_change		HPV45	cross_reactive_non_booster_target	FcgR2A	fc_gamma_receptor_binding	Fc-receptor engagement	moderate	mixedlm_powell	0.24979188587948808	1.444546280613771	-2.5814667981247936	3.08105056988377	0.17292065282488173	0.8627137975892375	1.1890355798300363	0.16707099572064338	8.462304327591076	HPVVT-FJ-M03|Fc-receptor engagement|recall_dose_contrast	0.992909625305679	no
HPVVT-FJ-M01	Primary 2vHPV induction	within_trajectory	dose0_v2_minus_v1	0	HPV45	cross_reactive_non_booster_target	FcgR2B	fc_gamma_receptor_binding	Fc-receptor engagement	moderate	mixedlm_lbfgs	0.9364258095148182	0.5582073636532842	-0.15764051915067145	2.030492138180308	1.6775590407590082	0.09343321448258489	1.9137810827656119	0.8964900529803637	4.085441908223538	HPVVT-FJ-M01|Fc-receptor engagement|within_trajectory	0.17837250037584387	no
HPVVT-FJ-M03	Heterologous 2vHPV recall	within_trajectory	dose1_v2_minus_v1	1	HPV45	cross_reactive_non_booster_target	FcgR2B	fc_gamma_receptor_binding	Fc-receptor engagement	moderate	mixedlm_lbfgs	4.793248138353394	0.5582073636532815	3.699181809687909	5.887314467018879	8.586859383192618	8.93789162356846e-18	27.727548033141325	12.988670036034064	59.191350445985194	HPVVT-FJ-M03|Fc-receptor engagement|within_trajectory	9.384786204746883e-17	yes
HPVVT-FJ-M03	Heterologous 2vHPV recall	within_trajectory	dose2_v2_minus_v1	2	HPV45	cross_reactive_non_booster_target	FcgR2B	fc_gamma_receptor_binding	Fc-receptor engagement	moderate	mixedlm_lbfgs	4.68463454044004	0.5447546069096457	3.61693513048486	5.75233395039522	8.59953175433548	8.004199493139967e-18	25.71671639037035	12.268909604239674	53.90450522793041	HPVVT-FJ-M03|Fc-receptor engagement|within_trajectory	9.384786204746883e-17	yes
HPVVT-FJ-M03	Heterologous 2vHPV recall	within_trajectory	dose3_v2_minus_v1	3	HPV45	cross_reactive_non_booster_target	FcgR2B	fc_gamma_receptor_binding	Fc-receptor engagement	moderate	mixedlm_lbfgs	3.4406681622974924	0.5727086710827921	2.318179793341424	4.563156531253561	6.007710963747747	1.8816089109641278e-09	10.857862109222653	4.987026237781436	23.639973796356013	HPVVT-FJ-M03|Fc-receptor engagement|within_trajectory	6.239019020565266e-09	yes
HPVVT-FJ-M04	Primary-versus-recall contrast	primary_minus_pooled_recall	dose0_minus_mean_dose1_2_3_change		HPV45	cross_reactive_non_booster_target	FcgR2B	fc_gamma_receptor_binding	Fc-receptor engagement	moderate	mixedlm_lbfgs	-3.3697578041821568	0.6446969496550035	-4.633340606448796	-2.106175001915518	-5.226886533254755	1.723882168673332e-07	0.09673905102864874	0.040292619009454	0.2322619929900238	HPVVT-FJ-M04|Fc-receptor engagement|primary_minus_pooled_recall	6.033587590356661e-07	yes
HPVVT-FJ-M02	Six-year 4vHPV persistence	persistence_dose_contrast	dose2_minus_dose1_at_v1		HPV45	cross_reactive_non_booster_target	FcgR2B	fc_gamma_receptor_binding	Fc-receptor engagement	moderate	mixedlm_lbfgs	0.16163600492427033	0.81575295071387	-1.4372103987571925	1.7604824086057334	0.1981433285442875	0.8429329255391362	1.1185548516254604	0.3692806570724807	3.3881139781694087	HPVVT-FJ-M02|Fc-receptor engagement|persistence_dose_contrast	0.9132703463099792	no
HPVVT-FJ-M02	Six-year 4vHPV persistence	persistence_dose_contrast	dose3_minus_dose1_at_v1		HPV45	cross_reactive_non_booster_target	FcgR2B	fc_gamma_receptor_binding	Fc-receptor engagement	moderate	mixedlm_lbfgs	1.208495090608361	0.8364343801613426	-0.43088616993895457	2.8478763511556764	1.444817572390138	0.1485091338829594	2.3109644882531626	0.7418059938358577	7.199398374164294	HPVVT-FJ-M02|Fc-receptor engagement|persistence_dose_contrast	0.42527615611938374	no
HPVVT-FJ-M02	Six-year 4vHPV persistence	persistence_dose_contrast	dose3_minus_dose2_at_v1		HPV45	cross_reactive_non_booster_target	FcgR2B	fc_gamma_receptor_binding	Fc-receptor engagement	moderate	mixedlm_lbfgs	1.0468590856840907	0.8266752169685959	-0.5733945664861924	2.6671127378543735	1.2663486992181832	0.20538826887945105	2.0660269676493	0.6720336756714241	6.351567764501633	HPVVT-FJ-M02|Fc-receptor engagement|persistence_dose_contrast	0.45588334059765906	no
HPVVT-FJ-M03	Heterologous 2vHPV recall	recall_dose_contrast	dose2_minus_dose1_change		HPV45	cross_reactive_non_booster_target	FcgR2B	fc_gamma_receptor_binding	Fc-receptor engagement	moderate	mixedlm_lbfgs	-0.10861359791335312	0.7799698985127757	-1.6373265080237545	1.4200993121970482	-0.13925357647834158	0.8892497729720794	0.9274789231140266	0.32145161230135977	2.676039316344457	HPVVT-FJ-M03|Fc-receptor engagement|recall_dose_contrast	0.992909625305679	no
HPVVT-FJ-M03	Heterologous 2vHPV recall	recall_dose_contrast	dose3_minus_dose1_change		HPV45	cross_reactive_non_booster_target	FcgR2B	fc_gamma_receptor_binding	Fc-receptor engagement	moderate	mixedlm_lbfgs	-1.352579976055901	0.7997441358148021	-2.9200496791000226	0.21488972698822062	-1.6912658880303686	0.09078603199214758	0.39159113875647455	0.13212270535597737	1.1606151988747109	HPVVT-FJ-M03|Fc-receptor engagement|recall_dose_contrast	0.5091628686640461	no
HPVVT-FJ-M03	Heterologous 2vHPV recall	recall_dose_contrast	dose3_minus_dose2_change		HPV45	cross_reactive_non_booster_target	FcgR2B	fc_gamma_receptor_binding	Fc-receptor engagement	moderate	mixedlm_lbfgs	-1.2439663781425478	0.7904130589019265	-2.79314750650046	0.30521475021536437	-1.5738180994513373	0.11552950845995337	0.4222102831638486	0.14427092564010036	1.2356025472103103	HPVVT-FJ-M03|Fc-receptor engagement|recall_dose_contrast	0.5091628686640461	no
HPVVT-FJ-M01	Primary 2vHPV induction	within_trajectory	dose0_v2_minus_v1	0	HPV45	cross_reactive_non_booster_target	FcgR3A	fc_gamma_receptor_binding	Fc-receptor engagement	high	mixedlm_powell	1.2799672266804873	0.6146640517652189	0.07524782262919483	2.4846866307317796	2.082385041071821	0.03730731370368916	2.428334604332205	1.0535419952818514	5.597127572517589	HPVVT-FJ-M01|Fc-receptor engagement|within_trajectory	0.08705039864194136	no
HPVVT-FJ-M03	Heterologous 2vHPV recall	within_trajectory	dose1_v2_minus_v1	1	HPV45	cross_reactive_non_booster_target	FcgR3A	fc_gamma_receptor_binding	Fc-receptor engagement	high	mixedlm_powell	6.018662477327073	0.6146640517652188	4.81394307327578	7.223381881378366	9.791791890289367	1.2211232474014517e-22	64.83327190447963	28.128156029667128	149.4357874510813	HPVVT-FJ-M03|Fc-receptor engagement|within_trajectory	3.846538229314573e-21	yes
HPVVT-FJ-M03	Heterologous 2vHPV recall	within_trajectory	dose2_v2_minus_v1	2	HPV45	cross_reactive_non_booster_target	FcgR3A	fc_gamma_receptor_binding	Fc-receptor engagement	high	mixedlm_powell	5.777170245641095	0.5998506929565178	4.601484491344926	6.952855999937264	9.631013706372215	5.914310836679864e-22	54.840516194174484	24.27643196109315	123.88485347696414	HPVVT-FJ-M03|Fc-receptor engagement|within_trajectory	1.2420052757027716e-20	yes
HPVVT-FJ-M03	Heterologous 2vHPV recall	within_trajectory	dose3_v2_minus_v1	3	HPV45	cross_reactive_non_booster_target	FcgR3A	fc_gamma_receptor_binding	Fc-receptor engagement	high	mixedlm_powell	4.358099361223713	0.6306320109160629	3.1220833323301598	5.594115390117267	6.910685289972976	4.823179972400053e-12	20.50777914870913	8.706442416623112	48.30549442436344	HPVVT-FJ-M03|Fc-receptor engagement|within_trajectory	2.3373872173938717e-11	yes
HPVVT-FJ-M04	Primary-versus-recall contrast	primary_minus_pooled_recall	dose0_minus_mean_dose1_2_3_change		HPV45	cross_reactive_non_booster_target	FcgR3A	fc_gamma_receptor_binding	Fc-receptor engagement	high	mixedlm_powell	-4.104676801383473	0.7099011317983188	-5.4960574522923995	-2.713296150474546	-5.782040086322333	7.380011569131759e-09	0.05812582904777728	0.022157555661920528	0.15248125984843336	HPVVT-FJ-M04|Fc-receptor engagement|primary_minus_pooled_recall	3.099604859035339e-08	yes
HPVVT-FJ-M02	Six-year 4vHPV persistence	persistence_dose_contrast	dose2_minus_dose1_at_v1		HPV45	cross_reactive_non_booster_target	FcgR3A	fc_gamma_receptor_binding	Fc-receptor engagement	high	mixedlm_powell	1.0333002143597756	0.765370956253152	-0.4667992947093835	2.5333997234289347	1.3500645744623787	0.17699527044336494	2.0467007987293315	0.7235680975018817	5.789343358257154	HPVVT-FJ-M02|Fc-receptor engagement|persistence_dose_contrast	0.44602808151727963	no
HPVVT-FJ-M02	Six-year 4vHPV persistence	persistence_dose_contrast	dose3_minus_dose1_at_v1		HPV45	cross_reactive_non_booster_target	FcgR3A	fc_gamma_receptor_binding	Fc-receptor engagement	high	mixedlm_powell	1.8895119922528223	0.7847750729272531	0.35138111335061173	3.427642871155033	2.4077115309038057	0.016052859576565215	3.7050987444423455	1.275781367326193	10.76027370962404	HPVVT-FJ-M02|Fc-receptor engagement|persistence_dose_contrast	0.14447573618908693	no
HPVVT-FJ-M02	Six-year 4vHPV persistence	persistence_dose_contrast	dose3_minus_dose2_at_v1		HPV45	cross_reactive_non_booster_target	FcgR3A	fc_gamma_receptor_binding	Fc-receptor engagement	high	mixedlm_powell	0.8562117778930467	0.7756186487199896	-0.6639728393357567	2.37639639512185	1.103908189038596	0.26963296620106825	1.8102786429470343	0.6311378979595033	5.192381531366115	HPVVT-FJ-M02|Fc-receptor engagement|persistence_dose_contrast	0.5308399022083531	no
HPVVT-FJ-M03	Heterologous 2vHPV recall	recall_dose_contrast	dose2_minus_dose1_change		HPV45	cross_reactive_non_booster_target	FcgR3A	fc_gamma_receptor_binding	Fc-receptor engagement	high	mixedlm_powell	-0.2414922316859771	0.8588554886433748	-1.9248180573515412	1.441833593979587	-0.2811791213763235	0.7785730176579189	0.8458699458354088	0.2633734717219277	2.7166592010566086	HPVVT-FJ-M03|Fc-receptor engagement|recall_dose_contrast	0.9617666688715468	no
HPVVT-FJ-M03	Heterologous 2vHPV recall	recall_dose_contrast	dose3_minus_dose1_change		HPV45	cross_reactive_non_booster_target	FcgR3A	fc_gamma_receptor_binding	Fc-receptor engagement	high	mixedlm_powell	-1.6605631161033587	0.8806296779716619	-3.386565568644922	0.06543933643820443	-1.8856542740282194	0.059341558507688394	0.31631565932571987	0.09561855615813443	1.0464035471231383	HPVVT-FJ-M03|Fc-receptor engagement|recall_dose_contrast	0.5091628686640461	no
HPVVT-FJ-M03	Heterologous 2vHPV recall	recall_dose_contrast	dose3_minus_dose2_change		HPV45	cross_reactive_non_booster_target	FcgR3A	fc_gamma_receptor_binding	Fc-receptor engagement	high	mixedlm_powell	-1.4190708844173816	0.8703548627039732	-3.1249350690864723	0.28679330025170935	-1.6304509174667974	0.1030062307437614	0.3739530655783215	0.1146306644300789	1.2199257149095823	HPVVT-FJ-M03|Fc-receptor engagement|recall_dose_contrast	0.5091628686640461	no
HPVVT-FJ-M01	Primary 2vHPV induction	within_trajectory	dose0_v2_minus_v1	0	HPV45	cross_reactive_non_booster_target	IgA1	antibody_isotype_or_subclass	Antibody abundance	none	mixedlm_powell	1.3073489819575548	0.5272605780744767	0.27393723846381124	2.3407607254512985	2.479512097665092	0.01315622670372986	2.474863544218863	1.2091030751000864	5.065696786848835	HPVVT-FJ-M01|Antibody abundance|within_trajectory	0.019388123563391372	yes
HPVVT-FJ-M03	Heterologous 2vHPV recall	within_trajectory	dose1_v2_minus_v1	1	HPV45	cross_reactive_non_booster_target	IgA1	antibody_isotype_or_subclass	Antibody abundance	none	mixedlm_powell	1.6264471622331707	0.5272605780744761	0.5930354187394282	2.659858905726913	3.084712246405483	0.0020374917503344797	3.0875171754322097	1.5084171084744395	6.319712402513118	HPVVT-FJ-M03|Antibody abundance|within_trajectory	0.0038897569779112796	yes
HPVVT-FJ-M03	Heterologous 2vHPV recall	within_trajectory	dose2_v2_minus_v1	2	HPV45	cross_reactive_non_booster_target	IgA1	antibody_isotype_or_subclass	Antibody abundance	none	mixedlm_powell	2.7570856965995505	0.514553636605767	1.7485791007381364	3.7655922924609646	5.358208552924742	8.405118606557806e-08	6.7602926271649935	3.360274522164273	13.600542486471038	HPVVT-FJ-M03|Antibody abundance|within_trajectory	3.2092271043220717e-07	yes
HPVVT-FJ-M03	Heterologous 2vHPV recall	within_trajectory	dose3_v2_minus_v1	3	HPV45	cross_reactive_non_booster_target	IgA1	antibody_isotype_or_subclass	Antibody abundance	none	mixedlm_powell	1.0130246791644244	0.5409579390123167	-0.04723339845073138	2.07328275677958	1.8726496204381604	0.06111678448378778	2.0181377902509228	0.9677904455950875	4.208431855239583	HPVVT-FJ-M03|Antibody abundance|within_trajectory	0.08556349827730289	no
HPVVT-FJ-M04	Primary-versus-recall contrast	primary_minus_pooled_recall	dose0_minus_mean_dose1_2_3_change		HPV45	cross_reactive_non_booster_target	IgA1	antibody_isotype_or_subclass	Antibody abundance	none	mixedlm_powell	-0.49150353070816033	0.608955217167439	-1.6850338245541079	0.7020267631377872	-0.8071259049136548	0.41959394879635536	0.7112834345117102	0.310995621824158	1.626788574203247	HPVVT-FJ-M04|Antibody abundance|primary_minus_pooled_recall	0.5594585983951406	no
HPVVT-FJ-M02	Six-year 4vHPV persistence	persistence_dose_contrast	dose2_minus_dose1_at_v1		HPV45	cross_reactive_non_booster_target	IgA1	antibody_isotype_or_subclass	Antibody abundance	none	mixedlm_powell	-0.550572062914997	0.6842770259130624	-1.8917303891527806	0.7905862633227865	-0.8046040449485256	0.4210482072054509	0.6827493483316306	0.2694836426582317	1.7297772438026944	HPVVT-FJ-M02|Antibody abundance|persistence_dose_contrast	0.6277783451563724	no
HPVVT-FJ-M02	Six-year 4vHPV persistence	persistence_dose_contrast	dose3_minus_dose1_at_v1		HPV45	cross_reactive_non_booster_target	IgA1	antibody_isotype_or_subclass	Antibody abundance	none	mixedlm_powell	0.6512102643373054	0.7016252034729021	-0.7239498651151699	2.026370393789781	0.9281454843895958	0.35333210847075236	1.5704851096583716	0.6054375810827387	4.073786558224254	HPVVT-FJ-M02|Antibody abundance|persistence_dose_contrast	0.5819587668930039	no
HPVVT-FJ-M02	Six-year 4vHPV persistence	persistence_dose_contrast	dose3_minus_dose2_at_v1		HPV45	cross_reactive_non_booster_target	IgA1	antibody_isotype_or_subclass	Antibody abundance	none	mixedlm_powell	1.2017823272523025	0.6934389368353262	-0.15733301442268233	2.5608976689272875	1.7330759255269432	0.08308217470971435	2.3002367025263606	0.8966811566465365	5.9007472705652555	HPVVT-FJ-M02|Antibody abundance|persistence_dose_contrast	0.24924652412914305	no
HPVVT-FJ-M03	Heterologous 2vHPV recall	recall_dose_contrast	dose2_minus_dose1_change		HPV45	cross_reactive_non_booster_target	IgA1	antibody_isotype_or_subclass	Antibody abundance	none	mixedlm_powell	1.1306385343663798	0.7367286896379496	-0.3133231637013887	2.5746002324341486	1.5346742298335216	0.12486386898119486	2.1895562819723087	0.8047858453929553	5.957058936074531	HPVVT-FJ-M03|Antibody abundance|recall_dose_contrast	0.43702354143418204	no
HPVVT-FJ-M03	Heterologous 2vHPV recall	recall_dose_contrast	dose3_minus_dose1_change		HPV45	cross_reactive_non_booster_target	IgA1	antibody_isotype_or_subclass	Antibody abundance	none	mixedlm_powell	-0.6134224830687462	0.7554066513950509	-2.0939923134850496	0.8671473473475573	-0.812042734778553	0.41676711043249315	0.6536442311348151	0.23423160967413478	1.8240526182192869	HPVVT-FJ-M03|Antibody abundance|recall_dose_contrast	0.7779652728073205	no
HPVVT-FJ-M03	Heterologous 2vHPV recall	recall_dose_contrast	dose3_minus_dose2_change		HPV45	cross_reactive_non_booster_target	IgA1	antibody_isotype_or_subclass	Antibody abundance	none	mixedlm_powell	-1.744061017435126	0.7465928855304429	-3.2073561841886296	-0.28076585068162285	-2.336026837700171	0.019489842844045594	0.2985281705323534	0.10826537432125816	0.8231539322715402	HPVVT-FJ-M03|Antibody abundance|recall_dose_contrast	0.1530419570731849	no
HPVVT-FJ-M01	Primary 2vHPV induction	within_trajectory	dose0_v2_minus_v1	0	HPV45	cross_reactive_non_booster_target	IgA2	antibody_isotype_or_subclass	Antibody abundance	high	mixedlm_powell	-1.4188406596585117	1.246163705549723	-3.8612766413769455	1.023595322059922	-1.138566829815201	0.2548838699742805	0.37401274563657494	0.06880815443288661	2.032979013193115	HPVVT-FJ-M01|Antibody abundance|within_trajectory	0.2643240133066612	no
HPVVT-FJ-M03	Heterologous 2vHPV recall	within_trajectory	dose1_v2_minus_v1	1	HPV45	cross_reactive_non_booster_target	IgA2	antibody_isotype_or_subclass	Antibody abundance	high	mixedlm_powell	0.9263233621139659	1.2461637055497234	-1.5161126196044687	3.3687593438324006	0.7433400266663476	0.45727584399474175	1.9004266749721757	0.34962672707129	10.329935520659948	HPVVT-FJ-M03|Antibody abundance|within_trajectory	0.5410024069796945	no
HPVVT-FJ-M03	Heterologous 2vHPV recall	within_trajectory	dose2_v2_minus_v1	2	HPV45	cross_reactive_non_booster_target	IgA2	antibody_isotype_or_subclass	Antibody abundance	high	mixedlm_powell	-0.3327411514153593	1.2161312511517892	-2.7163146041465014	2.0508323013157828	-0.27360628312135105	0.7843872049632743	0.7940263824977893	0.1521625670836635	4.143449392227131	HPVVT-FJ-M03|Antibody abundance|within_trajectory	0.8153367865712902	no
HPVVT-FJ-M03	Heterologous 2vHPV recall	within_trajectory	dose3_v2_minus_v1	3	HPV45	cross_reactive_non_booster_target	IgA2	antibody_isotype_or_subclass	Antibody abundance	high	mixedlm_powell	-0.06913347018498772	1.2785369850482344	-2.575019913781953	2.4367529734119775	-0.05407232719386649	0.9568775396825414	0.9532103554461382	0.16781924639197573	5.414217983124004	HPVVT-FJ-M03|Antibody abundance|within_trajectory	0.9684061847389576	no
HPVVT-FJ-M04	Primary-versus-recall contrast	primary_minus_pooled_recall	dose0_minus_mean_dose1_2_3_change		HPV45	cross_reactive_non_booster_target	IgA2	antibody_isotype_or_subclass	Antibody abundance	high	mixedlm_powell	-1.5936569064963846	1.4392464020551563	-4.414528019403345	1.227214206410576	-1.107285662983586	0.2681704409755865	0.3313305400314293	0.04689155657353722	2.3411448623028175	HPVVT-FJ-M04|Antibody abundance|primary_minus_pooled_recall	0.4171540192953568	no
HPVVT-FJ-M02	Six-year 4vHPV persistence	persistence_dose_contrast	dose2_minus_dose1_at_v1		HPV45	cross_reactive_non_booster_target	IgA2	antibody_isotype_or_subclass	Antibody abundance	high	mixedlm_powell	3.431023241385171	1.4610678689767613	0.5673828392220321	6.29466364354831	2.3482983331828664	0.01885940887869831	10.785515603924154	1.4818329708679072	78.50233402105948	HPVVT-FJ-M02|Antibody abundance|persistence_dose_contrast	0.10561268972071054	no
HPVVT-FJ-M02	Six-year 4vHPV persistence	persistence_dose_contrast	dose3_minus_dose1_at_v1		HPV45	cross_reactive_non_booster_target	IgA2	antibody_isotype_or_subclass	Antibody abundance	high	mixedlm_powell	1.7280159148279357	1.4981096866297272	-1.2082251158569162	4.664256945512788	1.1534642157714263	0.24871989711698184	3.312719188795811	0.43280074394572293	25.356029483147626	HPVVT-FJ-M02|Antibody abundance|persistence_dose_contrast	0.46678860671651057	no
HPVVT-FJ-M02	Six-year 4vHPV persistence	persistence_dose_contrast	dose3_minus_dose2_at_v1		HPV45	cross_reactive_non_booster_target	IgA2	antibody_isotype_or_subclass	Antibody abundance	high	mixedlm_powell	-1.7030073265572354	1.4806303753302155	-4.60498953662048	1.1989748835060094	-1.1501907261475874	0.2500653250267021	0.3071451853067206	0.04109225928359566	2.295764859411374	HPVVT-FJ-M02|Antibody abundance|persistence_dose_contrast	0.46678860671651057	no
HPVVT-FJ-M03	Heterologous 2vHPV recall	recall_dose_contrast	dose2_minus_dose1_change		HPV45	cross_reactive_non_booster_target	IgA2	antibody_isotype_or_subclass	Antibody abundance	high	mixedlm_powell	-1.2590645135293252	1.7412349643449716	-4.671822332267355	2.153693305208704	-0.72308708434589	0.4696263837662824	0.41781479546397904	0.039232080856461904	4.449654453642201	HPVVT-FJ-M03|Antibody abundance|recall_dose_contrast	0.8106488065230887	no
HPVVT-FJ-M03	Heterologous 2vHPV recall	recall_dose_contrast	dose3_minus_dose1_change		HPV45	cross_reactive_non_booster_target	IgA2	antibody_isotype_or_subclass	Antibody abundance	high	mixedlm_powell	-0.9954568322989537	1.7853797364050168	-4.494736814380402	2.5038231497824945	-0.5575602836757706	0.5771446833067968	0.5015770237281553	0.044355695791822275	5.671864824593224	HPVVT-FJ-M03|Antibody abundance|recall_dose_contrast	0.8555073470945799	no
HPVVT-FJ-M03	Heterologous 2vHPV recall	recall_dose_contrast	dose3_minus_dose2_change		HPV45	cross_reactive_non_booster_target	IgA2	antibody_isotype_or_subclass	Antibody abundance	high	mixedlm_powell	0.2636076812303716	1.7645486794543939	-3.1948441794679527	3.722059541928696	0.14939099402566794	0.8812451177151912	1.2004769318213329	0.10920840657721523	13.19628139447495	HPVVT-FJ-M03|Antibody abundance|recall_dose_contrast	0.9253073736009508	no
HPVVT-FJ-M01	Primary 2vHPV induction	within_trajectory	dose0_v2_minus_v1	0	HPV45	cross_reactive_non_booster_target	IgG	antibody_isotype_or_subclass	Antibody abundance	none	mixedlm_powell	1.167879910523729	0.39342413325051323	0.39678277870383594	1.938977042343622	2.9685009429253295	0.0029925618406022687	2.2468127742985615	1.316568676222597	3.8343367375525252	HPVVT-FJ-M01|Antibody abundance|within_trajectory	0.005586115435790902	yes
HPVVT-FJ-M03	Heterologous 2vHPV recall	within_trajectory	dose1_v2_minus_v1	1	HPV45	cross_reactive_non_booster_target	IgG	antibody_isotype_or_subclass	Antibody abundance	none	mixedlm_powell	4.495601844111574	0.3934241332505141	3.7245047122916795	5.266698975931469	11.426858355049065	3.0701663774786358e-30	22.558540788249946	13.21866624706713	38.49766330306169	HPVVT-FJ-M03|Antibody abundance|within_trajectory	1.289469878541027e-28	yes
HPVVT-FJ-M03	Heterologous 2vHPV recall	within_trajectory	dose2_v2_minus_v1	2	HPV45	cross_reactive_non_booster_target	IgG	antibody_isotype_or_subclass	Antibody abundance	none	mixedlm_powell	3.6692285033402414	0.38394264033889025	2.916714756146801	4.421742250533682	9.556710085916912	1.215595026464958e-21	12.721778812954495	7.551246203609485	21.43270816522667	HPVVT-FJ-M03|Antibody abundance|within_trajectory	1.7018330370509413e-20	yes
HPVVT-FJ-M03	Heterologous 2vHPV recall	within_trajectory	dose3_v2_minus_v1	3	HPV45	cross_reactive_non_booster_target	IgG	antibody_isotype_or_subclass	Antibody abundance	none	mixedlm_powell	3.7579596877390706	0.4036446439028926	2.9668307231369058	4.5490886523412355	9.310069499257736	1.277487311890805e-20	13.528778567163465	7.8181687421729	23.41057804649951	HPVVT-FJ-M03|Antibody abundance|within_trajectory	1.532984774268966e-19	yes
HPVVT-FJ-M04	Primary-versus-recall contrast	primary_minus_pooled_recall	dose0_minus_mean_dose1_2_3_change		HPV45	cross_reactive_non_booster_target	IgG	antibody_isotype_or_subclass	Antibody abundance	none	mixedlm_powell	-2.8063834345398995	0.4543819289077157	-3.6969556504248615	-1.9158112186549374	-6.176265507050725	6.563557429203288e-10	0.14295337294394844	0.0771090684697986	0.26502287268657215	HPVVT-FJ-M04|Antibody abundance|primary_minus_pooled_recall	2.6254229716813153e-09	yes
HPVVT-FJ-M02	Six-year 4vHPV persistence	persistence_dose_contrast	dose2_minus_dose1_at_v1		HPV45	cross_reactive_non_booster_target	IgG	antibody_isotype_or_subclass	Antibody abundance	none	mixedlm_powell	0.9840889485513462	0.4897149784536653	0.024265228092353652	1.9439126690103388	2.009513680097609	0.044482685369047835	1.9780637854125513	1.0169616164711026	3.847476911407908	HPVVT-FJ-M02|Antibody abundance|persistence_dose_contrast	0.1868272785500009	no
HPVVT-FJ-M02	Six-year 4vHPV persistence	persistence_dose_contrast	dose3_minus_dose1_at_v1		HPV45	cross_reactive_non_booster_target	IgG	antibody_isotype_or_subclass	Antibody abundance	none	mixedlm_powell	0.9633063435915004	0.5021305091206362	-0.02085136982370761	1.9474640570067083	1.9184381870731286	0.055055472877381405	1.9497732350118335	0.9856508760126316	3.856959660349139	HPVVT-FJ-M02|Antibody abundance|persistence_dose_contrast	0.20107216181304513	no
HPVVT-FJ-M02	Six-year 4vHPV persistence	persistence_dose_contrast	dose3_minus_dose2_at_v1		HPV45	cross_reactive_non_booster_target	IgG	antibody_isotype_or_subclass	Antibody abundance	none	mixedlm_powell	-0.020782604959845852	0.4962718623471499	-0.9934575817008789	0.9518923717811872	-0.04187745978898175	0.966596385114341	0.9856978573646868	0.5022725784155314	1.9344083427336287	HPVVT-FJ-M02|Antibody abundance|persistence_dose_contrast	0.9782421246940319	no
HPVVT-FJ-M03	Heterologous 2vHPV recall	recall_dose_contrast	dose2_minus_dose1_change		HPV45	cross_reactive_non_booster_target	IgG	antibody_isotype_or_subclass	Antibody abundance	none	mixedlm_powell	-0.8263733407713332	0.54972220229341	-1.9038090587684586	0.2510623772257923	-1.5032562580222344	0.13277297520790168	0.5639451120695217	0.26723686436187	1.1900831503413019	HPVVT-FJ-M03|Antibody abundance|recall_dose_contrast	0.44611719669854966	no
HPVVT-FJ-M03	Heterologous 2vHPV recall	recall_dose_contrast	dose3_minus_dose1_change		HPV45	cross_reactive_non_booster_target	IgG	antibody_isotype_or_subclass	Antibody abundance	none	mixedlm_powell	-0.737642156372504	0.5636590699841627	-1.8423936331008046	0.3671093203557967	-1.308667234598442	0.19064709517591671	0.5997186916544792	0.27885873480106393	1.2897659790945453	HPVVT-FJ-M03|Antibody abundance|recall_dose_contrast	0.5004486248367814	no
HPVVT-FJ-M03	Heterologous 2vHPV recall	recall_dose_contrast	dose3_minus_dose2_change		HPV45	cross_reactive_non_booster_target	IgG	antibody_isotype_or_subclass	Antibody abundance	none	mixedlm_powell	0.08873118439882921	0.55708253394079	-1.0031305185414314	1.1805928873390898	0.15927834565400337	0.8734495806181214	1.0634345059817585	0.49891622122616075	2.2666990977630057	HPVVT-FJ-M03|Antibody abundance|recall_dose_contrast	0.9253073736009508	no
HPVVT-FJ-M01	Primary 2vHPV induction	within_trajectory	dose0_v2_minus_v1	0	HPV45	cross_reactive_non_booster_target	IgG1	antibody_isotype_or_subclass	IgG subclass architecture	none	mixedlm_powell	1.172515260016768	0.365507554951645	0.4561336162342492	1.8888969037992869	3.2079097795171063	0.0013370343464735852	2.2540433471506462	1.3718603385346655	3.7035194240406297	HPVVT-FJ-M01|IgG subclass architecture|within_trajectory	0.006239493616876732	yes
HPVVT-FJ-M03	Heterologous 2vHPV recall	within_trajectory	dose1_v2_minus_v1	1	HPV45	cross_reactive_non_booster_target	IgG1	antibody_isotype_or_subclass	IgG subclass architecture	none	mixedlm_powell	4.3095109233570055	0.3655075549516428	3.593129279574491	5.02589256713952	11.790483849033327	4.370230380337488e-32	19.82860012251402	12.068121986707586	32.579500211517846	HPVVT-FJ-M03|IgG subclass architecture|within_trajectory	1.835496759741745e-30	yes
HPVVT-FJ-M03	Heterologous 2vHPV recall	within_trajectory	dose2_v2_minus_v1	2	HPV45	cross_reactive_non_booster_target	IgG1	antibody_isotype_or_subclass	IgG subclass architecture	none	mixedlm_powell	3.8836316572683716	0.3566988495405482	3.1845147588420257	4.582748555694717	10.88770446630469	1.3192361057823931e-27	14.760110912910436	9.091477411883307	23.963198091066662	HPVVT-FJ-M03|IgG subclass architecture|within_trajectory	3.6938610961907006e-26	yes
HPVVT-FJ-M03	Heterologous 2vHPV recall	within_trajectory	dose3_v2_minus_v1	3	HPV45	cross_reactive_non_booster_target	IgG1	antibody_isotype_or_subclass	IgG subclass architecture	none	mixedlm_powell	3.6243928768023252	0.37500283890396036	2.8894008184502873	4.359384935154363	9.664974503647814	4.247256650534881e-22	12.332495679572368	7.409626482491695	20.52606160999447	HPVVT-FJ-M03|IgG subclass architecture|within_trajectory	5.0967079806418575e-21	yes
HPVVT-FJ-M04	Primary-versus-recall contrast	primary_minus_pooled_recall	dose0_minus_mean_dose1_2_3_change		HPV45	cross_reactive_non_booster_target	IgG1	antibody_isotype_or_subclass	IgG subclass architecture	none	mixedlm_powell	-2.766663225792466	0.42213990910293087	-3.5940422440712227	-1.9392842075137093	-6.553901126457738	5.6053087654136336e-11	0.14694383875082764	0.08281051372545427	0.260745777020728	HPVVT-FJ-M04|IgG subclass architecture|primary_minus_pooled_recall	5.231621514386058e-10	yes
HPVVT-FJ-M02	Six-year 4vHPV persistence	persistence_dose_contrast	dose2_minus_dose1_at_v1		HPV45	cross_reactive_non_booster_target	IgG1	antibody_isotype_or_subclass	IgG subclass architecture	none	mixedlm_powell	0.6727953883915814	0.47871617855075327	-0.2654710803845409	1.6110618571677038	1.4054160242262461	0.15989760448242507	1.5941588439397647	0.8319270428494073	3.0547659696300946	HPVVT-FJ-M02|IgG subclass architecture|persistence_dose_contrast	0.3608200520093856	no
HPVVT-FJ-M02	Six-year 4vHPV persistence	persistence_dose_contrast	dose3_minus_dose1_at_v1		HPV45	cross_reactive_non_booster_target	IgG1	antibody_isotype_or_subclass	IgG subclass architecture	none	mixedlm_powell	0.730235652477901	0.4908528614317616	-0.23181827763678142	1.6922895825925834	1.487687471858445	0.13683333304890574	1.6589100389355838	0.8515609639054953	3.231691721353575	HPVVT-FJ-M02|IgG subclass architecture|persistence_dose_contrast	0.3283999993173738	no
HPVVT-FJ-M02	Six-year 4vHPV persistence	persistence_dose_contrast	dose3_minus_dose2_at_v1		HPV45	cross_reactive_non_booster_target	IgG1	antibody_isotype_or_subclass	IgG subclass architecture	none	mixedlm_powell	0.05744026408631964	0.4851257974899193	-0.893388826965194	1.0082693551378332	0.1184028233161796	0.905748488833785	1.040617781121356	0.5383480760297588	2.011496677710936	HPVVT-FJ-M02|IgG subclass architecture|persistence_dose_contrast	0.9941305115325851	no
HPVVT-FJ-M03	Heterologous 2vHPV recall	recall_dose_contrast	dose2_minus_dose1_change		HPV45	cross_reactive_non_booster_target	IgG1	antibody_isotype_or_subclass	IgG subclass architecture	none	mixedlm_powell	-0.42587926608863347	0.5107150301198103	-1.4268623314867506	0.5751037993094836	-0.8338882566051072	0.40434395535492673	0.7443849198487463	0.37193893101734526	1.4897846465886193	HPVVT-FJ-M03|IgG subclass architecture|recall_dose_contrast	0.6175434954511608	no
HPVVT-FJ-M03	Heterologous 2vHPV recall	recall_dose_contrast	dose3_minus_dose1_change		HPV45	cross_reactive_non_booster_target	IgG1	antibody_isotype_or_subclass	IgG subclass architecture	none	mixedlm_powell	-0.6851180465546802	0.5236629659549716	-1.711478599863849	0.34124250675448864	-1.3083186917854177	0.1907652378274569	0.621954933952683	0.30534696276848383	1.266847183809658	HPVVT-FJ-M03|IgG subclass architecture|recall_dose_contrast	0.37993669057745477	no
HPVVT-FJ-M03	Heterologous 2vHPV recall	recall_dose_contrast	dose3_minus_dose2_change		HPV45	cross_reactive_non_booster_target	IgG1	antibody_isotype_or_subclass	IgG subclass architecture	none	mixedlm_powell	-0.25923878046604676	0.5175530875664643	-1.2736241921838216	0.7551466312517281	-0.5008931193609297	0.6164463452099614	0.8355286591231049	0.4136194139639327	1.6878031268545053	HPVVT-FJ-M03|IgG subclass architecture|recall_dose_contrast	0.7852034959610089	no
HPVVT-FJ-M01	Primary 2vHPV induction	within_trajectory	dose0_v2_minus_v1	0	HPV45	cross_reactive_non_booster_target	IgG2	antibody_isotype_or_subclass	IgG subclass architecture	high	mixedlm_lbfgs	-0.4077212150045192	0.643212466990388	-1.668394484712838	0.8529520547037998	-0.6338826374312363	0.5261574174248798	0.7538131068221845	0.3146032577682908	1.806192993829154	HPVVT-FJ-M01|IgG subclass architecture|within_trajectory	0.866612216935096	no
HPVVT-FJ-M03	Heterologous 2vHPV recall	within_trajectory	dose1_v2_minus_v1	1	HPV45	cross_reactive_non_booster_target	IgG2	antibody_isotype_or_subclass	IgG subclass architecture	high	mixedlm_lbfgs	1.9789670754065685	0.6432124669903873	0.7182938056982511	3.2396403451148856	3.076692659062132	0.0020931099146971727	3.942107381576019	1.6452351564229188	9.445586272094841	HPVVT-FJ-M03|IgG subclass architecture|within_trajectory	0.0030314005661131464	yes
HPVVT-FJ-M03	Heterologous 2vHPV recall	within_trajectory	dose2_v2_minus_v1	2	HPV45	cross_reactive_non_booster_target	IgG2	antibody_isotype_or_subclass	IgG subclass architecture	high	mixedlm_lbfgs	2.701273487513222	0.627711093457325	1.4709823516406089	3.931564623385835	4.303370636059769	1.682190868292682e-05	6.503757597481907	2.7721058601703814	15.258747327998442	HPVVT-FJ-M03|IgG subclass architecture|within_trajectory	3.364381736585364e-05	yes
HPVVT-FJ-M03	Heterologous 2vHPV recall	within_trajectory	dose3_v2_minus_v1	3	HPV45	cross_reactive_non_booster_target	IgG2	antibody_isotype_or_subclass	IgG subclass architecture	high	mixedlm_lbfgs	1.0121173061502904	0.6599220669234243	-0.2813061776228525	2.305540789923433	1.5336921689386909	0.1251054012239554	2.0168688955940035	0.8228456973675774	4.943527267661516	HPVVT-FJ-M03|IgG subclass architecture|within_trajectory	0.14801202398327118	no
HPVVT-FJ-M04	Primary-versus-recall contrast	primary_minus_pooled_recall	dose0_minus_mean_dose1_2_3_change		HPV45	cross_reactive_non_booster_target	IgG2	antibody_isotype_or_subclass	IgG subclass architecture	high	mixedlm_lbfgs	-2.305173838027879	0.7428728864034458	-3.7611779404699477	-0.8491697355858103	-3.1030528643846145	0.0019153542338032619	0.20233617210229196	0.07375179942911544	0.5551041040070707	HPVVT-FJ-M04|IgG subclass architecture|primary_minus_pooled_recall	0.003351869909155708	yes
HPVVT-FJ-M02	Six-year 4vHPV persistence	persistence_dose_contrast	dose2_minus_dose1_at_v1		HPV45	cross_reactive_non_booster_target	IgG2	antibody_isotype_or_subclass	IgG subclass architecture	high	mixedlm_lbfgs	0.020425138791087927	0.9552923054079031	-1.85191337451664	1.8927636520988158	0.021381035600790833	0.9829417015065034	1.014258321206025	0.27702472019721347	3.713459006125228	HPVVT-FJ-M02|IgG subclass architecture|persistence_dose_contrast	0.9941305115325851	no
HPVVT-FJ-M02	Six-year 4vHPV persistence	persistence_dose_contrast	dose3_minus_dose1_at_v1		HPV45	cross_reactive_non_booster_target	IgG2	antibody_isotype_or_subclass	IgG subclass architecture	high	mixedlm_lbfgs	3.053211557904203	0.979511415370935	1.1334044613313172	4.973018654477089	3.1170760340225034	0.0018265445690555703	8.300576606185478	2.193758113761338	31.40709614380454	HPVVT-FJ-M02|IgG subclass architecture|persistence_dose_contrast	0.01534297438006679	yes
HPVVT-FJ-M02	Six-year 4vHPV persistence	persistence_dose_contrast	dose3_minus_dose2_at_v1		HPV45	cross_reactive_non_booster_target	IgG2	antibody_isotype_or_subclass	IgG subclass architecture	high	mixedlm_lbfgs	3.0327864191131146	0.9680828897406047	1.1353788211720692	4.93019401705416	3.1327755621481357	0.001731617967817349	8.183888100928275	2.1967623751383805	30.48851582970889	HPVVT-FJ-M02|IgG subclass architecture|persistence_dose_contrast	0.01534297438006679	yes
HPVVT-FJ-M03	Heterologous 2vHPV recall	recall_dose_contrast	dose2_minus_dose1_change		HPV45	cross_reactive_non_booster_target	IgG2	antibody_isotype_or_subclass	IgG subclass architecture	high	mixedlm_lbfgs	0.7223064121066534	0.8987455115555518	-1.0392024218092553	2.483815246022562	0.8036829144843048	0.42158012393200917	1.6498174625780397	0.48659640886854355	5.593747940221186	HPVVT-FJ-M03|IgG subclass architecture|recall_dose_contrast	0.6323701858980139	no
HPVVT-FJ-M03	Heterologous 2vHPV recall	recall_dose_contrast	dose3_minus_dose1_change		HPV45	cross_reactive_non_booster_target	IgG2	antibody_isotype_or_subclass	IgG subclass architecture	high	mixedlm_lbfgs	-0.9668497692562781	0.9215310152698846	-2.7730173698218827	0.8393178313093264	-1.049177676318492	0.29409635103516085	0.5116220083248157	0.14629806876793153	1.7892039287103345	HPVVT-FJ-M03|IgG subclass architecture|recall_dose_contrast	0.4843939899402649	no
HPVVT-FJ-M03	Heterologous 2vHPV recall	recall_dose_contrast	dose3_minus_dose2_change		HPV45	cross_reactive_non_booster_target	IgG2	antibody_isotype_or_subclass	IgG subclass architecture	high	mixedlm_lbfgs	-1.6891561813629314	0.9107789804677504	-3.4742501809558313	0.09593781822996861	-1.8546279806495187	0.06364936961276497	0.31010825132457037	0.08998010240446937	1.068759925469992	HPVVT-FJ-M03|IgG subclass architecture|recall_dose_contrast	0.18349087842695586	no
HPVVT-FJ-M01	Primary 2vHPV induction	within_trajectory	dose0_v2_minus_v1	0	HPV45	cross_reactive_non_booster_target	IgG3	antibody_isotype_or_subclass	IgG subclass architecture	low	mixedlm_powell	0.4596471759649349	0.621790259971853	-0.7590393395176943	1.678333691447564	0.7392318689355829	0.4597662122412076	1.375205458160287	0.5908896608234576	3.2005807133573843	HPVVT-FJ-M01|IgG subclass architecture|within_trajectory	0.8045908714221133	no
HPVVT-FJ-M03	Heterologous 2vHPV recall	within_trajectory	dose1_v2_minus_v1	1	HPV45	cross_reactive_non_booster_target	IgG3	antibody_isotype_or_subclass	IgG subclass architecture	low	mixedlm_powell	3.216928631153976	0.6217902599718562	1.9982421156713406	4.435615146636612	5.173655552757585	2.2955784044675723e-07	9.298052882325939	3.995129077880489	21.63979829367503	HPVVT-FJ-M03|IgG subclass architecture|within_trajectory	6.025893311727378e-07	yes
HPVVT-FJ-M03	Heterologous 2vHPV recall	within_trajectory	dose2_v2_minus_v1	2	HPV45	cross_reactive_non_booster_target	IgG3	antibody_isotype_or_subclass	IgG subclass architecture	low	mixedlm_powell	2.4476105729759845	0.6068051600652219	1.2582943136150868	3.636926832336882	4.033602108315798	5.492829618639452e-05	5.455118639259318	2.392127544143067	12.440105646229146	HPVVT-FJ-M03|IgG subclass architecture|within_trajectory	9.816972084376894e-05	yes
HPVVT-FJ-M03	Heterologous 2vHPV recall	within_trajectory	dose3_v2_minus_v1	3	HPV45	cross_reactive_non_booster_target	IgG3	antibody_isotype_or_subclass	IgG subclass architecture	low	mixedlm_powell	1.2426467570183726	0.6379433462685246	-0.007699225844900237	2.4929927398816454	1.947895160733152	0.05142750896678336	2.3663225799584593	0.994677518180823	5.629445172001289	HPVVT-FJ-M03|IgG subclass architecture|within_trajectory	0.06260740222043192	no
HPVVT-FJ-M04	Primary-versus-recall contrast	primary_minus_pooled_recall	dose0_minus_mean_dose1_2_3_change		HPV45	cross_reactive_non_booster_target	IgG3	antibody_isotype_or_subclass	IgG subclass architecture	low	mixedlm_powell	-1.8427481444178426	0.7181314866674419	-3.250259994450235	-0.43523629438545064	-2.566031678918985	0.010286943272531511	0.2787902196753102	0.10509311090600205	0.7395726124819544	HPVVT-FJ-M04|IgG subclass architecture|primary_minus_pooled_recall	0.015159705875309593	yes
HPVVT-FJ-M02	Six-year 4vHPV persistence	persistence_dose_contrast	dose2_minus_dose1_at_v1		HPV45	cross_reactive_non_booster_target	IgG3	antibody_isotype_or_subclass	IgG subclass architecture	low	mixedlm_powell	0.523041850406634	0.7747371795019652	-0.9954151189013608	2.041498819714629	0.6751216596354238	0.4995984735696247	1.4369818606153577	0.5015915262970944	4.1167299674726126	HPVVT-FJ-M02|IgG subclass architecture|persistence_dose_contrast	0.7630231232699723	no
HPVVT-FJ-M02	Six-year 4vHPV persistence	persistence_dose_contrast	dose3_minus_dose1_at_v1		HPV45	cross_reactive_non_booster_target	IgG3	antibody_isotype_or_subclass	IgG subclass architecture	low	mixedlm_powell	0.7756177227436475	0.7943787539568075	-0.7813360250955	2.332571470582795	0.9763827631092711	0.3288748200503455	1.711922893243676	0.5818277350997444	5.037023530528987	HPVVT-FJ-M02|IgG subclass architecture|persistence_dose_contrast	0.5525096976845805	no
HPVVT-FJ-M02	Six-year 4vHPV persistence	persistence_dose_contrast	dose3_minus_dose2_at_v1		HPV45	cross_reactive_non_booster_target	IgG3	antibody_isotype_or_subclass	IgG subclass architecture	low	mixedlm_powell	0.2525758723370135	0.7851102780541075	-1.2862119965412648	1.7913637412152918	0.3217075096291208	0.7476742882025482	1.1913322917733844	0.41002619995140255	3.4614193668361697	HPVVT-FJ-M02|IgG subclass architecture|persistence_dose_contrast	0.9469637723489629	no
HPVVT-FJ-M03	Heterologous 2vHPV recall	recall_dose_contrast	dose2_minus_dose1_change		HPV45	cross_reactive_non_booster_target	IgG3	antibody_isotype_or_subclass	IgG subclass architecture	low	mixedlm_powell	-0.7693180581779915	0.8688127702086613	-2.4721597970954416	0.9335236807394587	-0.8854819870951317	0.37589673052044703	0.5866947314989568	0.18022114600908806	1.9099351856927786	HPVVT-FJ-M03|IgG subclass architecture|recall_dose_contrast	0.595760855919199	no
HPVVT-FJ-M03	Heterologous 2vHPV recall	recall_dose_contrast	dose3_minus_dose1_change		HPV45	cross_reactive_non_booster_target	IgG3	antibody_isotype_or_subclass	IgG subclass architecture	low	mixedlm_powell	-1.9742818741356032	0.8908394021618887	-3.720295018382098	-0.22826872988910818	-2.216204031101921	0.02667753193593235	0.2544965714764268	0.07587166360374988	0.8536586891190153	HPVVT-FJ-M03|IgG subclass architecture|recall_dose_contrast	0.12464406090989522	no
HPVVT-FJ-M03	Heterologous 2vHPV recall	recall_dose_contrast	dose3_minus_dose2_change		HPV45	cross_reactive_non_booster_target	IgG3	antibody_isotype_or_subclass	IgG subclass architecture	low	mixedlm_powell	-1.2049638159576117	0.8804454641430453	-2.930605216029632	0.5206775841144085	-1.3685842735647762	0.17112926264916106	0.43378022302366515	0.13115955198187704	1.434628885530658	HPVVT-FJ-M03|IgG subclass architecture|recall_dose_contrast	0.3685861041674238	no
HPVVT-FJ-M01	Primary 2vHPV induction	within_trajectory	dose0_v2_minus_v1	0	HPV45	cross_reactive_non_booster_target	IgG4	antibody_isotype_or_subclass	IgG subclass architecture	none	mixedlm_lbfgs	0.20635147071500712	0.4602805221118791	-0.6957817754095679	1.1084847168395822	0.44831675641675284	0.6539246091786862	1.153766652534951	0.6173746815649798	2.156190605561135	HPVVT-FJ-M01|IgG subclass architecture|within_trajectory	0.894369027124296	no
HPVVT-FJ-M03	Heterologous 2vHPV recall	within_trajectory	dose1_v2_minus_v1	1	HPV45	cross_reactive_non_booster_target	IgG4	antibody_isotype_or_subclass	IgG subclass architecture	none	mixedlm_lbfgs	0.289984359919485	0.4602805221118815	-0.6121488862050947	1.1921176060440648	0.6300165789961406	0.5286837372152762	1.2226270232701764	0.6542215165482052	2.284878745531674	HPVVT-FJ-M03|IgG subclass architecture|within_trajectory	0.5693517170010666	no
HPVVT-FJ-M03	Heterologous 2vHPV recall	within_trajectory	dose2_v2_minus_v1	2	HPV45	cross_reactive_non_booster_target	IgG4	antibody_isotype_or_subclass	IgG subclass architecture	none	mixedlm_lbfgs	1.6210638922484726	0.44918779510577406	0.7406719915461982	2.501455792950747	3.60887786781194	0.0003075243365515101	3.0760178863034775	1.6709539696750535	5.662565342059628	HPVVT-FJ-M03|IgG subclass architecture|within_trajectory	0.000478371190191238	yes
HPVVT-FJ-M03	Heterologous 2vHPV recall	within_trajectory	dose3_v2_minus_v1	3	HPV45	cross_reactive_non_booster_target	IgG4	antibody_isotype_or_subclass	IgG subclass architecture	none	mixedlm_lbfgs	1.113089848561093	0.4722378515732425	0.18752066734096595	2.03865902978122	2.357053431555468	0.018420596162009667	2.163084235931256	1.1388049486005167	4.108634597596605	HPVVT-FJ-M03|IgG subclass architecture|within_trajectory	0.023444395115285028	yes
HPVVT-FJ-M04	Primary-versus-recall contrast	primary_minus_pooled_recall	dose0_minus_mean_dose1_2_3_change		HPV45	cross_reactive_non_booster_target	IgG4	antibody_isotype_or_subclass	IgG subclass architecture	none	mixedlm_lbfgs	-0.801694562861343	0.5315971588928281	-1.8436058485751026	0.24021672285241658	-1.5080866205738461	0.1315323590411262	0.573674953640476	0.27862452390619213	1.1811700844581987	HPVVT-FJ-M04|IgG subclass architecture|primary_minus_pooled_recall	0.1601263501370232	no
HPVVT-FJ-M02	Six-year 4vHPV persistence	persistence_dose_contrast	dose2_minus_dose1_at_v1		HPV45	cross_reactive_non_booster_target	IgG4	antibody_isotype_or_subclass	IgG subclass architecture	none	mixedlm_lbfgs	-0.25266119770808926	0.7532256248932604	-1.728956294731556	1.2236338993153775	-0.3354389300601581	0.7372940053430348	0.8393467260255653	0.3016701186417251	2.3353420937475406	HPVVT-FJ-M02|IgG subclass architecture|persistence_dose_contrast	0.9469637723489629	no
HPVVT-FJ-M02	Six-year 4vHPV persistence	persistence_dose_contrast	dose3_minus_dose1_at_v1		HPV45	cross_reactive_non_booster_target	IgG4	antibody_isotype_or_subclass	IgG subclass architecture	none	mixedlm_lbfgs	-0.3599324398758912	0.7723218262684761	-1.8736554038363051	1.1537905240845228	-0.4660394509565119	0.641187262238922	0.7792010680983077	0.2728811407394867	2.2249771562820446	HPVVT-FJ-M02|IgG subclass architecture|persistence_dose_contrast	0.8976621671344908	no
HPVVT-FJ-M02	Six-year 4vHPV persistence	persistence_dose_contrast	dose3_minus_dose2_at_v1		HPV45	cross_reactive_non_booster_target	IgG4	antibody_isotype_or_subclass	IgG subclass architecture	none	mixedlm_lbfgs	-0.10727124216780193	0.7633107012852821	-1.6033327257009664	1.3887902413653626	-0.14053417826735018	0.8882379500807233	0.9283422975722363	0.3291158184774394	2.6185900922315457	HPVVT-FJ-M02|IgG subclass architecture|persistence_dose_contrast	0.9941305115325851	no
HPVVT-FJ-M03	Heterologous 2vHPV recall	recall_dose_contrast	dose2_minus_dose1_change		HPV45	cross_reactive_non_booster_target	IgG4	antibody_isotype_or_subclass	IgG subclass architecture	none	mixedlm_lbfgs	1.3310795323289875	0.6431390474132115	0.07055016234769473	2.59160890231028	2.0696605775730172	0.038484140928294865	2.5159086358781866	1.0501170625724756	6.0277053765608875	HPVVT-FJ-M03|IgG subclass architecture|recall_dose_contrast	0.14055077556420734	no
HPVVT-FJ-M03	Heterologous 2vHPV recall	recall_dose_contrast	dose3_minus_dose1_change		HPV45	cross_reactive_non_booster_target	IgG4	antibody_isotype_or_subclass	IgG subclass architecture	none	mixedlm_lbfgs	0.8231054886416079	0.6594442717122486	-0.46938153372564495	2.115592511008861	1.2481805119095395	0.21196495904406643	1.7692102290898386	0.7222741617806349	4.333679647350832	HPVVT-FJ-M03|IgG subclass architecture|recall_dose_contrast	0.395667923548924	no
HPVVT-FJ-M03	Heterologous 2vHPV recall	recall_dose_contrast	dose3_minus_dose2_change		HPV45	cross_reactive_non_booster_target	IgG4	antibody_isotype_or_subclass	IgG subclass architecture	none	mixedlm_lbfgs	-0.5079740436873796	0.6517501543770424	-1.785380873184803	0.7694327858100438	-0.7793999591345133	0.43574414790485316	0.7032092516635802	0.2900993819081095	1.704599466474868	HPVVT-FJ-M03|IgG subclass architecture|recall_dose_contrast	0.6421492705966257	no
HPVVT-FJ-M01	Primary 2vHPV induction	within_trajectory	dose0_v2_minus_v1	0	HPV45	cross_reactive_non_booster_target	IgM	antibody_isotype_or_subclass	Antibody abundance	none	mixedlm_powell	0.5097683869783122	0.2828641425039632	-0.044635144847261166	1.0641719188038854	1.802166872286295	0.07151915506157648	1.4238215942050574	0.9695349797011006	2.0909693559995333	HPVVT-FJ-M01|Antibody abundance|within_trajectory	0.0834390142385059	no
HPVVT-FJ-M03	Heterologous 2vHPV recall	within_trajectory	dose1_v2_minus_v1	1	HPV45	cross_reactive_non_booster_target	IgM	antibody_isotype_or_subclass	Antibody abundance	none	mixedlm_powell	0.415549173381798	0.2828641425039628	-0.13885435844377458	0.9699527052073705	1.4690768851197755	0.14181193651104362	1.3338063044840789	0.9082401008710441	1.9587763810200574	HPVVT-FJ-M03|Antibody abundance|within_trajectory	0.1804879191958737	no
HPVVT-FJ-M03	Heterologous 2vHPV recall	within_trajectory	dose2_v2_minus_v1	2	HPV45	cross_reactive_non_booster_target	IgM	antibody_isotype_or_subclass	Antibody abundance	none	mixedlm_powell	0.7148673178675784	0.2760471373041416	0.17382487071607766	1.2559097650190791	2.589656697218186	0.009607168773617449	1.6413322602303855	1.1280451953220092	2.388176998266431	HPVVT-FJ-M03|Antibody abundance|within_trajectory	0.016140043539677313	yes
HPVVT-FJ-M03	Heterologous 2vHPV recall	within_trajectory	dose3_v2_minus_v1	3	HPV45	cross_reactive_non_booster_target	IgM	antibody_isotype_or_subclass	Antibody abundance	none	mixedlm_powell	0.6257083959784461	0.29021248679019596	0.05690237400585585	1.1945144179510363	2.1560354032278117	0.03108090080593072	1.542968271839592	1.040229872635077	2.2886778687414684	HPVVT-FJ-M03|Antibody abundance|within_trajectory	0.047130006484314854	yes
HPVVT-FJ-M04	Primary-versus-recall contrast	primary_minus_pooled_recall	dose0_minus_mean_dose1_2_3_change		HPV45	cross_reactive_non_booster_target	IgM	antibody_isotype_or_subclass	Antibody abundance	none	mixedlm_powell	-0.075606575430962	0.32669158759495087	-0.7159103211692781	0.564697170307354	-0.2314310447586515	0.8169799494867513	0.9489430577040484	0.6088208528422533	1.4790770101924031	HPVVT-FJ-M04|Antibody abundance|primary_minus_pooled_recall	0.902781528455319	no
HPVVT-FJ-M02	Six-year 4vHPV persistence	persistence_dose_contrast	dose2_minus_dose1_at_v1		HPV45	cross_reactive_non_booster_target	IgM	antibody_isotype_or_subclass	Antibody abundance	none	mixedlm_powell	-0.5033655913645063	0.36791527347697134	-1.2244662767415746	0.21773509401256208	-1.3681562785025643	0.17126316378112671	0.7054591296245705	0.42795580528398797	1.162906490403618	HPVVT-FJ-M02|Antibody abundance|persistence_dose_contrast	0.39961404882262896	no
HPVVT-FJ-M02	Six-year 4vHPV persistence	persistence_dose_contrast	dose3_minus_dose1_at_v1		HPV45	cross_reactive_non_booster_target	IgM	antibody_isotype_or_subclass	Antibody abundance	none	mixedlm_powell	-0.6216287794049333	0.37724286924527695	-1.3610112165502288	0.11775365774036228	-1.647821152056716	0.09938937717465757	0.6499367452684688	0.38930931874805325	1.0850440832204788	HPVVT-FJ-M02|Antibody abundance|persistence_dose_contrast	0.2571804436792603	no
HPVVT-FJ-M02	Six-year 4vHPV persistence	persistence_dose_contrast	dose3_minus_dose2_at_v1		HPV45	cross_reactive_non_booster_target	IgM	antibody_isotype_or_subclass	Antibody abundance	none	mixedlm_powell	-0.11826318804042701	0.3728413587244463	-0.8490188230873205	0.6124924470064664	-0.3171943918588471	0.7510961050316868	0.9212961006179772	0.5551621734718646	1.5288983031854673	HPVVT-FJ-M02|Antibody abundance|persistence_dose_contrast	0.8974702430673018	no
HPVVT-FJ-M03	Heterologous 2vHPV recall	recall_dose_contrast	dose2_minus_dose1_change		HPV45	cross_reactive_non_booster_target	IgM	antibody_isotype_or_subclass	Antibody abundance	none	mixedlm_powell	0.2993181444857805	0.3952393516950378	-0.4753367501094536	1.0739730390810145	0.7573085605016652	0.4488650234373446	1.2305626796877818	0.719298873543945	2.1052229668866014	HPVVT-FJ-M03|Antibody abundance|recall_dose_contrast	0.8106488065230887	no
HPVVT-FJ-M03	Heterologous 2vHPV recall	recall_dose_contrast	dose3_minus_dose1_change		HPV45	cross_reactive_non_booster_target	IgM	antibody_isotype_or_subclass	Antibody abundance	none	mixedlm_powell	0.21015922259664813	0.40525968292374187	-0.5841351603200079	1.0044536055133042	0.5185791517193532	0.6040542506666583	1.1568158484873992	0.6670490887540079	2.0061835476176277	HPVVT-FJ-M03|Antibody abundance|recall_dose_contrast	0.8555073470945799	no
HPVVT-FJ-M03	Heterologous 2vHPV recall	recall_dose_contrast	dose3_minus_dose2_change		HPV45	cross_reactive_non_booster_target	IgM	antibody_isotype_or_subclass	Antibody abundance	none	mixedlm_powell	-0.08915892188913237	0.4005312840500243	-0.8741858133087621	0.6958679695304975	-0.22260164296678728	0.8238455576302751	0.9400706421398269	0.5455616678574798	1.6198586966048523	HPVVT-FJ-M03|Antibody abundance|recall_dose_contrast	0.9253073736009508	no
HPVVT-FJ-M01	Primary 2vHPV induction	within_trajectory	dose0_v2_minus_v1	0	HPV52	cross_reactive_non_booster_target	FcgR2A	fc_gamma_receptor_binding	Fc-receptor engagement	high	mixedlm_powell	-1.1713866022990427	1.0114008590667753	-3.1536958600027933	0.810922655404708	-1.1581823287948232	0.24678963814354316	0.44399440377963073	0.11236807706885125	1.7543330430656185	HPVVT-FJ-M01|Fc-receptor engagement|within_trajectory	0.37018445721531473	no
HPVVT-FJ-M03	Heterologous 2vHPV recall	within_trajectory	dose1_v2_minus_v1	1	HPV52	cross_reactive_non_booster_target	FcgR2A	fc_gamma_receptor_binding	Fc-receptor engagement	high	mixedlm_powell	4.956728302507234	1.0114008590667694	2.9744190448034953	6.9390375602109735	4.9008543527250525	9.542077991964809e-07	31.054454109862476	7.85939926954604	122.70392265199898	HPVVT-FJ-M03|Fc-receptor engagement|within_trajectory	2.504795472890762e-06	yes
HPVVT-FJ-M03	Heterologous 2vHPV recall	within_trajectory	dose2_v2_minus_v1	2	HPV52	cross_reactive_non_booster_target	FcgR2A	fc_gamma_receptor_binding	Fc-receptor engagement	high	mixedlm_powell	2.706832268109986	0.9870261721434693	0.7722965189103548	4.641368017309618	2.7424118473289423	0.006098981795950648	6.528865260358237	1.7079864372914408	24.95692041648172	HPVVT-FJ-M03|Fc-receptor engagement|within_trajectory	0.008352953329236757	yes
HPVVT-FJ-M03	Heterologous 2vHPV recall	within_trajectory	dose3_v2_minus_v1	3	HPV52	cross_reactive_non_booster_target	FcgR2A	fc_gamma_receptor_binding	Fc-receptor engagement	high	mixedlm_powell	3.7309422002921915	1.0376753866828332	1.6971358147501645	5.7647485858342185	3.5954810610079146	0.00032379268509340995	13.277781401672938	3.2425657190493826	54.37036415789197	HPVVT-FJ-M03|Fc-receptor engagement|within_trajectory	0.0005368141884443375	yes
HPVVT-FJ-M04	Primary-versus-recall contrast	primary_minus_pooled_recall	dose0_minus_mean_dose1_2_3_change		HPV52	cross_reactive_non_booster_target	FcgR2A	fc_gamma_receptor_binding	Fc-receptor engagement	high	mixedlm_powell	-4.96955419260218	1.1681090060356172	-7.2590057744488705	-2.6801026107554895	-4.254358255029713	2.0964941340425966e-05	0.031916489923745	0.006528621985434759	0.1560302206690989	HPVVT-FJ-M04|Fc-receptor engagement|primary_minus_pooled_recall	4.891819646099392e-05	yes
HPVVT-FJ-M02	Six-year 4vHPV persistence	persistence_dose_contrast	dose2_minus_dose1_at_v1		HPV52	cross_reactive_non_booster_target	FcgR2A	fc_gamma_receptor_binding	Fc-receptor engagement	high	mixedlm_powell	3.4083898336216216	1.084051361456719	1.2836882077748402	5.5330914594684035	3.144122091264679	0.0016658592158092667	10.617629748965028	2.434605818564179	46.30485174499117	HPVVT-FJ-M02|Fc-receptor engagement|persistence_dose_contrast	0.0524745652979919	no
HPVVT-FJ-M02	Six-year 4vHPV persistence	persistence_dose_contrast	dose3_minus_dose1_at_v1		HPV52	cross_reactive_non_booster_target	FcgR2A	fc_gamma_receptor_binding	Fc-receptor engagement	high	mixedlm_powell	2.365108087207601	1.1115348437166166	0.18653982596167484	4.543676348453527	2.1277858274774695	0.033354844959338846	5.151912486632323	1.138030975328712	23.32291725385728	HPVVT-FJ-M02|Fc-receptor engagement|persistence_dose_contrast	0.20139361741397474	no
HPVVT-FJ-M02	Six-year 4vHPV persistence	persistence_dose_contrast	dose3_minus_dose2_at_v1		HPV52	cross_reactive_non_booster_target	FcgR2A	fc_gamma_receptor_binding	Fc-receptor engagement	high	mixedlm_powell	-1.0432817464140207	1.0985659244665946	-3.1964313930114954	1.109867900183454	-0.9496760487274198	0.3422768834549679	0.48522246569527583	0.10908832454900189	2.1582588438201227	HPVVT-FJ-M02|Fc-receptor engagement|persistence_dose_contrast	0.5579091043011053	no
HPVVT-FJ-M03	Heterologous 2vHPV recall	recall_dose_contrast	dose2_minus_dose1_change		HPV52	cross_reactive_non_booster_target	FcgR2A	fc_gamma_receptor_binding	Fc-receptor engagement	high	mixedlm_powell	-2.2498960343972483	1.4132064117520797	-5.019729704152407	0.5199376353579104	-1.5920505424312708	0.1113733485135921	0.21023925383652958	0.03082554678873245	1.4338932625161793	HPVVT-FJ-M03|Fc-receptor engagement|recall_dose_contrast	0.5091628686640461	no
HPVVT-FJ-M03	Heterologous 2vHPV recall	recall_dose_contrast	dose3_minus_dose1_change		HPV52	cross_reactive_non_booster_target	FcgR2A	fc_gamma_receptor_binding	Fc-receptor engagement	high	mixedlm_powell	-1.225786102215043	1.4490348187149842	-4.065842159240939	1.6142699548108523	-0.8459328143005425	0.39759022547216205	0.4275644760877021	0.05971171603892413	3.0615663614990116	HPVVT-FJ-M03|Fc-receptor engagement|recall_dose_contrast	0.8080059420885874	no
HPVVT-FJ-M03	Heterologous 2vHPV recall	recall_dose_contrast	dose3_minus_dose2_change		HPV52	cross_reactive_non_booster_target	FcgR2A	fc_gamma_receptor_binding	Fc-receptor engagement	high	mixedlm_powell	1.0241099321822054	1.432128092254166	-1.782809549884016	3.8310294142484267	0.7150966018481343	0.4745493535792472	2.033704307284845	0.29061688867152385	14.231634053944068	HPVVT-FJ-M03|Fc-receptor engagement|recall_dose_contrast	0.8362986994246877	no
HPVVT-FJ-M01	Primary 2vHPV induction	within_trajectory	dose0_v2_minus_v1	0	HPV52	cross_reactive_non_booster_target	FcgR2B	fc_gamma_receptor_binding	Fc-receptor engagement	high	mixedlm_powell	0.7677191859783866	0.8102201729411078	-0.8202831725339989	2.355721544490772	0.9475439042594531	0.3433616951840516	1.702575984579023	0.5663307721960762	5.118501634697704	HPVVT-FJ-M01|Fc-receptor engagement|within_trajectory	0.4506622249290677	no
HPVVT-FJ-M03	Heterologous 2vHPV recall	within_trajectory	dose1_v2_minus_v1	1	HPV52	cross_reactive_non_booster_target	FcgR2B	fc_gamma_receptor_binding	Fc-receptor engagement	high	mixedlm_powell	5.072012448298677	0.8102201729411105	3.4840100897862865	6.660014806811068	6.260042168398747	3.848733868174751e-10	33.63782333361838	11.189006914269104	101.12632580293958	HPVVT-FJ-M03|Fc-receptor engagement|within_trajectory	1.4262954923235841e-09	yes
HPVVT-FJ-M03	Heterologous 2vHPV recall	within_trajectory	dose2_v2_minus_v1	2	HPV52	cross_reactive_non_booster_target	FcgR2B	fc_gamma_receptor_binding	Fc-receptor engagement	high	mixedlm_powell	3.8170290982875903	0.7906939258776029	2.2672974807729056	5.366760715802275	4.827442039662835	1.3829792054265258e-06	14.09419425455015	4.81420468084028	41.262539682945594	HPVVT-FJ-M03|Fc-receptor engagement|within_trajectory	3.111703212209683e-06	yes
HPVVT-FJ-M03	Heterologous 2vHPV recall	within_trajectory	dose3_v2_minus_v1	3	HPV52	cross_reactive_non_booster_target	FcgR2B	fc_gamma_receptor_binding	Fc-receptor engagement	high	mixedlm_powell	3.952556971317967	0.8312683578602691	2.3233009284240866	5.581813014211847	4.754850745783309	1.9859307871910236e-06	15.482397302464538	5.004760142935764	47.89532752527713	HPVVT-FJ-M03|Fc-receptor engagement|within_trajectory	4.314263434242568e-06	yes
HPVVT-FJ-M04	Primary-versus-recall contrast	primary_minus_pooled_recall	dose0_minus_mean_dose1_2_3_change		HPV52	cross_reactive_non_booster_target	FcgR2B	fc_gamma_receptor_binding	Fc-receptor engagement	high	mixedlm_powell	-3.5128136533230245	0.935757046674369	-5.346863763084354	-1.678763543561695	-3.753980443756612	0.00017404844870260564	0.08760678062561711	0.024571610621914028	0.31235022114261213	HPVVT-FJ-M04|Fc-receptor engagement|primary_minus_pooled_recall	0.00033227431115951983	yes
HPVVT-FJ-M02	Six-year 4vHPV persistence	persistence_dose_contrast	dose2_minus_dose1_at_v1		HPV52	cross_reactive_non_booster_target	FcgR2B	fc_gamma_receptor_binding	Fc-receptor engagement	high	mixedlm_powell	0.8913689172117725	1.0555515389498944	-1.1774740829558488	2.960211917379394	0.8444579770103339	0.3984135364136532	1.8549353650325278	0.4421249074514153	7.782382649017488	HPVVT-FJ-M02|Fc-receptor engagement|persistence_dose_contrast	0.5976203046204798	no
HPVVT-FJ-M02	Six-year 4vHPV persistence	persistence_dose_contrast	dose3_minus_dose1_at_v1		HPV52	cross_reactive_non_booster_target	FcgR2B	fc_gamma_receptor_binding	Fc-receptor engagement	high	mixedlm_powell	0.1973915880055679	1.0823124776162631	-1.9239018881406214	2.318685064151757	0.18237948105367183	0.8552849274966472	1.1466233693222552	0.26354077755652155	4.988773135094616	HPVVT-FJ-M02|Fc-receptor engagement|persistence_dose_contrast	0.9132703463099792	no
HPVVT-FJ-M02	Six-year 4vHPV persistence	persistence_dose_contrast	dose3_minus_dose2_at_v1		HPV52	cross_reactive_non_booster_target	FcgR2B	fc_gamma_receptor_binding	Fc-receptor engagement	high	mixedlm_powell	-0.6939773292062046	1.0696845125957848	-2.7905204487142248	1.4025657903018154	-0.648768231225618	0.5164881945509703	0.6181473440731711	0.14453387334031284	2.6437134088631646	HPVVT-FJ-M02|Fc-receptor engagement|persistence_dose_contrast	0.7230834723713583	no
HPVVT-FJ-M03	Heterologous 2vHPV recall	recall_dose_contrast	dose2_minus_dose1_change		HPV52	cross_reactive_non_booster_target	FcgR2B	fc_gamma_receptor_binding	Fc-receptor engagement	high	mixedlm_powell	-1.2549833500110865	1.1321014146535016	-3.4738613495787956	0.9638946495566225	-1.108543222159293	0.2676272834308989	0.4189984029217523	0.09000435687361878	1.9505684807847057	HPVVT-FJ-M03|Fc-receptor engagement|recall_dose_contrast	0.7330660372237666	no
HPVVT-FJ-M03	Heterologous 2vHPV recall	recall_dose_contrast	dose3_minus_dose1_change		HPV52	cross_reactive_non_booster_target	FcgR2B	fc_gamma_receptor_binding	Fc-receptor engagement	high	mixedlm_powell	-1.11945547698071	1.160803088995042	-3.3945877245538356	1.1556767705924158	-0.9643801671391755	0.3348553618172462	0.4602675134152065	0.09508834135892007	2.227888097298738	HPVVT-FJ-M03|Fc-receptor engagement|recall_dose_contrast	0.761601386181712	no
HPVVT-FJ-M03	Heterologous 2vHPV recall	recall_dose_contrast	dose3_minus_dose2_change		HPV52	cross_reactive_non_booster_target	FcgR2B	fc_gamma_receptor_binding	Fc-receptor engagement	high	mixedlm_powell	0.1355278730303766	1.1472593286608939	-2.1130590920725765	2.3841148381333297	0.11813185532216827	0.9059631832663222	1.0984946725469051	0.23115635128513945	5.2202353035302815	HPVVT-FJ-M03|Fc-receptor engagement|recall_dose_contrast	0.992909625305679	no
HPVVT-FJ-M01	Primary 2vHPV induction	within_trajectory	dose0_v2_minus_v1	0	HPV52	cross_reactive_non_booster_target	FcgR3A	fc_gamma_receptor_binding	Fc-receptor engagement	moderate	mixedlm_powell	0.377292819726305	0.6539742399380788	-0.9044731373692851	1.6590587768218952	0.5769230600918299	0.5639914319885077	1.2989022104799008	0.5342277648298142	3.1581042084681568	HPVVT-FJ-M01|Fc-receptor engagement|within_trajectory	0.6579900039865922	no
HPVVT-FJ-M03	Heterologous 2vHPV recall	within_trajectory	dose1_v2_minus_v1	1	HPV52	cross_reactive_non_booster_target	FcgR3A	fc_gamma_receptor_binding	Fc-receptor engagement	moderate	mixedlm_powell	5.692508219630345	0.6539742399380813	4.41074226253475	6.97427417672594	8.704483864944459	3.190232201373082e-18	51.714904219839795	21.26991352146933	125.73776173408972	HPVVT-FJ-M03|Fc-receptor engagement|within_trajectory	5.0246157171626046e-17	yes
HPVVT-FJ-M03	Heterologous 2vHPV recall	within_trajectory	dose2_v2_minus_v1	2	HPV52	cross_reactive_non_booster_target	FcgR3A	fc_gamma_receptor_binding	Fc-receptor engagement	moderate	mixedlm_powell	4.787867908517306	0.6382135084620354	3.536992417484768	6.038743399549844	7.50198459455221	6.285876157617888e-14	27.624336506416657	11.607556655527809	65.74199808504355	HPVVT-FJ-M03|Fc-receptor engagement|within_trajectory	3.9601019792992696e-13	yes
HPVVT-FJ-M03	Heterologous 2vHPV recall	within_trajectory	dose3_v2_minus_v1	3	HPV52	cross_reactive_non_booster_target	FcgR3A	fc_gamma_receptor_binding	Fc-receptor engagement	moderate	mixedlm_powell	4.106362138532973	0.670963412997814	2.791298014113184	5.421426262952763	6.120098442009016	9.351756516876204e-10	17.224164982944068	6.922523346323937	42.85602872213036	HPVVT-FJ-M03|Fc-receptor engagement|within_trajectory	3.2731147809066713e-09	yes
HPVVT-FJ-M04	Primary-versus-recall contrast	primary_minus_pooled_recall	dose0_minus_mean_dose1_2_3_change		HPV52	cross_reactive_non_booster_target	FcgR3A	fc_gamma_receptor_binding	Fc-receptor engagement	moderate	mixedlm_powell	-4.484953269167236	0.7553021065177222	-5.965318195389207	-3.004588342945265	-5.93795943433133	2.8859142260890368e-09	0.044657513360403106	0.01600516993052197	0.12460308189114881	HPVVT-FJ-M04|Fc-receptor engagement|primary_minus_pooled_recall	1.5151049686967444e-08	yes
HPVVT-FJ-M02	Six-year 4vHPV persistence	persistence_dose_contrast	dose2_minus_dose1_at_v1		HPV52	cross_reactive_non_booster_target	FcgR3A	fc_gamma_receptor_binding	Fc-receptor engagement	moderate	mixedlm_powell	1.0349382706291985	0.7989534747315348	-0.5309817651677418	2.600858306426139	1.295367381657561	0.19519352474211993	2.0490259714105874	0.6920836055076006	6.066474336486783	HPVVT-FJ-M02|Fc-receptor engagement|persistence_dose_contrast	0.45545155773161317	no
HPVVT-FJ-M02	Six-year 4vHPV persistence	persistence_dose_contrast	dose3_minus_dose1_at_v1		HPV52	cross_reactive_non_booster_target	FcgR3A	fc_gamma_receptor_binding	Fc-receptor engagement	moderate	mixedlm_powell	1.217138147671379	0.8192089943775421	-0.3884819771198793	2.822758272462637	1.485748027701032	0.13734578179454235	2.3248508243485704	0.7639330021827445	7.075137924439721	HPVVT-FJ-M02|Fc-receptor engagement|persistence_dose_contrast	0.42527615611938374	no
HPVVT-FJ-M02	Six-year 4vHPV persistence	persistence_dose_contrast	dose3_minus_dose2_at_v1		HPV52	cross_reactive_non_booster_target	FcgR3A	fc_gamma_receptor_binding	Fc-receptor engagement	moderate	mixedlm_powell	0.18219987704218044	0.809650809713308	-1.404686550049596	1.7690863041339568	0.22503513225250302	0.8219519435306848	1.1346126680610593	0.37770019924676324	3.408380268509132	HPVVT-FJ-M02|Fc-receptor engagement|persistence_dose_contrast	0.9132703463099792	no
HPVVT-FJ-M03	Heterologous 2vHPV recall	recall_dose_contrast	dose2_minus_dose1_change		HPV52	cross_reactive_non_booster_target	FcgR3A	fc_gamma_receptor_binding	Fc-receptor engagement	moderate	mixedlm_powell	-0.904640311113039	0.913782681432523	-2.6956214564172214	0.8863408341911436	-0.9899950278055701	0.32217654934032636	0.5341658642349165	0.15436082273176624	1.8484817939177516	HPVVT-FJ-M03|Fc-receptor engagement|recall_dose_contrast	0.761601386181712	no
HPVVT-FJ-M03	Heterologous 2vHPV recall	recall_dose_contrast	dose3_minus_dose1_change		HPV52	cross_reactive_non_booster_target	FcgR3A	fc_gamma_receptor_binding	Fc-receptor engagement	moderate	mixedlm_powell	-1.5861460810973718	0.9369494159687952	-3.4225331917320485	0.25024102953730476	-1.6928833660217553	0.09047767012136179	0.3330599803438527	0.09326417398014793	1.1894058111773949	HPVVT-FJ-M03|Fc-receptor engagement|recall_dose_contrast	0.5091628686640461	no
HPVVT-FJ-M03	Heterologous 2vHPV recall	recall_dose_contrast	dose3_minus_dose2_change		HPV52	cross_reactive_non_booster_target	FcgR3A	fc_gamma_receptor_binding	Fc-receptor engagement	moderate	mixedlm_powell	-0.6815057699843328	0.9260174857771831	-2.4964666911619435	1.133455151193278	-0.7359534570908909	0.46175902300509963	0.623514160383298	0.17721017023760663	2.1938351939802283	HPVVT-FJ-M03|Fc-receptor engagement|recall_dose_contrast	0.8362986994246877	no
HPVVT-FJ-M01	Primary 2vHPV induction	within_trajectory	dose0_v2_minus_v1	0	HPV52	cross_reactive_non_booster_target	IgA1	antibody_isotype_or_subclass	Antibody abundance	moderate	mixedlm_lbfgs	1.0713536639138341	0.5418580625468647	0.009331376589327256	2.133375951238341	1.9771850563193822	0.048020716140290624	2.1014041655082787	1.0064889801695462	4.387429523641354	HPVVT-FJ-M01|Antibody abundance|within_trajectory	0.061117275087642614	no
HPVVT-FJ-M03	Heterologous 2vHPV recall	within_trajectory	dose1_v2_minus_v1	1	HPV52	cross_reactive_non_booster_target	IgA1	antibody_isotype_or_subclass	Antibody abundance	moderate	mixedlm_lbfgs	2.050698106177875	0.5418580625468671	0.9886758188533635	3.1127203935023866	3.7845669335233034	0.0001539764647067066	4.143063998996063	1.9843628025349838	8.650121478718173	HPVVT-FJ-M03|Antibody abundance|within_trajectory	0.00033164161629136807	yes
HPVVT-FJ-M03	Heterologous 2vHPV recall	within_trajectory	dose2_v2_minus_v1	2	HPV52	cross_reactive_non_booster_target	IgA1	antibody_isotype_or_subclass	Antibody abundance	moderate	mixedlm_lbfgs	1.296055960363998	0.5287993227672385	0.25962833269103913	2.3324835880369568	2.4509410367276185	0.014248329123944185	2.455566614387872	1.1971702497124463	5.036716706871593	HPVVT-FJ-M03|Antibody abundance|within_trajectory	0.022164067526135398	yes
HPVVT-FJ-M03	Heterologous 2vHPV recall	within_trajectory	dose3_v2_minus_v1	3	HPV52	cross_reactive_non_booster_target	IgA1	antibody_isotype_or_subclass	Antibody abundance	moderate	mixedlm_lbfgs	0.2504407937538805	0.555934642075889	-0.8391710824730277	1.3400526699807886	0.45048603702536233	0.6523600200076473	1.1895705148492701	0.5589646365445411	2.5316056102343376	HPVVT-FJ-M03|Antibody abundance|within_trajectory	0.721029495797926	no
HPVVT-FJ-M04	Primary-versus-recall contrast	primary_minus_pooled_recall	dose0_minus_mean_dose1_2_3_change		HPV52	cross_reactive_non_booster_target	IgA1	antibody_isotype_or_subclass	Antibody abundance	moderate	mixedlm_lbfgs	-0.1277112895180838	0.6258144603891581	-1.354285092885202	1.0988625138490342	-0.20407212936349772	0.8382971335656534	0.9152823150520386	0.3911285917898618	2.1418575216232343	HPVVT-FJ-M04|Antibody abundance|primary_minus_pooled_recall	0.902781528455319	no
HPVVT-FJ-M02	Six-year 4vHPV persistence	persistence_dose_contrast	dose2_minus_dose1_at_v1		HPV52	cross_reactive_non_booster_target	IgA1	antibody_isotype_or_subclass	Antibody abundance	moderate	mixedlm_lbfgs	-0.24292366889943628	1.0030412601724927	-2.2088484138451925	1.7230010760463197	-0.24218711487268307	0.8086351787468198	0.8450310927154864	0.21630689914604714	3.301224096295673	HPVVT-FJ-M02|Antibody abundance|persistence_dose_contrast	0.9179102029017954	no
HPVVT-FJ-M02	Six-year 4vHPV persistence	persistence_dose_contrast	dose3_minus_dose1_at_v1		HPV52	cross_reactive_non_booster_target	IgA1	antibody_isotype_or_subclass	Antibody abundance	moderate	mixedlm_lbfgs	-0.46104809021733906	1.02847092859969	-2.4768140694191967	1.5547178889845188	-0.4482849999903031	0.6539475247562291	0.7264583089124454	0.17964067217344531	2.937762747171136	HPVVT-FJ-M02|Antibody abundance|persistence_dose_contrast	0.8583061262425506	no
HPVVT-FJ-M02	Six-year 4vHPV persistence	persistence_dose_contrast	dose3_minus_dose2_at_v1		HPV52	cross_reactive_non_booster_target	IgA1	antibody_isotype_or_subclass	Antibody abundance	moderate	mixedlm_lbfgs	-0.21812442131790277	1.016471164040438	-2.210371294160667	1.774122451524861	-0.21458987626453235	0.8300870876414123	0.8596823420757096	0.21607869033437516	3.4202990037245886	HPVVT-FJ-M02|Antibody abundance|persistence_dose_contrast	0.9257472444855565	no
HPVVT-FJ-M03	Heterologous 2vHPV recall	recall_dose_contrast	dose2_minus_dose1_change		HPV52	cross_reactive_non_booster_target	IgA1	antibody_isotype_or_subclass	Antibody abundance	moderate	mixedlm_lbfgs	-0.7546421458138772	0.7571254081763037	-2.23858067761962	0.7292963859918657	-0.9967201439344006	0.3189003691446439	0.5926933822366486	0.21189468742843406	1.6578303571945952	HPVVT-FJ-M03|Antibody abundance|recall_dose_contrast	0.7211622844114928	no
HPVVT-FJ-M03	Heterologous 2vHPV recall	recall_dose_contrast	dose3_minus_dose1_change		HPV52	cross_reactive_non_booster_target	IgA1	antibody_isotype_or_subclass	Antibody abundance	moderate	mixedlm_lbfgs	-1.800257312423995	0.7763204790594483	-3.321817491841395	-0.2786971330065948	-2.318961512654024	0.020397123274757668	0.28712337418333955	0.10000766671282477	0.8243351206178487	HPVVT-FJ-M03|Antibody abundance|recall_dose_contrast	0.1530419570731849	no
HPVVT-FJ-M03	Heterologous 2vHPV recall	recall_dose_contrast	dose3_minus_dose2_change		HPV52	cross_reactive_non_booster_target	IgA1	antibody_isotype_or_subclass	Antibody abundance	moderate	mixedlm_lbfgs	-1.0456151666101174	0.7672626994837798	-2.5494224242793044	0.45819209105906955	-1.3627863928659836	0.17294984076803388	0.4844382994455268	0.17082340670041313	1.3738191416662944	HPVVT-FJ-M03|Antibody abundance|recall_dose_contrast	0.5004486248367814	no
HPVVT-FJ-M01	Primary 2vHPV induction	within_trajectory	dose0_v2_minus_v1	0	HPV52	cross_reactive_non_booster_target	IgA2	antibody_isotype_or_subclass	Antibody abundance	high	mixedlm_lbfgs	3.571645274820661	0.705028389111275	2.189815024084271	4.953475525557051	5.065959513095502	4.0634828236027074e-07	11.88974010526954	4.5624698464605435	30.98451595916262	HPVVT-FJ-M01|Antibody abundance|within_trajectory	1.2641946562319534e-06	yes
HPVVT-FJ-M03	Heterologous 2vHPV recall	within_trajectory	dose1_v2_minus_v1	1	HPV52	cross_reactive_non_booster_target	IgA2	antibody_isotype_or_subclass	Antibody abundance	high	mixedlm_lbfgs	1.1243507321540696	0.7050283891112775	-0.25747951858232554	2.5061809828904646	1.5947595153882643	0.11076602344292812	2.1800341459390067	0.8365481471451864	5.681142076135863	HPVVT-FJ-M03|Antibody abundance|within_trajectory	0.14538040576884315	no
HPVVT-FJ-M03	Heterologous 2vHPV recall	within_trajectory	dose2_v2_minus_v1	2	HPV52	cross_reactive_non_booster_target	IgA2	antibody_isotype_or_subclass	Antibody abundance	high	mixedlm_lbfgs	0.4172285805384668	0.6880372563644827	-0.9312996619576712	1.7657568230346048	0.606404052511719	0.5442464780887382	1.3353598608931732	0.5243857323976624	3.4005234084675187	HPVVT-FJ-M03|Antibody abundance|within_trajectory	0.6235549065761912	no
HPVVT-FJ-M03	Heterologous 2vHPV recall	within_trajectory	dose3_v2_minus_v1	3	HPV52	cross_reactive_non_booster_target	IgA2	antibody_isotype_or_subclass	Antibody abundance	high	mixedlm_lbfgs	-1.2764390407390143	0.7233438648336393	-2.6941669642509565	0.14128888277292773	-1.7646365757627327	0.07762486423743008	0.41281318610345064	0.15451652425937576	1.1028899817524966	HPVVT-FJ-M03|Antibody abundance|within_trajectory	0.10516917090232462	no
HPVVT-FJ-M04	Primary-versus-recall contrast	primary_minus_pooled_recall	dose0_minus_mean_dose1_2_3_change		HPV52	cross_reactive_non_booster_target	IgA2	antibody_isotype_or_subclass	Antibody abundance	high	mixedlm_lbfgs	3.483265184169487	0.8142666712697472	1.887331834669467	5.079198533669507	4.277794126999906	1.8875446575145446e-05	11.183231194181076	3.699503938484992	33.80579180940694	HPVVT-FJ-M04|Antibody abundance|primary_minus_pooled_recall	5.8723611567119165e-05	yes
HPVVT-FJ-M02	Six-year 4vHPV persistence	persistence_dose_contrast	dose2_minus_dose1_at_v1		HPV52	cross_reactive_non_booster_target	IgA2	antibody_isotype_or_subclass	Antibody abundance	high	mixedlm_lbfgs	-0.9110491630610281	1.14443620031241	-3.1541028982772183	1.3320045721551623	-0.7960681100548275	0.425992448498967	0.5317982139239652	0.11233637830002971	2.517522325469564	HPVVT-FJ-M02|Antibody abundance|persistence_dose_contrast	0.6277783451563724	no
HPVVT-FJ-M02	Six-year 4vHPV persistence	persistence_dose_contrast	dose3_minus_dose1_at_v1		HPV52	cross_reactive_non_booster_target	IgA2	antibody_isotype_or_subclass	Antibody abundance	high	mixedlm_lbfgs	1.1370533568557961	1.1734505931052062	-1.1628675432675732	3.4369742569791653	0.9689827279791176	0.3325538069312418	2.1993136368795696	0.44662392973502524	10.830096981668987	HPVVT-FJ-M02|Antibody abundance|persistence_dose_contrast	0.5586903956444863	no
HPVVT-FJ-M02	Six-year 4vHPV persistence	persistence_dose_contrast	dose3_minus_dose2_at_v1		HPV52	cross_reactive_non_booster_target	IgA2	antibody_isotype_or_subclass	Antibody abundance	high	mixedlm_lbfgs	2.0481025199168243	1.1597592670330639	-0.22498387420455224	4.321188914038201	1.7659721100193067	0.07740052804716806	4.135616817235157	0.8556045891919293	19.989755402260503	HPVVT-FJ-M02|Antibody abundance|persistence_dose_contrast	0.24180336601269697	no
HPVVT-FJ-M03	Heterologous 2vHPV recall	recall_dose_contrast	dose2_minus_dose1_change		HPV52	cross_reactive_non_booster_target	IgA2	antibody_isotype_or_subclass	Antibody abundance	high	mixedlm_lbfgs	-0.7071221516156028	0.9851194321494261	-2.6379207590990275	1.223676455867822	-0.7178034749276413	0.47287847047180176	0.6125408005102568	0.16065961626829436	2.335410982578028	HPVVT-FJ-M03|Antibody abundance|recall_dose_contrast	0.8106488065230887	no
HPVVT-FJ-M03	Heterologous 2vHPV recall	recall_dose_contrast	dose3_minus_dose1_change		HPV52	cross_reactive_non_booster_target	IgA2	antibody_isotype_or_subclass	Antibody abundance	high	mixedlm_lbfgs	-2.400789772893084	1.0100947362724495	-4.380539076960569	-0.42104046882559865	-2.376796637662635	0.01746371323568451	0.1893608808249375	0.04800940688387023	0.7468857774796478	HPVVT-FJ-M03|Antibody abundance|recall_dose_contrast	0.1530419570731849	no
HPVVT-FJ-M03	Heterologous 2vHPV recall	recall_dose_contrast	dose3_minus_dose2_change		HPV52	cross_reactive_non_booster_target	IgA2	antibody_isotype_or_subclass	Antibody abundance	high	mixedlm_lbfgs	-1.693667621277481	0.9983093773665712	-3.6503180463445664	0.26298280378960426	-1.6965358231385017	0.08978445193996394	0.30914002898614534	0.07964247985422031	1.1999570793938632	HPVVT-FJ-M03|Antibody abundance|recall_dose_contrast	0.35913780775985576	no
HPVVT-FJ-M01	Primary 2vHPV induction	within_trajectory	dose0_v2_minus_v1	0	HPV52	cross_reactive_non_booster_target	IgG	antibody_isotype_or_subclass	Antibody abundance	none	mixedlm_powell	0.5977975761375143	0.42165373807399914	-0.22862856443420942	1.424223716709238	1.4177452306437335	0.1562651595626277	1.5134044330078351	0.853445797570277	2.6837005752074887	HPVVT-FJ-M01|Antibody abundance|within_trajectory	0.16828555645206061	no
HPVVT-FJ-M03	Heterologous 2vHPV recall	within_trajectory	dose1_v2_minus_v1	1	HPV52	cross_reactive_non_booster_target	IgG	antibody_isotype_or_subclass	Antibody abundance	none	mixedlm_powell	4.4339322931063805	0.4216537380739973	3.6075061525346603	5.260358433678101	10.515576864939963	7.323127095602787e-26	21.614570938744105	12.188985529329646	38.32884006153177	HPVVT-FJ-M03|Antibody abundance|within_trajectory	1.5378566900765852e-24	yes
HPVVT-FJ-M03	Heterologous 2vHPV recall	within_trajectory	dose2_v2_minus_v1	2	HPV52	cross_reactive_non_booster_target	IgG	antibody_isotype_or_subclass	Antibody abundance	none	mixedlm_powell	3.1813247344463296	0.41149191374543553	2.3748154035758136	3.9878340653168456	7.731196235400187	1.0654064193367891e-14	9.07139694198637	5.186694525659922	15.865642765728442	HPVVT-FJ-M03|Antibody abundance|within_trajectory	8.94941392242903e-14	yes
HPVVT-FJ-M03	Heterologous 2vHPV recall	within_trajectory	dose3_v2_minus_v1	3	HPV52	cross_reactive_non_booster_target	IgG	antibody_isotype_or_subclass	Antibody abundance	none	mixedlm_powell	3.6222835143800785	0.4326076073397049	2.7743881845562113	4.470178844203946	8.373138735712713	5.610348952349459e-17	12.314477530075957	6.841858107618113	22.164498949473092	HPVVT-FJ-M03|Antibody abundance|within_trajectory	5.890866399966932e-16	yes
HPVVT-FJ-M04	Primary-versus-recall contrast	primary_minus_pooled_recall	dose0_minus_mean_dose1_2_3_change		HPV52	cross_reactive_non_booster_target	IgG	antibody_isotype_or_subclass	Antibody abundance	none	mixedlm_powell	-3.1480492711734156	0.4869854760923266	-4.102523265308467	-2.193575277038364	-6.464359669273962	1.0172865105953805e-10	0.11280873820325316	0.058212659277971215	0.21860900314213613	HPVVT-FJ-M04|Antibody abundance|primary_minus_pooled_recall	4.747337049445109e-10	yes
HPVVT-FJ-M02	Six-year 4vHPV persistence	persistence_dose_contrast	dose2_minus_dose1_at_v1		HPV52	cross_reactive_non_booster_target	IgG	antibody_isotype_or_subclass	Antibody abundance	none	mixedlm_powell	1.183432360692444	0.5546860346707649	0.09626771001040901	2.2705970113744787	2.1335174976865474	0.032882297827830344	2.2711647467543132	1.0690043398599327	4.825227657705711	HPVVT-FJ-M02|Antibody abundance|persistence_dose_contrast	0.1534507231965416	no
HPVVT-FJ-M02	Six-year 4vHPV persistence	persistence_dose_contrast	dose3_minus_dose1_at_v1		HPV52	cross_reactive_non_booster_target	IgG	antibody_isotype_or_subclass	Antibody abundance	none	mixedlm_powell	0.5944183863220349	0.568748748242935	-0.520308676486356	1.7091454491304259	1.0451335289236283	0.29596125961562003	1.5098637705107292	0.6972226406888348	3.2696709378923967	HPVVT-FJ-M02|Antibody abundance|persistence_dose_contrast	0.517932204327335	no
HPVVT-FJ-M02	Six-year 4vHPV persistence	persistence_dose_contrast	dose3_minus_dose2_at_v1		HPV52	cross_reactive_non_booster_target	IgG	antibody_isotype_or_subclass	Antibody abundance	none	mixedlm_powell	-0.589013974370409	0.5621128279825763	-1.6907348724642173	0.5127069237233992	-1.047857200634223	0.2947044037393407	0.6647971146384042	0.30976909622696347	1.4267246443064583	HPVVT-FJ-M02|Antibody abundance|persistence_dose_contrast	0.517932204327335	no
HPVVT-FJ-M03	Heterologous 2vHPV recall	recall_dose_contrast	dose2_minus_dose1_change		HPV52	cross_reactive_non_booster_target	IgG	antibody_isotype_or_subclass	Antibody abundance	none	mixedlm_powell	-1.2526075586600514	0.5891667589992294	-2.4073531871867306	-0.09786193013337185	-2.1260662444496288	0.03349774409195152	0.419688966655632	0.18850135678708982	0.9344167688480834	HPVVT-FJ-M03|Antibody abundance|recall_dose_contrast	0.17586315648274548	no
HPVVT-FJ-M03	Heterologous 2vHPV recall	recall_dose_contrast	dose3_minus_dose1_change		HPV52	cross_reactive_non_booster_target	IgG	antibody_isotype_or_subclass	Antibody abundance	none	mixedlm_powell	-0.811648778726302	0.6041036473652178	-1.9956701704914142	0.3723726130388101	-1.343558811912967	0.1790910960173121	0.569730371469103	0.2507514293132717	1.2944799439958452	HPVVT-FJ-M03|Antibody abundance|recall_dose_contrast	0.5004486248367814	no
HPVVT-FJ-M03	Heterologous 2vHPV recall	recall_dose_contrast	dose3_minus_dose2_change		HPV52	cross_reactive_non_booster_target	IgG	antibody_isotype_or_subclass	Antibody abundance	none	mixedlm_powell	0.4409587799337493	0.5970552210692619	-0.729247950143604	1.6111655100111026	0.738556107329636	0.46017658537809547	1.3575061932390153	0.6032182782727645	3.0549854522959117	HPVVT-FJ-M03|Antibody abundance|recall_dose_contrast	0.8106488065230887	no
HPVVT-FJ-M01	Primary 2vHPV induction	within_trajectory	dose0_v2_minus_v1	0	HPV52	cross_reactive_non_booster_target	IgG1	antibody_isotype_or_subclass	IgG subclass architecture	none	mixedlm_powell	0.5205546693093737	0.4010610978938834	-0.2655106381627307	1.306619976781478	1.2979435603278258	0.19430672997672294	1.4345066631529633	0.8319042322530388	2.4736132920698126	HPVVT-FJ-M01|IgG subclass architecture|within_trajectory	0.45338236994568687	no
HPVVT-FJ-M03	Heterologous 2vHPV recall	within_trajectory	dose1_v2_minus_v1	1	HPV52	cross_reactive_non_booster_target	IgG1	antibody_isotype_or_subclass	IgG subclass architecture	none	mixedlm_powell	4.170886389476327	0.40106109789388567	3.384821082004218	4.956951696948436	10.399628414172138	2.4890190427320142e-25	18.011998898783112	10.445582791717507	31.059263116176933	HPVVT-FJ-M03|IgG subclass architecture|within_trajectory	5.22693998973723e-24	yes
HPVVT-FJ-M03	Heterologous 2vHPV recall	within_trajectory	dose2_v2_minus_v1	2	HPV52	cross_reactive_non_booster_target	IgG1	antibody_isotype_or_subclass	IgG subclass architecture	none	mixedlm_powell	3.0995202948294995	0.3913955546914618	2.3323991039251575	3.8666414857338416	7.919150480063219	2.3913879186553187e-15	8.571337202909358	5.036421765760502	14.587305206533742	HPVVT-FJ-M03|IgG subclass architecture|within_trajectory	1.545204501284975e-14	yes
HPVVT-FJ-M03	Heterologous 2vHPV recall	within_trajectory	dose3_v2_minus_v1	3	HPV52	cross_reactive_non_booster_target	IgG1	antibody_isotype_or_subclass	IgG subclass architecture	none	mixedlm_powell	3.110324158947204	0.41148000430263143	2.30383817015566	3.9168101477387482	7.558870726217968	4.065837333725861e-14	8.635766043126997	4.937696525706057	15.103491023268464	HPVVT-FJ-M03|IgG subclass architecture|within_trajectory	2.276868906886482e-13	yes
HPVVT-FJ-M04	Primary-versus-recall contrast	primary_minus_pooled_recall	dose0_minus_mean_dose1_2_3_change		HPV52	cross_reactive_non_booster_target	IgG1	antibody_isotype_or_subclass	IgG subclass architecture	none	mixedlm_powell	-2.9396889451083026	0.463202177673302	-3.847548530908498	-2.0318293593081074	-6.346448887340237	2.203417061928582e-10	0.13033631847524188	0.06946603045940859	0.24454479119266925	HPVVT-FJ-M04|IgG subclass architecture|primary_minus_pooled_recall	1.5423919433500073e-09	yes
HPVVT-FJ-M02	Six-year 4vHPV persistence	persistence_dose_contrast	dose2_minus_dose1_at_v1		HPV52	cross_reactive_non_booster_target	IgG1	antibody_isotype_or_subclass	IgG subclass architecture	none	mixedlm_powell	1.1057327943788122	0.5514590875511494	0.02489284383123902	2.1865727449263854	2.0051039493954343	0.04495193536377411	2.1520816195410504	1.0174041216088985	4.552227771440869	HPVVT-FJ-M02|IgG subclass architecture|persistence_dose_contrast	0.151038502822281	no
HPVVT-FJ-M02	Six-year 4vHPV persistence	persistence_dose_contrast	dose3_minus_dose1_at_v1		HPV52	cross_reactive_non_booster_target	IgG1	antibody_isotype_or_subclass	IgG subclass architecture	none	mixedlm_powell	0.8897475733838999	0.5654399897377441	-0.21849444192077627	1.9979895886885761	1.573549075997565	0.11559173410404545	1.8528519041482616	0.8594618801069628	3.994429838212934	HPVVT-FJ-M02|IgG subclass architecture|persistence_dose_contrast	0.28557957837470055	no
HPVVT-FJ-M02	Six-year 4vHPV persistence	persistence_dose_contrast	dose3_minus_dose2_at_v1		HPV52	cross_reactive_non_booster_target	IgG1	antibody_isotype_or_subclass	IgG subclass architecture	none	mixedlm_powell	-0.21598522099491246	0.5588426746746172	-1.3112967363811965	0.8793262943913716	-0.3864866281385339	0.6991363039712495	0.8609580079696967	0.40295852591241954	1.8395160886811812	HPVVT-FJ-M02|IgG subclass architecture|persistence_dose_contrast	0.9380137677926125	no
HPVVT-FJ-M03	Heterologous 2vHPV recall	recall_dose_contrast	dose2_minus_dose1_change		HPV52	cross_reactive_non_booster_target	IgG1	antibody_isotype_or_subclass	IgG subclass architecture	none	mixedlm_powell	-1.071366094646827	0.5603931517034144	-2.16971648916841	0.026984299874756035	-1.911811540505482	0.05590037100827088	0.4758681838187565	0.2222543422532638	1.0188801085961074	HPVVT-FJ-M03|IgG subclass architecture|recall_dose_contrast	0.18349087842695586	no
HPVVT-FJ-M03	Heterologous 2vHPV recall	recall_dose_contrast	dose3_minus_dose1_change		HPV52	cross_reactive_non_booster_target	IgG1	antibody_isotype_or_subclass	IgG subclass architecture	none	mixedlm_powell	-1.060562230529123	0.5746005553293023	-2.18675862447127	0.0656341634130242	-1.845738262333069	0.06493021868844326	0.47944517938597186	0.21964436241309157	1.046544866943263	HPVVT-FJ-M03|IgG subclass architecture|recall_dose_contrast	0.18349087842695586	no
HPVVT-FJ-M03	Heterologous 2vHPV recall	recall_dose_contrast	dose3_minus_dose2_change		HPV52	cross_reactive_non_booster_target	IgG1	antibody_isotype_or_subclass	IgG subclass architecture	none	mixedlm_powell	0.010803864117704176	0.5678963586545794	-1.102252545796713	1.1238602740321213	0.01902435885185096	0.9848216733708788	1.0075167781516945	0.4657886705532666	2.1792931482241524	HPVVT-FJ-M03|IgG subclass architecture|recall_dose_contrast	0.9848216733708788	no
HPVVT-FJ-M01	Primary 2vHPV induction	within_trajectory	dose0_v2_minus_v1	0	HPV52	cross_reactive_non_booster_target	IgG2	antibody_isotype_or_subclass	IgG subclass architecture	high	mixedlm_lbfgs	-0.184081766233414	0.6190301718739063	-1.39735860844991	1.029195075983082	-0.29737123422622225	0.7661831026546388	0.8802091253869775	0.3796235482932392	2.040885260932339	HPVVT-FJ-M01|IgG subclass architecture|within_trajectory	0.894369027124296	no
HPVVT-FJ-M03	Heterologous 2vHPV recall	within_trajectory	dose1_v2_minus_v1	1	HPV52	cross_reactive_non_booster_target	IgG2	antibody_isotype_or_subclass	IgG subclass architecture	high	mixedlm_lbfgs	1.9257523427772694	0.6190301718739056	0.7124755005607748	3.139029184993764	3.1109183853635143	0.0018650647910020523	3.7993492681813645	1.638613380380743	8.8093109909039	HPVVT-FJ-M03|IgG subclass architecture|within_trajectory	0.0027485165341082874	yes
HPVVT-FJ-M03	Heterologous 2vHPV recall	within_trajectory	dose2_v2_minus_v1	2	HPV52	cross_reactive_non_booster_target	IgG2	antibody_isotype_or_subclass	IgG subclass architecture	high	mixedlm_lbfgs	3.6433666444970663	0.6041115898890875	2.4593296856712232	4.827403603322909	6.030949754110782	1.6299886572699873e-09	12.495759132948821	5.499611413713634	28.39182345125672	HPVVT-FJ-M03|IgG subclass architecture|within_trajectory	5.476761888427157e-09	yes
HPVVT-FJ-M03	Heterologous 2vHPV recall	within_trajectory	dose3_v2_minus_v1	3	HPV52	cross_reactive_non_booster_target	IgG2	antibody_isotype_or_subclass	IgG subclass architecture	high	mixedlm_lbfgs	1.5323128926774037	0.6351115556301795	0.2875171174770448	2.7771086678777626	2.4126673166212353	0.015836267003745262	2.892491846659397	1.2205379196823876	6.8547719395463345	HPVVT-FJ-M03|IgG subclass architecture|within_trajectory	0.02046532966637849	yes
HPVVT-FJ-M04	Primary-versus-recall contrast	primary_minus_pooled_recall	dose0_minus_mean_dose1_2_3_change		HPV52	cross_reactive_non_booster_target	IgG2	antibody_isotype_or_subclass	IgG subclass architecture	high	mixedlm_lbfgs	-2.551225726217327	0.7149437458861662	-3.952489719126369	-1.1499617333082848	-3.568428622387774	0.00035912865920733434	0.17061001874932005	0.06459249153839561	0.4506371840501129	HPVVT-FJ-M04|IgG subclass architecture|primary_minus_pooled_recall	0.0007182573184146687	yes
HPVVT-FJ-M02	Six-year 4vHPV persistence	persistence_dose_contrast	dose2_minus_dose1_at_v1		HPV52	cross_reactive_non_booster_target	IgG2	antibody_isotype_or_subclass	IgG subclass architecture	high	mixedlm_lbfgs	-0.9647484506514091	0.8717339072641244	-2.673315512991472	0.7438186116886539	-1.1067006142725415	0.26842338971485025	0.5123677405374784	0.15676598757406962	1.674602416033922	HPVVT-FJ-M02|IgG subclass architecture|persistence_dose_contrast	0.5010569941343871	no
HPVVT-FJ-M02	Six-year 4vHPV persistence	persistence_dose_contrast	dose3_minus_dose1_at_v1		HPV52	cross_reactive_non_booster_target	IgG2	antibody_isotype_or_subclass	IgG subclass architecture	high	mixedlm_lbfgs	1.2462703580628998	0.8938345975334951	-0.5056132612386048	2.9981539773644044	1.3942963961139327	0.16322811876615062	2.3722735163138413	0.7043609039820515	7.989770023276933	HPVVT-FJ-M02|IgG subclass architecture|persistence_dose_contrast	0.3608200520093856	no
HPVVT-FJ-M02	Six-year 4vHPV persistence	persistence_dose_contrast	dose3_minus_dose2_at_v1		HPV52	cross_reactive_non_booster_target	IgG2	antibody_isotype_or_subclass	IgG subclass architecture	high	mixedlm_lbfgs	2.211018808714309	0.8834057128396717	0.4795754278116191	3.942462189616999	2.5028350808453332	0.012320293872687165	4.630021230113561	1.394333266212222	15.37444247424238	HPVVT-FJ-M02|IgG subclass architecture|persistence_dose_contrast	0.054966580996858236	no
HPVVT-FJ-M03	Heterologous 2vHPV recall	recall_dose_contrast	dose2_minus_dose1_change		HPV52	cross_reactive_non_booster_target	IgG2	antibody_isotype_or_subclass	IgG subclass architecture	high	mixedlm_lbfgs	1.717614301719797	0.8649561646283345	0.022331370842363585	3.4128972325972304	1.9857819065985194	0.04705754565339562	3.288920878529857	1.015599345841116	10.650854187259249	HPVVT-FJ-M03|IgG subclass architecture|recall_dose_contrast	0.16470140978688466	no
HPVVT-FJ-M03	Heterologous 2vHPV recall	recall_dose_contrast	dose3_minus_dose1_change		HPV52	cross_reactive_non_booster_target	IgG2	antibody_isotype_or_subclass	IgG subclass architecture	high	mixedlm_lbfgs	-0.3934394500998657	0.8868850217391339	-2.131702151136591	1.3448232509368596	-0.4436194551220992	0.6573177374383368	0.7613124360224841	0.22818847749171303	2.539990763834856	HPVVT-FJ-M03|IgG subclass architecture|recall_dose_contrast	0.8240998499226908	no
HPVVT-FJ-M03	Heterologous 2vHPV recall	recall_dose_contrast	dose3_minus_dose2_change		HPV52	cross_reactive_non_booster_target	IgG2	antibody_isotype_or_subclass	IgG subclass architecture	high	mixedlm_lbfgs	-2.1110537518196626	0.8765372217614651	-3.8290351375809326	-0.3930723660583926	-2.408401719184665	0.01602253965969352	0.2314778810862698	0.07036319788074573	0.7615061714932587	HPVVT-FJ-M03|IgG subclass architecture|recall_dose_contrast	0.11215777761785466	no
HPVVT-FJ-M01	Primary 2vHPV induction	within_trajectory	dose0_v2_minus_v1	0	HPV52	cross_reactive_non_booster_target	IgG3	antibody_isotype_or_subclass	IgG subclass architecture	low	mixedlm_powell	-0.16576884987306037	0.8088989288081755	-1.7511816174701134	1.4196439177239928	-0.2049314740931883	0.8376256642759662	0.8914533140492528	0.2970583779329357	2.6751947434009273	HPVVT-FJ-M01|IgG subclass architecture|within_trajectory	0.9020584076818098	no
HPVVT-FJ-M03	Heterologous 2vHPV recall	within_trajectory	dose1_v2_minus_v1	1	HPV52	cross_reactive_non_booster_target	IgG3	antibody_isotype_or_subclass	IgG subclass architecture	low	mixedlm_powell	6.216801706450778	0.8088989288081766	4.631388938853723	7.802214474047833	7.685511112754902	1.5238737766330726e-14	74.37787919087638	24.78488979548831	223.20328872067952	HPVVT-FJ-M03|IgG subclass architecture|within_trajectory	9.143242659798435e-14	yes
HPVVT-FJ-M03	Heterologous 2vHPV recall	within_trajectory	dose2_v2_minus_v1	2	HPV52	cross_reactive_non_booster_target	IgG3	antibody_isotype_or_subclass	IgG subclass architecture	low	mixedlm_powell	4.1177245075982105	0.7894045236318897	2.5705200720467087	5.664928943149713	5.216241336765335	1.8259024980360422e-07	17.360354556137622	5.940235271055154	50.73568580412041	HPVVT-FJ-M03|IgG subclass architecture|within_trajectory	4.947606768871856e-07	yes
HPVVT-FJ-M03	Heterologous 2vHPV recall	within_trajectory	dose3_v2_minus_v1	3	HPV52	cross_reactive_non_booster_target	IgG3	antibody_isotype_or_subclass	IgG subclass architecture	low	mixedlm_powell	3.4941732929610865	0.8299127899820593	1.8675741142870965	5.120772471635076	4.210289725787479	2.5504340564460932e-05	11.268107231189486	3.6491845504717952	34.79414066826767	HPVVT-FJ-M03|IgG subclass architecture|within_trajectory	4.982243273057484e-05	yes
HPVVT-FJ-M04	Primary-versus-recall contrast	primary_minus_pooled_recall	dose0_minus_mean_dose1_2_3_change		HPV52	cross_reactive_non_booster_target	IgG3	antibody_isotype_or_subclass	IgG subclass architecture	low	mixedlm_powell	-4.775335352209751	0.9342310867574727	-6.606394635492112	-2.9442760689273904	-5.111514078153806	3.195870030370835e-07	0.036515799990251556	0.010263064339573224	0.1299225655038136	HPVVT-FJ-M04|IgG subclass architecture|primary_minus_pooled_recall	1.4179628102308855e-06	yes
HPVVT-FJ-M02	Six-year 4vHPV persistence	persistence_dose_contrast	dose2_minus_dose1_at_v1		HPV52	cross_reactive_non_booster_target	IgG3	antibody_isotype_or_subclass	IgG subclass architecture	low	mixedlm_powell	1.1288158069517227	1.0083483343913282	-0.8475106123262317	3.105142226229677	1.119470096247159	0.2629396413780434	2.186791703124611	0.5557428501606697	8.60480337528788	HPVVT-FJ-M02|IgG subclass architecture|persistence_dose_contrast	0.5010569941343871	no
HPVVT-FJ-M02	Six-year 4vHPV persistence	persistence_dose_contrast	dose3_minus_dose1_at_v1		HPV52	cross_reactive_non_booster_target	IgG3	antibody_isotype_or_subclass	IgG subclass architecture	low	mixedlm_powell	1.0210656750396485	1.0339125507609304	-1.0053656876157155	3.0474970376950123	0.9875745045247522	0.323361077755555	2.0294174751522354	0.49814384822857494	8.267763022867785	HPVVT-FJ-M02|IgG subclass architecture|persistence_dose_contrast	0.5525096976845805	no
HPVVT-FJ-M02	Six-year 4vHPV persistence	persistence_dose_contrast	dose3_minus_dose2_at_v1		HPV52	cross_reactive_non_booster_target	IgG3	antibody_isotype_or_subclass	IgG subclass architecture	low	mixedlm_powell	-0.10775013191207417	1.0218492956518341	-2.1105379490172904	1.8950376851931423	-0.1054462065693755	0.9160217528620237	0.9280341937700284	0.23156065553460506	3.71931692289444	HPVVT-FJ-M02|IgG subclass architecture|persistence_dose_contrast	0.9941305115325851	no
HPVVT-FJ-M03	Heterologous 2vHPV recall	recall_dose_contrast	dose2_minus_dose1_change		HPV52	cross_reactive_non_booster_target	IgG3	antibody_isotype_or_subclass	IgG subclass architecture	low	mixedlm_powell	-2.0990771988525676	1.1302552715902308	-4.314336824505958	0.11618242680082203	-1.8571708990122535	0.06328684382778772	0.2334074962205583	0.05026378678002335	1.083863011164966	HPVVT-FJ-M03|IgG subclass architecture|recall_dose_contrast	0.18349087842695586	no
HPVVT-FJ-M03	Heterologous 2vHPV recall	recall_dose_contrast	dose3_minus_dose1_change		HPV52	cross_reactive_non_booster_target	IgG3	antibody_isotype_or_subclass	IgG subclass architecture	low	mixedlm_powell	-2.722628413489692	1.1589101414703478	-4.994050552089792	-0.45120627488959153	-2.3493007059506814	0.018808709965161065	0.15149809800669464	0.031379136180813755	0.7314310237029239	HPVVT-FJ-M03|IgG subclass architecture|recall_dose_contrast	0.12153320285180996	no
HPVVT-FJ-M03	Heterologous 2vHPV recall	recall_dose_contrast	dose3_minus_dose2_change		HPV52	cross_reactive_non_booster_target	IgG3	antibody_isotype_or_subclass	IgG subclass architecture	low	mixedlm_powell	-0.6235512146371245	1.145388467248687	-2.8684713587520863	1.6213689294778373	-0.5444015130822327	0.5861652048150972	0.6490712614625563	0.13693172502789783	3.0766683350462563	HPVVT-FJ-M03|IgG subclass architecture|recall_dose_contrast	0.7815536064201296	no
HPVVT-FJ-M01	Primary 2vHPV induction	within_trajectory	dose0_v2_minus_v1	0	HPV52	cross_reactive_non_booster_target	IgG4	antibody_isotype_or_subclass	IgG subclass architecture	none	mixedlm_powell	0.043225782194336794	0.4434755810939822	-0.8259703847728405	0.9124219491615141	0.09747049000467131	0.9223527681853857	1.0304152012813819	0.5641026483456603	1.882202627740808	HPVVT-FJ-M01|IgG subclass architecture|within_trajectory	0.9565139818218815	no
HPVVT-FJ-M03	Heterologous 2vHPV recall	within_trajectory	dose1_v2_minus_v1	1	HPV52	cross_reactive_non_booster_target	IgG4	antibody_isotype_or_subclass	IgG subclass architecture	none	mixedlm_powell	1.1113698544706163	0.4434755810939818	0.24217368750343993	1.9805660214377927	2.5060452071093713	0.012209000885994449	2.1605069239723638	1.1827733869476722	3.946478860653496	HPVVT-FJ-M03|IgG subclass architecture|within_trajectory	0.0162786678479926	yes
HPVVT-FJ-M03	Heterologous 2vHPV recall	within_trajectory	dose2_v2_minus_v1	2	HPV52	cross_reactive_non_booster_target	IgG4	antibody_isotype_or_subclass	IgG subclass architecture	none	mixedlm_powell	1.818715089989516	0.4327878519405099	0.9704664872396632	2.6669636927393685	4.202324722921087	2.6418779234170557e-05	3.5276687318500564	1.9594740775551205	6.350911616651647	HPVVT-FJ-M03|IgG subclass architecture|within_trajectory	5.0435851265234695e-05	yes
HPVVT-FJ-M03	Heterologous 2vHPV recall	within_trajectory	dose3_v2_minus_v1	3	HPV52	cross_reactive_non_booster_target	IgG4	antibody_isotype_or_subclass	IgG subclass architecture	none	mixedlm_powell	0.9141729682655542	0.45499634588080956	0.022396517241838	1.8059494192892704	2.0091874946728256	0.044517253416683486	1.884488470235231	1.0156452073244226	3.496591889410794	HPVVT-FJ-M03|IgG subclass architecture|within_trajectory	0.05499190127943254	no
HPVVT-FJ-M04	Primary-versus-recall contrast	primary_minus_pooled_recall	dose0_minus_mean_dose1_2_3_change		HPV52	cross_reactive_non_booster_target	IgG4	antibody_isotype_or_subclass	IgG subclass architecture	none	mixedlm_powell	-1.2381935220475588	0.5121884321027241	-2.242064402266937	-0.23432264182818074	-2.417457022534292	0.015629379555371702	0.4239031164516382	0.21138363541548058	0.8500840274802621	HPVVT-FJ-M04|IgG subclass architecture|primary_minus_pooled_recall	0.02188113137752038	yes
HPVVT-FJ-M02	Six-year 4vHPV persistence	persistence_dose_contrast	dose2_minus_dose1_at_v1		HPV52	cross_reactive_non_booster_target	IgG4	antibody_isotype_or_subclass	IgG subclass architecture	none	mixedlm_powell	-0.3034867853067019	0.617461398646828	-1.5136888884982138	0.9067153178848099	-0.49150730065360493	0.6230676897913527	0.8102916701125604	0.35021459447689224	1.8747722139750067	HPVVT-FJ-M02|IgG subclass architecture|persistence_dose_contrast	0.8976621671344908	no
HPVVT-FJ-M02	Six-year 4vHPV persistence	persistence_dose_contrast	dose3_minus_dose1_at_v1		HPV52	cross_reactive_non_booster_target	IgG4	antibody_isotype_or_subclass	IgG subclass architecture	none	mixedlm_powell	-0.5416304920135893	0.6331156286946348	-1.782514322304507	0.6992533382773285	-0.855500113194693	0.39227434178305887	0.6869940494483631	0.29067636548226555	1.6236642535227195	HPVVT-FJ-M02|IgG subclass architecture|persistence_dose_contrast	0.6336739367264796	no
HPVVT-FJ-M02	Six-year 4vHPV persistence	persistence_dose_contrast	dose3_minus_dose2_at_v1		HPV52	cross_reactive_non_booster_target	IgG4	antibody_isotype_or_subclass	IgG subclass architecture	none	mixedlm_powell	-0.2381437067068874	0.6257287028498153	-1.464549428385491	0.9882620149717161	-0.3805861959380911	0.7035103258444594	0.8478355076178067	0.3623486869730783	1.9837937153362746	HPVVT-FJ-M02|IgG subclass architecture|persistence_dose_contrast	0.9380137677926125	no
HPVVT-FJ-M03	Heterologous 2vHPV recall	recall_dose_contrast	dose2_minus_dose1_change		HPV52	cross_reactive_non_booster_target	IgG4	antibody_isotype_or_subclass	IgG subclass architecture	none	mixedlm_powell	0.7073452355188996	0.6196579022443962	-0.5071619356157584	1.9218524066535576	1.141509263348213	0.25365805935775754	1.632796772233432	0.7036052069121027	3.789092623569747	HPVVT-FJ-M03|IgG subclass architecture|recall_dose_contrast	0.4439016038760757	no
HPVVT-FJ-M03	Heterologous 2vHPV recall	recall_dose_contrast	dose3_minus_dose1_change		HPV52	cross_reactive_non_booster_target	IgG4	antibody_isotype_or_subclass	IgG subclass architecture	none	mixedlm_powell	-0.19719688620506226	0.6353678192917345	-1.4424949289526152	1.0481011565424905	-0.31036649987228526	0.7562822663732645	0.8722436615802932	0.3679304721731905	2.067806454500111	HPVVT-FJ-M03|IgG subclass architecture|recall_dose_contrast	0.8742145567026461	no
HPVVT-FJ-M03	Heterologous 2vHPV recall	recall_dose_contrast	dose3_minus_dose2_change		HPV52	cross_reactive_non_booster_target	IgG4	antibody_isotype_or_subclass	IgG subclass architecture	none	mixedlm_powell	-0.9045421217239619	0.6279546158379363	-2.1353105526920024	0.3262263092440788	-1.4404577956910947	0.14973792223001767	0.5342022206396139	0.22761845626591665	1.2537296720917355	HPVVT-FJ-M03|IgG subclass architecture|recall_dose_contrast	0.3412287853994727	no
HPVVT-FJ-M01	Primary 2vHPV induction	within_trajectory	dose0_v2_minus_v1	0	HPV52	cross_reactive_non_booster_target	IgM	antibody_isotype_or_subclass	Antibody abundance	none	mixedlm_lbfgs	0.17281441567509215	0.23547056474200861	-0.2886994106385518	0.6343282419887362	0.733910906717512	0.46300303933538656	1.127255395782442	0.8186397295952357	1.5522148283090427	HPVVT-FJ-M01|Antibody abundance|within_trajectory	0.46300303933538656	no
HPVVT-FJ-M03	Heterologous 2vHPV recall	within_trajectory	dose1_v2_minus_v1	1	HPV52	cross_reactive_non_booster_target	IgM	antibody_isotype_or_subclass	Antibody abundance	none	mixedlm_lbfgs	0.29602632876744595	0.2354705647420089	-0.16548749754619857	0.7575401550810905	1.2571691459260923	0.20869239318960953	1.2277580899408325	0.8916271809547466	1.6906056248768253	HPVVT-FJ-M03|Antibody abundance|within_trajectory	0.2577964857048118	no
HPVVT-FJ-M03	Heterologous 2vHPV recall	within_trajectory	dose2_v2_minus_v1	2	HPV52	cross_reactive_non_booster_target	IgM	antibody_isotype_or_subclass	Antibody abundance	none	mixedlm_lbfgs	0.07113848981235756	0.22979574130895883	-0.3792528869538849	0.5215298665786	0.30957270751468074	0.7568859135958363	1.0505453850383333	0.768835636254839	1.4354766532433785	HPVVT-FJ-M03|Antibody abundance|within_trajectory	0.8151079069493622	no
HPVVT-FJ-M03	Heterologous 2vHPV recall	within_trajectory	dose3_v2_minus_v1	3	HPV52	cross_reactive_non_booster_target	IgM	antibody_isotype_or_subclass	Antibody abundance	none	mixedlm_lbfgs	0.14465695012662658	0.24158770197856688	-0.3288462448591605	0.6181601451124136	0.5987761336438401	0.549322179602835	1.1054677594617488	0.7961729463432601	1.5349164686167358	HPVVT-FJ-M03|Antibody abundance|within_trajectory	0.6235549065761912	no
HPVVT-FJ-M04	Primary-versus-recall contrast	primary_minus_pooled_recall	dose0_minus_mean_dose1_2_3_change		HPV52	cross_reactive_non_booster_target	IgM	antibody_isotype_or_subclass	Antibody abundance	none	mixedlm_lbfgs	0.0022071594396154623	0.27195476933372237	-0.5308143938783784	0.5352287127576093	0.008115906350982222	0.9935245147135157	1.0015310572157512	0.69216390081711	1.4491718758859966	HPVVT-FJ-M04|Antibody abundance|primary_minus_pooled_recall	0.9935245147135158	no
HPVVT-FJ-M02	Six-year 4vHPV persistence	persistence_dose_contrast	dose2_minus_dose1_at_v1		HPV52	cross_reactive_non_booster_target	IgM	antibody_isotype_or_subclass	Antibody abundance	none	mixedlm_lbfgs	-0.11575587392225717	0.34043538392817707	-0.7829969654845502	0.5514852176400359	-0.3400230392816001	0.7338391777044919	0.9228986480153776	0.581158276146232	1.4655937108160446	HPVVT-FJ-M02|Antibody abundance|persistence_dose_contrast	0.8974702430673018	no
HPVVT-FJ-M02	Six-year 4vHPV persistence	persistence_dose_contrast	dose3_minus_dose1_at_v1		HPV52	cross_reactive_non_booster_target	IgM	antibody_isotype_or_subclass	Antibody abundance	none	mixedlm_lbfgs	-0.5945462487290878	0.34906629401924383	-1.278703613223675	0.0896111157654994	-1.703247374254676	0.08852178442384229	0.6622527117940699	0.4121657089618344	1.0640833158665577	HPVVT-FJ-M02|Antibody abundance|persistence_dose_contrast	0.25640792729664663	no
HPVVT-FJ-M02	Six-year 4vHPV persistence	persistence_dose_contrast	dose3_minus_dose2_at_v1		HPV52	cross_reactive_non_booster_target	IgM	antibody_isotype_or_subclass	Antibody abundance	none	mixedlm_lbfgs	-0.4787903748068306	0.3449935358815834	-1.1549652800338608	0.19738453042019966	-1.3878241909180933	0.16519058662660024	0.7175790247587785	0.4490769938197987	1.1466177601170584	HPVVT-FJ-M02|Antibody abundance|persistence_dose_contrast	0.3964574079038406	no
HPVVT-FJ-M03	Heterologous 2vHPV recall	recall_dose_contrast	dose2_minus_dose1_change		HPV52	cross_reactive_non_booster_target	IgM	antibody_isotype_or_subclass	Antibody abundance	none	mixedlm_lbfgs	-0.22488783895508835	0.32901743051646143	-0.8697501530532624	0.4199744751430857	-0.683513449734502	0.49428245435209106	0.8556615457438856	0.5472416141139987	1.3379038837355235	HPVVT-FJ-M03|Antibody abundance|recall_dose_contrast	0.8223638217279177	no
HPVVT-FJ-M03	Heterologous 2vHPV recall	recall_dose_contrast	dose3_minus_dose1_change		HPV52	cross_reactive_non_booster_target	IgM	antibody_isotype_or_subclass	Antibody abundance	none	mixedlm_lbfgs	-0.15136937864081934	0.33735886620512207	-0.8125806062681253	0.5098418489864867	-0.44868949301241495	0.6536556651977453	0.9003954187058323	0.5693625050634997	1.4238940970235372	HPVVT-FJ-M03|Antibody abundance|recall_dose_contrast	0.8579230605720407	no
HPVVT-FJ-M03	Heterologous 2vHPV recall	recall_dose_contrast	dose3_minus_dose2_change		HPV52	cross_reactive_non_booster_target	IgM	antibody_isotype_or_subclass	Antibody abundance	none	mixedlm_lbfgs	0.07351846031426902	0.33342270539214747	-0.5799780338822489	0.7270149545107869	0.22049626232803182	0.8254846829850608	1.052279868348012	0.6689739629475615	1.6552107894478787	HPVVT-FJ-M03|Antibody abundance|recall_dose_contrast	0.9253073736009508	no
HPVVT-FJ-M01	Primary 2vHPV induction	within_trajectory	dose0_v2_minus_v1	0	HPV58	cross_reactive_non_booster_target	FcgR2A	fc_gamma_receptor_binding	Fc-receptor engagement	moderate	mixedlm_powell	-0.1333733058759497	0.9159399558879346	-1.9285826314175074	1.6618360196656081	-0.14561359073658312	0.8842264384908506	0.9116972279451784	0.2626871198318	3.1641895345882936	HPVVT-FJ-M01|Fc-receptor engagement|within_trajectory	0.8842264384908506	no
HPVVT-FJ-M03	Heterologous 2vHPV recall	within_trajectory	dose1_v2_minus_v1	1	HPV58	cross_reactive_non_booster_target	FcgR2A	fc_gamma_receptor_binding	Fc-receptor engagement	moderate	mixedlm_powell	4.423546303399875	0.9159399558879281	2.6283369778583303	6.21875562894142	4.829515597571691	1.3686559383915333e-06	21.45952597691428	6.183128454318747	74.47868155354335	HPVVT-FJ-M03|Fc-receptor engagement|within_trajectory	3.111703212209683e-06	yes
HPVVT-FJ-M03	Heterologous 2vHPV recall	within_trajectory	dose2_v2_minus_v1	2	HPV58	cross_reactive_non_booster_target	FcgR2A	fc_gamma_receptor_binding	Fc-receptor engagement	moderate	mixedlm_powell	2.810645944980555	0.8938658697675057	1.0587010332266737	4.562590856734436	3.144371029303987	0.001664442601859351	7.015986369648602	2.083055145984758	23.630706481284456	HPVVT-FJ-M03|Fc-receptor engagement|within_trajectory	0.0023367066301750363	yes
HPVVT-FJ-M03	Heterologous 2vHPV recall	within_trajectory	dose3_v2_minus_v1	3	HPV58	cross_reactive_non_booster_target	FcgR2A	fc_gamma_receptor_binding	Fc-receptor engagement	moderate	mixedlm_powell	3.6656711636165977	0.9397345665508454	1.8238252581495822	5.5075170690836135	3.9007516527468953	9.589448549761162e-05	12.69044860189651	3.540186238545299	45.49124674964932	HPVVT-FJ-M03|Fc-receptor engagement|within_trajectory	0.00018307129049544037	yes
HPVVT-FJ-M04	Primary-versus-recall contrast	primary_minus_pooled_recall	dose0_minus_mean_dose1_2_3_change		HPV58	cross_reactive_non_booster_target	FcgR2A	fc_gamma_receptor_binding	Fc-receptor engagement	moderate	mixedlm_powell	-3.766661109874959	1.0578572302655354	-5.840023181980703	-1.693299037769215	-3.5606516665103096	0.00036993556322842126	0.0734720271325143	0.017457331016572444	0.3092190189804159	HPVVT-FJ-M04|Fc-receptor engagement|primary_minus_pooled_recall	0.0006473872356497372	yes
HPVVT-FJ-M02	Six-year 4vHPV persistence	persistence_dose_contrast	dose2_minus_dose1_at_v1		HPV58	cross_reactive_non_booster_target	FcgR2A	fc_gamma_receptor_binding	Fc-receptor engagement	moderate	mixedlm_powell	3.1724284705744603	0.9049702194246532	1.3987194334208302	4.946137507728091	3.5055611803351647	0.0004556457680543694	9.015631011245333	2.6366744146775587	30.82731871574996	HPVVT-FJ-M02|Fc-receptor engagement|persistence_dose_contrast	0.028705683387425275	yes
HPVVT-FJ-M02	Six-year 4vHPV persistence	persistence_dose_contrast	dose3_minus_dose1_at_v1		HPV58	cross_reactive_non_booster_target	FcgR2A	fc_gamma_receptor_binding	Fc-receptor engagement	moderate	mixedlm_powell	2.7547691947319852	0.9279135354478636	0.9360920844869418	4.573446304977029	2.9687778973957717	0.0029898661570890977	6.749446492572989	1.913338437048207	23.809184550949396	HPVVT-FJ-M02|Fc-receptor engagement|persistence_dose_contrast	0.06278718929887105	no
HPVVT-FJ-M02	Six-year 4vHPV persistence	persistence_dose_contrast	dose3_minus_dose2_at_v1		HPV58	cross_reactive_non_booster_target	FcgR2A	fc_gamma_receptor_binding	Fc-receptor engagement	moderate	mixedlm_powell	-0.4176592758424753	0.9170870320950872	-2.2151168294375747	1.3797982777526243	-0.4554194544527926	0.6488075018776316	0.7486382799112232	0.2153690986332291	2.6023198207412768	HPVVT-FJ-M02|Fc-receptor engagement|persistence_dose_contrast	0.8174974523658157	no
HPVVT-FJ-M03	Heterologous 2vHPV recall	recall_dose_contrast	dose2_minus_dose1_change		HPV58	cross_reactive_non_booster_target	FcgR2A	fc_gamma_receptor_binding	Fc-receptor engagement	moderate	mixedlm_powell	-1.6129003584193202	1.2798211577901029	-4.121303734340275	0.895503017501635	-1.260254488372698	0.20757757223323425	0.3269404169130416	0.057459779454110425	1.8602583794572332	HPVVT-FJ-M03|Fc-receptor engagement|recall_dose_contrast	0.6655125021922297	no
HPVVT-FJ-M03	Heterologous 2vHPV recall	recall_dose_contrast	dose3_minus_dose1_change		HPV58	cross_reactive_non_booster_target	FcgR2A	fc_gamma_receptor_binding	Fc-receptor engagement	moderate	mixedlm_powell	-0.7578751397832777	1.3122679064743163	-3.329872974540714	1.8141226949741585	-0.5775308045286793	0.5635809353948307	0.5913666786278798	0.09945081646363556	3.5164572904159535	HPVVT-FJ-M03|Fc-receptor engagement|recall_dose_contrast	0.8362986994246877	no
HPVVT-FJ-M03	Heterologous 2vHPV recall	recall_dose_contrast	dose3_minus_dose2_change		HPV58	cross_reactive_non_booster_target	FcgR2A	fc_gamma_receptor_binding	Fc-receptor engagement	moderate	mixedlm_powell	0.8550252186360425	1.296956918600508	-1.686963631321	3.397014068593085	0.6592549115345053	0.5097320907216796	1.8087903729111883	0.3105798997086953	10.534238101708672	HPVVT-FJ-M03|Fc-receptor engagement|recall_dose_contrast	0.8362986994246877	no
HPVVT-FJ-M01	Primary 2vHPV induction	within_trajectory	dose0_v2_minus_v1	0	HPV58	cross_reactive_non_booster_target	FcgR2B	fc_gamma_receptor_binding	Fc-receptor engagement	low	mixedlm_powell	1.068627437123657	0.5386579198330131	0.012877314263687545	2.1243775599836265	1.9838702779213517	0.047270303075835636	2.0974369411878144	1.0089658284765717	4.360149370867862	HPVVT-FJ-M01|Fc-receptor engagement|within_trajectory	0.09926763645925483	no
HPVVT-FJ-M03	Heterologous 2vHPV recall	within_trajectory	dose1_v2_minus_v1	1	HPV58	cross_reactive_non_booster_target	FcgR2B	fc_gamma_receptor_binding	Fc-receptor engagement	low	mixedlm_powell	4.047478197925718	0.53865791983301	2.991728075065755	5.103228320785682	7.514004805091294	5.734547832561983e-14	16.535310114126347	7.954261956961818	34.37358262145572	HPVVT-FJ-M03|Fc-receptor engagement|within_trajectory	3.9601019792992696e-13	yes
HPVVT-FJ-M03	Heterologous 2vHPV recall	within_trajectory	dose2_v2_minus_v1	2	HPV58	cross_reactive_non_booster_target	FcgR2B	fc_gamma_receptor_binding	Fc-receptor engagement	low	mixedlm_powell	3.072642271641602	0.5256763032593396	2.042335649727141	4.102948893556063	5.845122278844156	5.061962925531772e-09	8.413127869224937	4.119118554399522	17.183462823212576	HPVVT-FJ-M03|Fc-receptor engagement|within_trajectory	1.5945183215425082e-08	yes
HPVVT-FJ-M03	Heterologous 2vHPV recall	within_trajectory	dose3_v2_minus_v1	3	HPV58	cross_reactive_non_booster_target	FcgR2B	fc_gamma_receptor_binding	Fc-receptor engagement	low	mixedlm_powell	2.6693060917569764	0.5526513649278886	1.5861293204914124	3.75248286302254	4.829999998471504	1.3653305156042144e-06	6.361231505531746	3.002427314948874	13.477517362533964	HPVVT-FJ-M03|Fc-receptor engagement|within_trajectory	3.111703212209683e-06	yes
HPVVT-FJ-M04	Primary-versus-recall contrast	primary_minus_pooled_recall	dose0_minus_mean_dose1_2_3_change		HPV58	cross_reactive_non_booster_target	FcgR2B	fc_gamma_receptor_binding	Fc-receptor engagement	low	mixedlm_powell	-2.1945147499844415	0.6221184821910577	-3.4138445691956374	-0.9751849307732454	-3.5274868257498384	0.0004195246377938755	0.2184666928251249	0.09382755169500816	0.5086746377981715	HPVVT-FJ-M04|Fc-receptor engagement|primary_minus_pooled_recall	0.0006776936456670297	yes
HPVVT-FJ-M02	Six-year 4vHPV persistence	persistence_dose_contrast	dose2_minus_dose1_at_v1		HPV58	cross_reactive_non_booster_target	FcgR2B	fc_gamma_receptor_binding	Fc-receptor engagement	low	mixedlm_powell	0.598094665248238	0.6908908977051214	-0.7560266115003467	1.9522159419968226	0.8656861267602202	0.38666230999128226	1.5137161151454446	0.5921248836761474	3.8696844878828376	HPVVT-FJ-M02|Fc-receptor engagement|persistence_dose_contrast	0.5941396470597752	no
HPVVT-FJ-M02	Six-year 4vHPV persistence	persistence_dose_contrast	dose3_minus_dose1_at_v1		HPV58	cross_reactive_non_booster_target	FcgR2B	fc_gamma_receptor_binding	Fc-receptor engagement	low	mixedlm_powell	1.2996765565145663	0.7084067538773674	-0.08877516749000414	2.6881282805191367	1.8346473257079559	0.06655796165618735	2.461736858332654	0.9403207325738488	6.444767354098073	HPVVT-FJ-M02|Fc-receptor engagement|persistence_dose_contrast	0.2795434389559869	no
HPVVT-FJ-M02	Six-year 4vHPV persistence	persistence_dose_contrast	dose3_minus_dose2_at_v1		HPV58	cross_reactive_non_booster_target	FcgR2B	fc_gamma_receptor_binding	Fc-receptor engagement	low	mixedlm_powell	0.7015818912663282	0.7001413629729433	-0.670669964247426	2.0738337467800823	1.0020574820594346	0.3163158313312956	1.6262870122751645	0.6282148866777992	4.210039434565896	HPVVT-FJ-M02|Fc-receptor engagement|persistence_dose_contrast	0.5474670052269192	no
HPVVT-FJ-M03	Heterologous 2vHPV recall	recall_dose_contrast	dose2_minus_dose1_change		HPV58	cross_reactive_non_booster_target	FcgR2B	fc_gamma_receptor_binding	Fc-receptor engagement	low	mixedlm_powell	-0.9748359262841158	0.7526539247271822	-2.4500105115721134	0.5003386590038821	-1.2951980907260516	0.19525190330146425	0.5087977069167567	0.18300937856982963	1.4145455745863469	HPVVT-FJ-M03|Fc-receptor engagement|recall_dose_contrast	0.6655125021922297	no
HPVVT-FJ-M03	Heterologous 2vHPV recall	recall_dose_contrast	dose3_minus_dose1_change		HPV58	cross_reactive_non_booster_target	FcgR2B	fc_gamma_receptor_binding	Fc-receptor engagement	low	mixedlm_powell	-1.3781721061687415	0.7717356320369585	-2.890746150547436	0.1344019382099526	-1.7858085709106415	0.07413025850333894	0.38470590884759154	0.13483377655620365	1.097637699412507	HPVVT-FJ-M03|Fc-receptor engagement|recall_dose_contrast	0.5091628686640461	no
HPVVT-FJ-M03	Heterologous 2vHPV recall	recall_dose_contrast	dose3_minus_dose2_change		HPV58	cross_reactive_non_booster_target	FcgR2B	fc_gamma_receptor_binding	Fc-receptor engagement	low	mixedlm_powell	-0.4033361798846258	0.762731346520558	-1.8982621489446592	1.0915897891754076	-0.528805039578578	0.5969407014198527	0.7561077882580404	0.26826632108580106	2.1310874400876285	HPVVT-FJ-M03|Fc-receptor engagement|recall_dose_contrast	0.8362986994246877	no
HPVVT-FJ-M01	Primary 2vHPV induction	within_trajectory	dose0_v2_minus_v1	0	HPV58	cross_reactive_non_booster_target	FcgR3A	fc_gamma_receptor_binding	Fc-receptor engagement	high	mixedlm_lbfgs	0.8332113437185299	0.5985495768052922	-0.3399242697815338	2.0063469572185935	1.3920506771815377	0.16390705253426907	1.781646779636449	0.7900827839484542	4.017636267842056	HPVVT-FJ-M01|Fc-receptor engagement|within_trajectory	0.28683734193497085	no
HPVVT-FJ-M03	Heterologous 2vHPV recall	within_trajectory	dose1_v2_minus_v1	1	HPV58	cross_reactive_non_booster_target	FcgR3A	fc_gamma_receptor_binding	Fc-receptor engagement	high	mixedlm_lbfgs	6.358503677251623	0.598549576805295	5.185368063751554	7.531639290751691	10.623186321824116	2.324872772491508e-26	82.05410907916918	36.38742520496043	185.0330651001476	HPVVT-FJ-M03|Fc-receptor engagement|within_trajectory	1.46466984666965e-24	yes
HPVVT-FJ-M03	Heterologous 2vHPV recall	within_trajectory	dose2_v2_minus_v1	2	HPV58	cross_reactive_non_booster_target	FcgR3A	fc_gamma_receptor_binding	Fc-receptor engagement	high	mixedlm_lbfgs	4.961473050805973	0.5841245756676011	3.816609920012733	6.106336181599213	8.49386116845959	1.9988305439449936e-17	31.15675440595532	14.090099749709962	68.89542035591329	HPVVT-FJ-M03|Fc-receptor engagement|within_trajectory	1.798947489550494e-16	yes
HPVVT-FJ-M03	Heterologous 2vHPV recall	within_trajectory	dose3_v2_minus_v1	3	HPV58	cross_reactive_non_booster_target	FcgR3A	fc_gamma_receptor_binding	Fc-receptor engagement	high	mixedlm_lbfgs	4.320035048492862	0.6140989084519629	3.116423304981655	5.523646792004069	7.034754481786855	1.9961217200206566e-12	19.973774014684015	8.672351939292795	46.0027050542185	HPVVT-FJ-M03|Fc-receptor engagement|within_trajectory	1.0479639030108448e-11	yes
HPVVT-FJ-M04	Primary-versus-recall contrast	primary_minus_pooled_recall	dose0_minus_mean_dose1_2_3_change		HPV58	cross_reactive_non_booster_target	FcgR3A	fc_gamma_receptor_binding	Fc-receptor engagement	high	mixedlm_lbfgs	-4.3801259151316225	0.6912898530363121	-5.735029129960781	-3.025222700302464	-6.336164050279418	2.355559809581689e-10	0.048023157880685514	0.018775184173711344	0.12283361225624506	HPVVT-FJ-M04|Fc-receptor engagement|primary_minus_pooled_recall	1.6488918667071823e-09	yes
HPVVT-FJ-M02	Six-year 4vHPV persistence	persistence_dose_contrast	dose2_minus_dose1_at_v1		HPV58	cross_reactive_non_booster_target	FcgR3A	fc_gamma_receptor_binding	Fc-receptor engagement	high	mixedlm_lbfgs	1.5774729081335979	0.7660222705500147	0.07609684649997184	3.0788489697672237	2.059304237983773	0.039465102759788706	2.9844661859734893	1.0541621856407892	8.449400421060314	HPVVT-FJ-M02|Fc-receptor engagement|persistence_dose_contrast	0.20139361741397474	no
HPVVT-FJ-M02	Six-year 4vHPV persistence	persistence_dose_contrast	dose3_minus_dose1_at_v1		HPV58	cross_reactive_non_booster_target	FcgR3A	fc_gamma_receptor_binding	Fc-receptor engagement	high	mixedlm_lbfgs	1.8399009970429312	0.7854428997119554	0.3004612016947932	3.379340792391069	2.3425012788551225	0.01915496833360612	3.5798546126979693	1.2315380493122037	10.405978974999694	HPVVT-FJ-M02|Fc-receptor engagement|persistence_dose_contrast	0.1508453756271482	no
HPVVT-FJ-M02	Six-year 4vHPV persistence	persistence_dose_contrast	dose3_minus_dose2_at_v1		HPV58	cross_reactive_non_booster_target	FcgR3A	fc_gamma_receptor_binding	Fc-receptor engagement	high	mixedlm_lbfgs	0.26242808890933333	0.7762786835837343	-1.2590501728809504	1.7839063506996171	0.3380591203378396	0.7353186360178684	1.1994957857196407	0.41781894863888935	3.443573214298351	HPVVT-FJ-M02|Fc-receptor engagement|persistence_dose_contrast	0.8740580013042587	no
HPVVT-FJ-M03	Heterologous 2vHPV recall	recall_dose_contrast	dose2_minus_dose1_change		HPV58	cross_reactive_non_booster_target	FcgR3A	fc_gamma_receptor_binding	Fc-receptor engagement	high	mixedlm_lbfgs	-1.39703062644565	0.8363391153070941	-3.036225171309646	0.24216391841834595	-1.6704116797558564	0.09483794037356823	0.3797098616462217	0.12190040537382055	1.1827653779267662	HPVVT-FJ-M03|Fc-receptor engagement|recall_dose_contrast	0.5091628686640461	no
HPVVT-FJ-M03	Heterologous 2vHPV recall	recall_dose_contrast	dose3_minus_dose1_change		HPV58	cross_reactive_non_booster_target	FcgR3A	fc_gamma_receptor_binding	Fc-receptor engagement	high	mixedlm_lbfgs	-2.0384686287587606	0.8575424568239697	-3.7192209593477354	-0.3577162981697857	-2.37710519466117	0.01744911110546666	0.24342198384498323	0.07592816964631796	0.780398928290256	HPVVT-FJ-M03|Fc-receptor engagement|recall_dose_contrast	0.5091628686640461	no
HPVVT-FJ-M03	Heterologous 2vHPV recall	recall_dose_contrast	dose3_minus_dose2_change		HPV58	cross_reactive_non_booster_target	FcgR3A	fc_gamma_receptor_binding	Fc-receptor engagement	high	mixedlm_lbfgs	-0.6414380023131105	0.847537013504866	-2.3025800243472854	1.0197040197210643	-0.7568259463507523	0.44915414600423975	0.6410736418317762	0.20270027843584593	2.0275029586677604	HPVVT-FJ-M03|Fc-receptor engagement|recall_dose_contrast	0.8362986994246877	no
HPVVT-FJ-M01	Primary 2vHPV induction	within_trajectory	dose0_v2_minus_v1	0	HPV58	cross_reactive_non_booster_target	IgA1	antibody_isotype_or_subclass	Antibody abundance	none	mixedlm_lbfgs	0.8254815685332445	0.2846464293616309	0.2675848186565233	1.3833783184099657	2.9000243227520204	0.0037313370470403247	1.772126471533092	1.2037909022928615	2.6087854835310216	HPVVT-FJ-M01|Antibody abundance|within_trajectory	0.006529839832320568	yes
HPVVT-FJ-M03	Heterologous 2vHPV recall	within_trajectory	dose1_v2_minus_v1	1	HPV58	cross_reactive_non_booster_target	IgA1	antibody_isotype_or_subclass	Antibody abundance	none	mixedlm_lbfgs	1.262289839545309	0.2846464293616311	0.7043930896685875	1.8201865894220306	4.434588701415341	9.224823328516021e-06	2.3987616939120233	1.6294590427294933	3.5312686684908057	HPVVT-FJ-M03|Antibody abundance|within_trajectory	2.767446998554806e-05	yes
HPVVT-FJ-M03	Heterologous 2vHPV recall	within_trajectory	dose2_v2_minus_v1	2	HPV58	cross_reactive_non_booster_target	IgA1	antibody_isotype_or_subclass	Antibody abundance	none	mixedlm_lbfgs	1.197066638482192	0.27778647117855526	0.6526151595797499	1.7415181173846341	4.309305033479268	1.637683596986684e-05	2.2927302708550905	1.5720151916398946	3.3438685089370317	HPVVT-FJ-M03|Antibody abundance|within_trajectory	4.743635246444189e-05	yes
HPVVT-FJ-M03	Heterologous 2vHPV recall	within_trajectory	dose3_v2_minus_v1	3	HPV58	cross_reactive_non_booster_target	IgA1	antibody_isotype_or_subclass	Antibody abundance	none	mixedlm_lbfgs	0.7242248619989894	0.29204107452336947	0.15183487392680728	1.2966148500711716	2.479873295840226	0.013142907624851046	1.6520127965856635	1.110981562125371	2.4565180675562	HPVVT-FJ-M03|Antibody abundance|within_trajectory	0.02083026868844317	yes
HPVVT-FJ-M04	Primary-versus-recall contrast	primary_minus_pooled_recall	dose0_minus_mean_dose1_2_3_change		HPV58	cross_reactive_non_booster_target	IgA1	antibody_isotype_or_subclass	Antibody abundance	none	mixedlm_lbfgs	-0.2357122114755857	0.3287500249703173	-0.8800504203340511	0.4086259973828797	-0.7169952656182096	0.47337701792518394	0.8492656408947328	0.5433484416027855	1.3274209946692217	HPVVT-FJ-M04|Antibody abundance|primary_minus_pooled_recall	0.6024798409956886	no
HPVVT-FJ-M02	Six-year 4vHPV persistence	persistence_dose_contrast	dose2_minus_dose1_at_v1		HPV58	cross_reactive_non_booster_target	IgA1	antibody_isotype_or_subclass	Antibody abundance	none	mixedlm_lbfgs	1.0192818409681055	0.5127787030392487	0.014254050972018595	2.0243096309641926	1.9877616502534203	0.046838056958570316	2.0269097331996244	1.0099291251204139	4.067971666872695	HPVVT-FJ-M02|Antibody abundance|persistence_dose_contrast	0.18735222783428127	no
HPVVT-FJ-M02	Six-year 4vHPV persistence	persistence_dose_contrast	dose3_minus_dose1_at_v1		HPV58	cross_reactive_non_booster_target	IgA1	antibody_isotype_or_subclass	Antibody abundance	none	mixedlm_lbfgs	0.644902921733334	0.5257789582755824	-0.3856049003157953	1.6754107437824632	1.2265666238307578	0.21998552017638906	1.5636340665206572	0.7654579862418063	3.1941027958803905	HPVVT-FJ-M02|Antibody abundance|persistence_dose_contrast	0.4507020413369922	no
HPVVT-FJ-M02	Six-year 4vHPV persistence	persistence_dose_contrast	dose3_minus_dose2_at_v1		HPV58	cross_reactive_non_booster_target	IgA1	antibody_isotype_or_subclass	Antibody abundance	none	mixedlm_lbfgs	-0.3743789192347714	0.5196443913820814	-1.3928632111118868	0.6441053726423441	-0.720452150438972	0.47124665071267435	0.771437445343137	0.3808082894882049	1.5627698989361902	HPVVT-FJ-M02|Antibody abundance|persistence_dose_contrast	0.6709274349129601	no
HPVVT-FJ-M03	Heterologous 2vHPV recall	recall_dose_contrast	dose2_minus_dose1_change		HPV58	cross_reactive_non_booster_target	IgA1	antibody_isotype_or_subclass	Antibody abundance	none	mixedlm_lbfgs	-0.06522320106311702	0.39772969881335285	-0.8447590863192518	0.7143126841930176	-0.16398876236226215	0.8697399903846411	0.9557974335983281	0.5568037812568635	1.6407013831892678	HPVVT-FJ-M03|Antibody abundance|recall_dose_contrast	0.9253073736009508	no
HPVVT-FJ-M03	Heterologous 2vHPV recall	recall_dose_contrast	dose3_minus_dose1_change		HPV58	cross_reactive_non_booster_target	IgA1	antibody_isotype_or_subclass	Antibody abundance	none	mixedlm_lbfgs	-0.5380649775463198	0.4078131667284546	-1.3373640967553189	0.26123414166267944	-1.3193908913308685	0.1870384653502788	0.6886940044016945	0.3957430456148065	1.1985035162449753	HPVVT-FJ-M03|Antibody abundance|recall_dose_contrast	0.5004486248367814	no
HPVVT-FJ-M03	Heterologous 2vHPV recall	recall_dose_contrast	dose3_minus_dose2_change		HPV58	cross_reactive_non_booster_target	IgA1	antibody_isotype_or_subclass	Antibody abundance	none	mixedlm_lbfgs	-0.4728417764832027	0.40305497488382225	-1.2628150110451903	0.31713145807878496	-1.1731446228135405	0.240737814660829	0.7205438937086712	0.41673003518450685	1.245850932081209	HPVVT-FJ-M03|Antibody abundance|recall_dose_contrast	0.5947640126914598	no
HPVVT-FJ-M01	Primary 2vHPV induction	within_trajectory	dose0_v2_minus_v1	0	HPV58	cross_reactive_non_booster_target	IgA2	antibody_isotype_or_subclass	Antibody abundance	high	mixedlm_lbfgs	2.1763461476242494	0.8476149121841062	0.5150514469843206	3.8376408482641784	2.567611914727069	0.010240172825909529	4.5200732350078505	1.4290450990553358	14.297002987057725	HPVVT-FJ-M01|Antibody abundance|within_trajectory	0.01610586665671592	yes
HPVVT-FJ-M03	Heterologous 2vHPV recall	within_trajectory	dose1_v2_minus_v1	1	HPV58	cross_reactive_non_booster_target	IgA2	antibody_isotype_or_subclass	Antibody abundance	high	mixedlm_lbfgs	3.1510056911984083	0.8476149121841052	1.4897109905584816	4.812300391838335	3.7174967616827366	0.00020120656513481234	8.88274570995398	2.808327113961576	28.096146974987107	HPVVT-FJ-M03|Antibody abundance|within_trajectory	0.00042253378678310595	yes
HPVVT-FJ-M03	Heterologous 2vHPV recall	within_trajectory	dose2_v2_minus_v1	2	HPV58	cross_reactive_non_booster_target	IgA2	antibody_isotype_or_subclass	Antibody abundance	high	mixedlm_lbfgs	1.2663463789881337	0.827187454632733	-0.3549112405553829	2.8876039985316506	1.5309061711415644	0.1257925838400851	2.4055159726946265	0.7819177478549374	7.4004038286166365	HPVVT-FJ-M03|Antibody abundance|within_trajectory	0.16256272373180228	no
HPVVT-FJ-M03	Heterologous 2vHPV recall	within_trajectory	dose3_v2_minus_v1	3	HPV58	cross_reactive_non_booster_target	IgA2	antibody_isotype_or_subclass	Antibody abundance	high	mixedlm_lbfgs	0.4554803152402349	0.8696345508054509	-1.2489720840501168	2.1599327145305867	0.523760601298984	0.6004450595810876	1.3712392545184986	0.42074788247736655	4.468940121721458	HPVVT-FJ-M03|Antibody abundance|within_trajectory	0.6724984667308181	no
HPVVT-FJ-M04	Primary-versus-recall contrast	primary_minus_pooled_recall	dose0_minus_mean_dose1_2_3_change		HPV58	cross_reactive_non_booster_target	IgA2	antibody_isotype_or_subclass	Antibody abundance	high	mixedlm_lbfgs	0.5520686858153239	0.9789457895912019	-1.3666298046005576	2.470767176231205	0.5639420401878048	0.572793577914358	1.466186559759522	0.3877960988468351	5.543384872648021	HPVVT-FJ-M04|Antibody abundance|primary_minus_pooled_recall	0.6971155792506499	no
HPVVT-FJ-M02	Six-year 4vHPV persistence	persistence_dose_contrast	dose2_minus_dose1_at_v1		HPV58	cross_reactive_non_booster_target	IgA2	antibody_isotype_or_subclass	Antibody abundance	high	mixedlm_lbfgs	2.40123194547748	1.2740237081231829	-0.09580863789412852	4.8982725288490885	1.884762371506284	0.05946192730829986	5.282540582276005	0.9357476091318555	29.82132653192898	HPVVT-FJ-M02|Antibody abundance|persistence_dose_contrast	0.2081167455790495	no
HPVVT-FJ-M02	Six-year 4vHPV persistence	persistence_dose_contrast	dose3_minus_dose1_at_v1		HPV58	cross_reactive_non_booster_target	IgA2	antibody_isotype_or_subclass	Antibody abundance	high	mixedlm_lbfgs	3.3723598950396663	1.3063234765897258	0.8120129287646511	5.932706861314681	2.5815657113072126	0.009835326546457182	10.355748261032572	1.7556593285541626	61.08333222835189	HPVVT-FJ-M02|Antibody abundance|persistence_dose_contrast	0.06884728582520026	no
HPVVT-FJ-M02	Six-year 4vHPV persistence	persistence_dose_contrast	dose3_minus_dose2_at_v1		HPV58	cross_reactive_non_booster_target	IgA2	antibody_isotype_or_subclass	Antibody abundance	high	mixedlm_lbfgs	0.9711279495621863	1.2910818458139843	-1.559345969326718	3.5016018684510906	0.7521815543381932	0.45194188474091257	1.960372684268287	0.33930486730549764	11.326277432280678	HPVVT-FJ-M02|Antibody abundance|persistence_dose_contrast	0.6545365227282182	no
HPVVT-FJ-M03	Heterologous 2vHPV recall	recall_dose_contrast	dose2_minus_dose1_change		HPV58	cross_reactive_non_booster_target	IgA2	antibody_isotype_or_subclass	Antibody abundance	high	mixedlm_lbfgs	-1.8846593122102744	1.1843521961218495	-4.205946961620018	0.43662833719946925	-1.591299715052308	0.1115421409201124	0.27080770419882816	0.05418558972975276	1.3534375655816013	HPVVT-FJ-M03|Antibody abundance|recall_dose_contrast	0.40737129727345395	no
HPVVT-FJ-M03	Heterologous 2vHPV recall	recall_dose_contrast	dose3_minus_dose1_change		HPV58	cross_reactive_non_booster_target	IgA2	antibody_isotype_or_subclass	Antibody abundance	high	mixedlm_lbfgs	-2.695525375958173	1.2143785617802494	-5.075663620645011	-0.315387131271335	-2.2196747050661028	0.02644085710581034	0.15437110318061817	0.029653298017040964	0.8036353151513309	HPVVT-FJ-M03|Antibody abundance|recall_dose_contrast	0.15864514263486204	no
HPVVT-FJ-M03	Heterologous 2vHPV recall	recall_dose_contrast	dose3_minus_dose2_change		HPV58	cross_reactive_non_booster_target	IgA2	antibody_isotype_or_subclass	Antibody abundance	high	mixedlm_lbfgs	-0.8108660637478988	1.200209705450001	-3.1632338603253274	1.5415017328295297	-0.6756036549828403	0.4992923203348072	0.5700395549577062	0.11162763527960112	2.9109735541962194	HPVVT-FJ-M03|Antibody abundance|recall_dose_contrast	0.8223638217279177	no
HPVVT-FJ-M01	Primary 2vHPV induction	within_trajectory	dose0_v2_minus_v1	0	HPV58	cross_reactive_non_booster_target	IgG	antibody_isotype_or_subclass	Antibody abundance	none	mixedlm_powell	0.7339207789043507	0.3222546204121963	0.10231332904481971	1.3655282287638817	2.277456186557051	0.022758998143220396	1.6631528673931395	1.0734934057506684	2.576706522369152	HPVVT-FJ-M01|Antibody abundance|within_trajectory	0.03186259740050855	yes
HPVVT-FJ-M03	Heterologous 2vHPV recall	within_trajectory	dose1_v2_minus_v1	1	HPV58	cross_reactive_non_booster_target	IgG	antibody_isotype_or_subclass	Antibody abundance	none	mixedlm_powell	4.3386256009431365	0.32225462041219866	3.707018151083601	4.970233050802672	13.463346453787267	2.570074505516305e-41	20.232821302971082	13.05941304271994	31.346512782683202	HPVVT-FJ-M03|Antibody abundance|within_trajectory	2.1588625846336962e-39	yes
HPVVT-FJ-M03	Heterologous 2vHPV recall	within_trajectory	dose2_v2_minus_v1	2	HPV58	cross_reactive_non_booster_target	IgG	antibody_isotype_or_subclass	Antibody abundance	none	mixedlm_powell	2.5037487786885513	0.3144883075682666	1.8873630222957933	3.1201345350813092	7.961341386738384	1.7018412213734463e-15	5.671572446850577	3.6995839138022086	8.69468966492927	HPVVT-FJ-M03|Antibody abundance|within_trajectory	1.58838513994855e-14	yes
HPVVT-FJ-M03	Heterologous 2vHPV recall	within_trajectory	dose3_v2_minus_v1	3	HPV58	cross_reactive_non_booster_target	IgG	antibody_isotype_or_subclass	Antibody abundance	none	mixedlm_powell	3.3354026832731165	0.3306262644023345	2.6873871127015234	3.9834182538447096	10.08813588751773	6.234213123888407e-24	10.093836256710114	6.441457280066962	15.81715533417564	HPVVT-FJ-M03|Antibody abundance|within_trajectory	1.0473478048132524e-22	yes
HPVVT-FJ-M04	Primary-versus-recall contrast	primary_minus_pooled_recall	dose0_minus_mean_dose1_2_3_change		HPV58	cross_reactive_non_booster_target	IgG	antibody_isotype_or_subclass	Antibody abundance	none	mixedlm_powell	-2.6586715753972507	0.37218529227611047	-3.388141343833941	-1.9292018069605605	-7.1434084865043	9.104454441272663e-13	0.15836532893893177	0.09551417436707932	0.2625744040203962	HPVVT-FJ-M04|Antibody abundance|primary_minus_pooled_recall	6.3731181088908635e-12	yes
HPVVT-FJ-M02	Six-year 4vHPV persistence	persistence_dose_contrast	dose2_minus_dose1_at_v1		HPV58	cross_reactive_non_booster_target	IgG	antibody_isotype_or_subclass	Antibody abundance	none	mixedlm_powell	1.5785001732353723	0.3986532659932021	0.7971541295694299	2.359846216901315	3.959581691379619	7.508115886769864e-05	2.986592019667483	1.737670003450193	5.133156395766235	HPVVT-FJ-M02|Antibody abundance|persistence_dose_contrast	0.0028115814944688943	yes
HPVVT-FJ-M02	Six-year 4vHPV persistence	persistence_dose_contrast	dose3_minus_dose1_at_v1		HPV58	cross_reactive_non_booster_target	IgG	antibody_isotype_or_subclass	Antibody abundance	none	mixedlm_powell	1.5720461068814404	0.4087601487049691	0.7708909371044642	2.3732012766584165	3.8458888711680563	0.00012011619735007496	2.9732609893601127	1.7063231990502015	5.180894754154126	HPVVT-FJ-M02|Antibody abundance|persistence_dose_contrast	0.0028115814944688943	yes
HPVVT-FJ-M02	Six-year 4vHPV persistence	persistence_dose_contrast	dose3_minus_dose2_at_v1		HPV58	cross_reactive_non_booster_target	IgG	antibody_isotype_or_subclass	Antibody abundance	none	mixedlm_powell	-0.006454066353931864	0.4039909078744646	-0.7982616958695214	0.7853535631616577	-0.015975771306064614	0.9872537209256971	0.9955363738268964	0.5750416282545076	1.7235146516623288	HPVVT-FJ-M02|Antibody abundance|persistence_dose_contrast	0.9872537209256971	no
HPVVT-FJ-M03	Heterologous 2vHPV recall	recall_dose_contrast	dose2_minus_dose1_change		HPV58	cross_reactive_non_booster_target	IgG	antibody_isotype_or_subclass	Antibody abundance	none	mixedlm_powell	-1.8348768222545853	0.4502787314255059	-2.7174069188529604	-0.9523467256562099	-4.0749799939377045	4.601830303376315e-05	0.28031545190475915	0.15204740310271322	0.5167911517928923	HPVVT-FJ-M03|Antibody abundance|recall_dose_contrast	0.0038655374548361046	yes
HPVVT-FJ-M03	Heterologous 2vHPV recall	recall_dose_contrast	dose3_minus_dose1_change		HPV58	cross_reactive_non_booster_target	IgG	antibody_isotype_or_subclass	Antibody abundance	none	mixedlm_powell	-1.00322291767002	0.46169445208888166	-1.9081274156261816	-0.09831841971385846	-2.1729152540842915	0.02978669617264448	0.49888426856356843	0.26643815175122676	0.934121152636545	HPVVT-FJ-M03|Antibody abundance|recall_dose_contrast	0.1668054985668091	no
HPVVT-FJ-M03	Heterologous 2vHPV recall	recall_dose_contrast	dose3_minus_dose2_change		HPV58	cross_reactive_non_booster_target	IgG	antibody_isotype_or_subclass	Antibody abundance	none	mixedlm_powell	0.8316539045845652	0.45630759615614014	-0.06269254975351701	1.7260003589226476	1.8225730002969058	0.06836808801095402	1.7797244681790532	0.9574754823999722	3.3080942967812397	HPVVT-FJ-M03|Antibody abundance|recall_dose_contrast	0.30225891541684935	no
HPVVT-FJ-M01	Primary 2vHPV induction	within_trajectory	dose0_v2_minus_v1	0	HPV58	cross_reactive_non_booster_target	IgG1	antibody_isotype_or_subclass	IgG subclass architecture	none	mixedlm_lbfgs	0.6841035895221794	0.2992879211761634	0.09751004300903665	1.2706971360353223	2.285770795004822	0.022267671090064063	1.6067033551483196	1.0699252769274217	2.4127812727804008	HPVVT-FJ-M01|IgG subclass architecture|within_trajectory	0.08907068436025625	no
HPVVT-FJ-M03	Heterologous 2vHPV recall	within_trajectory	dose1_v2_minus_v1	1	HPV58	cross_reactive_non_booster_target	IgG1	antibody_isotype_or_subclass	IgG subclass architecture	none	mixedlm_lbfgs	4.19510075016283	0.2992879211761647	3.608507203649684	4.781694296675975	14.016939720375616	1.227967146346447e-44	18.316865677575674	12.197446105857779	27.506378412217245	HPVVT-FJ-M03|IgG subclass architecture|within_trajectory	1.0314924029310154e-42	yes
HPVVT-FJ-M03	Heterologous 2vHPV recall	within_trajectory	dose2_v2_minus_v1	2	HPV58	cross_reactive_non_booster_target	IgG1	antibody_isotype_or_subclass	IgG subclass architecture	none	mixedlm_lbfgs	2.5883675264820623	0.292075104108434	2.015910841648745	3.1608242113153797	8.861992994518015	7.859653950832939e-19	6.014177828596154	4.044358374901371	8.943405010407767	HPVVT-FJ-M03|IgG subclass architecture|within_trajectory	7.33567702077741e-18	yes
HPVVT-FJ-M03	Heterologous 2vHPV recall	within_trajectory	dose3_v2_minus_v1	3	HPV58	cross_reactive_non_booster_target	IgG1	antibody_isotype_or_subclass	IgG subclass architecture	none	mixedlm_lbfgs	3.1478986002381073	0.30706292816731295	2.5460663200427645	3.74973088043345	10.251640010815226	1.1635236319062489e-24	8.863635780747803	5.840396516850756	13.45183311220037	HPVVT-FJ-M03|IgG subclass architecture|within_trajectory	1.954719701602498e-23	yes
HPVVT-FJ-M04	Primary-versus-recall contrast	primary_minus_pooled_recall	dose0_minus_mean_dose1_2_3_change		HPV58	cross_reactive_non_booster_target	IgG1	antibody_isotype_or_subclass	IgG subclass architecture	none	mixedlm_lbfgs	-2.626352036105487	0.34566009410564846	-3.3038333714452834	-1.94887070076569	-7.598077073087765	3.005633161061921e-14	0.16195309722302337	0.10126212911344384	0.2590189040045362	HPVVT-FJ-M04|IgG subclass architecture|primary_minus_pooled_recall	4.207886425486689e-13	yes
HPVVT-FJ-M02	Six-year 4vHPV persistence	persistence_dose_contrast	dose2_minus_dose1_at_v1		HPV58	cross_reactive_non_booster_target	IgG1	antibody_isotype_or_subclass	IgG subclass architecture	none	mixedlm_lbfgs	1.5277811232047316	0.4348237263025298	0.6755422800282713	2.380019966381192	3.513564303852577	0.00044213738157607873	2.883420254994239	1.5971970141071952	5.205439462681744	HPVVT-FJ-M02|IgG subclass architecture|persistence_dose_contrast	0.009284885013097653	yes
HPVVT-FJ-M02	Six-year 4vHPV persistence	persistence_dose_contrast	dose3_minus_dose1_at_v1		HPV58	cross_reactive_non_booster_target	IgG1	antibody_isotype_or_subclass	IgG subclass architecture	none	mixedlm_lbfgs	1.6651026553400627	0.4458476229488652	0.7912573717674932	2.5389479389126324	3.7346899919011913	0.00018794655968253616	3.1713621975131523	1.73058208344605	5.811650475306097	HPVVT-FJ-M02|IgG subclass architecture|persistence_dose_contrast	0.005262503671111012	yes
HPVVT-FJ-M02	Six-year 4vHPV persistence	persistence_dose_contrast	dose3_minus_dose2_at_v1		HPV58	cross_reactive_non_booster_target	IgG1	antibody_isotype_or_subclass	IgG subclass architecture	none	mixedlm_lbfgs	0.13732153213533116	0.44064566112776354	-0.7263280936189267	1.000971157889589	0.3116370913170419	0.7553163422307204	1.0998612470798117	0.6044403621703648	2.0013467639459184	HPVVT-FJ-M02|IgG subclass architecture|persistence_dose_contrast	0.9469637723489629	no
HPVVT-FJ-M03	Heterologous 2vHPV recall	recall_dose_contrast	dose2_minus_dose1_change		HPV58	cross_reactive_non_booster_target	IgG1	antibody_isotype_or_subclass	IgG subclass architecture	none	mixedlm_lbfgs	-1.6067332236807677	0.418187907766237	-2.42636646167275	-0.7870999856887851	-3.8421321942644884	0.00012197010991123719	0.32834099100038594	0.18603339620185447	0.5795078118884596	HPVVT-FJ-M03|IgG subclass architecture|recall_dose_contrast	0.010245489232543923	yes
HPVVT-FJ-M03	Heterologous 2vHPV recall	recall_dose_contrast	dose3_minus_dose1_change		HPV58	cross_reactive_non_booster_target	IgG1	antibody_isotype_or_subclass	IgG subclass architecture	none	mixedlm_lbfgs	-1.0472021499247224	0.42879004374709373	-1.8876151925983802	-0.20678910725106447	-2.4422258986553724	0.01459700957668203	0.4839057039982044	0.2702534250975433	0.8664635065308797	HPVVT-FJ-M03|IgG subclass architecture|recall_dose_contrast	0.11215777761785466	no
HPVVT-FJ-M03	Heterologous 2vHPV recall	recall_dose_contrast	dose3_minus_dose2_change		HPV58	cross_reactive_non_booster_target	IgG1	antibody_isotype_or_subclass	IgG subclass architecture	none	mixedlm_lbfgs	0.5595310737560453	0.4237871025581559	-0.2710763843705225	1.390138531882613	1.320311709295734	0.1867309677407335	1.4737901062058851	0.8287010272441697	2.621038475568796	HPVVT-FJ-M03|IgG subclass architecture|recall_dose_contrast	0.37993669057745477	no
HPVVT-FJ-M01	Primary 2vHPV induction	within_trajectory	dose0_v2_minus_v1	0	HPV58	cross_reactive_non_booster_target	IgG2	antibody_isotype_or_subclass	IgG subclass architecture	none	mixedlm_lbfgs	-0.5930982554460152	0.5567663623657815	-1.684340273486324	0.4981437625942934	-1.065255186979785	0.28676046598558835	0.6629177302780818	0.3111451636141807	1.4123951406230848	HPVVT-FJ-M01|IgG subclass architecture|within_trajectory	0.5735209319711767	no
HPVVT-FJ-M03	Heterologous 2vHPV recall	within_trajectory	dose1_v2_minus_v1	1	HPV58	cross_reactive_non_booster_target	IgG2	antibody_isotype_or_subclass	IgG subclass architecture	none	mixedlm_lbfgs	2.168248278714037	0.5567663623657821	1.077006260673727	3.259490296754347	3.8943593314452962	9.845860758449637e-05	4.49477306765701	2.109653789103055	9.576445687007418	HPVVT-FJ-M03|IgG subclass architecture|within_trajectory	0.0001654104607419539	yes
HPVVT-FJ-M03	Heterologous 2vHPV recall	within_trajectory	dose2_v2_minus_v1	2	HPV58	cross_reactive_non_booster_target	IgG2	antibody_isotype_or_subclass	IgG subclass architecture	none	mixedlm_lbfgs	1.7791270129782308	0.5433483336480562	0.7141838479681879	2.8440701779882738	3.274376496258158	0.0010589541761902215	3.4321842734136143	1.640554871051833	7.180429679328632	HPVVT-FJ-M03|IgG subclass architecture|within_trajectory	0.0016173118327268837	yes
HPVVT-FJ-M03	Heterologous 2vHPV recall	within_trajectory	dose3_v2_minus_v1	3	HPV58	cross_reactive_non_booster_target	IgG2	antibody_isotype_or_subclass	IgG subclass architecture	none	mixedlm_lbfgs	1.1876474503871224	0.571230234956491	0.06805676299204722	2.3072381377821976	2.079104672177554	0.037607730768076365	2.2778100607844847	1.0483037203285186	4.94934680894299	HPVVT-FJ-M03|IgG subclass architecture|within_trajectory	0.04714999081370769	yes
HPVVT-FJ-M04	Primary-versus-recall contrast	primary_minus_pooled_recall	dose0_minus_mean_dose1_2_3_change		HPV58	cross_reactive_non_booster_target	IgG2	antibody_isotype_or_subclass	IgG subclass architecture	none	mixedlm_lbfgs	-2.304772502805812	0.6430326772089697	-3.5650933910177627	-1.0444516145938612	-3.5842229866287463	0.00033808316418946355	0.2023924666941763	0.08448895760265086	0.4848291627315337	HPVVT-FJ-M04|IgG subclass architecture|primary_minus_pooled_recall	0.0007182573184146687	yes
HPVVT-FJ-M02	Six-year 4vHPV persistence	persistence_dose_contrast	dose2_minus_dose1_at_v1		HPV58	cross_reactive_non_booster_target	IgG2	antibody_isotype_or_subclass	IgG subclass architecture	none	mixedlm_lbfgs	1.5190463790127602	0.8062657952015386	-0.061205541548802644	3.099298299574323	1.884051621752168	0.05955799319166719	2.866015434444654	0.9584628760367937	8.570018386564671	HPVVT-FJ-M02|IgG subclass architecture|persistence_dose_contrast	0.17867397957500158	no
HPVVT-FJ-M02	Six-year 4vHPV persistence	persistence_dose_contrast	dose3_minus_dose1_at_v1		HPV58	cross_reactive_non_booster_target	IgG2	antibody_isotype_or_subclass	IgG subclass architecture	none	mixedlm_lbfgs	3.3285696881850426	0.826706700925237	1.7082543285936522	4.948885047776433	4.026300602692297	5.66612448597462e-05	10.04614214522409	3.267651958711641	30.886083731463266	HPVVT-FJ-M02|IgG subclass architecture|persistence_dose_contrast	0.0023797722841093403	yes
HPVVT-FJ-M02	Six-year 4vHPV persistence	persistence_dose_contrast	dose3_minus_dose2_at_v1		HPV58	cross_reactive_non_booster_target	IgG2	antibody_isotype_or_subclass	IgG subclass architecture	none	mixedlm_lbfgs	1.8095233091722824	0.817061036186647	0.2081131050754763	3.4109335132690886	2.214673358575038	0.026782492762627483	3.5052644952593304	1.1551763450549375	10.636366676242243	HPVVT-FJ-M02|IgG subclass architecture|persistence_dose_contrast	0.10226042691185039	no
HPVVT-FJ-M03	Heterologous 2vHPV recall	recall_dose_contrast	dose2_minus_dose1_change		HPV58	cross_reactive_non_booster_target	IgG2	antibody_isotype_or_subclass	IgG subclass architecture	none	mixedlm_lbfgs	-0.3891212657358061	0.7779564216202247	-1.913887833653104	1.1356453021814918	-0.5001838855258702	0.6169456039693642	0.7635945623396531	0.2653764338658893	2.197168177824524	HPVVT-FJ-M03|IgG subclass architecture|recall_dose_contrast	0.7852034959610089	no
HPVVT-FJ-M03	Heterologous 2vHPV recall	recall_dose_contrast	dose3_minus_dose1_change		HPV58	cross_reactive_non_booster_target	IgG2	antibody_isotype_or_subclass	IgG subclass architecture	none	mixedlm_lbfgs	-0.9806008283269145	0.7976796121190971	-2.544024139282225	0.5828224826283959	-1.2293166497284207	0.21895310715173832	0.5067686458243905	0.17146379210472237	1.4977766281631972	HPVVT-FJ-M03|IgG subclass architecture|recall_dose_contrast	0.39982741305969605	no
HPVVT-FJ-M03	Heterologous 2vHPV recall	recall_dose_contrast	dose3_minus_dose2_change		HPV58	cross_reactive_non_booster_target	IgG2	antibody_isotype_or_subclass	IgG subclass architecture	none	mixedlm_lbfgs	-0.5914795625911085	0.7883726231970307	-2.1366615104546556	0.9537023852724384	-0.7502538078916591	0.4531018571900486	0.6636619363444023	0.22740541124820002	1.9368367856105166	HPVVT-FJ-M03|IgG subclass architecture|recall_dose_contrast	0.6491060111917171	no
HPVVT-FJ-M01	Primary 2vHPV induction	within_trajectory	dose0_v2_minus_v1	0	HPV58	cross_reactive_non_booster_target	IgG3	antibody_isotype_or_subclass	IgG subclass architecture	low	mixedlm_powell	0.15717563625060307	0.6949525398106782	-1.2049063127429642	1.5192575852441705	0.22616743913680998	0.8210711942963986	1.11510196495361	0.433797513063265	2.866435041230994	HPVVT-FJ-M01|IgG subclass architecture|within_trajectory	0.9020584076818098	no
HPVVT-FJ-M03	Heterologous 2vHPV recall	within_trajectory	dose1_v2_minus_v1	1	HPV58	cross_reactive_non_booster_target	IgG3	antibody_isotype_or_subclass	IgG subclass architecture	low	mixedlm_powell	5.505721553370761	0.6949525398106724	4.143639604377205	6.867803502364318	7.922442523730754	2.3288975241828136e-15	45.434665532376165	17.675015858864633	116.79247410709216	HPVVT-FJ-M03|IgG subclass architecture|within_trajectory	1.545204501284975e-14	yes
HPVVT-FJ-M03	Heterologous 2vHPV recall	within_trajectory	dose2_v2_minus_v1	2	HPV58	cross_reactive_non_booster_target	IgG3	antibody_isotype_or_subclass	IgG subclass architecture	low	mixedlm_powell	4.195767953699136	0.6782042342970037	2.866512080314444	5.525023827083827	6.186584721117646	6.148164849068595e-10	18.325338642121718	7.292998413837467	46.046635045370444	HPVVT-FJ-M03|IgG subclass architecture|within_trajectory	2.3474811241898272e-09	yes
HPVVT-FJ-M03	Heterologous 2vHPV recall	within_trajectory	dose3_v2_minus_v1	3	HPV58	cross_reactive_non_booster_target	IgG3	antibody_isotype_or_subclass	IgG subclass architecture	low	mixedlm_powell	2.6067853068324762	0.7130062615723464	1.209318713399132	4.00425190026582	3.656048266790676	0.00025613314896666867	6.091448398779093	2.3122841756283994	16.047224638772743	HPVVT-FJ-M03|IgG subclass architecture|within_trajectory	0.00040594687760755034	yes
HPVVT-FJ-M04	Primary-versus-recall contrast	primary_minus_pooled_recall	dose0_minus_mean_dose1_2_3_change		HPV58	cross_reactive_non_booster_target	IgG3	antibody_isotype_or_subclass	IgG subclass architecture	low	mixedlm_powell	-3.945582635050188	0.802629652963922	-5.518707847783357	-2.3724574223170185	-4.915819669109012	8.841175381281198e-07	0.06490247767753207	0.021812397350494672	0.19311639802797836	HPVVT-FJ-M04|IgG subclass architecture|primary_minus_pooled_recall	3.094411383448419e-06	yes
HPVVT-FJ-M02	Six-year 4vHPV persistence	persistence_dose_contrast	dose2_minus_dose1_at_v1		HPV58	cross_reactive_non_booster_target	IgG3	antibody_isotype_or_subclass	IgG subclass architecture	low	mixedlm_powell	0.8478989835541877	0.8135212108377202	-0.7465732903471598	2.442371257455535	1.0422579918734598	0.29729208283786457	1.799877829052824	0.5960175468745443	5.435343668158483	HPVVT-FJ-M02|IgG subclass architecture|persistence_dose_contrast	0.5428811947474049	no
HPVVT-FJ-M02	Six-year 4vHPV persistence	persistence_dose_contrast	dose3_minus_dose1_at_v1		HPV58	cross_reactive_non_booster_target	IgG3	antibody_isotype_or_subclass	IgG subclass architecture	low	mixedlm_powell	1.4526590635197447	0.8341460599556294	-0.18223717183927746	3.087555298878767	1.7414924474941664	0.08159729597824822	2.737120715679559	0.8813352588945865	8.500544754783554	HPVVT-FJ-M02|IgG subclass architecture|persistence_dose_contrast	0.20770220794463184	no
HPVVT-FJ-M02	Six-year 4vHPV persistence	persistence_dose_contrast	dose3_minus_dose2_at_v1		HPV58	cross_reactive_non_booster_target	IgG3	antibody_isotype_or_subclass	IgG subclass architecture	low	mixedlm_powell	0.6047600799655571	0.8244135959168805	-1.011060876396686	2.2205810363278	0.7335639331529542	0.4632145492634425	1.5207258356640543	0.49618124988694384	4.660811080191098	HPVVT-FJ-M02|IgG subclass architecture|persistence_dose_contrast	0.7205559655209106	no
HPVVT-FJ-M03	Heterologous 2vHPV recall	recall_dose_contrast	dose2_minus_dose1_change		HPV58	cross_reactive_non_booster_target	IgG3	antibody_isotype_or_subclass	IgG subclass architecture	low	mixedlm_powell	-1.3099535996716254	0.9710406871020849	-3.2131583739147396	0.5932511745714888	-1.3490203006641994	0.1773304456104977	0.4033338515293639	0.10783083013423776	1.5086427099466277	HPVVT-FJ-M03|IgG subclass architecture|recall_dose_contrast	0.3723939357820452	no
HPVVT-FJ-M03	Heterologous 2vHPV recall	recall_dose_contrast	dose3_minus_dose1_change		HPV58	cross_reactive_non_booster_target	IgG3	antibody_isotype_or_subclass	IgG subclass architecture	low	mixedlm_powell	-2.898936246538285	0.995659058930655	-4.850392142923412	-0.9474803501531579	-2.9115752230002943	0.003596113065678218	0.1340705016181621	0.0346646224346966	0.5185372908073024	HPVVT-FJ-M03|IgG subclass architecture|recall_dose_contrast	0.042563490235324596	yes
HPVVT-FJ-M03	Heterologous 2vHPV recall	recall_dose_contrast	dose3_minus_dose2_change		HPV58	cross_reactive_non_booster_target	IgG3	antibody_isotype_or_subclass	IgG subclass architecture	low	mixedlm_powell	-1.5889826468666595	0.9840421294130441	-3.517669779786329	0.33970448605301007	-1.6147506284252757	0.1063647087795455	0.33240577528960863	0.08731239103102419	1.2654973497017712	HPVVT-FJ-M03|IgG subclass architecture|recall_dose_contrast	0.2627833981612301	no
HPVVT-FJ-M01	Primary 2vHPV induction	within_trajectory	dose0_v2_minus_v1	0	HPV58	cross_reactive_non_booster_target	IgG4	antibody_isotype_or_subclass	IgG subclass architecture	none	mixedlm_lbfgs	-0.19873427044008932	0.41229596587983863	-1.006819514535728	0.6093509736555494	-0.48201846946523197	0.6297928259648087	0.8713146645456449	0.4976421135326629	1.5255727439604243	HPVVT-FJ-M01|IgG subclass architecture|within_trajectory	0.894369027124296	no
HPVVT-FJ-M03	Heterologous 2vHPV recall	within_trajectory	dose1_v2_minus_v1	1	HPV58	cross_reactive_non_booster_target	IgG4	antibody_isotype_or_subclass	IgG subclass architecture	none	mixedlm_lbfgs	0.7684966264857341	0.4122959658798409	-0.03958861760990906	1.5765818705813772	1.8639440840653385	0.062329557074588905	1.7034937171620885	0.9729323381010788	2.982623488571134	HPVVT-FJ-M03|IgG subclass architecture|within_trajectory	0.07479546848950669	no
HPVVT-FJ-M03	Heterologous 2vHPV recall	within_trajectory	dose2_v2_minus_v1	2	HPV58	cross_reactive_non_booster_target	IgG4	antibody_isotype_or_subclass	IgG subclass architecture	none	mixedlm_lbfgs	1.5971818734756917	0.40235966317852273	0.8085714248141203	2.385792322137263	3.9695377535074607	7.201219672618244e-05	3.025517382639301	1.751476249358358	5.226308627368476	HPVVT-FJ-M03|IgG subclass architecture|within_trajectory	0.00012602134427081927	yes
HPVVT-FJ-M03	Heterologous 2vHPV recall	within_trajectory	dose3_v2_minus_v1	3	HPV58	cross_reactive_non_booster_target	IgG4	antibody_isotype_or_subclass	IgG subclass architecture	none	mixedlm_lbfgs	1.669670634125714	0.42300673564475616	0.8405926670441364	2.4987486012072915	3.947149048538826	7.908732524462408e-05	3.181419537119633	1.7907856553489119	5.651949601525296	HPVVT-FJ-M03|IgG subclass architecture|within_trajectory	0.00013557827184792698	yes
HPVVT-FJ-M04	Primary-versus-recall contrast	primary_minus_pooled_recall	dose0_minus_mean_dose1_2_3_change		HPV58	cross_reactive_non_booster_target	IgG4	antibody_isotype_or_subclass	IgG subclass architecture	none	mixedlm_lbfgs	-1.5438506484691357	0.4761777949652675	-2.4771419768387584	-0.6105593200995131	-3.2421727027018226	0.0011862211434638034	0.34296882533188244	0.1795998466255382	0.6549427371994493	HPVVT-FJ-M04|IgG subclass architecture|primary_minus_pooled_recall	0.0022142794677991	yes
HPVVT-FJ-M02	Six-year 4vHPV persistence	persistence_dose_contrast	dose2_minus_dose1_at_v1		HPV58	cross_reactive_non_booster_target	IgG4	antibody_isotype_or_subclass	IgG subclass architecture	none	mixedlm_lbfgs	0.508987933981947	0.6139370418167907	-0.6943065567540239	1.7122824247179178	0.8290555860186031	0.40707295415043165	1.423051559455547	0.6180062969985375	3.276788198929399	HPVVT-FJ-M02|IgG subclass architecture|persistence_dose_contrast	0.6451722292195521	no
HPVVT-FJ-M02	Six-year 4vHPV persistence	persistence_dose_contrast	dose3_minus_dose1_at_v1		HPV58	cross_reactive_non_booster_target	IgG4	antibody_isotype_or_subclass	IgG subclass architecture	none	mixedlm_lbfgs	-0.10604350641671462	0.6295019203801017	-1.3398445985605145	1.1277575857270852	-0.16845620796944374	0.8662243922602049	0.9291326545788258	0.39506320829591546	2.185188272854972	HPVVT-FJ-M02|IgG subclass architecture|persistence_dose_contrast	0.9941305115325851	no
HPVVT-FJ-M02	Six-year 4vHPV persistence	persistence_dose_contrast	dose3_minus_dose2_at_v1		HPV58	cross_reactive_non_booster_target	IgG4	antibody_isotype_or_subclass	IgG subclass architecture	none	mixedlm_lbfgs	-0.6150314403986616	0.622157157758135	-1.8344370623284108	0.6043741815310875	-0.9885467566022226	0.32288494731504047	0.6529156645134542	0.2804009102230857	1.520319119605867	HPVVT-FJ-M02|IgG subclass architecture|persistence_dose_contrast	0.5525096976845805	no
HPVVT-FJ-M03	Heterologous 2vHPV recall	recall_dose_contrast	dose2_minus_dose1_change		HPV58	cross_reactive_non_booster_target	IgG4	antibody_isotype_or_subclass	IgG subclass architecture	none	mixedlm_lbfgs	0.8286852469899577	0.5760913660470232	-0.3004330822666885	1.957803576246604	1.438461493835887	0.15030315547357725	1.7760660647927833	0.8120086031046747	3.8847010418951102	HPVVT-FJ-M03|IgG subclass architecture|recall_dose_contrast	0.3412287853994727	no
HPVVT-FJ-M03	Heterologous 2vHPV recall	recall_dose_contrast	dose3_minus_dose1_change		HPV58	cross_reactive_non_booster_target	IgG4	antibody_isotype_or_subclass	IgG subclass architecture	none	mixedlm_lbfgs	0.9011740076399799	0.5906967596674486	-0.2565703670927313	2.058918382372691	1.525611903047046	0.12710654598242935	1.8675851311149385	0.8370754856766575	4.166737984379208	HPVVT-FJ-M03|IgG subclass architecture|recall_dose_contrast	0.3050557103578304	no
HPVVT-FJ-M03	Heterologous 2vHPV recall	recall_dose_contrast	dose3_minus_dose2_change		HPV58	cross_reactive_non_booster_target	IgG4	antibody_isotype_or_subclass	IgG subclass architecture	none	mixedlm_lbfgs	0.07248876065002219	0.5838047592765641	-1.0717475415351194	1.2167250628351638	0.12416610090648868	0.9011837620486746	1.0515290889997568	0.47574238145700015	2.324185248382371	HPVVT-FJ-M03|IgG subclass architecture|recall_dose_contrast	0.9345609384208478	no
HPVVT-FJ-M01	Primary 2vHPV induction	within_trajectory	dose0_v2_minus_v1	0	HPV58	cross_reactive_non_booster_target	IgM	antibody_isotype_or_subclass	Antibody abundance	none	mixedlm_lbfgs	0.2835858006847494	0.1519942344122575	-0.014317424621013819	0.5814890259905127	1.8657668284678024	0.06207399518446421	1.2172165043102332	0.9901249987017066	1.4963929001974308	HPVVT-FJ-M01|Antibody abundance|within_trajectory	0.07556834196369555	no
HPVVT-FJ-M03	Heterologous 2vHPV recall	within_trajectory	dose1_v2_minus_v1	1	HPV58	cross_reactive_non_booster_target	IgM	antibody_isotype_or_subclass	Antibody abundance	none	mixedlm_lbfgs	0.1508563528680298	0.15199423441225673	-0.14704687243773187	0.44875957817379153	0.992513653240684	0.3209470225778487	1.1102282842441449	0.9030971685014734	1.3648662470960753	HPVVT-FJ-M03|Antibody abundance|within_trajectory	0.3907181144425984	no
HPVVT-FJ-M03	Heterologous 2vHPV recall	within_trajectory	dose2_v2_minus_v1	2	HPV58	cross_reactive_non_booster_target	IgM	antibody_isotype_or_subclass	Antibody abundance	none	mixedlm_lbfgs	-0.058912619225241436	0.14833118445067778	-0.34963639853273754	0.23181116008225466	-0.397169478848399	0.6912424874920007	0.959987403543324	0.7847818610227552	1.1743082514175633	HPVVT-FJ-M03|Antibody abundance|within_trajectory	0.7540827136276371	no
HPVVT-FJ-M03	Heterologous 2vHPV recall	within_trajectory	dose3_v2_minus_v1	3	HPV58	cross_reactive_non_booster_target	IgM	antibody_isotype_or_subclass	Antibody abundance	none	mixedlm_lbfgs	0.042295659475237474	0.1559427941487318	-0.2633466007048203	0.3479379196552953	0.27122548179364814	0.7862176156223155	1.0297510943994514	0.8331530220145863	1.2727401670497736	HPVVT-FJ-M03|Antibody abundance|within_trajectory	0.8153367865712902	no
HPVVT-FJ-M04	Primary-versus-recall contrast	primary_minus_pooled_recall	dose0_minus_mean_dose1_2_3_change		HPV58	cross_reactive_non_booster_target	IgM	antibody_isotype_or_subclass	Antibody abundance	none	mixedlm_lbfgs	0.2388393363120741	0.17554447624878347	-0.10522151482048842	0.5829001874446367	1.3605630972608247	0.17365180022483218	1.1800429222114837	0.9296621891152272	1.4978573018944454	HPVVT-FJ-M04|Antibody abundance|primary_minus_pooled_recall	0.28601472978207654	no
HPVVT-FJ-M02	Six-year 4vHPV persistence	persistence_dose_contrast	dose2_minus_dose1_at_v1		HPV58	cross_reactive_non_booster_target	IgM	antibody_isotype_or_subclass	Antibody abundance	none	mixedlm_lbfgs	-0.07446972563566029	0.2422951861609115	-0.5493595641384745	0.40042011286715395	-0.3073512388570689	0.7585760387830766	0.9496911235486806	0.6833233994619455	1.3198922074925712	HPVVT-FJ-M02|Antibody abundance|persistence_dose_contrast	0.8974702430673018	no
HPVVT-FJ-M02	Six-year 4vHPV persistence	persistence_dose_contrast	dose3_minus_dose1_at_v1		HPV58	cross_reactive_non_booster_target	IgM	antibody_isotype_or_subclass	Antibody abundance	none	mixedlm_lbfgs	0.01985618760249075	0.24843799054018342	-0.4670733262477714	0.5067857014527529	0.07992411933181823	0.9362976067375625	1.0138584101446928	0.7234306729988872	1.4208809692296602	HPVVT-FJ-M02|Antibody abundance|persistence_dose_contrast	0.9699863932172607	no
HPVVT-FJ-M02	Six-year 4vHPV persistence	persistence_dose_contrast	dose3_minus_dose2_at_v1		HPV58	cross_reactive_non_booster_target	IgM	antibody_isotype_or_subclass	Antibody abundance	none	mixedlm_lbfgs	0.09432591323815104	0.24553932096075742	-0.3869223126333543	0.5755741391096564	0.3841580764704745	0.7008612888249737	1.0675664803059761	0.7647593191883071	1.490270417472692	HPVVT-FJ-M02|Antibody abundance|persistence_dose_contrast	0.8974702430673018	no
HPVVT-FJ-M03	Heterologous 2vHPV recall	recall_dose_contrast	dose2_minus_dose1_change		HPV58	cross_reactive_non_booster_target	IgM	antibody_isotype_or_subclass	Antibody abundance	none	mixedlm_lbfgs	-0.20976897209327125	0.21237793570686442	-0.6260220771896886	0.20648413300314614	-0.9877154676877818	0.32329201704787836	0.8646756862233009	0.6479605670675525	1.153872751438267	HPVVT-FJ-M03|Antibody abundance|recall_dose_contrast	0.7211622844114928	no
HPVVT-FJ-M03	Heterologous 2vHPV recall	recall_dose_contrast	dose3_minus_dose1_change		HPV58	cross_reactive_non_booster_target	IgM	antibody_isotype_or_subclass	Antibody abundance	none	mixedlm_lbfgs	-0.10856069339279234	0.21776226105889374	-0.5353668822602331	0.3182454954746485	-0.49852850014003175	0.6181115864950186	0.9275129349641069	0.6899831893118038	1.2468133395884382	HPVVT-FJ-M03|Antibody abundance|recall_dose_contrast	0.8555073470945799	no
HPVVT-FJ-M03	Heterologous 2vHPV recall	recall_dose_contrast	dose3_minus_dose2_change		HPV58	cross_reactive_non_booster_target	IgM	antibody_isotype_or_subclass	Antibody abundance	none	mixedlm_lbfgs	0.10120827870047891	0.2152215029393084	-0.3206181157591469	0.5230346731601048	0.4702517049563549	0.6381751974339107	1.0726714648532147	0.8007267365629501	1.436974711809044	HPVVT-FJ-M03|Antibody abundance|recall_dose_contrast	0.8579230605720407	no
