previous_4vHPV_doses	visit	prior_4vHPV_exposure_status	immunization_context	response_type	antigen_target	antigen_class	feature	assay_family	outcome_family	floor_severity	minimum_fraction	participants	observations	mean_log2_value	sd_log2_value	se_log2_value	ci95_lower_log2	ci95_upper_log2	geometric_mean	geometric_mean_ci95_lower	geometric_mean_ci95_upper	raw_median	raw_q1	raw_q3	raw_minimum	raw_maximum
0	v1	hpv_vaccine_naive	unvaccinated_pre_2vHPV_baseline	unvaccinated_baseline	HPV16	vaccine_target_2vHPV_and_4vHPV	IgG	antibody_isotype_or_subclass	Antibody abundance	none	0.0125	20	20	7.590463628588488	2.1653423766543605	0.4841852748760103	6.577052201482721	8.603875055694253	192.73351110770977	95.4750722499459	389.06706670679387	158.15	97.15	306.375	10.5	13638.0
0	v1	hpv_vaccine_naive	unvaccinated_pre_2vHPV_baseline	unvaccinated_baseline	HPV16	vaccine_target_2vHPV_and_4vHPV	IgM	antibody_isotype_or_subclass	Antibody abundance	none	0.0125	20	20	9.234732878829242	1.452981385535316	0.3248965148098796	8.554716658138753	9.91474909951973	602.464690208707	376.03331082221484	965.243483761148	550.9	310.6	1101.1	137.5	4941.3
0	v1	hpv_vaccine_naive	unvaccinated_pre_2vHPV_baseline	unvaccinated_baseline	HPV16	vaccine_target_2vHPV_and_4vHPV	IgA1	antibody_isotype_or_subclass	Antibody abundance	none	0.0125	20	20	7.14569712468266	1.3797515283116846	0.3085218209364152	6.4999535321529045	7.791440717212415	141.60193056624607	90.50675280775242	221.54265972483856	123.25	84.97500000000001	228.75	25.5	978.5
0	v1	hpv_vaccine_naive	unvaccinated_pre_2vHPV_baseline	unvaccinated_baseline	HPV16	vaccine_target_2vHPV_and_4vHPV	IgA2	antibody_isotype_or_subclass	Antibody abundance	high	0.3	20	20	0.7844125154566589	1.6165317884319825	0.3614674966723221	0.027852350034750062	1.5409726808785678	1.722390796236717	1.0194933394918304	2.9099062642622835	1.0	1.0	1.125	1.0	32.0
0	v1	hpv_vaccine_naive	unvaccinated_pre_2vHPV_baseline	unvaccinated_baseline	HPV16	vaccine_target_2vHPV_and_4vHPV	IgG1	antibody_isotype_or_subclass	IgG subclass architecture	none	0.0125	20	20	7.094612101273315	2.2834590931041427	0.5105969756020884	6.025920349230034	8.163303853316595	136.6756191914997	65.16025520705205	286.6812725337232	78.15	60.974999999999994	185.85000000000002	22.0	15956.5
0	v1	hpv_vaccine_naive	unvaccinated_pre_2vHPV_baseline	unvaccinated_baseline	HPV16	vaccine_target_2vHPV_and_4vHPV	IgG2	antibody_isotype_or_subclass	IgG subclass architecture	moderate	0.15	20	20	2.1306014310886705	2.6053345900947957	0.5825705247583514	0.9112673093801966	3.3499355527971444	4.378999943234302	1.8806968371682249	10.196029537497857	2.1499999999999986	1.0	16.95	1.0	325.0
0	v1	hpv_vaccine_naive	unvaccinated_pre_2vHPV_baseline	unvaccinated_baseline	HPV16	vaccine_target_2vHPV_and_4vHPV	IgG3	antibody_isotype_or_subclass	IgG subclass architecture	none	0.025	20	20	5.95336302927217	3.191777457122528	0.7137031363177392	4.459565197252522	7.447160861291818	61.96419997957186	22.002037066395747	174.5093905405982	98.25	22.325	190.375	1.0	9301.5
0	v1	hpv_vaccine_naive	unvaccinated_pre_2vHPV_baseline	unvaccinated_baseline	HPV16	vaccine_target_2vHPV_and_4vHPV	IgG4	antibody_isotype_or_subclass	IgG subclass architecture	none	0.0125	20	20	0.07948817434924912	0.4902550856339338	0.10962436977924564	-0.14995826854805824	0.30893461724655646	1.0566431082468761	0.901276532593237	1.2387925545926914	1.0	1.0	1.0	0.7000000000000028	4.299999999999997
0	v1	hpv_vaccine_naive	unvaccinated_pre_2vHPV_baseline	unvaccinated_baseline	HPV16	vaccine_target_2vHPV_and_4vHPV	FcgR2A	fc_gamma_receptor_binding	Fc-receptor engagement	low	0.05	20	20	6.971249731287157	5.325316627864191	1.190776998161428	4.478924830699224	9.46357463187509	125.4744429775559	22.299273920989123	706.0245950747791	877.5	2.25	3756.925	1.0	5971.0
0	v1	hpv_vaccine_naive	unvaccinated_pre_2vHPV_baseline	unvaccinated_baseline	HPV16	vaccine_target_2vHPV_and_4vHPV	FcgR2B	fc_gamma_receptor_binding	Fc-receptor engagement	moderate	0.15	20	20	2.944202823589478	4.141541263009108	0.92607677957087	1.0059018477187085	4.882503799460248	7.696501586246387	2.008198456102585	29.497152777447997	1.0	1.0	50.05	1.0	2449.0
0	v1	hpv_vaccine_naive	unvaccinated_pre_2vHPV_baseline	unvaccinated_baseline	HPV16	vaccine_target_2vHPV_and_4vHPV	FcgR3A	fc_gamma_receptor_binding	Fc-receptor engagement	low	0.075	20	20	2.9670683872279513	3.218370144914769	0.7196494420785272	1.460824794216108	4.473311980239795	7.819456783631061	2.7526568908833586	22.212686438901603	4.5	1.75	10.725000000000001	1.0	1811.8
0	v1	hpv_vaccine_naive	unvaccinated_pre_2vHPV_baseline	unvaccinated_baseline	HPV16	vaccine_target_2vHPV_and_4vHPV	ADCP	antibody_dependent_cellular_phagocytosis	Phagocytic function	none	0.0125	20	20	4.233294382377513	0.741040782400042	0.16570175635461237	3.8864766204696117	4.580112144285414	18.808258694298427	14.789246247862572	23.919447224213908	16.612272625	14.064552062499999	20.6921185625	12.015343	129.20416899999998
0	v1	hpv_vaccine_naive	unvaccinated_pre_2vHPV_baseline	unvaccinated_baseline	HPV16	vaccine_target_2vHPV_and_4vHPV	nAb	neutralizing_antibody	Neutralization	moderate	0.25	20	20	5.743856189774724	0.44721359549995787	0.09999999999999998	5.534553784333898	5.95315859521555	53.58867312681463	46.35181043189806	61.95542009544307	50.0	50.0	50.0	50.0	200.0
0	v1	hpv_vaccine_naive	unvaccinated_pre_2vHPV_baseline	unvaccinated_baseline	HPV18	vaccine_target_2vHPV_and_4vHPV	IgG	antibody_isotype_or_subclass	Antibody abundance	none	0.0125	20	20	8.355845572939526	1.275323972120227	0.2851711094995874	7.758975581134596	8.952715564744455	327.6122682267514	216.61293433677554	495.4911793300745	306.75	187.45	540.0	52.5	1904.0
0	v1	hpv_vaccine_naive	unvaccinated_pre_2vHPV_baseline	unvaccinated_baseline	HPV18	vaccine_target_2vHPV_and_4vHPV	IgM	antibody_isotype_or_subclass	Antibody abundance	none	0.0125	20	20	10.936603037227993	0.7344888320063812	0.16423669570806915	10.592851682494475	11.280354391961511	1959.9525841229222	1544.422414689488	2487.2820385622617	2136.9	1432.7	2630.125	566.8	4433.8
0	v1	hpv_vaccine_naive	unvaccinated_pre_2vHPV_baseline	unvaccinated_baseline	HPV18	vaccine_target_2vHPV_and_4vHPV	IgA1	antibody_isotype_or_subclass	Antibody abundance	none	0.0125	20	20	7.3054762264247675	1.9869975786410359	0.444306165696884	6.375532734099286	8.235419718750249	158.1857932750249	83.02838515980514	301.375790290122	199.75	107.75	326.5	1.0	868.5
0	v1	hpv_vaccine_naive	unvaccinated_pre_2vHPV_baseline	unvaccinated_baseline	HPV18	vaccine_target_2vHPV_and_4vHPV	IgA2	antibody_isotype_or_subclass	Antibody abundance	high	0.475	20	20	2.8538837639795362	3.1399771121832107	0.7021202270635142	1.3843292396490097	4.323438288310063	7.229439324233573	2.6105055748877706	20.020946687701187	2.5	1.0	71.075	1.0	155.5
0	v1	hpv_vaccine_naive	unvaccinated_pre_2vHPV_baseline	unvaccinated_baseline	HPV18	vaccine_target_2vHPV_and_4vHPV	IgG1	antibody_isotype_or_subclass	IgG subclass architecture	none	0.0125	20	20	7.738345496736001	1.2330336256652805	0.27571470055305963	7.161267996324476	8.315422997147525	213.53747907079182	143.13850399099033	318.5603712246355	176.75	126.425	336.375	47.3	1804.8
0	v1	hpv_vaccine_naive	unvaccinated_pre_2vHPV_baseline	unvaccinated_baseline	HPV18	vaccine_target_2vHPV_and_4vHPV	IgG2	antibody_isotype_or_subclass	IgG subclass architecture	low	0.1125	20	20	2.7571964404359965	2.6316820019546285	0.5884619851533284	1.5255313504052421	3.988861530466751	6.760811579164418	2.8789272853219137	15.87694605626438	9.5	1.0	19.6	1.0	222.5
0	v1	hpv_vaccine_naive	unvaccinated_pre_2vHPV_baseline	unvaccinated_baseline	HPV18	vaccine_target_2vHPV_and_4vHPV	IgG3	antibody_isotype_or_subclass	IgG subclass architecture	none	0.0375	20	20	6.090468065713091	2.9146918712647647	0.6517449157614079	4.726350279686177	7.454585851740005	68.14179590832741	26.4711740887045	175.40983766162032	134.9	26.5	273.75	1.0	708.5
0	v1	hpv_vaccine_naive	unvaccinated_pre_2vHPV_baseline	unvaccinated_baseline	HPV18	vaccine_target_2vHPV_and_4vHPV	IgG4	antibody_isotype_or_subclass	IgG subclass architecture	high	0.3875	20	20	1.192135255505802	1.895681418112859	0.4238872514583554	0.3049290418464602	2.079341469165144	2.2849066981658237	1.235357875242358	4.226142661938192	1.0	1.0	5.324999999999999	1.0	78.5
0	v1	hpv_vaccine_naive	unvaccinated_pre_2vHPV_baseline	unvaccinated_baseline	HPV18	vaccine_target_2vHPV_and_4vHPV	FcgR2A	fc_gamma_receptor_binding	Fc-receptor engagement	low	0.0875	20	20	5.701449394500834	4.986706004742113	1.1150613610409754	3.3675991437008554	8.035299645300812	52.03640516241492	10.321631634890563	262.3410288227857	215.5	1.0	1279.6	1.0	3173.0
0	v1	hpv_vaccine_naive	unvaccinated_pre_2vHPV_baseline	unvaccinated_baseline	HPV18	vaccine_target_2vHPV_and_4vHPV	FcgR2B	fc_gamma_receptor_binding	Fc-receptor engagement	none	0.0125	20	20	6.1270914903808515	2.208252814107453	0.4937803403849471	5.093597360361257	7.160585620400446	69.89374718998887	34.14488004298462	143.07081735558108	98.0	42.525	126.375	1.0	1357.5
0	v1	hpv_vaccine_naive	unvaccinated_pre_2vHPV_baseline	unvaccinated_baseline	HPV18	vaccine_target_2vHPV_and_4vHPV	FcgR3A	fc_gamma_receptor_binding	Fc-receptor engagement	low	0.125	20	20	2.8560231704437533	2.4058167431608726	0.5379569779114863	1.7300662754382379	3.9819800654492687	7.2401679830483605	3.3174305779836764	15.80139544460921	6.4	2.825	12.350000000000001	1.0	654.5
0	v1	hpv_vaccine_naive	unvaccinated_pre_2vHPV_baseline	unvaccinated_baseline	HPV18	vaccine_target_2vHPV_and_4vHPV	ADCP	antibody_dependent_cellular_phagocytosis	Phagocytic function	none	0.0125	20	20	5.031283724519215	0.26580145690898394	0.05943501261669692	4.90688481343841	5.155682635600019	32.70147317944612	29.999879763393697	35.64635447009074	31.074608	28.7755426875	35.318383999999995	25.526402	59.046273
0	v1	hpv_vaccine_naive	unvaccinated_pre_2vHPV_baseline	unvaccinated_baseline	HPV18	vaccine_target_2vHPV_and_4vHPV	nAb	neutralizing_antibody	Neutralization	high	0.35	20	20	5.693856189774724	0.22360679774997894	0.04999999999999999	5.589204987054311	5.798507392495138	51.763246192068856	48.14135978132422	55.65762306074663	50.0	50.0	50.0	50.0	100.0
0	v1	hpv_vaccine_naive	unvaccinated_pre_2vHPV_baseline	unvaccinated_baseline	HPV31	cross_reactive_non_booster_target	IgG	antibody_isotype_or_subclass	Antibody abundance	none	0.0125	20	20	7.408559897377339	1.3012339050544786	0.2909647466329321	6.799563683689806	8.017556111064872	169.90210272916997	111.39677712143497	259.13428788272273	145.0	92.825	253.45	42.5	1731.8
0	v1	hpv_vaccine_naive	unvaccinated_pre_2vHPV_baseline	unvaccinated_baseline	HPV31	cross_reactive_non_booster_target	IgM	antibody_isotype_or_subclass	Antibody abundance	none	0.0125	20	20	9.052589484434149	1.3678543187807444	0.30586152401104116	8.41241395736107	9.692765011507229	531.007888945168	340.7131824766829	827.5857601761587	431.6	325.05	617.425	113.5	8099.8
0	v1	hpv_vaccine_naive	unvaccinated_pre_2vHPV_baseline	unvaccinated_baseline	HPV31	cross_reactive_non_booster_target	IgA1	antibody_isotype_or_subclass	Antibody abundance	low	0.05	20	20	6.767870413212824	1.766623287995008	0.39502897625910255	5.941065263714252	7.594675562711396	108.97628560626377	61.438251947918936	193.2970168911233	138.1	113.175	181.7	1.0	404.0
0	v1	hpv_vaccine_naive	unvaccinated_pre_2vHPV_baseline	unvaccinated_baseline	HPV31	cross_reactive_non_booster_target	IgA2	antibody_isotype_or_subclass	Antibody abundance	high	0.575	20	20	1.8150123700909258	2.9391368784223864	0.657210985532899	0.43945396854920715	3.190570771632644	3.5186264732970223	1.3560909767765799	9.129720992625113	1.0	1.0	23.224999999999994	1.0	277.5
0	v1	hpv_vaccine_naive	unvaccinated_pre_2vHPV_baseline	unvaccinated_baseline	HPV31	cross_reactive_non_booster_target	IgG1	antibody_isotype_or_subclass	IgG subclass architecture	none	0.0125	20	20	6.505945700416314	1.209186755518482	0.27038237828317446	5.940028878781515	7.071862522051113	90.88345024715592	61.39413256597061	134.5373113619898	79.75	57.225	133.25	18.5	481.0
0	v1	hpv_vaccine_naive	unvaccinated_pre_2vHPV_baseline	unvaccinated_baseline	HPV31	cross_reactive_non_booster_target	IgG2	antibody_isotype_or_subclass	IgG subclass architecture	high	0.3875	20	20	2.048073201376913	2.5280483518276853	0.5652887965093009	0.8649101525954486	3.2312362501583776	4.135532773822475	1.8212262422800474	9.390723088828615	2.25	1.0	8.799999999999997	1.0	398.8
0	v1	hpv_vaccine_naive	unvaccinated_pre_2vHPV_baseline	unvaccinated_baseline	HPV31	cross_reactive_non_booster_target	IgG3	antibody_isotype_or_subclass	IgG subclass architecture	none	0.0125	20	20	4.492651426511366	3.529113558470844	0.7891337817056986	2.84097543925518	6.144327413767552	22.51245405254982	7.16504338047798	70.73377794878857	45.0	1.0	127.25	1.0	1370.0
0	v1	hpv_vaccine_naive	unvaccinated_pre_2vHPV_baseline	unvaccinated_baseline	HPV31	cross_reactive_non_booster_target	IgG4	antibody_isotype_or_subclass	IgG subclass architecture	none	0.0125	20	20	0.15044943916136264	0.5738950516434514	0.12832683474255097	-0.11814171278087052	0.4190405911035958	1.1099151873048239	0.9213736772308665	1.3370381132575213	1.0	1.0	1.0	0.5	3.5
0	v1	hpv_vaccine_naive	unvaccinated_pre_2vHPV_baseline	unvaccinated_baseline	HPV31	cross_reactive_non_booster_target	FcgR2A	fc_gamma_receptor_binding	Fc-receptor engagement	low	0.125	20	20	4.7527666719890735	4.918198691822771	1.0997426601766254	2.4509788305804645	7.054554513397683	26.960337878435702	5.467869574266083	132.93291082514102	8.249999999999998	1.0	1546.25	1.0	2629.3
0	v1	hpv_vaccine_naive	unvaccinated_pre_2vHPV_baseline	unvaccinated_baseline	HPV31	cross_reactive_non_booster_target	FcgR2B	fc_gamma_receptor_binding	Fc-receptor engagement	moderate	0.1875	20	20	3.6743203219693967	2.369990631813732	0.529946015877318	2.5651305632003467	4.783510080738447	12.766758129037452	5.918085596632561	27.541019889622174	16.4	4.849999999999998	50.25	1.0	164.3
0	v1	hpv_vaccine_naive	unvaccinated_pre_2vHPV_baseline	unvaccinated_baseline	HPV31	cross_reactive_non_booster_target	FcgR3A	fc_gamma_receptor_binding	Fc-receptor engagement	moderate	0.1625	20	20	2.621114728386854	1.8574087365604135	0.41532921969510833	1.751820681066378	3.49040877570733	6.152252555255513	3.3678331855678265	11.238742959671365	7.9	2.625	13.75	1.0	49.0
0	v1	hpv_vaccine_naive	unvaccinated_pre_2vHPV_baseline	unvaccinated_baseline	HPV33	cross_reactive_non_booster_target	IgG	antibody_isotype_or_subclass	Antibody abundance	none	0.0125	20	20	8.330351857531419	0.9304446017213283	0.20805373787466078	7.894890379550202	8.765813335512636	321.87391583097326	238.01197973246295	435.28404666361394	323.0	247.25	389.275	76.0	1175.5
0	v1	hpv_vaccine_naive	unvaccinated_pre_2vHPV_baseline	unvaccinated_baseline	HPV33	cross_reactive_non_booster_target	IgM	antibody_isotype_or_subclass	Antibody abundance	none	0.0125	20	20	11.38763121506836	0.657475167261573	0.14701591675149214	11.079923364926605	11.695339065210115	2679.282918507144	2164.6579587160563	3316.2546205045915	3015.2	1796.458773686633	3617.925	1141.5	5681.8
0	v1	hpv_vaccine_naive	unvaccinated_pre_2vHPV_baseline	unvaccinated_baseline	HPV33	cross_reactive_non_booster_target	IgA1	antibody_isotype_or_subclass	Antibody abundance	none	0.0375	20	20	7.4463641200299975	1.5504966904277788	0.3467015998684961	6.720709331803406	8.172018908256588	174.41304277310368	105.47149477508864	288.41830253985717	150.55	107.625	307.25	27.5	3219.5
0	v1	hpv_vaccine_naive	unvaccinated_pre_2vHPV_baseline	unvaccinated_baseline	HPV33	cross_reactive_non_booster_target	IgA2	antibody_isotype_or_subclass	Antibody abundance	high	0.5125	20	20	2.1810315478568283	2.6695854631366296	0.5969374567318763	0.9316270919397196	3.430436003773937	4.534776813390829	1.9074260055708436	10.78112633843049	1.0	1.0	24.575	1.0	131.0
0	v1	hpv_vaccine_naive	unvaccinated_pre_2vHPV_baseline	unvaccinated_baseline	HPV33	cross_reactive_non_booster_target	IgG1	antibody_isotype_or_subclass	IgG subclass architecture	none	0.0125	20	20	7.741239979137559	0.8007735257838955	0.17905840382349708	7.3664664327910305	8.116013525484087	213.96632986788708	165.01649499631478	277.43644850871357	220.5	155.75	298.375	65.3	652.2
0	v1	hpv_vaccine_naive	unvaccinated_pre_2vHPV_baseline	unvaccinated_baseline	HPV33	cross_reactive_non_booster_target	IgG2	antibody_isotype_or_subclass	IgG subclass architecture	high	0.35	20	20	2.5569036894714223	2.9248109118394923	0.6540076020206249	1.1880500466763884	3.925757332266456	5.884434140955448	2.2784457917031005	15.197449632259755	2.4999999999999982	1.0	21.900000000000002	1.0	747.7
0	v1	hpv_vaccine_naive	unvaccinated_pre_2vHPV_baseline	unvaccinated_baseline	HPV33	cross_reactive_non_booster_target	IgG3	antibody_isotype_or_subclass	IgG subclass architecture	none	0.025	20	20	6.783464982250325	2.1067142966960524	0.47107563765830335	5.7974923411857855	7.7694376233148645	110.16063589531652	55.61847724563849	218.1894633192629	116.9	54.2	389.75	4.0	898.8
0	v1	hpv_vaccine_naive	unvaccinated_pre_2vHPV_baseline	unvaccinated_baseline	HPV33	cross_reactive_non_booster_target	IgG4	antibody_isotype_or_subclass	IgG subclass architecture	none	0.0125	20	20	0.8195760592416717	1.6352975364747986	0.36566364549955915	0.05423325338847851	1.5849188650948647	1.7648872983452828	1.0383071293572863	2.999909263638201	1.0	1.0	3.0	0.5	54.0
0	v1	hpv_vaccine_naive	unvaccinated_pre_2vHPV_baseline	unvaccinated_baseline	HPV33	cross_reactive_non_booster_target	FcgR2A	fc_gamma_receptor_binding	Fc-receptor engagement	moderate	0.2875	20	20	3.547531402345039	3.2184907312541364	0.7196764060037256	2.041231373189154	5.053831431500924	11.69266111049398	4.115966879606387	33.21657531363147	5.75	1.9750000000000005	89.75	1.0	831.5
0	v1	hpv_vaccine_naive	unvaccinated_pre_2vHPV_baseline	unvaccinated_baseline	HPV33	cross_reactive_non_booster_target	FcgR2B	fc_gamma_receptor_binding	Fc-receptor engagement	none	0.025	20	20	5.439298219448435	1.9956077110713986	0.4462314498378407	4.505325061104361	6.37327137779251	43.39022672311179	22.711090276338442	82.89834403258693	61.45	22.400000000000002	107.125	1.0	233.0
0	v1	hpv_vaccine_naive	unvaccinated_pre_2vHPV_baseline	unvaccinated_baseline	HPV33	cross_reactive_non_booster_target	FcgR3A	fc_gamma_receptor_binding	Fc-receptor engagement	high	0.4125	20	20	1.7165695069866302	2.1828674341310754	0.4881039968587629	0.6949561005084244	2.7381829134648363	3.2865399157099255	1.6188351731193757	6.6722942501559395	1.0	1.0	16.85	1.0	29.0
0	v1	hpv_vaccine_naive	unvaccinated_pre_2vHPV_baseline	unvaccinated_baseline	HPV45	cross_reactive_non_booster_target	IgG	antibody_isotype_or_subclass	Antibody abundance	none	0.0125	20	20	7.611907721571039	1.0756383529416833	0.24052004763835147	7.108493476296548	8.11532196684553	195.6196819274391	137.9970366151967	277.30349068364234	177.9	126.10000000000001	314.0	52.0	1486.3
0	v1	hpv_vaccine_naive	unvaccinated_pre_2vHPV_baseline	unvaccinated_baseline	HPV45	cross_reactive_non_booster_target	IgM	antibody_isotype_or_subclass	Antibody abundance	none	0.0125	20	20	10.283820592581439	1.0307990561845486	0.23049367607712756	9.801391784163025	10.766249400999852	1246.6325675479577	892.3041776244515	1741.6625377778876	1014.25	776.4749999999999	2311.7	353.0	4356.0
0	v1	hpv_vaccine_naive	unvaccinated_pre_2vHPV_baseline	unvaccinated_baseline	HPV45	cross_reactive_non_booster_target	IgA1	antibody_isotype_or_subclass	Antibody abundance	none	0.0375	20	20	8.033152609027058	1.004614596320019	0.22463865285600726	7.562978505049567	8.503326713004547	261.9509000881103	189.09645473843375	362.8744608241695	280.0	210.97500000000002	395.25	53.0	1250.0
0	v1	hpv_vaccine_naive	unvaccinated_pre_2vHPV_baseline	unvaccinated_baseline	HPV45	cross_reactive_non_booster_target	IgA2	antibody_isotype_or_subclass	Antibody abundance	high	0.3875	20	20	5.4486593252188715	4.3012340990541675	0.9617851832625182	3.4356198014769617	7.461698848960781	43.67268498443095	10.81993405718444	176.27680572442026	139.89999999999964	1.0	716.625	1.0	1247.5
0	v1	hpv_vaccine_naive	unvaccinated_pre_2vHPV_baseline	unvaccinated_baseline	HPV45	cross_reactive_non_booster_target	IgG1	antibody_isotype_or_subclass	IgG subclass architecture	none	0.0125	20	20	7.0929037468844935	1.0139203584487866	0.226719484526244	6.618374412168023	7.5674330816009645	136.51387176806674	98.24924474876458	189.68122587367276	127.5	98.2	156.3	54.0	1278.3
0	v1	hpv_vaccine_naive	unvaccinated_pre_2vHPV_baseline	unvaccinated_baseline	HPV45	cross_reactive_non_booster_target	IgG2	antibody_isotype_or_subclass	IgG subclass architecture	high	0.5	20	20	2.1496442092921044	2.8506935068577444	0.6374344464351179	0.8154785797949871	3.483809838789222	4.437183475877857	1.7598818540073329	11.1874539496908	1.0	1.0	16.575	1.0	449.5
0	v1	hpv_vaccine_naive	unvaccinated_pre_2vHPV_baseline	unvaccinated_baseline	HPV45	cross_reactive_non_booster_target	IgG3	antibody_isotype_or_subclass	IgG subclass architecture	low	0.0625	20	20	5.571569204421809	2.673580988570123	0.5978308833793883	4.320294785040608	6.822843623803009	47.556452799157405	19.977370329909494	113.2089041495349	57.85	27.0	113.175	1.0	1086.0
0	v1	hpv_vaccine_naive	unvaccinated_pre_2vHPV_baseline	unvaccinated_baseline	HPV45	cross_reactive_non_booster_target	IgG4	antibody_isotype_or_subclass	IgG subclass architecture	none	0.0125	20	20	0.8784129935933237	1.7187930356965715	0.3843338067070756	0.07399309123311859	1.6828328959535288	1.8383519480950823	1.0526261138895556	3.2105776595046307	1.0	1.0	1.5	1.0	54.0
0	v1	hpv_vaccine_naive	unvaccinated_pre_2vHPV_baseline	unvaccinated_baseline	HPV45	cross_reactive_non_booster_target	FcgR2A	fc_gamma_receptor_binding	Fc-receptor engagement	moderate	0.175	20	20	4.372307734110745	4.74800614082951	1.0616864488481224	2.150172458432337	6.594443009789153	20.710747707286014	4.438808467621639	96.63293059920672	7.399999999999998	1.0	1158.375	1.0	1879.0
0	v1	hpv_vaccine_naive	unvaccinated_pre_2vHPV_baseline	unvaccinated_baseline	HPV45	cross_reactive_non_booster_target	FcgR2B	fc_gamma_receptor_binding	Fc-receptor engagement	moderate	0.1875	20	20	5.022520064289122	2.058218340938997	0.4602316122876436	4.059244229171986	5.9857958994062574	32.50342998827671	16.670716756929796	63.37297768337667	50.05	20.900000000000002	60.3	1.0	288.0
0	v1	hpv_vaccine_naive	unvaccinated_pre_2vHPV_baseline	unvaccinated_baseline	HPV45	cross_reactive_non_booster_target	FcgR3A	fc_gamma_receptor_binding	Fc-receptor engagement	high	0.325	20	20	2.4098996951814797	1.833014676824201	0.40987454211337215	1.5520224192486192	3.2677769711143405	5.314373756380033	2.9322790811691055	9.63160996641577	4.4	2.5	14.625	1.0	86.0
0	v1	hpv_vaccine_naive	unvaccinated_pre_2vHPV_baseline	unvaccinated_baseline	HPV52	cross_reactive_non_booster_target	IgG	antibody_isotype_or_subclass	Antibody abundance	none	0.0125	20	20	8.082253901803316	2.38732629486773	0.5338223879796952	6.9649508029801535	9.199557000626479	271.0196980052973	124.9278051716688	587.9529909770637	182.15	126.97500000000001	258.85	63.3	32700.7
0	v1	hpv_vaccine_naive	unvaccinated_pre_2vHPV_baseline	unvaccinated_baseline	HPV52	cross_reactive_non_booster_target	IgM	antibody_isotype_or_subclass	Antibody abundance	none	0.0125	20	20	10.534217453918286	0.7894328471014173	0.17652255097899666	10.164751508573737	10.903683399262835	1482.9121874235916	1147.8763353543552	1915.736467317771	1541.25	1008.95	2027.625	442.5	3558.0
0	v1	hpv_vaccine_naive	unvaccinated_pre_2vHPV_baseline	unvaccinated_baseline	HPV52	cross_reactive_non_booster_target	IgA1	antibody_isotype_or_subclass	Antibody abundance	moderate	0.175	20	20	7.665006316076185	2.3620001473979	0.5281592892446227	6.559556219128018	8.770456413024352	202.95362749526154	94.32421080137003	436.6871937070806	216.3	120.225	460.4	1.0	2758.7
0	v1	hpv_vaccine_naive	unvaccinated_pre_2vHPV_baseline	unvaccinated_baseline	HPV52	cross_reactive_non_booster_target	IgA2	antibody_isotype_or_subclass	Antibody abundance	none	0.0125	20	20	2.3173503215060163	3.465179027953258	0.7748375860710128	0.6955966155997535	3.939104027412279	4.984159790779798	1.6195540489300846	15.338696992815542	1.0	1.0	49.25	0.5	695.5
0	v1	hpv_vaccine_naive	unvaccinated_pre_2vHPV_baseline	unvaccinated_baseline	HPV52	cross_reactive_non_booster_target	IgG1	antibody_isotype_or_subclass	IgG subclass architecture	none	0.0125	20	20	7.452937880983671	2.5964145847439117	0.5805759509259275	6.237778450284754	8.668097311682589	175.20958380547745	75.46723177160031	406.7778496261339	121.3	64.875	177.39999999999998	26.8	29402.8
0	v1	hpv_vaccine_naive	unvaccinated_pre_2vHPV_baseline	unvaccinated_baseline	HPV52	cross_reactive_non_booster_target	IgG2	antibody_isotype_or_subclass	IgG subclass architecture	high	0.4125	20	20	2.124315226634139	2.6522689488285973	0.5930653664192654	0.883015148882166	3.3656153043861123	4.359960989515195	1.8442256008392421	10.30744818933425	1.0	1.0	16.474999999999998	1.0	273.5
0	v1	hpv_vaccine_naive	unvaccinated_pre_2vHPV_baseline	unvaccinated_baseline	HPV52	cross_reactive_non_booster_target	IgG3	antibody_isotype_or_subclass	IgG subclass architecture	low	0.0875	20	20	5.886174453061374	3.469291537782285	0.7757571712245969	4.262496033308583	7.5098528728141645	59.14459606621147	19.192836445859424	182.25983708572568	57.85	28.975	121.55	1.0	7301.5
0	v1	hpv_vaccine_naive	unvaccinated_pre_2vHPV_baseline	unvaccinated_baseline	HPV52	cross_reactive_non_booster_target	IgG4	antibody_isotype_or_subclass	IgG subclass architecture	none	0.0125	20	20	0.1578926084570862	1.0496143756465046	0.2347009094106584	-0.33334204053091654	0.6491272574450889	1.1156562718503984	0.793695735722644	1.5682192317511519	1.0	1.0	1.0	0.2999999999999971	8.5
0	v1	hpv_vaccine_naive	unvaccinated_pre_2vHPV_baseline	unvaccinated_baseline	HPV52	cross_reactive_non_booster_target	FcgR2A	fc_gamma_receptor_binding	Fc-receptor engagement	high	0.3375	20	20	3.6508508537037683	5.135071231284708	1.148236834245615	1.2475635394701023	6.054138167937435	12.560751296979905	2.374400892684728	66.44727671332264	1.0	1.0	930.125	1.0	3295.3
0	v1	hpv_vaccine_naive	unvaccinated_pre_2vHPV_baseline	unvaccinated_baseline	HPV52	cross_reactive_non_booster_target	FcgR2B	fc_gamma_receptor_binding	Fc-receptor engagement	high	0.3875	20	20	2.2499991653289335	3.509938589134224	0.7848461282153829	0.6072973399649453	3.892700990692922	4.7568257079490674	1.5234026811889578	14.85319088328329	1.0	1.0	15.775000000000004	1.0	2789.5
0	v1	hpv_vaccine_naive	unvaccinated_pre_2vHPV_baseline	unvaccinated_baseline	HPV52	cross_reactive_non_booster_target	FcgR3A	fc_gamma_receptor_binding	Fc-receptor engagement	moderate	0.25	20	20	3.2734203979279988	2.7212103524574958	0.6084811329171123	1.9998547500788912	4.546986045777106	9.66935996529399	3.9995973019789	23.37648395056434	8.0	4.825	15.875	1.0	1398.0
0	v1	hpv_vaccine_naive	unvaccinated_pre_2vHPV_baseline	unvaccinated_baseline	HPV58	cross_reactive_non_booster_target	IgG	antibody_isotype_or_subclass	Antibody abundance	none	0.0125	20	20	8.774678470597772	1.1734203274652053	0.26238476183922627	8.225500852558088	9.323856088637456	437.9670337859109	299.3108677160749	640.8558571457697	368.5	247.925	698.5	104.8	2326.0
0	v1	hpv_vaccine_naive	unvaccinated_pre_2vHPV_baseline	unvaccinated_baseline	HPV58	cross_reactive_non_booster_target	IgM	antibody_isotype_or_subclass	Antibody abundance	none	0.0125	20	20	11.20758110053934	0.7552284879589701	0.16887422376206385	10.854123288035817	11.561038913042863	2364.9289087185466	1851.0437618196431	3021.478399729828	2325.0	1576.175	3143.45	974.3	7184.0
0	v1	hpv_vaccine_naive	unvaccinated_pre_2vHPV_baseline	unvaccinated_baseline	HPV58	cross_reactive_non_booster_target	IgA1	antibody_isotype_or_subclass	Antibody abundance	none	0.0125	20	20	8.142847512160275	1.3834979911101772	0.30935955548567556	7.495350521067708	8.790344503252841	282.645028700028	180.43689076525766	442.74877443311493	247.75	166.25	469.7	31.0	2360.5
0	v1	hpv_vaccine_naive	unvaccinated_pre_2vHPV_baseline	unvaccinated_baseline	HPV58	cross_reactive_non_booster_target	IgA2	antibody_isotype_or_subclass	Antibody abundance	high	0.5125	20	20	2.248998448204447	3.059705316189087	0.6841709078116286	0.8170122808283704	3.680984615580524	4.753527307223043	1.761753744980691	12.8258684988706	1.75	1.0	18.375	1.0	2341.3
0	v1	hpv_vaccine_naive	unvaccinated_pre_2vHPV_baseline	unvaccinated_baseline	HPV58	cross_reactive_non_booster_target	IgG1	antibody_isotype_or_subclass	IgG subclass architecture	none	0.0125	20	20	8.09450741731348	1.4381280465496078	0.32157520724339045	7.421442773251742	8.767572061375219	273.33140435634516	171.4260766888352	435.81500580580985	185.65	143.5	544.425	66.3	2838.5
0	v1	hpv_vaccine_naive	unvaccinated_pre_2vHPV_baseline	unvaccinated_baseline	HPV58	cross_reactive_non_booster_target	IgG2	antibody_isotype_or_subclass	IgG subclass architecture	none	0.0125	20	20	2.804808227864628	2.8150269418959395	0.6294591600572671	1.487335064597147	4.122281391132109	6.987654262465766	2.8037059806888047	17.41527550608579	7.899999999999998	1.0	19.724999999999994	1.0	590.5
0	v1	hpv_vaccine_naive	unvaccinated_pre_2vHPV_baseline	unvaccinated_baseline	HPV58	cross_reactive_non_booster_target	IgG3	antibody_isotype_or_subclass	IgG subclass architecture	low	0.05	20	20	6.3410295816048095	2.6634181038983225	0.5955583932820246	5.094511538660795	7.587547624548824	81.06625443663613	34.16652314791969	192.34434770942042	127.35	50.75	196.0	1.0	2506.7
0	v1	hpv_vaccine_naive	unvaccinated_pre_2vHPV_baseline	unvaccinated_baseline	HPV58	cross_reactive_non_booster_target	IgG4	antibody_isotype_or_subclass	IgG subclass architecture	none	0.0125	20	20	0.43239795727058594	1.1989900786133774	0.26810233201273287	-0.1287466726750145	0.9935425872161864	1.3494747261071154	0.9146256773777294	1.991068129229647	1.0	1.0	1.4499999999999993	0.2000000000000028	8.799999999999997
0	v1	hpv_vaccine_naive	unvaccinated_pre_2vHPV_baseline	unvaccinated_baseline	HPV58	cross_reactive_non_booster_target	FcgR2A	fc_gamma_receptor_binding	Fc-receptor engagement	moderate	0.2	20	20	4.049002545117117	4.266112705709517	0.9539318009642035	2.052400339434044	6.045604750800191	16.552790505729114	4.147955277715069	66.05540686482232	7.5	1.0	626.125	1.0	1431.5
0	v1	hpv_vaccine_naive	unvaccinated_pre_2vHPV_baseline	unvaccinated_baseline	HPV58	cross_reactive_non_booster_target	FcgR2B	fc_gamma_receptor_binding	Fc-receptor engagement	low	0.075	20	20	4.815494590868879	2.2861857155391614	0.5112066669134562	3.745526740245143	5.885462441492615	28.15842216541764	13.412690348277854	59.11541370577369	45.85	16.400000000000002	65.5	1.0	545.0
0	v1	hpv_vaccine_naive	unvaccinated_pre_2vHPV_baseline	unvaccinated_baseline	HPV58	cross_reactive_non_booster_target	FcgR3A	fc_gamma_receptor_binding	Fc-receptor engagement	high	0.325	20	20	2.69625082000527	1.7998515891907376	0.40245905028415146	1.853894346846236	3.538607293164304	6.48115447338779	3.6147461779330636	11.620556808205414	6.5	2.5	16.125	1.0	68.5
0	v1	hpv_vaccine_naive	unvaccinated_pre_2vHPV_baseline	unvaccinated_baseline	BPV	heterologous_control_antigen	IgG	antibody_isotype_or_subclass	Antibody abundance	none	0.0125	20	20	8.147854291914914	0.6633292673925087	0.14832493333547841	7.837406638575255	8.458301945254572	283.62763402457813	228.71491479124018	351.72448135184334	281.1	225.35000000000002	386.725	94.0	735.0
0	v1	hpv_vaccine_naive	unvaccinated_pre_2vHPV_baseline	unvaccinated_baseline	BPV	heterologous_control_antigen	IgM	antibody_isotype_or_subclass	Antibody abundance	none	0.0125	20	20	9.691258040247217	1.1180062680653857	0.24999380146650546	9.168015000324857	10.214501080169576	826.7217544152802	575.237931318891	1188.1498455020844	782.6	470.2	1261.875	273.2	4914.5
0	v1	hpv_vaccine_naive	unvaccinated_pre_2vHPV_baseline	unvaccinated_baseline	BPV	heterologous_control_antigen	IgA1	antibody_isotype_or_subclass	Antibody abundance	low	0.0875	20	20	7.025031197990328	2.3577164062690272	0.5272014156084056	5.921585953603848	8.12847644237681	130.24021697721028	60.614286019231116	279.84350278231636	161.1	81.625	285.75	1.0	1760.3
0	v1	hpv_vaccine_naive	unvaccinated_pre_2vHPV_baseline	unvaccinated_baseline	BPV	heterologous_control_antigen	IgA2	antibody_isotype_or_subclass	Antibody abundance	none	0.0125	20	20	3.8105988529488473	2.9198680146418914	0.652902336606662	2.4440585572517435	5.177139148645951	14.0315147192016	5.441704277355048	36.18046760359178	19.4	1.0	67.1	1.0	278.0
0	v1	hpv_vaccine_naive	unvaccinated_pre_2vHPV_baseline	unvaccinated_baseline	BPV	heterologous_control_antigen	IgG1	antibody_isotype_or_subclass	IgG subclass architecture	none	0.0125	20	20	7.636416568745839	0.6561694146776778	0.14672394159755356	7.329319829624566	7.9435133078671125	198.97130417627417	160.82187327545756	246.1703689882901	221.45	167.02499999999998	241.39999999999998	80.3	563.0
0	v1	hpv_vaccine_naive	unvaccinated_pre_2vHPV_baseline	unvaccinated_baseline	BPV	heterologous_control_antigen	IgG2	antibody_isotype_or_subclass	IgG subclass architecture	high	0.45	20	20	3.5230115092534477	3.0148723815348726	0.6741459588598656	2.1120078011776258	4.93401521732927	11.49561311946554	4.322924983724332	30.5693764037001	24.85	1.0	52.55	1.0	601.7
0	v1	hpv_vaccine_naive	unvaccinated_pre_2vHPV_baseline	unvaccinated_baseline	BPV	heterologous_control_antigen	IgG3	antibody_isotype_or_subclass	IgG subclass architecture	low	0.0625	20	20	7.641480912135298	2.818983226319688	0.6303438121482496	6.322156150761607	8.960805673508988	199.67098752042727	80.0126471024766	498.2775186317837	284.85	59.75	767.6500000000001	1.0	3454.7
0	v1	hpv_vaccine_naive	unvaccinated_pre_2vHPV_baseline	unvaccinated_baseline	BPV	heterologous_control_antigen	IgG4	antibody_isotype_or_subclass	IgG subclass architecture	high	0.6875	20	20	1.1668562162599487	2.050752764678492	0.45856225868667383	0.2070743783849559	2.1266380541349417	2.2452190670681857	1.1543449284292928	4.366986448310377	1.0	1.0	4.875	1.0	74.0
0	v1	hpv_vaccine_naive	unvaccinated_pre_2vHPV_baseline	unvaccinated_baseline	BPV	heterologous_control_antigen	FcgR2A	fc_gamma_receptor_binding	Fc-receptor engagement	moderate	0.2125	20	20	1.7913192039209676	1.8412923949546056	0.4117254961571889	0.9295678366507943	2.6530705711911406	3.461312511354441	1.9047053507885223	6.290046014885686	2.75	1.0	6.199999999999999	1.0	44.5
0	v1	hpv_vaccine_naive	unvaccinated_pre_2vHPV_baseline	unvaccinated_baseline	BPV	heterologous_control_antigen	FcgR2B	fc_gamma_receptor_binding	Fc-receptor engagement	high	0.75	20	20	1.0367680805282369	1.868012687125812	0.4177003351245362	0.16251123157818992	1.911024929478284	2.05162645633161	1.11923364098114	3.7607617946776206	1.0	1.0	2.9499999999999993	1.0	29.200000000000003
0	v1	hpv_vaccine_naive	unvaccinated_pre_2vHPV_baseline	unvaccinated_baseline	BPV	heterologous_control_antigen	FcgR3A	fc_gamma_receptor_binding	Fc-receptor engagement	high	0.3875	20	20	2.050556569595402	1.7121111273280574	0.3828396865739334	1.249263896614039	2.8518492425767645	4.142657560809641	2.3772010060383457	7.219251389571579	4.5	1.0	13.425	1.0	25.5
0	v2	hpv_vaccine_naive	primary_2vHPV_response_day28	primary_immunization	HPV16	vaccine_target_2vHPV_and_4vHPV	IgG	antibody_isotype_or_subclass	Antibody abundance	none	0.0125	20	20	14.045036215746359	1.081761814052939	0.24188929516858587	13.538756102454649	14.55131632903807	16903.521530785965	11900.677624398646	24009.476532323333	27235.0	10517.5	31335.975	3976.5	32673.0
0	v2	hpv_vaccine_naive	primary_2vHPV_response_day28	primary_immunization	HPV16	vaccine_target_2vHPV_and_4vHPV	IgM	antibody_isotype_or_subclass	Antibody abundance	none	0.0125	20	20	13.205915093713054	1.2701544990815063	0.28401518018734423	12.611464489763845	13.800365697662263	9448.797974400413	6257.906941621392	14266.716330860205	9765.35	5800.375	19200.35	1674.0	32701.0
0	v2	hpv_vaccine_naive	primary_2vHPV_response_day28	primary_immunization	HPV16	vaccine_target_2vHPV_and_4vHPV	IgA1	antibody_isotype_or_subclass	Antibody abundance	none	0.0125	20	20	12.658782205157054	1.989353490690853	0.44483296364612424	11.727736112052	13.589828298262109	6466.557629521926	3391.566609828619	12329.513875607261	9558.1	1675.375	24200.425	680.0	30075.0
0	v2	hpv_vaccine_naive	primary_2vHPV_response_day28	primary_immunization	HPV16	vaccine_target_2vHPV_and_4vHPV	IgA2	antibody_isotype_or_subclass	Antibody abundance	none	0.025	20	20	10.423554831484015	2.863771090271211	0.6403586829845114	9.083268704548237	11.763840958419793	1373.4177810697097	542.4208048017717	3477.5148457806417	2268.5	533.0	4297.5	6.0	25798.5
0	v2	hpv_vaccine_naive	primary_2vHPV_response_day28	primary_immunization	HPV16	vaccine_target_2vHPV_and_4vHPV	IgG1	antibody_isotype_or_subclass	IgG subclass architecture	none	0.0125	20	20	13.448685838914107	1.0618949804485518	0.2374469361248772	12.951703689959198	13.945667987869017	11180.412826557988	7922.3003917836795	15778.451307135889	13148.35	6345.125	20372.45	2214.0	32685.0
0	v2	hpv_vaccine_naive	primary_2vHPV_response_day28	primary_immunization	HPV16	vaccine_target_2vHPV_and_4vHPV	IgG2	antibody_isotype_or_subclass	IgG subclass architecture	none	0.0125	20	20	3.421815014779799	3.697765249261716	0.826845446218565	1.6912076065664088	5.152422422993189	10.71689458983661	3.2292689625444546	35.56589153204922	11.450000000000005	1.0	73.875	0.2000000000000028	2002.0
0	v2	hpv_vaccine_naive	primary_2vHPV_response_day28	primary_immunization	HPV16	vaccine_target_2vHPV_and_4vHPV	IgG3	antibody_isotype_or_subclass	IgG subclass architecture	none	0.0125	20	20	12.001646278130174	2.143113850166063	0.47921482524926157	10.998638121654418	13.00465443460593	4100.676666824935	2046.0676367881538	8218.471776543478	4308.65	1603.7	10373.95	163.0	32676.5
0	v2	hpv_vaccine_naive	primary_2vHPV_response_day28	primary_immunization	HPV16	vaccine_target_2vHPV_and_4vHPV	IgG4	antibody_isotype_or_subclass	IgG subclass architecture	moderate	0.1875	20	20	0.8988604896092062	1.5755088931979602	0.35229449843460947	0.16149963014987434	1.636221349068538	1.8645926557445731	1.118449122104194	3.1085059687969543	1.0	1.0	3.900000000000002	1.0	51.0
0	v2	hpv_vaccine_naive	primary_2vHPV_response_day28	primary_immunization	HPV16	vaccine_target_2vHPV_and_4vHPV	FcgR2A	fc_gamma_receptor_binding	Fc-receptor engagement	low	0.075	20	20	6.545987673104435	5.2080376355630955	1.1645526182496357	4.108551030483824	8.983424315725046	93.44125028346006	17.250317739114152	506.1510974223133	684.85	1.0	2329.9750000000004	1.0	5123.5
0	v2	hpv_vaccine_naive	primary_2vHPV_response_day28	primary_immunization	HPV16	vaccine_target_2vHPV_and_4vHPV	FcgR2B	fc_gamma_receptor_binding	Fc-receptor engagement	none	0.0125	20	20	10.672732563523962	0.7929956687545378	0.17731922211980522	10.301599166318248	11.043865960729676	1632.3475710029975	1262.0900775698378	2111.2269559158644	1796.35	1182.825	2509.75	579.5	3441.8
0	v2	hpv_vaccine_naive	primary_2vHPV_response_day28	primary_immunization	HPV16	vaccine_target_2vHPV_and_4vHPV	FcgR3A	fc_gamma_receptor_binding	Fc-receptor engagement	none	0.0125	20	20	9.629806842644431	1.0173306934426787	0.2274820586134829	9.153681422020101	10.10593226326876	792.2471984067921	569.5510787693095	1102.0181451322228	880.0	465.45	1265.125	179.3	2126.5
0	v2	hpv_vaccine_naive	primary_2vHPV_response_day28	primary_immunization	HPV16	vaccine_target_2vHPV_and_4vHPV	ADCP	antibody_dependent_cellular_phagocytosis	Phagocytic function	none	0.0125	20	20	5.81715141018351	0.8976291973591456	0.2007159903883624	5.39704801419629	6.23725480617073	56.38155685219091	42.137943871457495	75.43984497141251	61.07437200000001	35.6619175625	92.168799375	18.33275375	123.224769
0	v2	hpv_vaccine_naive	primary_2vHPV_response_day28	primary_immunization	HPV16	vaccine_target_2vHPV_and_4vHPV	nAb	neutralizing_antibody	Neutralization	low	0.05	20	20	10.843856189774728	2.706716791515818	0.6052402741669495	9.57707373724665	12.110638642302806	1837.9173679952603	763.8119796826961	4422.4761347444355	1600.0	400.0	5600.0	200.0	51200.0
0	v2	hpv_vaccine_naive	primary_2vHPV_response_day28	primary_immunization	HPV18	vaccine_target_2vHPV_and_4vHPV	IgG	antibody_isotype_or_subclass	Antibody abundance	none	0.0125	20	20	12.106519273078472	1.475748021892801	0.32998728946131506	11.415847938586957	12.797190607569988	4409.86652052856	2732.201059763827	7117.676299620375	3763.15	2164.1000000000004	7081.675	781.3	32669.8
0	v2	hpv_vaccine_naive	primary_2vHPV_response_day28	primary_immunization	HPV18	vaccine_target_2vHPV_and_4vHPV	IgM	antibody_isotype_or_subclass	Antibody abundance	none	0.0125	20	20	12.15921494201515	0.843395333679225	0.1885889298012865	11.764493775545947	12.553936108484354	4573.918493406678	3479.0887715844597	6013.278693891968	4808.65	3071.7250000000004	6764.7	1771.0	11785.0
0	v2	hpv_vaccine_naive	primary_2vHPV_response_day28	primary_immunization	HPV18	vaccine_target_2vHPV_and_4vHPV	IgA1	antibody_isotype_or_subclass	Antibody abundance	none	0.0125	20	20	11.10910687264909	1.5578081236721137	0.34833648604322454	10.380030228332572	11.838183516965607	2208.8915493678983	1332.6019812675647	3661.4097423356984	2535.5	1152.95	5633.5	270.0	9792.8
0	v2	hpv_vaccine_naive	primary_2vHPV_response_day28	primary_immunization	HPV18	vaccine_target_2vHPV_and_4vHPV	IgA2	antibody_isotype_or_subclass	Antibody abundance	low	0.125	20	20	8.660533305376354	3.3003101580899403	0.7379717860322184	7.115940605736293	10.205126005016416	404.6507068535208	138.71121304130742	1180.4539154905415	602.15	333.2	1165.875	1.0	8023.5
0	v2	hpv_vaccine_naive	primary_2vHPV_response_day28	primary_immunization	HPV18	vaccine_target_2vHPV_and_4vHPV	IgG1	antibody_isotype_or_subclass	IgG subclass architecture	none	0.0125	20	20	11.505995465395086	1.3499556672174986	0.3018592638509411	10.874196765109096	12.137794165681077	2908.3707288411565	1876.978962707409	4506.507778957245	2622.05	1479.575	4203.95	784.5	19079.3
0	v2	hpv_vaccine_naive	primary_2vHPV_response_day28	primary_immunization	HPV18	vaccine_target_2vHPV_and_4vHPV	IgG2	antibody_isotype_or_subclass	IgG subclass architecture	low	0.0875	20	20	3.4124697093415457	3.013243446864037	0.6737817179943761	2.002228366158792	4.8227110525242995	10.647698417596814	4.006183116828589	28.299625425470676	16.75	1.0	35.0	1.0	1856.5
0	v2	hpv_vaccine_naive	primary_2vHPV_response_day28	primary_immunization	HPV18	vaccine_target_2vHPV_and_4vHPV	IgG3	antibody_isotype_or_subclass	IgG subclass architecture	none	0.0125	20	20	9.849456216981707	2.1912831467617395	0.48998580741088976	8.823904135752061	10.875008298211354	922.5326856164025	453.16861430114074	1878.0350826879185	656.75	283.625	1889.725	145.8	30667.0
0	v2	hpv_vaccine_naive	primary_2vHPV_response_day28	primary_immunization	HPV18	vaccine_target_2vHPV_and_4vHPV	IgG4	antibody_isotype_or_subclass	IgG subclass architecture	none	0.0125	20	20	0.9459347197221412	1.8229501993449932	0.40762405653321976	0.09276776424263855	1.7991016752016438	1.9264366170448146	1.0664141025393128	3.4800346606952903	1.0	1.0	1.875	0.7999999999999972	57.5
0	v2	hpv_vaccine_naive	primary_2vHPV_response_day28	primary_immunization	HPV18	vaccine_target_2vHPV_and_4vHPV	FcgR2A	fc_gamma_receptor_binding	Fc-receptor engagement	low	0.05	20	20	5.518022621623574	4.120169550549582	0.921297919385362	3.589723915073727	7.446321328173422	45.82371823395669	12.039669757458258	174.40786957501692	101.5	2.875	587.675	1.0	2070.0
0	v2	hpv_vaccine_naive	primary_2vHPV_response_day28	primary_immunization	HPV18	vaccine_target_2vHPV_and_4vHPV	FcgR2B	fc_gamma_receptor_binding	Fc-receptor engagement	none	0.0125	20	20	8.895831183770245	1.38916314680355	0.3106263228090257	8.245682818198567	9.545979549341922	476.3344834443312	303.5273729057705	747.5257929656871	517.25	279.925	973.675	78.0	2248.5
0	v2	hpv_vaccine_naive	primary_2vHPV_response_day28	primary_immunization	HPV18	vaccine_target_2vHPV_and_4vHPV	FcgR3A	fc_gamma_receptor_binding	Fc-receptor engagement	none	0.025	20	20	6.662801459887429	1.8667959385871085	0.4174282618801297	5.789114066782485	7.536488852992372	101.32184621091066	55.296415835701	185.65609297518563	90.65	56.474999999999994	214.575	5.0	848.5
0	v2	hpv_vaccine_naive	primary_2vHPV_response_day28	primary_immunization	HPV18	vaccine_target_2vHPV_and_4vHPV	ADCP	antibody_dependent_cellular_phagocytosis	Phagocytic function	none	0.0125	20	20	5.649483313274483	0.276069895495615	0.06173110528694581	5.520278625003696	5.7786880015452695	50.19540206723337	45.89543077963245	54.898240323508595	49.887478375	43.05197475	55.1801586875	39.08718	71.48971
0	v2	hpv_vaccine_naive	primary_2vHPV_response_day28	primary_immunization	HPV18	vaccine_target_2vHPV_and_4vHPV	nAb	neutralizing_antibody	Neutralization	none	0.025	20	20	9.593856189774728	2.3502519461807316	0.5255323115911293	8.493904420245716	10.69380795930374	772.7490631398782	360.51223706077354	1656.3685034716204	600.0	350.0	1600.0	50.0	25600.0
0	v2	hpv_vaccine_naive	primary_2vHPV_response_day28	primary_immunization	HPV31	cross_reactive_non_booster_target	IgG	antibody_isotype_or_subclass	Antibody abundance	none	0.0125	20	20	9.44151720468436	2.4750225112059985	0.5534318580898847	8.28317101322637	10.599863396142348	695.3122537485302	311.5178481175616	1551.946808615637	350.85	218.325	2350.2	118.5	31355.8
0	v2	hpv_vaccine_naive	primary_2vHPV_response_day28	primary_immunization	HPV31	cross_reactive_non_booster_target	IgM	antibody_isotype_or_subclass	Antibody abundance	none	0.0125	20	20	10.627954262931064	1.4781370380353684	0.3305214897107276	9.936164834467657	11.319743691394471	1582.4610368805716	979.6786802352519	2556.1268033757765	1496.35	826.425	3574.8999999999996	196.7	9816.5
0	v2	hpv_vaccine_naive	primary_2vHPV_response_day28	primary_immunization	HPV31	cross_reactive_non_booster_target	IgA1	antibody_isotype_or_subclass	Antibody abundance	none	0.0125	20	20	9.186823735979592	2.370245781810943	0.5300030691511403	8.077514563336049	10.296132908623136	582.7865354790922	270.1308430509616	1257.3171656360926	329.25	216.27499999999998	613.625	95.3	31371.5
0	v2	hpv_vaccine_naive	primary_2vHPV_response_day28	primary_immunization	HPV31	cross_reactive_non_booster_target	IgA2	antibody_isotype_or_subclass	Antibody abundance	moderate	0.2125	20	20	5.279122821262048	4.371207897624622	0.9774318002872595	3.2333345517172405	7.3249110908068555	38.83061956259448	9.404391192456043	160.33116708548627	60.900000000000006	1.0	117.225	1.0	23123.5
0	v2	hpv_vaccine_naive	primary_2vHPV_response_day28	primary_immunization	HPV31	cross_reactive_non_booster_target	IgG1	antibody_isotype_or_subclass	IgG subclass architecture	none	0.0125	20	20	8.479083264072047	2.399922048783597	0.5366388841780688	7.355885170956539	9.602281357187556	356.82756654752114	163.8106302036231	777.275028427365	173.0	115.5	884.175	56.7	18746.5
0	v2	hpv_vaccine_naive	primary_2vHPV_response_day28	primary_immunization	HPV31	cross_reactive_non_booster_target	IgG2	antibody_isotype_or_subclass	IgG subclass architecture	moderate	0.1875	20	20	1.812843743316056	2.2788354252873093	0.5095630920477067	0.7463159344215542	2.879371552210558	3.513341326281703	1.677503683605429	7.358295183250547	1.0	1.0	11.025000000000004	1.0	68.0
0	v2	hpv_vaccine_naive	primary_2vHPV_response_day28	primary_immunization	HPV31	cross_reactive_non_booster_target	IgG3	antibody_isotype_or_subclass	IgG subclass architecture	none	0.0375	20	20	6.173675209357894	3.956820988696406	0.8847720705523091	4.321825983023306	8.025524435692482	72.18740358233492	19.9985844790814	260.5695038771194	55.95	15.725	435.875	1.0	32557.0
0	v2	hpv_vaccine_naive	primary_2vHPV_response_day28	primary_immunization	HPV31	cross_reactive_non_booster_target	IgG4	antibody_isotype_or_subclass	IgG subclass architecture	high	0.45	20	20	0.14339482319963273	0.6412811445918853	0.14339482319963273	-0.15673399103481864	0.4435236374340841	1.1045010752640576	0.897053546165013	1.359921746560996	1.0	1.0	1.0	1.0	7.299999999999997
0	v2	hpv_vaccine_naive	primary_2vHPV_response_day28	primary_immunization	HPV31	cross_reactive_non_booster_target	FcgR2A	fc_gamma_receptor_binding	Fc-receptor engagement	low	0.1	20	20	3.737004824368241	3.8632981500061874	0.8638597280763014	1.928925633869961	5.5450840148665215	13.333695902315297	3.8077153538717603	46.69136999293868	12.899999999999997	1.0	65.925	1.0	3314.5
0	v2	hpv_vaccine_naive	primary_2vHPV_response_day28	primary_immunization	HPV31	cross_reactive_non_booster_target	FcgR2B	fc_gamma_receptor_binding	Fc-receptor engagement	none	0.0375	20	20	6.007922729118188	3.306803411024253	0.7394237215278406	4.460291093560341	7.555554364676035	64.3524303309878	22.01311024241006	188.12585972182202	64.4	22.5	456.875	1.0	2471.5
0	v2	hpv_vaccine_naive	primary_2vHPV_response_day28	primary_immunization	HPV31	cross_reactive_non_booster_target	FcgR3A	fc_gamma_receptor_binding	Fc-receptor engagement	none	0.025	20	20	4.637151057798836	3.2068413016129598	0.7170715143460483	3.1363031295415973	6.1379989860560755	24.884078506432925	8.792681006528586	70.4241815044293	14.4	5.875	275.625	1.0	1101.5
0	v2	hpv_vaccine_naive	primary_2vHPV_response_day28	primary_immunization	HPV33	cross_reactive_non_booster_target	IgG	antibody_isotype_or_subclass	Antibody abundance	none	0.0125	20	20	8.764475370564096	1.159857296326527	0.25935197587852316	8.221645446492035	9.307305294636157	434.8805484843988	298.51206799203334	633.5458821555543	474.15	312.425	678.6500000000001	92.8	1967.0
0	v2	hpv_vaccine_naive	primary_2vHPV_response_day28	primary_immunization	HPV33	cross_reactive_non_booster_target	IgM	antibody_isotype_or_subclass	Antibody abundance	none	0.0125	20	20	11.621485038977287	0.5756880547895714	0.1287277624344105	11.352054735731913	11.89091534222266	3150.7619412677436	2614.02049240415	3797.7134606970913	3185.85	2430.8999999999996	3962.0249999999996	1503.0	6615.8
0	v2	hpv_vaccine_naive	primary_2vHPV_response_day28	primary_immunization	HPV33	cross_reactive_non_booster_target	IgA1	antibody_isotype_or_subclass	Antibody abundance	none	0.025	20	20	8.747203122481626	1.4951605648567732	0.3343280660296728	8.047446438217726	9.446959806745525	429.70510974448104	264.55913771683134	697.9402901522581	377.0	212.125	908.875	71.30000000000001	2849.5
0	v2	hpv_vaccine_naive	primary_2vHPV_response_day28	primary_immunization	HPV33	cross_reactive_non_booster_target	IgA2	antibody_isotype_or_subclass	Antibody abundance	high	0.3875	20	20	4.736062611103375	3.996340318349186	0.893608861305193	2.8657177691592284	6.60640745304752	26.649981217881408	7.288984179776073	97.43765131004174	42.5	1.0	241.375	1.0	2018.0
0	v2	hpv_vaccine_naive	primary_2vHPV_response_day28	primary_immunization	HPV33	cross_reactive_non_booster_target	IgG1	antibody_isotype_or_subclass	IgG subclass architecture	none	0.0125	20	20	8.107898762768972	0.8828119103085434	0.19740274427963503	7.694730070585493	8.521067454952451	275.88032529462873	207.17844055500785	367.3642570181536	287.35	182.6	396.75	92.3	785.2
0	v2	hpv_vaccine_naive	primary_2vHPV_response_day28	primary_immunization	HPV33	cross_reactive_non_booster_target	IgG2	antibody_isotype_or_subclass	IgG subclass architecture	high	0.3125	20	20	2.8974466008075743	2.856655067282378	0.6387674918712632	1.5604908751469857	4.234402326468163	7.451064753950745	2.9495418417169654	18.822708388923594	7.5	1.0	29.625	1.0	244.2
0	v2	hpv_vaccine_naive	primary_2vHPV_response_day28	primary_immunization	HPV33	cross_reactive_non_booster_target	IgG3	antibody_isotype_or_subclass	IgG subclass architecture	none	0.0125	20	20	7.2821152820731765	2.2223251030429267	0.4969269998508209	6.2420351181004765	8.322195446045876	155.64498494345443	75.69022644562637	320.0593058794842	150.25	81.75	388.625	1.0	1306.0
0	v2	hpv_vaccine_naive	primary_2vHPV_response_day28	primary_immunization	HPV33	cross_reactive_non_booster_target	IgG4	antibody_isotype_or_subclass	IgG subclass architecture	none	0.025	20	20	0.6812626110873434	1.4953343473882033	0.33436692498503073	-0.018575405904849185	1.381100628079536	1.6035425220886461	0.9872070442897595	2.604670048719474	1.0	1.0	1.75	0.5	32.5
0	v2	hpv_vaccine_naive	primary_2vHPV_response_day28	primary_immunization	HPV33	cross_reactive_non_booster_target	FcgR2A	fc_gamma_receptor_binding	Fc-receptor engagement	low	0.0625	20	20	3.0064149739391812	2.15731284283942	0.48238981653222635	1.9967614843356427	4.0160684635427195	8.035651372343924	3.991030998422302	16.17920106443139	7.75	2.875	17.5	1.0	294.0
0	v2	hpv_vaccine_naive	primary_2vHPV_response_day28	primary_immunization	HPV33	cross_reactive_non_booster_target	FcgR2B	fc_gamma_receptor_binding	Fc-receptor engagement	none	0.0125	20	20	6.406511716919708	1.340316874823901	0.29970396434963187	5.779224110334412	7.033799323505003	84.83053273301294	54.91864442651188	131.0341753499804	94.25	45.125	153.0	16.0	619.0
0	v2	hpv_vaccine_naive	primary_2vHPV_response_day28	primary_immunization	HPV33	cross_reactive_non_booster_target	FcgR3A	fc_gamma_receptor_binding	Fc-receptor engagement	moderate	0.1625	20	20	2.3844772575157616	2.2465190720313464	0.5023369357811837	1.3330739675080052	3.435880547523518	5.221546843429579	2.5193891265953128	10.821889778882452	12.25	1.0	22.0	1.0	35.5
0	v2	hpv_vaccine_naive	primary_2vHPV_response_day28	primary_immunization	HPV45	cross_reactive_non_booster_target	IgG	antibody_isotype_or_subclass	Antibody abundance	none	0.0125	20	20	8.779787632094775	2.1501989888894615	0.4807991104308151	7.773463528624985	9.786111735564566	439.52080025879394	218.79918114343943	882.9033676021278	251.75	173.125	730.3499999999999	63.5	27107.3
0	v2	hpv_vaccine_naive	primary_2vHPV_response_day28	primary_immunization	HPV45	cross_reactive_non_booster_target	IgM	antibody_isotype_or_subclass	Antibody abundance	none	0.0125	20	20	10.793588979559756	1.340119461491115	0.2996598213864545	10.166393765258222	11.420784193861289	1774.982369714083	1149.1837363445675	2741.5654374098863	1548.0	976.175	2217.325	418.5	16314.0
0	v2	hpv_vaccine_naive	primary_2vHPV_response_day28	primary_immunization	HPV45	cross_reactive_non_booster_target	IgA1	antibody_isotype_or_subclass	Antibody abundance	none	0.0125	20	20	9.340501590984605	1.5588249517200656	0.3485638557068894	8.610949056492794	10.070054125476416	648.2927330033787	390.9794732217907	1074.950212096112	497.15	352.975	1244.35	85.0	12685.5
0	v2	hpv_vaccine_naive	primary_2vHPV_response_day28	primary_immunization	HPV45	cross_reactive_non_booster_target	IgA2	antibody_isotype_or_subclass	Antibody abundance	high	0.4375	20	20	4.029818665560362	4.687233086012115	1.0480971806709207	1.8361260550586418	6.223511276062082	16.334140820348264	3.570499843646112	74.72459544110023	1.0	1.0	683.0	1.0	1247.5
0	v2	hpv_vaccine_naive	primary_2vHPV_response_day28	primary_immunization	HPV45	cross_reactive_non_booster_target	IgG1	antibody_isotype_or_subclass	IgG subclass architecture	none	0.0125	20	20	8.265419006901272	1.8569502225475822	0.41522669284497565	7.396339550744346	9.134498463058197	307.7081844525895	168.46902517885226	562.0281038522587	213.35	128.75	628.3	55.3	5272.0
0	v2	hpv_vaccine_naive	primary_2vHPV_response_day28	primary_immunization	HPV45	cross_reactive_non_booster_target	IgG2	antibody_isotype_or_subclass	IgG subclass architecture	high	0.3625	20	20	1.741922994287585	2.1477803309468544	0.48025828207341614	0.7367308575791363	2.7471151309960335	3.3448070614915464	1.666395510387608	6.713732849653091	1.1499999999999986	1.0	11.575	1.0	65.0
0	v2	hpv_vaccine_naive	primary_2vHPV_response_day28	primary_immunization	HPV45	cross_reactive_non_booster_target	IgG3	antibody_isotype_or_subclass	IgG subclass architecture	none	0.0375	20	20	6.031216380386761	2.8762869269960287	0.6431573091557095	4.6850726615553695	7.377360099218152	65.39989346014411	25.724527290887647	166.2672365650539	68.0	45.650000000000006	369.65	1.0	1117.7
0	v2	hpv_vaccine_naive	primary_2vHPV_response_day28	primary_immunization	HPV45	cross_reactive_non_booster_target	IgG4	antibody_isotype_or_subclass	IgG subclass architecture	none	0.0125	20	20	1.0847644643083323	1.5533042754397504	0.34732939496243387	0.35779568584889	1.8117332427677746	2.1210291733347715	1.28146643031783	3.510638006351363	1.0	1.0	6.074999999999999	1.0	32.5
0	v2	hpv_vaccine_naive	primary_2vHPV_response_day28	primary_immunization	HPV45	cross_reactive_non_booster_target	FcgR2A	fc_gamma_receptor_binding	Fc-receptor engagement	moderate	0.2125	20	20	2.2200295290075402	3.4093790243738518	0.7623603259561844	0.6243910286547223	3.815668029360358	4.6590297056771535	1.541559985147898	14.080903764701445	1.0	1.0	24.0	1.0	1466.5
0	v2	hpv_vaccine_naive	primary_2vHPV_response_day28	primary_immunization	HPV45	cross_reactive_non_booster_target	FcgR2B	fc_gamma_receptor_binding	Fc-receptor engagement	low	0.05	20	20	5.958945873803925	2.640212544394796	0.5903694724314444	4.723288367016596	7.194603380591254	62.20444943655981	26.415052406166847	146.48441616576838	64.4	40.775000000000006	155.25	1.0	1385.7
0	v2	hpv_vaccine_naive	primary_2vHPV_response_day28	primary_immunization	HPV45	cross_reactive_non_booster_target	FcgR3A	fc_gamma_receptor_binding	Fc-receptor engagement	low	0.05	20	20	3.6898669218619666	2.720931402887672	0.6084187578970701	2.416431826430202	4.963302017293731	12.90507769297256	5.338490352640907	31.196278209863486	12.75	4.875	32.125	1.0	644.8
0	v2	hpv_vaccine_naive	primary_2vHPV_response_day28	primary_immunization	HPV52	cross_reactive_non_booster_target	IgG	antibody_isotype_or_subclass	Antibody abundance	none	0.0125	20	20	8.680051477940811	2.149128903842763	0.4805598321402027	7.67422818968897	9.685874766192653	410.16241239365615	204.2550856669985	823.6426720598669	266.5	198.22500000000002	404.8	112.5	32007.5
0	v2	hpv_vaccine_naive	primary_2vHPV_response_day28	primary_immunization	HPV52	cross_reactive_non_booster_target	IgM	antibody_isotype_or_subclass	Antibody abundance	none	0.0125	20	20	10.707031869593388	0.838833076844765	0.18756877816001993	10.3144459050485	11.099617834138277	1671.6207647447993	1273.3787732859387	2194.4106810539083	1569.7	1229.9	2187.875	667.8	8475.0
0	v2	hpv_vaccine_naive	primary_2vHPV_response_day28	primary_immunization	HPV52	cross_reactive_non_booster_target	IgA1	antibody_isotype_or_subclass	Antibody abundance	low	0.0625	20	20	8.73635997999003	2.7337297529119495	0.6112805559624822	7.456935072368499	10.015784887611563	426.4875982235616	175.69569994231225	1035.2653565125631	387.35	234.5	906.05	1.0	13960.5
0	v2	hpv_vaccine_naive	primary_2vHPV_response_day28	primary_immunization	HPV52	cross_reactive_non_booster_target	IgA2	antibody_isotype_or_subclass	Antibody abundance	high	0.3375	20	20	5.888995596326703	3.6240621055415194	0.8103649222671855	4.192882321172801	7.585108871480605	59.26036455550747	18.28872151767765	192.01948063221332	93.75	17.224999999999998	350.5	1.0	2896.0
0	v2	hpv_vaccine_naive	primary_2vHPV_response_day28	primary_immunization	HPV52	cross_reactive_non_booster_target	IgG1	antibody_isotype_or_subclass	IgG subclass architecture	none	0.0125	20	20	7.973492550293052	1.993442726130424	0.4457473444880124	7.040532636091036	8.906452464495068	251.3393154172162	131.64716434278705	479.8542512462102	178.75	106.875	294.2	42.5	12301.7
0	v2	hpv_vaccine_naive	primary_2vHPV_response_day28	primary_immunization	HPV52	cross_reactive_non_booster_target	IgG2	antibody_isotype_or_subclass	IgG subclass architecture	moderate	0.2125	20	20	1.9402334604007259	2.3353366667563034	0.5221971537214868	0.8472622565181247	3.033204664283327	3.8376774493025123	1.7990836362523484	8.186260998718376	1.0	1.0	16.375	1.0	105.0
0	v2	hpv_vaccine_naive	primary_2vHPV_response_day28	primary_immunization	HPV52	cross_reactive_non_booster_target	IgG3	antibody_isotype_or_subclass	IgG subclass architecture	none	0.0375	20	20	5.7204056031883095	2.4130844518220558	0.5395820869721932	4.591047315827698	6.849763890548921	52.724646171328466	24.101437904002502	115.34118109318814	63.35	31.75	115.275	1.0	994.5
0	v2	hpv_vaccine_naive	primary_2vHPV_response_day28	primary_immunization	HPV52	cross_reactive_non_booster_target	IgG4	antibody_isotype_or_subclass	IgG subclass architecture	none	0.0125	20	20	0.20111839065142273	0.6581831619254751	0.14717422917111136	-0.10692081119270763	0.5091575924955531	1.149589181919564	0.9285678195298769	1.423218917769066	1.0	1.0	1.0	1.0	6.5
0	v2	hpv_vaccine_naive	primary_2vHPV_response_day28	primary_immunization	HPV52	cross_reactive_non_booster_target	FcgR2A	fc_gamma_receptor_binding	Fc-receptor engagement	moderate	0.2	20	20	2.4794642514047394	4.013827746337352	0.8975191690785101	0.6009350412309007	4.3579934615785785	5.57690328312687	1.5166992529551488	20.506273850107185	1.0	1.0	22.174999999999997	1.0	2111.5
0	v2	hpv_vaccine_naive	primary_2vHPV_response_day28	primary_immunization	HPV52	cross_reactive_non_booster_target	FcgR2B	fc_gamma_receptor_binding	Fc-receptor engagement	moderate	0.1875	20	20	3.017718351307326	3.9259170482664847	0.8778617393949182	1.1803326143090842	4.855104088305567	8.098857213182223	2.2662902050919285	28.94222814542549	1.5	1.0	46.325	1.0	1431.7
0	v2	hpv_vaccine_naive	primary_2vHPV_response_day28	primary_immunization	HPV52	cross_reactive_non_booster_target	FcgR3A	fc_gamma_receptor_binding	Fc-receptor engagement	low	0.05	20	20	3.6507132176543253	2.7795358167410917	0.6215231032128479	2.3498504122593653	4.951576023049285	12.55955303284641	5.097713918673673	30.943747511418405	9.75	4.725	18.125	1.0	661.5
0	v2	hpv_vaccine_naive	primary_2vHPV_response_day28	primary_immunization	HPV58	cross_reactive_non_booster_target	IgG	antibody_isotype_or_subclass	Antibody abundance	none	0.0125	20	20	9.508599249502147	1.5726173112079995	0.3516479210454029	8.772591692071462	10.244606806932833	728.4061280647181	437.33399664911497	1213.2043048734897	537.75	398.7	1712.225	79.5	4587.0
0	v2	hpv_vaccine_naive	primary_2vHPV_response_day28	primary_immunization	HPV58	cross_reactive_non_booster_target	IgM	antibody_isotype_or_subclass	Antibody abundance	none	0.0125	20	20	11.491166901224087	0.7944198061132527	0.1776376689141436	11.119366987217774	11.8629668152304	2878.6304992125997	2224.656669388902	3724.8505196414108	2592.65	1977.7	3798.375	1329.0	9059.0
0	v2	hpv_vaccine_naive	primary_2vHPV_response_day28	primary_immunization	HPV58	cross_reactive_non_booster_target	IgA1	antibody_isotype_or_subclass	Antibody abundance	none	0.0125	20	20	8.968329080693524	1.2861573214323059	0.2875935200481683	8.366388925340763	9.570269236046284	500.88273740655166	330.015259753241	760.2179269512301	430.75	337.375	693.25	131.8	7753.0
0	v2	hpv_vaccine_naive	primary_2vHPV_response_day28	primary_immunization	HPV58	cross_reactive_non_booster_target	IgA2	antibody_isotype_or_subclass	Antibody abundance	high	0.35	20	20	4.425344595828687	3.7064568068640997	0.8287889375814935	2.6906694134431524	6.160019778214221	21.486291553257672	6.456129035937019	71.50735713952288	42.65	1.0	145.75	1.0	1126.5
0	v2	hpv_vaccine_naive	primary_2vHPV_response_day28	primary_immunization	HPV58	cross_reactive_non_booster_target	IgG1	antibody_isotype_or_subclass	IgG subclass architecture	none	0.0125	20	20	8.77861100683564	1.6042146081889708	0.35871329144087294	8.027815459213931	9.529406554457347	439.16248444673573	260.983621272838	738.9877066032641	384.15	208.325	945.3	91.8	3169.5
0	v2	hpv_vaccine_naive	primary_2vHPV_response_day28	primary_immunization	HPV58	cross_reactive_non_booster_target	IgG2	antibody_isotype_or_subclass	IgG subclass architecture	none	0.0125	20	20	2.2117099724186104	2.549815952776835	0.5701561800522397	1.0183593727997442	3.4050605720374767	4.632239903641762	2.02561412878189	10.593156031052501	2.75	1.0	18.35	1.0	153.0
0	v2	hpv_vaccine_naive	primary_2vHPV_response_day28	primary_immunization	HPV58	cross_reactive_non_booster_target	IgG3	antibody_isotype_or_subclass	IgG subclass architecture	none	0.025	20	20	6.4982052178554195	2.8264899791581937	0.6320223731119684	5.1753671880078755	7.821043247702963	90.39713961372269	36.13605696403338	226.13543194478024	105.1	71.5	374.6	1.0	931.5
0	v2	hpv_vaccine_naive	primary_2vHPV_response_day28	primary_immunization	HPV58	cross_reactive_non_booster_target	IgG4	antibody_isotype_or_subclass	IgG subclass architecture	none	0.0125	20	20	0.2336636868304908	0.667246304580156	0.1492008094776758	-0.078617196343469	0.5459445700044506	1.1758171182908426	0.9469648648750808	1.459975915630365	1.0	1.0	1.0	0.5	3.5
0	v2	hpv_vaccine_naive	primary_2vHPV_response_day28	primary_immunization	HPV58	cross_reactive_non_booster_target	FcgR2A	fc_gamma_receptor_binding	Fc-receptor engagement	none	0.0375	20	20	3.915629239241143	3.023832875256178	0.6761495861671455	2.500431891015115	5.330826587467171	15.091133218830242	5.658547961736629	40.24748104433962	9.899999999999999	5.7250000000000005	41.0	1.0	1789.5
0	v2	hpv_vaccine_naive	primary_2vHPV_response_day28	primary_immunization	HPV58	cross_reactive_non_booster_target	FcgR2B	fc_gamma_receptor_binding	Fc-receptor engagement	none	0.0375	20	20	5.884122027992516	2.770966853958471	0.6196070248849873	4.5872696206278984	7.180974435357134	59.06051485530791	24.038410872447585	145.10711350608028	58.75	47.0	131.25	1.0	1312.2
0	v2	hpv_vaccine_naive	primary_2vHPV_response_day28	primary_immunization	HPV58	cross_reactive_non_booster_target	FcgR3A	fc_gamma_receptor_binding	Fc-receptor engagement	low	0.0875	20	20	3.529462163723827	2.8354240509067625	0.6340200922865344	2.2024428595899637	4.856481467857691	11.547127995837938	4.602580196242268	28.969873259595857	8.549999999999997	2.7250000000000005	58.175	1.0	377.0
0	v2	hpv_vaccine_naive	primary_2vHPV_response_day28	primary_immunization	BPV	heterologous_control_antigen	IgG	antibody_isotype_or_subclass	Antibody abundance	none	0.0125	20	20	8.07259710743658	0.8658317854080333	0.1936058729252373	7.667375358329349	8.477818856543811	269.21166389331785	203.2871704033769	356.51497255040135	245.5	175.375	474.875	77.7	782.2
0	v2	hpv_vaccine_naive	primary_2vHPV_response_day28	primary_immunization	BPV	heterologous_control_antigen	IgM	antibody_isotype_or_subclass	Antibody abundance	none	0.0125	20	20	9.571538067539265	0.9524276189248899	0.21296928995643188	9.125788220810206	10.017287914268325	760.8868228133205	558.6450932021816	1036.3444773360243	703.8	511.05	1027.325	287.2	4627.0
0	v2	hpv_vaccine_naive	primary_2vHPV_response_day28	primary_immunization	BPV	heterologous_control_antigen	IgA1	antibody_isotype_or_subclass	Antibody abundance	low	0.05	20	20	8.021632228050775	2.312853727670845	0.5171698157085796	6.939183363558829	9.104081092542721	259.86746793997406	122.71632412721284	550.3025076234185	300.25	171.0	465.7	1.0	2683.5
0	v2	hpv_vaccine_naive	primary_2vHPV_response_day28	primary_immunization	BPV	heterologous_control_antigen	IgA2	antibody_isotype_or_subclass	Antibody abundance	high	0.3875	20	20	4.74712474471965	3.2613282802567514	0.729255173159658	3.2207761254948224	6.273473363944477	26.85511035309761	9.322882766687457	77.35771972313466	38.25	3.099999999999998	139.25	1.0	1751.5
0	v2	hpv_vaccine_naive	primary_2vHPV_response_day28	primary_immunization	BPV	heterologous_control_antigen	IgG1	antibody_isotype_or_subclass	IgG subclass architecture	none	0.0125	20	20	7.7846399048100325	0.8061055310084401	0.18025067643734366	7.4073709032033115	8.161908906416754	220.5007732522143	169.76213594249614	286.4042133711947	256.35	161.15	298.6	58.0	670.5
0	v2	hpv_vaccine_naive	primary_2vHPV_response_day28	primary_immunization	BPV	heterologous_control_antigen	IgG2	antibody_isotype_or_subclass	IgG subclass architecture	high	0.3875	20	20	4.307055356360153	2.774245063462329	0.6203400548144985	3.0086686997204675	5.605442012999839	19.79487917601507	8.048214185021028	48.686234310501426	26.0	10.95	63.775000000000006	1.0	478.7
0	v2	hpv_vaccine_naive	primary_2vHPV_response_day28	primary_immunization	BPV	heterologous_control_antigen	IgG3	antibody_isotype_or_subclass	IgG subclass architecture	none	0.025	20	20	6.377428058196931	2.460872442193234	0.5502678064699993	5.225704302888752	7.52915181350511	83.13753443161475	37.41913497714838	184.71430821661028	113.1	75.675	213.3	1.0	1101.0
0	v2	hpv_vaccine_naive	primary_2vHPV_response_day28	primary_immunization	BPV	heterologous_control_antigen	IgG4	antibody_isotype_or_subclass	IgG subclass architecture	none	0.0125	20	20	1.3658955143610347	2.208861119606574	0.4939163616296593	0.3321166886043474	2.399674340117722	2.577362591492694	1.258858988894731	5.276840366257593	1.0	1.0	6.625	1.0	270.0
0	v2	hpv_vaccine_naive	primary_2vHPV_response_day28	primary_immunization	BPV	heterologous_control_antigen	FcgR2A	fc_gamma_receptor_binding	Fc-receptor engagement	moderate	0.25	20	20	1.3847229960890697	2.011369390789624	0.44975586856679384	0.443373144567489	2.3260728476106505	2.6112181604578217	1.3597798954821392	5.014385272321665	1.0	1.0	5.575	1.0	120.3
0	v2	hpv_vaccine_naive	primary_2vHPV_response_day28	primary_immunization	BPV	heterologous_control_antigen	FcgR2B	fc_gamma_receptor_binding	Fc-receptor engagement	high	0.5875	20	20	0.9567684670171079	1.8326804369026017	0.4097998037948231	0.09904762018275659	1.8144893138514593	1.9409574172071953	1.0710661761412086	3.517351009051887	1.0	1.0	1.4250000000000007	1.0	34.5
0	v2	hpv_vaccine_naive	primary_2vHPV_response_day28	primary_immunization	BPV	heterologous_control_antigen	FcgR3A	fc_gamma_receptor_binding	Fc-receptor engagement	high	0.3	20	20	2.418777107942663	1.6622893962028953	0.37169920881867546	1.6408017228806555	3.196752493004671	5.347175795175741	3.118390764252974	9.168924341450436	6.5	2.5	14.100000000000001	1.0	24.0
1	v1	previously_4vHPV_vaccinated	six_year_4vHPV_persistence	long_term_persistence	HPV16	vaccine_target_2vHPV_and_4vHPV	IgG	antibody_isotype_or_subclass	Antibody abundance	none	0.0125	20	20	14.060915928288484	2.037530218699398	0.4556056075221867	13.107322432421256	15.014509424155712	17090.60594820993	8824.644420745275	33099.21598544371	31560.55	17363.3	32649.2	91.0	32696.7
1	v1	previously_4vHPV_vaccinated	six_year_4vHPV_persistence	long_term_persistence	HPV16	vaccine_target_2vHPV_and_4vHPV	IgM	antibody_isotype_or_subclass	Antibody abundance	none	0.0125	20	20	10.289488728486777	1.5472251417992715	0.34597005935599223	9.56536507214963	11.013612384823924	1251.5400369790714	757.6380998401667	2067.4151214042927	1186.6	692.375	2715.9750000000004	177.8	13030.8
1	v1	previously_4vHPV_vaccinated	six_year_4vHPV_persistence	long_term_persistence	HPV16	vaccine_target_2vHPV_and_4vHPV	IgA1	antibody_isotype_or_subclass	Antibody abundance	none	0.0125	20	20	10.347624989700083	3.559207538596036	0.7958630002330442	8.681864586198794	12.013385393201373	1303.0032705046576	410.67820841083335	4134.179725570866	2296.5	733.125	6663.0	1.0	29691.8
1	v1	previously_4vHPV_vaccinated	six_year_4vHPV_persistence	long_term_persistence	HPV16	vaccine_target_2vHPV_and_4vHPV	IgA2	antibody_isotype_or_subclass	Antibody abundance	high	0.3	20	20	6.117899728561278	4.069847952953307	0.910045668089196	4.213152254640553	8.022647202482004	69.44985266895073	18.547492534490534	260.0503559588816	167.5	12.0	501.2	1.0	10501.0
1	v1	previously_4vHPV_vaccinated	six_year_4vHPV_persistence	long_term_persistence	HPV16	vaccine_target_2vHPV_and_4vHPV	IgG1	antibody_isotype_or_subclass	IgG subclass architecture	none	0.0125	20	20	13.468360602058421	2.338890448126456	0.5229918033935701	12.373726177297321	14.562995026819522	11333.930198097127	5307.166801559803	24204.623396721487	21145.75	7973.3	30622.45	32.5	32616.3
1	v1	previously_4vHPV_vaccinated	six_year_4vHPV_persistence	long_term_persistence	HPV16	vaccine_target_2vHPV_and_4vHPV	IgG2	antibody_isotype_or_subclass	IgG subclass architecture	moderate	0.15	20	20	8.581503975950577	4.399967670516766	0.9838626810076885	6.522255718366881	10.640752233534272	383.0805521108793	91.91673952090093	1596.561302875701	1434.6	264.4	2342.125	1.0	26989.5
1	v1	previously_4vHPV_vaccinated	six_year_4vHPV_persistence	long_term_persistence	HPV16	vaccine_target_2vHPV_and_4vHPV	IgG3	antibody_isotype_or_subclass	IgG subclass architecture	none	0.025	20	20	10.70976460999822	2.909424111508364	0.650567008870963	9.348112211426862	12.071417008569579	1674.7901350148406	651.7216951740024	4303.864697329349	1345.25	644.375	7716.325	33.8	32596.5
1	v1	previously_4vHPV_vaccinated	six_year_4vHPV_persistence	long_term_persistence	HPV16	vaccine_target_2vHPV_and_4vHPV	IgG4	antibody_isotype_or_subclass	IgG subclass architecture	none	0.0125	20	20	4.390320489962145	3.384048557714502	0.7566962614209747	2.806537012927241	5.974103966997048	20.970952572518925	6.996032604873059	62.86146400926012	40.5	1.1500000000000021	96.35	1.0	2235.5
1	v1	previously_4vHPV_vaccinated	six_year_4vHPV_persistence	long_term_persistence	HPV16	vaccine_target_2vHPV_and_4vHPV	FcgR2A	fc_gamma_receptor_binding	Fc-receptor engagement	low	0.05	20	20	10.953901237632772	2.4289957616499853	0.5431399640108243	9.817096228047678	12.090706247217867	1983.594256260992	902.0704053758507	4361.794988532203	3498.4	1744.1	4251.85	2.2	4926.0
1	v1	previously_4vHPV_vaccinated	six_year_4vHPV_persistence	long_term_persistence	HPV16	vaccine_target_2vHPV_and_4vHPV	FcgR2B	fc_gamma_receptor_binding	Fc-receptor engagement	moderate	0.15	20	20	10.603064367882032	2.5816471498362543	0.577273852095245	9.394816309465767	11.811312426298297	1555.3940049278874	673.164977322994	3593.8448850775894	2349.9	1628.0	3012.05	1.0	4387.0
1	v1	previously_4vHPV_vaccinated	six_year_4vHPV_persistence	long_term_persistence	HPV16	vaccine_target_2vHPV_and_4vHPV	FcgR3A	fc_gamma_receptor_binding	Fc-receptor engagement	low	0.075	20	20	10.244445874857915	2.240730262052183	0.5010425185189599	9.195751831316434	11.293139918399396	1213.0689799494507	586.404283335447	2509.42292192266	1701.65	1442.05	2032.5	3.8	4960.0
1	v1	previously_4vHPV_vaccinated	six_year_4vHPV_persistence	long_term_persistence	HPV16	vaccine_target_2vHPV_and_4vHPV	ADCP	antibody_dependent_cellular_phagocytosis	Phagocytic function	none	0.0125	20	20	5.040895220571604	0.8644837554137332	0.19330444425494092	4.636304368921992	5.445486072221217	32.920063661693874	24.869478822795337	43.576731109323894	32.171492875	24.7191605	44.827705125	10.12814	98.7355025
1	v1	previously_4vHPV_vaccinated	six_year_4vHPV_persistence	long_term_persistence	HPV16	vaccine_target_2vHPV_and_4vHPV	nAb	neutralizing_antibody	Neutralization	moderate	0.25	20	20	9.943856189774728	2.473012226755907	0.5529823448214333	8.786450840400384	11.101261539149071	984.9155306759351	441.55545902116523	2196.91226265682	800.0	350.0	1600.0	50.0	25600.0
1	v1	previously_4vHPV_vaccinated	six_year_4vHPV_persistence	long_term_persistence	HPV18	vaccine_target_2vHPV_and_4vHPV	IgG	antibody_isotype_or_subclass	Antibody abundance	none	0.0125	20	20	12.300526888136757	2.1407259413508033	0.47868087260576236	11.298636307387758	13.302417468885755	5044.609527702723	2519.001572575529	10102.449146536239	8562.75	2262.45	15274.0	247.0	29865.5
1	v1	previously_4vHPV_vaccinated	six_year_4vHPV_persistence	long_term_persistence	HPV18	vaccine_target_2vHPV_and_4vHPV	IgM	antibody_isotype_or_subclass	Antibody abundance	none	0.0125	20	20	10.938311119144826	0.5931312576538716	0.13262818116939995	10.660717145664854	11.215905092624798	1962.2744484447596	1618.809096488423	2378.6134012786742	1990.25	1638.5	2518.075	727.0	3512.5
1	v1	previously_4vHPV_vaccinated	six_year_4vHPV_persistence	long_term_persistence	HPV18	vaccine_target_2vHPV_and_4vHPV	IgA1	antibody_isotype_or_subclass	Antibody abundance	none	0.0125	20	20	8.822809778569521	2.2882241183677454	0.5116624676424804	7.75188792605592	9.893731631083122	452.82499332227974	215.55137063705862	951.2835570068485	364.3	205.85000000000002	1039.375	37.80000000000001	30344.3
1	v1	previously_4vHPV_vaccinated	six_year_4vHPV_persistence	long_term_persistence	HPV18	vaccine_target_2vHPV_and_4vHPV	IgA2	antibody_isotype_or_subclass	Antibody abundance	high	0.475	20	20	2.8916423088833008	4.373817795657047	0.978015391228744	0.8446325694600314	4.938652048306571	7.421147639312379	1.7958073251293847	30.66778463023798	1.0	1.0	87.0	1.0	8367.0
1	v1	previously_4vHPV_vaccinated	six_year_4vHPV_persistence	long_term_persistence	HPV18	vaccine_target_2vHPV_and_4vHPV	IgG1	antibody_isotype_or_subclass	IgG subclass architecture	none	0.0125	20	20	11.403489074119669	2.2928446181582203	0.5126956428046329	10.330404761139265	12.476573387100073	2708.8955922408845	1287.5428766382913	5699.31725211477	4169.35	1406.925	8306.6	91.0	24275.8
1	v1	previously_4vHPV_vaccinated	six_year_4vHPV_persistence	long_term_persistence	HPV18	vaccine_target_2vHPV_and_4vHPV	IgG2	antibody_isotype_or_subclass	IgG subclass architecture	low	0.1125	20	20	6.587606923761091	2.322270391222285	0.519275445690806	5.500750925066662	7.674462922455519	96.17612690867908	45.27839534044115	204.28832156277173	129.0	36.625	293.25	1.0	642.5
1	v1	previously_4vHPV_vaccinated	six_year_4vHPV_persistence	long_term_persistence	HPV18	vaccine_target_2vHPV_and_4vHPV	IgG3	antibody_isotype_or_subclass	IgG subclass architecture	none	0.0375	20	20	6.976750579458203	2.189284430998772	0.4895388809795202	5.952133925999964	8.001367232916444	125.95377740077494	61.91143209335785	256.24272456824616	171.75	64.625	282.75	1.0	723.5
1	v1	previously_4vHPV_vaccinated	six_year_4vHPV_persistence	long_term_persistence	HPV18	vaccine_target_2vHPV_and_4vHPV	IgG4	antibody_isotype_or_subclass	IgG subclass architecture	high	0.3875	20	20	2.909454316949914	3.313719047411974	0.7409701048349022	1.3585860639330514	4.460322569966777	7.513339620630595	2.564337343837229	22.013590524898063	3.25	1.0	31.0	1.0	1234.8
1	v1	previously_4vHPV_vaccinated	six_year_4vHPV_persistence	long_term_persistence	HPV18	vaccine_target_2vHPV_and_4vHPV	FcgR2A	fc_gamma_receptor_binding	Fc-receptor engagement	low	0.0875	20	20	8.986664230101871	2.253643884151272	0.5039300922038905	7.931926425378954	10.041402034824788	507.28905723159045	244.20119084023364	1053.8121730752723	933.0	319.625	1375.375	5.800000000000001	1962.8
1	v1	previously_4vHPV_vaccinated	six_year_4vHPV_persistence	long_term_persistence	HPV18	vaccine_target_2vHPV_and_4vHPV	FcgR2B	fc_gamma_receptor_binding	Fc-receptor engagement	none	0.0125	20	20	8.573289854461859	2.4969710794725417	0.5583397071551632	7.404671416854836	9.741908292068882	380.9056439357145	169.4447839878058	856.2618817025543	636.25	350.0	997.05	2.0	2553.5
1	v1	previously_4vHPV_vaccinated	six_year_4vHPV_persistence	long_term_persistence	HPV18	vaccine_target_2vHPV_and_4vHPV	FcgR3A	fc_gamma_receptor_binding	Fc-receptor engagement	low	0.125	20	20	7.478547023270383	2.6721525068756966	0.5975114651620531	6.227941153901481	8.729152892639284	178.3474802996889	74.9543942203194	424.3623614080938	355.75	70.75	612.125	1.0	1495.5
1	v1	previously_4vHPV_vaccinated	six_year_4vHPV_persistence	long_term_persistence	HPV18	vaccine_target_2vHPV_and_4vHPV	ADCP	antibody_dependent_cellular_phagocytosis	Phagocytic function	none	0.0125	20	20	4.989071601870895	0.765289949128325	0.17112403487482905	4.63090488059048	5.347238323151311	31.758516146153948	24.776575274470165	40.70794032800764	33.0136915	29.21316325	41.9484279375	4.035025	51.89940625
1	v1	previously_4vHPV_vaccinated	six_year_4vHPV_persistence	long_term_persistence	HPV18	vaccine_target_2vHPV_and_4vHPV	nAb	neutralizing_antibody	Neutralization	high	0.35	20	20	8.243856189774728	2.2803508501982765	0.5099019513592786	7.176619140190046	9.31109323935941	303.1433133020804	144.66971591668548	635.2115079335994	300.0	50.0	1000.0	50.0	3200.0
1	v1	previously_4vHPV_vaccinated	six_year_4vHPV_persistence	long_term_persistence	HPV31	cross_reactive_non_booster_target	IgG	antibody_isotype_or_subclass	Antibody abundance	none	0.0125	20	20	9.448152634197069	2.1129555434280096	0.47247122285400384	8.459258999747952	10.437046268646185	698.517589287355	351.9578856151953	1386.3216097316854	626.85	343.525	958.0999999999999	54.8	18418.7
1	v1	previously_4vHPV_vaccinated	six_year_4vHPV_persistence	long_term_persistence	HPV31	cross_reactive_non_booster_target	IgM	antibody_isotype_or_subclass	Antibody abundance	none	0.0125	20	20	8.611668810608814	1.0601253113784619	0.23705122609103718	8.115514892273302	9.107822728944326	391.17457980058674	277.3405757711313	551.7315721174522	387.85	307.75	591.9000000000001	78.50000000000001	1296.2
1	v1	previously_4vHPV_vaccinated	six_year_4vHPV_persistence	long_term_persistence	HPV31	cross_reactive_non_booster_target	IgA1	antibody_isotype_or_subclass	Antibody abundance	low	0.05	20	20	7.731991470815954	2.167401229307518	0.484645648324822	6.717616471007814	8.746366470624094	212.59906928213476	105.24562636393568	429.45598616455163	168.25	122.95	362.95	21.0	24908.5
1	v1	previously_4vHPV_vaccinated	six_year_4vHPV_persistence	long_term_persistence	HPV31	cross_reactive_non_booster_target	IgA2	antibody_isotype_or_subclass	Antibody abundance	high	0.575	20	20	2.9954651769949345	3.9080907484205154	0.8738756575706301	1.1664224051377674	4.824507948852101	7.974893081715026	2.2445440425124	28.334894954254306	1.0	1.0	75.5	1.0	10386.0
1	v1	previously_4vHPV_vaccinated	six_year_4vHPV_persistence	long_term_persistence	HPV31	cross_reactive_non_booster_target	IgG1	antibody_isotype_or_subclass	IgG subclass architecture	none	0.0125	20	20	8.611822189009372	2.5342728471895377	0.5666806359847743	7.425745986725866	9.797898391292877	391.2161692696671	171.93816291809898	890.1461345200988	451.5	135.4	935.5250000000001	8.0	11933.5
1	v1	previously_4vHPV_vaccinated	six_year_4vHPV_persistence	long_term_persistence	HPV31	cross_reactive_non_booster_target	IgG2	antibody_isotype_or_subclass	IgG subclass architecture	high	0.3875	20	20	1.9757794015276837	2.268275312279397	0.5072017789941295	0.914193877654307	3.0373649254010604	3.9334068038631957	1.8845157828594876	8.209901570153564	3.0	1.0	9.900000000000004	1.0	143.2
1	v1	previously_4vHPV_vaccinated	six_year_4vHPV_persistence	long_term_persistence	HPV31	cross_reactive_non_booster_target	IgG3	antibody_isotype_or_subclass	IgG subclass architecture	none	0.0125	20	20	5.411223810576123	3.6524110622893433	0.816703941705119	3.7018428152572653	7.120604805894981	42.55402851238776	13.012649336608545	139.16038892546277	42.15	16.05	91.1	0.5	18549.2
1	v1	previously_4vHPV_vaccinated	six_year_4vHPV_persistence	long_term_persistence	HPV31	cross_reactive_non_booster_target	IgG4	antibody_isotype_or_subclass	IgG subclass architecture	none	0.0125	20	20	0.9189028864666454	1.930202243929103	0.43160634277481047	0.015540429003789047	1.8222653439295018	1.890676960242243	1.0108300293094008	3.5363604803401576	1.0	1.0	1.375	1.0	83.5
1	v1	previously_4vHPV_vaccinated	six_year_4vHPV_persistence	long_term_persistence	HPV31	cross_reactive_non_booster_target	FcgR2A	fc_gamma_receptor_binding	Fc-receptor engagement	low	0.125	20	20	5.528834882463714	3.627154258988205	0.8110563487975504	3.8312744349499033	7.226395329977525	46.16843366510297	14.234051294586639	149.74824967081963	55.0	3.75	315.125	1.0	2890.3
1	v1	previously_4vHPV_vaccinated	six_year_4vHPV_persistence	long_term_persistence	HPV31	cross_reactive_non_booster_target	FcgR2B	fc_gamma_receptor_binding	Fc-receptor engagement	moderate	0.1875	20	20	5.27831643092264	3.6782096042419767	0.8224726710577659	3.556861346305321	6.999771515539959	38.80892136153575	11.76852287015206	127.97972981518328	65.5	4.0	189.3	1.0	1563.0
1	v1	previously_4vHPV_vaccinated	six_year_4vHPV_persistence	long_term_persistence	HPV31	cross_reactive_non_booster_target	FcgR3A	fc_gamma_receptor_binding	Fc-receptor engagement	moderate	0.1625	20	20	4.6408213568402354	3.1655440509954635	0.7078371683795917	3.1593011368175183	6.1223415768629526	24.94746562735465	8.933968307539638	69.66400817683675	25.25	8.75	90.875	1.0	1107.8
1	v1	previously_4vHPV_vaccinated	six_year_4vHPV_persistence	long_term_persistence	HPV33	cross_reactive_non_booster_target	IgG	antibody_isotype_or_subclass	Antibody abundance	none	0.0125	20	20	8.756847015112474	1.234978888490098	0.27614967454409917	8.178859103674661	9.334834926550286	432.5871543937258	289.7890162150901	645.7513420990617	435.0	255.8	727.1500000000001	82.0	2216.5
1	v1	previously_4vHPV_vaccinated	six_year_4vHPV_persistence	long_term_persistence	HPV33	cross_reactive_non_booster_target	IgM	antibody_isotype_or_subclass	Antibody abundance	none	0.0125	20	20	11.201926711941303	0.8569632235933414	0.1916228022172063	10.800855577527573	11.602997846355033	2355.678127480498	1783.9451928981555	3110.644577188436	2578.3	1829.875	3070.975	532.8	8704.0
1	v1	previously_4vHPV_vaccinated	six_year_4vHPV_persistence	long_term_persistence	HPV33	cross_reactive_non_booster_target	IgA1	antibody_isotype_or_subclass	Antibody abundance	none	0.0375	20	20	7.085648463255994	2.338995379675731	0.5230152668012864	5.990964929018147	8.180331997493843	135.82906969134584	63.60044386826169	290.0850222277034	196.5	86.125	353.0	1.0	1024.0
1	v1	previously_4vHPV_vaccinated	six_year_4vHPV_persistence	long_term_persistence	HPV33	cross_reactive_non_booster_target	IgA2	antibody_isotype_or_subclass	Antibody abundance	high	0.5125	20	20	2.996344666578041	3.0446024150822795	0.6807937964584008	1.5714268744986852	4.421262458657397	7.979756184102969	2.9719850825571092	21.42558155202517	7.0	1.0	56.875	1.0	203.5
1	v1	previously_4vHPV_vaccinated	six_year_4vHPV_persistence	long_term_persistence	HPV33	cross_reactive_non_booster_target	IgG1	antibody_isotype_or_subclass	IgG subclass architecture	none	0.0125	20	20	7.559203451750423	1.4334625984515323	0.3205319813341111	6.888322304610988	8.230084598889858	188.60229898397372	118.46542954667697	300.26335377465404	213.9	112.25	302.3	10.3	1476.2
1	v1	previously_4vHPV_vaccinated	six_year_4vHPV_persistence	long_term_persistence	HPV33	cross_reactive_non_booster_target	IgG2	antibody_isotype_or_subclass	IgG subclass architecture	high	0.35	20	20	3.1344587173845633	3.3896808015840265	0.7579556694367859	1.5480392690782525	4.720878165690874	8.781447193987209	2.924194490100257	26.37095962045328	5.25	1.0	44.2	1.0	2471.7
1	v1	previously_4vHPV_vaccinated	six_year_4vHPV_persistence	long_term_persistence	HPV33	cross_reactive_non_booster_target	IgG3	antibody_isotype_or_subclass	IgG subclass architecture	none	0.025	20	20	6.823110021526865	2.643326659126881	0.591065809654512	5.585995064181676	8.060224978872055	113.22981042434503	48.034366782670794	266.91285484705304	144.5	58.0	289.375	1.0	3606.5
1	v1	previously_4vHPV_vaccinated	six_year_4vHPV_persistence	long_term_persistence	HPV33	cross_reactive_non_booster_target	IgG4	antibody_isotype_or_subclass	IgG subclass architecture	none	0.0125	20	20	1.8844566622525925	2.618482794161446	0.5855105525658583	0.6589689916223773	3.1099443328828076	3.69213847359384	1.5789538359981399	8.633492757927542	1.0	1.0	12.724999999999998	1.0	111.0
1	v1	previously_4vHPV_vaccinated	six_year_4vHPV_persistence	long_term_persistence	HPV33	cross_reactive_non_booster_target	FcgR2A	fc_gamma_receptor_binding	Fc-receptor engagement	moderate	0.2875	20	20	2.5097503038469067	2.3385412514504367	0.5229137206430605	1.4152793081608583	3.604221299532955	5.695214991001616	2.667113661845334	12.16126416273086	6.5	1.0	14.8125	1.0	153.0
1	v1	previously_4vHPV_vaccinated	six_year_4vHPV_persistence	long_term_persistence	HPV33	cross_reactive_non_booster_target	FcgR2B	fc_gamma_receptor_binding	Fc-receptor engagement	none	0.025	20	20	6.081393968926818	1.1974977868027272	0.26776864541964485	5.520947753047184	6.641840184806452	67.71455053156915	45.91672221110503	99.86035877324619	81.15	41.125	114.5	14.0	259.5
1	v1	previously_4vHPV_vaccinated	six_year_4vHPV_persistence	long_term_persistence	HPV33	cross_reactive_non_booster_target	FcgR3A	fc_gamma_receptor_binding	Fc-receptor engagement	high	0.4125	20	20	2.5900706213362454	2.283233249726203	0.5105464754875543	1.5214845672474357	3.658656675425055	6.021281730072475	2.87086316254146	12.628896474748291	9.5	1.0	17.95	1.0	175.0
1	v1	previously_4vHPV_vaccinated	six_year_4vHPV_persistence	long_term_persistence	HPV45	cross_reactive_non_booster_target	IgG	antibody_isotype_or_subclass	Antibody abundance	none	0.0125	20	20	8.750243556218349	1.3708881493361869	0.3065399091464597	8.108648152738684	9.391838959698013	430.61165446526564	276.02366511823595	671.7771712866906	428.25	222.75	698.375	76.5	2846.8
1	v1	previously_4vHPV_vaccinated	six_year_4vHPV_persistence	long_term_persistence	HPV45	cross_reactive_non_booster_target	IgM	antibody_isotype_or_subclass	Antibody abundance	none	0.0125	20	20	10.077242112412085	1.0567019274396983	0.23628573417102156	9.582690387078621	10.571793837745549	1080.3193361553408	766.7914217114183	1522.043459310308	1061.75	834.05	1734.8	239.3	3634.5
1	v1	previously_4vHPV_vaccinated	six_year_4vHPV_persistence	long_term_persistence	HPV45	cross_reactive_non_booster_target	IgA1	antibody_isotype_or_subclass	Antibody abundance	none	0.0375	20	20	8.346753351082786	2.614169140406275	0.5845459902630623	7.1232845325542975	9.570222169611274	325.5540669423172	139.41911189854767	760.1931260314306	332.75	234.75	513.725	1.0	26443.5
1	v1	previously_4vHPV_vaccinated	six_year_4vHPV_persistence	long_term_persistence	HPV45	cross_reactive_non_booster_target	IgA2	antibody_isotype_or_subclass	Antibody abundance	high	0.3875	20	20	4.07833184954063	5.12993368913628	1.1470880448974996	1.677448979046018	6.479214720035243	16.892744714175127	3.1986186040209783	89.21502039022725	1.0	1.0	1247.5	1.0	1803.5
1	v1	previously_4vHPV_vaccinated	six_year_4vHPV_persistence	long_term_persistence	HPV45	cross_reactive_non_booster_target	IgG1	antibody_isotype_or_subclass	IgG subclass architecture	none	0.0125	20	20	8.091989672172595	1.7637172742225307	0.3943791718252216	7.266544578984797	8.917434765360394	272.8548111394518	153.9741740438786	483.5210087941743	310.6	136.55	502.5	22.3	2671.0
1	v1	previously_4vHPV_vaccinated	six_year_4vHPV_persistence	long_term_persistence	HPV45	cross_reactive_non_booster_target	IgG2	antibody_isotype_or_subclass	IgG subclass architecture	high	0.5	20	20	1.8040636147803333	2.7046423825342965	0.6047764222173676	0.5382520155404151	3.0698752140202514	3.492024339878013	1.452211935736814	8.397007138020417	1.0	1.0	18.95	1.0	204.0
1	v1	previously_4vHPV_vaccinated	six_year_4vHPV_persistence	long_term_persistence	HPV45	cross_reactive_non_booster_target	IgG3	antibody_isotype_or_subclass	IgG subclass architecture	low	0.0625	20	20	5.655063669809687	2.333331674195442	0.52174882375544	4.563030831330334	6.74709650828904	50.389934287605605	23.637914169506445	107.41833899984196	61.9	20.125	124.9	1.0	1778.7
1	v1	previously_4vHPV_vaccinated	six_year_4vHPV_persistence	long_term_persistence	HPV45	cross_reactive_non_booster_target	IgG4	antibody_isotype_or_subclass	IgG subclass architecture	none	0.0125	20	20	2.2843963204451114	2.7219976757262536	0.6086571837520331	1.010462193963716	3.558330446926507	4.871602160882567	2.014556397037428	11.780512895452478	1.75	1.0	22.400000000000002	1.0	146.0
1	v1	previously_4vHPV_vaccinated	six_year_4vHPV_persistence	long_term_persistence	HPV45	cross_reactive_non_booster_target	FcgR2A	fc_gamma_receptor_binding	Fc-receptor engagement	moderate	0.175	20	20	4.553588049635723	3.5796493945405228	0.8004339381808573	2.8782605630584515	6.228915536212994	23.48370362990404	7.352630895920062	75.00503479416925	27.0	2.25	192.60000000000002	1.0	1472.5
1	v1	previously_4vHPV_vaccinated	six_year_4vHPV_persistence	long_term_persistence	HPV45	cross_reactive_non_booster_target	FcgR2B	fc_gamma_receptor_binding	Fc-receptor engagement	moderate	0.1875	20	20	4.152407331555884	2.929991055884529	0.6551659174424191	2.781129306720443	5.523685356391326	17.782759746942357	6.873902110113307	46.00393475959185	60.25	1.0	80.125	1.0	142.2
1	v1	previously_4vHPV_vaccinated	six_year_4vHPV_persistence	long_term_persistence	HPV45	cross_reactive_non_booster_target	FcgR3A	fc_gamma_receptor_binding	Fc-receptor engagement	high	0.325	20	20	2.457707939024538	2.7229698386738947	0.6088745659956464	1.183318826278259	3.7320970517708174	5.493432723801947	2.2709860220717584	13.28841428244798	4.050000000000001	1.0	19.349999999999998	1.0	309.5
1	v1	previously_4vHPV_vaccinated	six_year_4vHPV_persistence	long_term_persistence	HPV52	cross_reactive_non_booster_target	IgG	antibody_isotype_or_subclass	Antibody abundance	none	0.0125	20	20	9.185577598463617	1.9411909181789084	0.43406348503532716	8.277072283144395	10.094082913782838	582.2833670398692	310.20374277479164	1093.0039608756128	487.15	214.72500000000002	1126.525	100.5	32531.2
1	v1	previously_4vHPV_vaccinated	six_year_4vHPV_persistence	long_term_persistence	HPV52	cross_reactive_non_booster_target	IgM	antibody_isotype_or_subclass	Antibody abundance	none	0.0125	20	20	9.813702835296777	1.147919301478635	0.25668255907903026	9.276460064797297	10.350945605796257	899.9511203607043	620.144266882283	1306.0058155665026	1038.4	580.5	1263.05	157.8	4109.5
1	v1	previously_4vHPV_vaccinated	six_year_4vHPV_persistence	long_term_persistence	HPV52	cross_reactive_non_booster_target	IgA1	antibody_isotype_or_subclass	Antibody abundance	moderate	0.175	20	20	6.743578986380077	4.222734916544409	0.94423223243552	4.767278210944919	8.719879761815234	107.15675488173267	27.232890459303295	421.64345844754297	150.55	52.125	512.375	1.0	25973.8
1	v1	previously_4vHPV_vaccinated	six_year_4vHPV_persistence	long_term_persistence	HPV52	cross_reactive_non_booster_target	IgA2	antibody_isotype_or_subclass	Antibody abundance	none	0.0125	20	20	3.8849223253083296	3.9444500917304	0.8820058538964455	2.038862856974169	5.73098179364249	14.773321554720933	4.109215115720284	53.11258320943998	14.5	1.0	94.2	1.0	4403.0
1	v1	previously_4vHPV_vaccinated	six_year_4vHPV_persistence	long_term_persistence	HPV52	cross_reactive_non_booster_target	IgG1	antibody_isotype_or_subclass	IgG subclass architecture	none	0.0125	20	20	8.093269387684071	2.351111993404816	0.5257246239968206	6.992915103663986	9.193623671704156	273.09694924579816	127.37294882770823	585.5398997494026	323.4	96.1	451.9	7.3	26510.5
1	v1	previously_4vHPV_vaccinated	six_year_4vHPV_persistence	long_term_persistence	HPV52	cross_reactive_non_booster_target	IgG2	antibody_isotype_or_subclass	IgG subclass architecture	high	0.4125	20	20	3.07774464268329	3.17874272317817	0.7107884812009184	1.5900472539334525	4.565442031433128	8.442935207586213	3.0105921019324424	23.6774536390179	8.75	1.0	32.575	1.0	1781.5
1	v1	previously_4vHPV_vaccinated	six_year_4vHPV_persistence	long_term_persistence	HPV52	cross_reactive_non_booster_target	IgG3	antibody_isotype_or_subclass	IgG subclass architecture	low	0.0875	20	20	6.022251098898552	3.4716173386318694	0.7762772361047766	4.397484170841692	7.647018026955412	64.9947417081462	21.07534248603217	200.43880437569797	41.4	18.95	128.9	1.0	32228.8
1	v1	previously_4vHPV_vaccinated	six_year_4vHPV_persistence	long_term_persistence	HPV52	cross_reactive_non_booster_target	IgG4	antibody_isotype_or_subclass	IgG subclass architecture	none	0.0125	20	20	0.9306998300545765	2.1623550902438486	0.48351729732779375	-0.08131350397496806	1.9427131640841209	1.906200441530415	0.9451966990343562	3.8442793198526335	1.0	1.0	1.0	1.0	90.2
1	v1	previously_4vHPV_vaccinated	six_year_4vHPV_persistence	long_term_persistence	HPV52	cross_reactive_non_booster_target	FcgR2A	fc_gamma_receptor_binding	Fc-receptor engagement	high	0.3375	20	20	3.220551774564637	3.637428223564761	0.8133536771167107	1.5181829636179498	4.922920585511324	9.321433094553303	2.8643007120362096	30.335193009278967	3.8999999999999986	1.0	61.925	1.0	626.3
1	v1	previously_4vHPV_vaccinated	six_year_4vHPV_persistence	long_term_persistence	HPV52	cross_reactive_non_booster_target	FcgR2B	fc_gamma_receptor_binding	Fc-receptor engagement	high	0.3875	20	20	3.761809769168535	3.751818685469036	0.8389321619962666	2.0059045740936194	5.517714964243451	13.56493067205489	4.016404502315215	45.813947283344206	8.5	1.0	90.625	1.0	1841.5
1	v1	previously_4vHPV_vaccinated	six_year_4vHPV_persistence	long_term_persistence	HPV52	cross_reactive_non_booster_target	FcgR3A	fc_gamma_receptor_binding	Fc-receptor engagement	moderate	0.25	20	20	3.193372835503602	3.1360647630115026	0.7012453991935488	1.7256493469483796	4.661096324058825	9.147470357526847	3.3072895255514405	25.30054090981969	9.25	1.0	25.125	1.0	1163.5
1	v1	previously_4vHPV_vaccinated	six_year_4vHPV_persistence	long_term_persistence	HPV58	cross_reactive_non_booster_target	IgG	antibody_isotype_or_subclass	Antibody abundance	none	0.0125	20	20	8.89431800593336	1.2102238852466702	0.27061428754054595	8.327915792644443	9.460720219222278	475.83513957830564	321.3308737512775	704.6290865681419	379.75	303.225	875.575	64.0	1726.5
1	v1	previously_4vHPV_vaccinated	six_year_4vHPV_persistence	long_term_persistence	HPV58	cross_reactive_non_booster_target	IgM	antibody_isotype_or_subclass	Antibody abundance	none	0.0125	20	20	10.841915619687065	0.6691070911309469	0.14961689399959438	10.528763861600062	11.155067377774067	1835.4468460076023	1477.317150255425	2280.393972233237	2012.0	1415.2	2668.5	637.0	3699.8
1	v1	previously_4vHPV_vaccinated	six_year_4vHPV_persistence	long_term_persistence	HPV58	cross_reactive_non_booster_target	IgA1	antibody_isotype_or_subclass	Antibody abundance	none	0.0125	20	20	8.120298016928576	1.197362665874169	0.26773843146150095	7.559915039590116	8.680680994267036	278.26159925575854	188.6953472041173	410.3414247761741	275.0	149.625	442.5	66.5	1509.8
1	v1	previously_4vHPV_vaccinated	six_year_4vHPV_persistence	long_term_persistence	HPV58	cross_reactive_non_booster_target	IgA2	antibody_isotype_or_subclass	Antibody abundance	high	0.5125	20	20	1.8591348474534928	3.0445265667573964	0.680776836257359	0.43425255348288516	3.2840171414241004	3.6279003965872847	1.3512106023488228	9.740643882366768	1.0	1.0	19.875	1.0	259.3
1	v1	previously_4vHPV_vaccinated	six_year_4vHPV_persistence	long_term_persistence	HPV58	cross_reactive_non_booster_target	IgG1	antibody_isotype_or_subclass	IgG subclass architecture	none	0.0125	20	20	7.786163923108106	1.7568064348879895	0.39283386117186025	6.963953202289326	8.608374643926885	220.73382650400342	124.84144944022245	390.28241326555224	298.4	115.675	434.75	10.3	1102.8
1	v1	previously_4vHPV_vaccinated	six_year_4vHPV_persistence	long_term_persistence	HPV58	cross_reactive_non_booster_target	IgG2	antibody_isotype_or_subclass	IgG subclass architecture	none	0.0125	20	20	2.1857043027868315	2.5732524430037453	0.5753967385823777	0.9813850881058519	3.390023517467811	4.549488345105032	1.9743600230204905	10.483318118739945	1.3999999999999986	1.0	24.875	0.5	77.0
1	v1	previously_4vHPV_vaccinated	six_year_4vHPV_persistence	long_term_persistence	HPV58	cross_reactive_non_booster_target	IgG3	antibody_isotype_or_subclass	IgG subclass architecture	low	0.05	20	20	5.951415162705872	2.638138184704004	0.5899056315036049	4.71672848613793	7.186101839273814	61.880594958418094	26.29521679243973	145.6237483278234	78.0	47.875	172.95	1.0	2104.2
1	v1	previously_4vHPV_vaccinated	six_year_4vHPV_persistence	long_term_persistence	HPV58	cross_reactive_non_booster_target	IgG4	antibody_isotype_or_subclass	IgG subclass architecture	none	0.0125	20	20	0.8713197772717475	1.907981112937066	0.4266375468312983	-0.021642870759891686	1.7642824253033866	1.8293356112691996	0.9851102699910115	3.397049935017113	1.0	1.0	1.0749999999999993	0.7000000000000028	52.0
1	v1	previously_4vHPV_vaccinated	six_year_4vHPV_persistence	long_term_persistence	HPV58	cross_reactive_non_booster_target	FcgR2A	fc_gamma_receptor_binding	Fc-receptor engagement	moderate	0.2	20	20	3.1033338756732745	3.143005544667873	0.7027974051536116	1.6323620013110558	4.574305750035493	8.594024414783377	3.1002015294000045	23.823372429658363	5.15	1.2250000000000005	34.625	1.0	458.0
1	v1	previously_4vHPV_vaccinated	six_year_4vHPV_persistence	long_term_persistence	HPV58	cross_reactive_non_booster_target	FcgR2B	fc_gamma_receptor_binding	Fc-receptor engagement	low	0.075	20	20	4.996834284844407	2.2826897068043963	0.5104249355953694	3.928502616673511	6.065165953015304	31.929859174274252	15.226396180887035	66.95713777425124	58.65	20.375	85.875	1.0	292.0
1	v1	previously_4vHPV_vaccinated	six_year_4vHPV_persistence	long_term_persistence	HPV58	cross_reactive_non_booster_target	FcgR3A	fc_gamma_receptor_binding	Fc-receptor engagement	high	0.325	20	20	2.0004901534961865	2.414213223103465	0.5398344879038214	0.8706035849143219	3.130376722078051	4.001359224939946	1.828427705577161	8.756635878014118	1.8999999999999986	1.0	12.625	1.0	209.5
1	v1	previously_4vHPV_vaccinated	six_year_4vHPV_persistence	long_term_persistence	BPV	heterologous_control_antigen	IgG	antibody_isotype_or_subclass	Antibody abundance	none	0.0125	20	20	7.934711469556904	1.1882385878155748	0.2656982255843978	7.378598692195166	8.490824246918642	244.67306325044115	166.41004280783417	359.7433596569938	231.3	155.7	349.325	43.0	1301.5
1	v1	previously_4vHPV_vaccinated	six_year_4vHPV_persistence	long_term_persistence	BPV	heterologous_control_antigen	IgM	antibody_isotype_or_subclass	Antibody abundance	none	0.0125	20	20	9.25863178091532	1.0395626497778288	0.23245327517730316	8.77210148444324	9.745162077387398	612.5279137097741	437.1854219074927	858.1952331270502	609.55	524.0999999999999	884.425	93.5	1786.0
1	v1	previously_4vHPV_vaccinated	six_year_4vHPV_persistence	long_term_persistence	BPV	heterologous_control_antigen	IgA1	antibody_isotype_or_subclass	Antibody abundance	low	0.0875	20	20	6.319631208730053	2.658268511628827	0.5944069094449247	5.075523249155351	7.563739168304755	79.87273492186452	33.71978071566947	189.19618243347088	114.75	53.7	188.45	1.0	1165.0
1	v1	previously_4vHPV_vaccinated	six_year_4vHPV_persistence	long_term_persistence	BPV	heterologous_control_antigen	IgA2	antibody_isotype_or_subclass	Antibody abundance	none	0.0125	20	20	2.780605800496215	3.265131358082558	0.7301055672138806	1.252477286060174	4.308734314932256	6.871408251312504	2.3825017702023548	19.817929181305626	1.0	1.0	59.0	1.0	263.5
1	v1	previously_4vHPV_vaccinated	six_year_4vHPV_persistence	long_term_persistence	BPV	heterologous_control_antigen	IgG1	antibody_isotype_or_subclass	IgG subclass architecture	none	0.0125	20	20	6.865982527817553	1.3470072303711513	0.3011999733293613	6.235563738452073	7.496401317183033	116.64515124760182	75.35146929693192	180.56836099584723	149.75	73.25	209.22500000000002	14.3	415.5
1	v1	previously_4vHPV_vaccinated	six_year_4vHPV_persistence	long_term_persistence	BPV	heterologous_control_antigen	IgG2	antibody_isotype_or_subclass	IgG subclass architecture	high	0.45	20	20	3.3537060734735507	3.347330269407908	0.7484858025538766	1.7871072843452132	4.920304862601888	10.22271197594034	3.451222014754815	30.28024267817448	18.1	1.0	69.45	1.0	639.2
1	v1	previously_4vHPV_vaccinated	six_year_4vHPV_persistence	long_term_persistence	BPV	heterologous_control_antigen	IgG3	antibody_isotype_or_subclass	IgG subclass architecture	low	0.0625	20	20	5.712837873979888	2.657122552133324	0.5941506651117842	4.469266239958255	6.956409508001521	52.44880050859437	22.150482806766675	124.19037087308874	69.1	24.15	162.2	1.0	635.5
1	v1	previously_4vHPV_vaccinated	six_year_4vHPV_persistence	long_term_persistence	BPV	heterologous_control_antigen	IgG4	antibody_isotype_or_subclass	IgG subclass architecture	high	0.6875	20	20	1.3808973329930065	2.3977501920119018	0.5361532422401786	0.2587157001353324	2.5030789658506807	2.604303041623946	1.1964131728453788	5.6689398667196675	1.0	1.0	5.0	1.0	136.5
1	v1	previously_4vHPV_vaccinated	six_year_4vHPV_persistence	long_term_persistence	BPV	heterologous_control_antigen	FcgR2A	fc_gamma_receptor_binding	Fc-receptor engagement	moderate	0.2125	20	20	1.6338549542542276	1.4072462095571483	0.31466981856486975	0.9752434548016714	2.292466453706784	3.1034113904856904	1.9659729270498634	4.8989292406222695	4.199999999999999	1.0	7.5	1.0	12.199999999999996
1	v1	previously_4vHPV_vaccinated	six_year_4vHPV_persistence	long_term_persistence	BPV	heterologous_control_antigen	FcgR2B	fc_gamma_receptor_binding	Fc-receptor engagement	high	0.75	20	20	0.7687100137285354	1.6214062006922358	0.3625574483887506	0.009868553145998105	1.5275514743110727	1.7037456974497849	1.0068638084857273	2.882961307293628	1.0	1.0	1.0	1.0	34.3
1	v1	previously_4vHPV_vaccinated	six_year_4vHPV_persistence	long_term_persistence	BPV	heterologous_control_antigen	FcgR3A	fc_gamma_receptor_binding	Fc-receptor engagement	high	0.3875	20	20	1.9887926258115383	1.6574937131261724	0.37062686148286567	1.213061689518061	2.7645235621050155	3.96904694362015	2.3182910316181973	6.795235553175746	5.800000000000001	1.0	9.575	1.0	20.5
1	v2	previously_4vHPV_vaccinated	heterologous_2vHPV_recall_day28	memory_recall	HPV16	vaccine_target_2vHPV_and_4vHPV	IgG	antibody_isotype_or_subclass	Antibody abundance	none	0.0125	20	20	14.984550022390005	0.05069951861604154	0.011336757005198494	14.960821917279143	15.008278127500867	32418.95624483343	31890.12025159264	32956.56196065728	32669.75	32667.325	32691.05	27923.3	32711.5
1	v2	previously_4vHPV_vaccinated	heterologous_2vHPV_recall_day28	memory_recall	HPV16	vaccine_target_2vHPV_and_4vHPV	IgM	antibody_isotype_or_subclass	Antibody abundance	none	0.0125	20	20	11.753110030382	1.369088842391793	0.3061375718824545	11.112356728473884	12.393863332290117	3451.7446586758674	2213.8729697474114	5381.763701671083	3798.65	1601.125	6801.625	674.0	14733.7
1	v2	previously_4vHPV_vaccinated	heterologous_2vHPV_recall_day28	memory_recall	HPV16	vaccine_target_2vHPV_and_4vHPV	IgA1	antibody_isotype_or_subclass	Antibody abundance	none	0.0125	20	20	13.043715607303273	1.378784702410065	0.30830563209257233	12.398424503223975	13.689006711382572	8444.027766111465	5398.805410463643	13206.922549323383	9901.1	4544.375	17076.35	1746.2	32098.0
1	v2	previously_4vHPV_vaccinated	heterologous_2vHPV_recall_day28	memory_recall	HPV16	vaccine_target_2vHPV_and_4vHPV	IgA2	antibody_isotype_or_subclass	Antibody abundance	none	0.025	20	20	10.641304996918524	1.9363360662659541	0.43297790714552103	9.735071822235602	11.547538171601447	1597.173136764925	852.2139293785419	2993.335289255061	1062.5	605.625	4746.5	173.3	22862.5
1	v2	previously_4vHPV_vaccinated	heterologous_2vHPV_recall_day28	memory_recall	HPV16	vaccine_target_2vHPV_and_4vHPV	IgG1	antibody_isotype_or_subclass	IgG subclass architecture	none	0.0125	20	20	14.803728848815377	0.3871420166823081	0.08656758662479984	14.6225408076776	14.984916889953153	28600.026212551486	25224.548179967667	32427.201213785254	31996.9	28829.3	32478.9	10621.7	32687.8
1	v2	previously_4vHPV_vaccinated	heterologous_2vHPV_recall_day28	memory_recall	HPV16	vaccine_target_2vHPV_and_4vHPV	IgG2	antibody_isotype_or_subclass	IgG subclass architecture	none	0.0125	20	20	11.07276189547149	1.9650641596347083	0.43940170410917057	10.153083559223015	11.992440231719966	2153.9393251329902	1138.6302035281326	4074.5929644046482	2730.1	953.3	3775.05	42.5	28133.0
1	v2	previously_4vHPV_vaccinated	heterologous_2vHPV_recall_day28	memory_recall	HPV16	vaccine_target_2vHPV_and_4vHPV	IgG3	antibody_isotype_or_subclass	IgG subclass architecture	none	0.0125	20	20	14.616948577572236	0.7261324468542233	0.16236815118342965	14.27710813147552	14.956789023668952	25126.961072039026	19853.5328554101	31801.099447331737	31120.9	27432.85	32642.05	5505.5	32701.8
1	v2	previously_4vHPV_vaccinated	heterologous_2vHPV_recall_day28	memory_recall	HPV16	vaccine_target_2vHPV_and_4vHPV	IgG4	antibody_isotype_or_subclass	IgG subclass architecture	moderate	0.1875	20	20	6.878609785007479	2.3941954110312844	0.5353583690484002	5.758091840860402	7.999127729154557	117.67057448683441	54.120071524770054	255.84526608994491	92.95	49.875	372.5	1.0	1243.0
1	v2	previously_4vHPV_vaccinated	heterologous_2vHPV_recall_day28	memory_recall	HPV16	vaccine_target_2vHPV_and_4vHPV	FcgR2A	fc_gamma_receptor_binding	Fc-receptor engagement	low	0.075	20	20	11.957323008621795	0.8960624562954237	0.20036565643620016	11.537952870023526	12.376693147220065	3976.6090215110157	2973.5134168895247	5318.092469380748	4622.85	3874.5	5915.7	469.2	6454.5
1	v2	previously_4vHPV_vaccinated	heterologous_2vHPV_recall_day28	memory_recall	HPV16	vaccine_target_2vHPV_and_4vHPV	FcgR2B	fc_gamma_receptor_binding	Fc-receptor engagement	none	0.0125	20	20	11.170820824114829	1.711388450224499	0.3826780910609995	10.36986637442912	11.971775273800537	2305.43108301542	1323.2467308895468	4016.6450855016733	2926.3	2150.875	4077.675	21.0	5681.0
1	v2	previously_4vHPV_vaccinated	heterologous_2vHPV_recall_day28	memory_recall	HPV16	vaccine_target_2vHPV_and_4vHPV	FcgR3A	fc_gamma_receptor_binding	Fc-receptor engagement	none	0.0125	20	20	11.4354306894225	0.6976795846363157	0.15600589777606197	11.108906592747646	11.761954786097354	2769.5400566447333	2208.584924708368	3472.9713308952973	2882.75	2261.8500000000004	3823.625	926.0	5381.0
1	v2	previously_4vHPV_vaccinated	heterologous_2vHPV_recall_day28	memory_recall	HPV16	vaccine_target_2vHPV_and_4vHPV	ADCP	antibody_dependent_cellular_phagocytosis	Phagocytic function	none	0.0125	20	20	6.802997528280126	0.49757695702739696	0.11126158999507513	6.570124344088724	7.035870712471528	111.6622350314202	95.01769762436516	131.2224463857654	114.624091125	94.761196875	143.22467462499998	54.3957765	181.694607
1	v2	previously_4vHPV_vaccinated	heterologous_2vHPV_recall_day28	memory_recall	HPV16	vaccine_target_2vHPV_and_4vHPV	nAb	neutralizing_antibody	Neutralization	low	0.05	20	20	15.693856189774726	1.9594574974238466	0.438148016326134	14.776801852212863	16.61091052733659	53005.56410067857	28071.175377216598	100088.07211939874	51200.0	51200.0	102400.0	400.0	204800.0
1	v2	previously_4vHPV_vaccinated	heterologous_2vHPV_recall_day28	memory_recall	HPV18	vaccine_target_2vHPV_and_4vHPV	IgG	antibody_isotype_or_subclass	Antibody abundance	none	0.0125	20	20	14.846764428923644	0.38659591363202817	0.08644547427048525	14.665831971880788	15.027696885966499	29466.016768481	25992.93584649056	33403.15804755968	31572.8	30363.125	32196.8	9629.0	32691.3
1	v2	previously_4vHPV_vaccinated	heterologous_2vHPV_recall_day28	memory_recall	HPV18	vaccine_target_2vHPV_and_4vHPV	IgM	antibody_isotype_or_subclass	Antibody abundance	none	0.0125	20	20	11.75969730444264	0.8778281663599652	0.19628834525448763	11.348861076225003	12.170533532660276	3467.5411893727232	2608.240297859576	4609.944072202103	3682.4	2398.95	4653.075	952.3	13008.5
1	v2	previously_4vHPV_vaccinated	heterologous_2vHPV_recall_day28	memory_recall	HPV18	vaccine_target_2vHPV_and_4vHPV	IgA1	antibody_isotype_or_subclass	Antibody abundance	none	0.0125	20	20	11.209533706093971	1.5728585645003574	0.35170186692155364	10.473413238646867	11.945654173541076	2368.1318723036197	1421.7117142387146	3944.575055867212	1899.75	1407.35	4610.5	365.0	30365.5
1	v2	previously_4vHPV_vaccinated	heterologous_2vHPV_recall_day28	memory_recall	HPV18	vaccine_target_2vHPV_and_4vHPV	IgA2	antibody_isotype_or_subclass	Antibody abundance	low	0.125	20	20	7.644068198334759	4.096080281677694	0.915911395112781	5.7270436166570775	9.56109278001244	200.0293927867567	52.96779756766265	755.3978042512788	367.65	43.55	1344.125	1.0	10867.0
1	v2	previously_4vHPV_vaccinated	heterologous_2vHPV_recall_day28	memory_recall	HPV18	vaccine_target_2vHPV_and_4vHPV	IgG1	antibody_isotype_or_subclass	IgG subclass architecture	none	0.0125	20	20	14.041657823258225	0.6890672742819752	0.15408012663649892	13.719164411901762	14.364151234614688	16863.984472274227	13485.902125083325	21088.242346957497	18827.3	16359.8	22127.325	4301.0	29404.5
1	v2	previously_4vHPV_vaccinated	heterologous_2vHPV_recall_day28	memory_recall	HPV18	vaccine_target_2vHPV_and_4vHPV	IgG2	antibody_isotype_or_subclass	IgG subclass architecture	low	0.0875	20	20	9.467602466539915	1.9737327996437135	0.4413400709424316	8.543867081883157	10.391337851196674	707.9984867583883	373.21601432313395	1343.0877508331419	937.5	476.2	1716.375	38.3	7859.5
1	v2	previously_4vHPV_vaccinated	heterologous_2vHPV_recall_day28	memory_recall	HPV18	vaccine_target_2vHPV_and_4vHPV	IgG3	antibody_isotype_or_subclass	IgG subclass architecture	none	0.0125	20	20	10.956790703577928	2.6833528543085388	0.6000159389851982	9.700942910253548	12.212638496902308	1987.571029832634	832.290240726469	4746.467524576277	3161.85	385.575	9626.224999999999	69.5	25581.0
1	v2	previously_4vHPV_vaccinated	heterologous_2vHPV_recall_day28	memory_recall	HPV18	vaccine_target_2vHPV_and_4vHPV	IgG4	antibody_isotype_or_subclass	IgG subclass architecture	none	0.0125	20	20	4.921860895711478	3.093037929471249	0.6916243067282913	3.4742745851157255	6.36944720630723	30.312919354299705	11.113756142691653	82.67889523422046	37.9	15.375	85.975	1.0	3043.5
1	v2	previously_4vHPV_vaccinated	heterologous_2vHPV_recall_day28	memory_recall	HPV18	vaccine_target_2vHPV_and_4vHPV	FcgR2A	fc_gamma_receptor_binding	Fc-receptor engagement	low	0.05	20	20	9.860107151285623	2.8483659893701874	0.6369139977030182	8.527030833503877	11.19318346906737	929.3686381879683	368.8858995053541	2341.445056060817	1904.0	1340.625	2196.625	1.0	3848.0
1	v2	previously_4vHPV_vaccinated	heterologous_2vHPV_recall_day28	memory_recall	HPV18	vaccine_target_2vHPV_and_4vHPV	FcgR2B	fc_gamma_receptor_binding	Fc-receptor engagement	none	0.0125	20	20	10.284176651751384	1.0575737032037227	0.23648066915797109	9.789216922801188	10.77913638070158	1246.9402761929832	884.8057327804696	1757.2897584039633	1595.15	1039.925	1929.125	172.5	2855.8
1	v2	previously_4vHPV_vaccinated	heterologous_2vHPV_recall_day28	memory_recall	HPV18	vaccine_target_2vHPV_and_4vHPV	FcgR3A	fc_gamma_receptor_binding	Fc-receptor engagement	none	0.025	20	20	9.626113990669536	2.4292577657843446	0.5431985499163057	8.48918635937502	10.763041621964051	790.2218844210316	359.3351758010057	1737.7943175920454	1203.25	840.4749999999999	1720.6	1.0	2809.3
1	v2	previously_4vHPV_vaccinated	heterologous_2vHPV_recall_day28	memory_recall	HPV18	vaccine_target_2vHPV_and_4vHPV	ADCP	antibody_dependent_cellular_phagocytosis	Phagocytic function	none	0.0125	20	20	5.894403401363488	0.40719620782708754	0.09105184008814997	5.703829709860855	6.08497709286612	59.48291323199028	52.122331355110944	67.88293759268959	63.816044000000005	57.64567724999999	67.51391100000001	23.05555	93.4970875
1	v2	previously_4vHPV_vaccinated	heterologous_2vHPV_recall_day28	memory_recall	HPV18	vaccine_target_2vHPV_and_4vHPV	nAb	neutralizing_antibody	Neutralization	none	0.025	20	20	14.343856189774726	1.8381913307436337	0.4110320771193564	13.483556165230521	15.204156214318932	20793.66134671965	11453.938685726942	37749.14150194104	25600.0	12800.0	51200.0	400.0	102400.0
1	v2	previously_4vHPV_vaccinated	heterologous_2vHPV_recall_day28	memory_recall	HPV31	cross_reactive_non_booster_target	IgG	antibody_isotype_or_subclass	Antibody abundance	none	0.0125	20	20	14.489805607820477	1.7672733556938054	0.3951743358155514	13.66269621727372	15.316914998367235	23007.324573299906	12968.25026451729	40817.91862619277	31452.25	29332.75	32481.45	129.0	32699.2
1	v2	previously_4vHPV_vaccinated	heterologous_2vHPV_recall_day28	memory_recall	HPV31	cross_reactive_non_booster_target	IgM	antibody_isotype_or_subclass	Antibody abundance	none	0.0125	20	20	10.39682775122695	1.6383976167902494	0.36635684453166484	9.630034063125066	11.163621439328832	1348.2083509263375	792.3719849768999	2293.9551018585103	1340.0	516.425	3002.55	169.0	11976.5
1	v2	previously_4vHPV_vaccinated	heterologous_2vHPV_recall_day28	memory_recall	HPV31	cross_reactive_non_booster_target	IgA1	antibody_isotype_or_subclass	Antibody abundance	none	0.0125	20	20	11.248453292584394	2.3597674806853006	0.5276600497905753	10.144048115822457	12.35285846934633	2432.8864852708125	1131.5213695672824	5230.954367637699	2116.75	953.375	10925.25	87.5	32584.5
1	v2	previously_4vHPV_vaccinated	heterologous_2vHPV_recall_day28	memory_recall	HPV31	cross_reactive_non_booster_target	IgA2	antibody_isotype_or_subclass	Antibody abundance	moderate	0.2125	20	20	7.098683860826368	5.207848600059716	1.164510348626064	4.661335689544664	9.536032032108071	137.06190756782343	25.304739010264697	742.3892614940692	177.4	2.125	2311.875	1.0	23674.5
1	v2	previously_4vHPV_vaccinated	heterologous_2vHPV_recall_day28	memory_recall	HPV31	cross_reactive_non_booster_target	IgG1	antibody_isotype_or_subclass	IgG subclass architecture	none	0.0125	20	20	13.288272734482797	1.8678240372672013	0.41765815173375626	12.414104176384349	14.162441292581246	10003.884838824888	5457.801374822723	18336.63502855509	13209.4	8158.825000000001	19664.875	65.5	27245.8
1	v2	previously_4vHPV_vaccinated	heterologous_2vHPV_recall_day28	memory_recall	HPV31	cross_reactive_non_booster_target	IgG2	antibody_isotype_or_subclass	IgG subclass architecture	moderate	0.1875	20	20	5.493192344493797	2.7555083718303566	0.6161504031982443	4.2035747294665216	6.782809959521072	45.041792719014026	18.42477031404314	110.1106313274541	61.6	21.125	137.125	1.0	2050.0
1	v2	previously_4vHPV_vaccinated	heterologous_2vHPV_recall_day28	memory_recall	HPV31	cross_reactive_non_booster_target	IgG3	antibody_isotype_or_subclass	IgG subclass architecture	none	0.0375	20	20	12.869297953580467	2.9218759548585274	0.6533513256885773	11.501817912934747	14.236777994226188	7482.465225785504	2899.961261159828	19306.21853641501	21075.25	3584.725	30671.25	58.0	32654.5
1	v2	previously_4vHPV_vaccinated	heterologous_2vHPV_recall_day28	memory_recall	HPV31	cross_reactive_non_booster_target	IgG4	antibody_isotype_or_subclass	IgG subclass architecture	high	0.45	20	20	2.908259686448276	2.494651385533267	0.557821007821642	1.7407268990233196	4.075792473873233	7.507120739106603	3.3420351313209626	16.863036915249015	7.75	1.375	28.225	1.0	308.5
1	v2	previously_4vHPV_vaccinated	heterologous_2vHPV_recall_day28	memory_recall	HPV31	cross_reactive_non_booster_target	FcgR2A	fc_gamma_receptor_binding	Fc-receptor engagement	low	0.1	20	20	9.264804105510603	3.7002198649610367	0.827394314974797	7.533047901787706	10.9965603092335	615.1541237756245	185.2138149416122	2043.1229501830076	2176.75	258.05	3321.75	1.0	3979.5
1	v2	previously_4vHPV_vaccinated	heterologous_2vHPV_recall_day28	memory_recall	HPV31	cross_reactive_non_booster_target	FcgR2B	fc_gamma_receptor_binding	Fc-receptor engagement	none	0.0375	20	20	10.358610320745926	1.9793879576474807	0.44260460271442414	9.432228240672824	11.284992400819029	1312.962795413466	690.8497843978957	2495.2910763985665	2077.05	1432.675	2366.9750000000004	6.0	3809.5
1	v2	previously_4vHPV_vaccinated	heterologous_2vHPV_recall_day28	memory_recall	HPV31	cross_reactive_non_booster_target	FcgR3A	fc_gamma_receptor_binding	Fc-receptor engagement	none	0.025	20	20	10.040396710252725	1.800614226378768	0.40262958114361197	9.197683311902821	10.88311010860263	1053.0780926185573	587.1898873453537	1888.611321572199	1444.15	910.325	1998.425	9.5	3641.3
1	v2	previously_4vHPV_vaccinated	heterologous_2vHPV_recall_day28	memory_recall	HPV33	cross_reactive_non_booster_target	IgG	antibody_isotype_or_subclass	Antibody abundance	none	0.0125	20	20	10.956585275925967	1.3660208184930154	0.3054515408830284	10.31726785340172	11.595902698450214	1987.2880365664325	1275.8719722801293	3095.384040157408	1560.25	1133.65	3811.25	383.2	9562.0
1	v2	previously_4vHPV_vaccinated	heterologous_2vHPV_recall_day28	memory_recall	HPV33	cross_reactive_non_booster_target	IgM	antibody_isotype_or_subclass	Antibody abundance	none	0.0125	20	20	11.43567354881558	0.8660385048138098	0.19365209678959575	11.030355052048359	11.8409920455828	2770.006312793091	2091.547506912815	3668.5444378163093	2906.75	2022.85	4838.775	593.0	6363.7
1	v2	previously_4vHPV_vaccinated	heterologous_2vHPV_recall_day28	memory_recall	HPV33	cross_reactive_non_booster_target	IgA1	antibody_isotype_or_subclass	Antibody abundance	none	0.025	20	20	8.563039401133839	2.619697921176379	0.5857822632265269	7.336983033555005	9.789095768712674	378.2088733172482	161.67838812786684	884.7314320252538	469.75	186.7	1185.375	1.0	7919.5
1	v2	previously_4vHPV_vaccinated	heterologous_2vHPV_recall_day28	memory_recall	HPV33	cross_reactive_non_booster_target	IgA2	antibody_isotype_or_subclass	Antibody abundance	high	0.3875	20	20	4.197107080448757	4.326688054356869	0.9674768606978263	2.172154738924814	6.2220594219727	18.34235633687916	4.50696029042732	74.64943427694412	9.5	1.0	266.5	1.0	2282.0
1	v2	previously_4vHPV_vaccinated	heterologous_2vHPV_recall_day28	memory_recall	HPV33	cross_reactive_non_booster_target	IgG1	antibody_isotype_or_subclass	IgG subclass architecture	none	0.0125	20	20	9.588622138601217	1.3194192717398736	0.2950311182433624	8.97111491131889	10.206129365883543	769.9506337859004	501.85087171428916	1181.2751793022946	944.5	484.975	1479.75	124.0	3413.5
1	v2	previously_4vHPV_vaccinated	heterologous_2vHPV_recall_day28	memory_recall	HPV33	cross_reactive_non_booster_target	IgG2	antibody_isotype_or_subclass	IgG subclass architecture	high	0.3125	20	20	4.764834653800532	3.4221772531278565	0.7652220969047392	3.1632063980141822	6.3664629095868825	27.186803934614236	8.958184613092557	82.50804600509292	40.5	8.125	75.0	1.0	4906.2
1	v2	previously_4vHPV_vaccinated	heterologous_2vHPV_recall_day28	memory_recall	HPV33	cross_reactive_non_booster_target	IgG3	antibody_isotype_or_subclass	IgG subclass architecture	none	0.0125	20	20	9.442414958314634	1.936325363525226	0.4329755139399397	8.53618679266856	10.348643123960708	695.7450641073839	371.2344516161523	1303.9231464710492	729.9	266.25	1615.625	95.5	9596.0
1	v2	previously_4vHPV_vaccinated	heterologous_2vHPV_recall_day28	memory_recall	HPV33	cross_reactive_non_booster_target	IgG4	antibody_isotype_or_subclass	IgG subclass architecture	none	0.025	20	20	1.8540102918389656	2.5333859022639915	0.5664823090701923	0.6683491925583172	3.0396713911196143	3.6150366957135063	1.5892534194608885	8.223037403177878	1.0	1.0	17.25	0.2999999999999971	91.0
1	v2	previously_4vHPV_vaccinated	heterologous_2vHPV_recall_day28	memory_recall	HPV33	cross_reactive_non_booster_target	FcgR2A	fc_gamma_receptor_binding	Fc-receptor engagement	low	0.0625	20	20	5.550788209410532	2.6859794918383675	0.6006032729920932	4.293711111881748	6.807865306939316	46.87634593874735	19.612630095647066	112.03962945575648	38.4	12.375	291.5	1.0	767.75
1	v2	previously_4vHPV_vaccinated	heterologous_2vHPV_recall_day28	memory_recall	HPV33	cross_reactive_non_booster_target	FcgR2B	fc_gamma_receptor_binding	Fc-receptor engagement	none	0.0125	20	20	7.478936696789896	1.517898689248028	0.3394124652116419	6.7685382427359215	8.18933515084387	178.39565865676863	109.02674285876952	291.90096111380325	266.15	76.075	357.575	25.0	730.0
1	v2	previously_4vHPV_vaccinated	heterologous_2vHPV_recall_day28	memory_recall	HPV33	cross_reactive_non_booster_target	FcgR3A	fc_gamma_receptor_binding	Fc-receptor engagement	moderate	0.1625	20	20	6.164459503059088	1.5546046601517283	0.3476201698237223	5.436882125820551	6.892036880297624	71.72775159261477	43.31762155541776	118.77084114486381	59.85	38.425	141.4	10.5	763.0
1	v2	previously_4vHPV_vaccinated	heterologous_2vHPV_recall_day28	memory_recall	HPV45	cross_reactive_non_booster_target	IgG	antibody_isotype_or_subclass	Antibody abundance	none	0.0125	20	20	13.245845400329927	1.5748862208358847	0.35215526466167835	12.508775960506526	13.982914840153327	9713.97057115051	5827.962828936532	16191.116351783068	12034.5	6657.975	17816.6	431.5	32690.5
1	v2	previously_4vHPV_vaccinated	heterologous_2vHPV_recall_day28	memory_recall	HPV45	cross_reactive_non_booster_target	IgM	antibody_isotype_or_subclass	Antibody abundance	none	0.0125	20	20	10.492791285793887	1.3681972934455535	0.3059382154775485	9.852455241636639	11.133127329951135	1440.9367414200524	924.4524093575426	2245.9768309946676	1395.65	938.55	1893.0	247.0	15726.3
1	v2	previously_4vHPV_vaccinated	heterologous_2vHPV_recall_day28	memory_recall	HPV45	cross_reactive_non_booster_target	IgA1	antibody_isotype_or_subclass	Antibody abundance	none	0.0125	20	20	9.973200513315955	2.009353412993406	0.4493050822274465	9.032794168446028	10.913606858185883	1005.1537732162112	523.7716518537062	1928.9591260524758	609.5	427.875	2879.075	154.5	23182.0
1	v2	previously_4vHPV_vaccinated	heterologous_2vHPV_recall_day28	memory_recall	HPV45	cross_reactive_non_booster_target	IgA2	antibody_isotype_or_subclass	Antibody abundance	high	0.4375	20	20	5.004655211654595	5.1465766613905854	1.1508095266283265	2.595983190379321	7.413327232929868	32.103422668313605	6.046009267528552	170.46446695932465	241.0	1.0	1246.5	1.0	1262.7999999999993
1	v2	previously_4vHPV_vaccinated	heterologous_2vHPV_recall_day28	memory_recall	HPV45	cross_reactive_non_booster_target	IgG1	antibody_isotype_or_subclass	IgG subclass architecture	none	0.0125	20	20	12.4015005955296	1.6616678652539667	0.371560230273483	11.623816095905726	13.179185095153473	5410.32894158827	3155.856948890257	9275.344139562758	5368.25	4088.6000000000004	11195.349999999999	345.0	30177.5
1	v2	previously_4vHPV_vaccinated	heterologous_2vHPV_recall_day28	memory_recall	HPV45	cross_reactive_non_booster_target	IgG2	antibody_isotype_or_subclass	IgG subclass architecture	high	0.3625	20	20	3.783030690186903	4.056811344005422	0.9071305937088407	1.8843845370646501	5.681676843309155	13.765934926876252	3.691953895760439	51.32809611425539	12.5	1.0	72.825	1.0	5348.0
1	v2	previously_4vHPV_vaccinated	heterologous_2vHPV_recall_day28	memory_recall	HPV45	cross_reactive_non_booster_target	IgG3	antibody_isotype_or_subclass	IgG subclass architecture	none	0.0375	20	20	8.871992300963663	2.316826664468067	0.5180581913834694	7.787684044814823	9.956300557112504	468.52827374308606	220.96652926429505	993.4479399552538	452.85	147.7	919.875	35.5	26068.3
1	v2	previously_4vHPV_vaccinated	heterologous_2vHPV_recall_day28	memory_recall	HPV45	cross_reactive_non_booster_target	IgG4	antibody_isotype_or_subclass	IgG subclass architecture	none	0.0125	20	20	2.5743806803645968	3.214877064948188	0.7188683656529155	1.06977189909989	4.078989461629304	5.956152448516414	2.099101457333266	16.9004465534682	4.649999999999999	1.0	21.375	0.2000000000000028	878.0
1	v2	previously_4vHPV_vaccinated	heterologous_2vHPV_recall_day28	memory_recall	HPV45	cross_reactive_non_booster_target	FcgR2A	fc_gamma_receptor_binding	Fc-receptor engagement	moderate	0.2125	20	20	7.344046297334131	4.066036155607245	0.9091933242909712	5.441082799485716	9.247009795182546	162.4718871905386	43.44393262878911	607.6133657790097	906.5	30.299999999999997	1586.075	1.0	1887.8
1	v2	previously_4vHPV_vaccinated	heterologous_2vHPV_recall_day28	memory_recall	HPV45	cross_reactive_non_booster_target	FcgR2B	fc_gamma_receptor_binding	Fc-receptor engagement	low	0.05	20	20	8.945655469909282	2.169076526334034	0.48502025612820127	7.930496406957699	9.960814532860864	493.0723250451574	243.95925531207786	996.561156962185	739.0	414.25	1382.45	10.0	2098.0
1	v2	previously_4vHPV_vaccinated	heterologous_2vHPV_recall_day28	memory_recall	HPV45	cross_reactive_non_booster_target	FcgR3A	fc_gamma_receptor_binding	Fc-receptor engagement	low	0.05	20	20	8.476370416351614	2.0493727412428657	0.45825367606541345	7.5172344493256915	9.435506383377536	356.1572174712184	183.19476273827004	692.4213425144046	615.0	194.175	849.0999999999999	18.3	2352.3
1	v2	previously_4vHPV_vaccinated	heterologous_2vHPV_recall_day28	memory_recall	HPV52	cross_reactive_non_booster_target	IgG	antibody_isotype_or_subclass	Antibody abundance	none	0.0125	20	20	13.619509891570004	1.697051206341736	0.3794721858678144	12.825265478569786	14.413754304570222	12585.805143334084	7257.542895614339	21825.91179746189	17095.85	6266.625	31365.25	243.5	32704.0
1	v2	previously_4vHPV_vaccinated	heterologous_2vHPV_recall_day28	memory_recall	HPV52	cross_reactive_non_booster_target	IgM	antibody_isotype_or_subclass	Antibody abundance	none	0.0125	20	20	10.109729164064223	1.1982400376753541	0.26793461776040006	9.548935564083022	10.670522764045424	1104.922268574171	749.0590086008838	1629.8491915495963	1045.05	643.05	1845.0	223.0	7984.7
1	v2	previously_4vHPV_vaccinated	heterologous_2vHPV_recall_day28	memory_recall	HPV52	cross_reactive_non_booster_target	IgA1	antibody_isotype_or_subclass	Antibody abundance	low	0.0625	20	20	8.794277092557952	2.505027423147649	0.5601411603659273	7.621888170047909	9.966666015067993	443.9572933997523	196.97765494152128	1000.6113557466613	510.25	260.175	695.75	6.199999999999989	26363.5
1	v2	previously_4vHPV_vaccinated	heterologous_2vHPV_recall_day28	memory_recall	HPV52	cross_reactive_non_booster_target	IgA2	antibody_isotype_or_subclass	Antibody abundance	high	0.3375	20	20	5.009273057462396	4.2768705589110105	0.9563373300692538	3.007636021498873	7.0109100934259185	32.2063454382283	8.042455350749044	128.97164376422467	73.25	1.0	202.35000000000002	1.0	6773.5
1	v2	previously_4vHPV_vaccinated	heterologous_2vHPV_recall_day28	memory_recall	HPV52	cross_reactive_non_booster_target	IgG1	antibody_isotype_or_subclass	IgG subclass architecture	none	0.0125	20	20	12.264155777160397	1.6947516961141016	0.37895799974941974	11.47098756807442	13.057323986246374	4919.021949076341	2838.646664650729	8524.05381649428	5545.75	3784.45	8233.625	110.0	25897.5
1	v2	previously_4vHPV_vaccinated	heterologous_2vHPV_recall_day28	memory_recall	HPV52	cross_reactive_non_booster_target	IgG2	antibody_isotype_or_subclass	IgG subclass architecture	moderate	0.2125	20	20	5.0034969854605595	3.564286455771182	0.796998680638616	3.335359575552287	6.671634395368832	32.077659702245356	10.093534657437601	101.94409460067945	24.0	8.424999999999997	88.875	1.0	25055.5
1	v2	previously_4vHPV_vaccinated	heterologous_2vHPV_recall_day28	memory_recall	HPV52	cross_reactive_non_booster_target	IgG3	antibody_isotype_or_subclass	IgG subclass architecture	none	0.0375	20	20	12.239052805349335	3.0028987042694797	0.6714685632292594	10.833652950731539	13.644452659967131	4834.171046810727	1824.9648361436996	12805.293147019851	11092.5	1618.0	27193.475	59.3	32685.0
1	v2	previously_4vHPV_vaccinated	heterologous_2vHPV_recall_day28	memory_recall	HPV52	cross_reactive_non_booster_target	IgG4	antibody_isotype_or_subclass	IgG subclass architecture	none	0.0125	20	20	2.042069684525192	2.967835243448105	0.6636281350369599	0.6530800347107402	3.4310593343396443	4.118359252405638	1.5725218188204706	10.78578543641275	1.0	1.0	22.1	1.0	268.8
1	v2	previously_4vHPV_vaccinated	heterologous_2vHPV_recall_day28	memory_recall	HPV52	cross_reactive_non_booster_target	FcgR2A	fc_gamma_receptor_binding	Fc-receptor engagement	moderate	0.2	20	20	8.177280077071874	3.6148233756548334	0.8082990794619466	6.485490660601964	9.869069493541783	289.4720162729595	89.60396452601132	935.1600528881478	860.0	149.2	1445.0	1.0	3475.5
1	v2	previously_4vHPV_vaccinated	heterologous_2vHPV_recall_day28	memory_recall	HPV52	cross_reactive_non_booster_target	FcgR2B	fc_gamma_receptor_binding	Fc-receptor engagement	moderate	0.1875	20	20	8.833822217467214	3.0169494348070396	0.674610402090811	7.421846418537116	10.24579801639731	456.294741479364	171.47404594534115	1214.2064412948337	920.0	413.675	1537.35	1.0	3265.3
1	v2	previously_4vHPV_vaccinated	heterologous_2vHPV_recall_day28	memory_recall	HPV52	cross_reactive_non_booster_target	FcgR3A	fc_gamma_receptor_binding	Fc-receptor engagement	low	0.05	20	20	8.885881055133947	1.6902918557683502	0.37796074913123007	8.094800115580115	9.676961994687778	473.0605533933245	273.38686427146274	818.570006182108	580.5	335.475	1005.9749999999999	9.0	2042.3
1	v2	previously_4vHPV_vaccinated	heterologous_2vHPV_recall_day28	memory_recall	HPV58	cross_reactive_non_booster_target	IgG	antibody_isotype_or_subclass	Antibody abundance	none	0.0125	20	20	13.232943606876498	1.3627736235521408	0.3047254460206295	12.595145918365034	13.870741295387962	9627.487348762168	6187.521502706688	14979.909582541191	10170.75	5580.0	19485.375	759.5	32163.5
1	v2	previously_4vHPV_vaccinated	heterologous_2vHPV_recall_day28	memory_recall	HPV58	cross_reactive_non_booster_target	IgM	antibody_isotype_or_subclass	Antibody abundance	none	0.0125	20	20	10.992771972555094	0.8201017601635429	0.18338032841929108	10.60895253406823	11.376591411041957	2037.7650026643464	1561.7551089767514	2658.8587302937	1819.15	1247.35	3143.7250000000004	849.5	5519.5
1	v2	previously_4vHPV_vaccinated	heterologous_2vHPV_recall_day28	memory_recall	HPV58	cross_reactive_non_booster_target	IgA1	antibody_isotype_or_subclass	Antibody abundance	none	0.0125	20	20	9.382587856473883	1.8840405571965837	0.4212842758258142	8.500829733426489	10.264345979521277	667.4832651814111	362.246950209777	1229.9176267439366	483.3	412.75	1206.225	43.0	30481.0
1	v2	previously_4vHPV_vaccinated	heterologous_2vHPV_recall_day28	memory_recall	HPV58	cross_reactive_non_booster_target	IgA2	antibody_isotype_or_subclass	Antibody abundance	high	0.35	20	20	5.0101405386519	4.563567014523635	1.0204446064350616	2.8743254311921427	7.145955646111657	32.22571668392601	7.332602998687254	141.62730697115177	117.25	1.0	330.3	1.0	13630.3
1	v2	previously_4vHPV_vaccinated	heterologous_2vHPV_recall_day28	memory_recall	HPV58	cross_reactive_non_booster_target	IgG1	antibody_isotype_or_subclass	IgG subclass architecture	none	0.0125	20	20	11.981264673270935	1.558569314661453	0.3485066935228268	11.25183178060537	12.710697565936501	4043.1518505711233	2438.590469324173	6703.494125976431	4548.9	2517.0	9456.25	165.3	18082.5
1	v2	previously_4vHPV_vaccinated	heterologous_2vHPV_recall_day28	memory_recall	HPV58	cross_reactive_non_booster_target	IgG2	antibody_isotype_or_subclass	IgG subclass architecture	none	0.0125	20	20	4.35395258150087	2.8586250176111765	0.6392079861560124	3.0160748907064723	5.6918302722952685	20.448917685197582	8.089636571227166	51.69060820151944	42.9	10.75	79.25	0.5	261.0
1	v2	previously_4vHPV_vaccinated	heterologous_2vHPV_recall_day28	memory_recall	HPV58	cross_reactive_non_booster_target	IgG3	antibody_isotype_or_subclass	IgG subclass architecture	none	0.025	20	20	11.457136716076635	2.1695709541521797	0.4851308135493353	10.441746253783226	12.472527178370044	2811.5241348801724	1390.845307158519	5683.355237515844	2404.9	1154.95	7588.0	72.5	30506.0
1	v2	previously_4vHPV_vaccinated	heterologous_2vHPV_recall_day28	memory_recall	HPV58	cross_reactive_non_booster_target	IgG4	antibody_isotype_or_subclass	IgG subclass architecture	none	0.0125	20	20	1.6398164037574816	2.8112686233325848	0.6286187744783911	0.32410218772156596	2.9555306197933975	3.1162617203779504	1.2518851279532932	7.757171079881426	1.0	1.0	6.949999999999999	0.5	217.2
1	v2	previously_4vHPV_vaccinated	heterologous_2vHPV_recall_day28	memory_recall	HPV58	cross_reactive_non_booster_target	FcgR2A	fc_gamma_receptor_binding	Fc-receptor engagement	none	0.0375	20	20	7.526880179073153	3.2071670047807155	0.7171443437884073	6.025879817041187	9.027880541105118	184.42369017527983	65.15842457022688	521.9907897129988	430.5	30.5	1230.075	1.5	2071.3
1	v2	previously_4vHPV_vaccinated	heterologous_2vHPV_recall_day28	memory_recall	HPV58	cross_reactive_non_booster_target	FcgR2B	fc_gamma_receptor_binding	Fc-receptor engagement	none	0.0375	20	20	9.04431248277012	2.046630308383331	0.4576404494356485	8.0864600138311	10.00216495170914	527.9701233470049	271.81099659288606	1025.5377988424889	696.1	351.875	1242.55	7.5	2178.3
1	v2	previously_4vHPV_vaccinated	heterologous_2vHPV_recall_day28	memory_recall	HPV58	cross_reactive_non_booster_target	FcgR3A	fc_gamma_receptor_binding	Fc-receptor engagement	low	0.0875	20	20	8.358993830747808	1.7158121821170798	0.3836672675836039	7.555969010806233	9.162018650689383	328.32796630816193	188.17993689573692	572.8520013256293	525.6	185.875	609.7	8.0	1490.3
1	v2	previously_4vHPV_vaccinated	heterologous_2vHPV_recall_day28	memory_recall	BPV	heterologous_control_antigen	IgG	antibody_isotype_or_subclass	Antibody abundance	none	0.0125	20	20	8.942044116442553	1.2817522696600625	0.2866085205274541	8.342165588780226	9.54192264410488	491.839610170019	324.52045111567764	745.4266789675053	633.5	247.8	907.75	116.0	2777.7
1	v2	previously_4vHPV_vaccinated	heterologous_2vHPV_recall_day28	memory_recall	BPV	heterologous_control_antigen	IgM	antibody_isotype_or_subclass	Antibody abundance	none	0.0125	20	20	9.209941205921654	0.8666639238405204	0.19379194473541042	8.804330004039883	9.615552407803424	592.2002157621672	447.0616564613533	784.4580059150612	686.45	416.5	772.5	96.0	1593.7
1	v2	previously_4vHPV_vaccinated	heterologous_2vHPV_recall_day28	memory_recall	BPV	heterologous_control_antigen	IgA1	antibody_isotype_or_subclass	Antibody abundance	low	0.05	20	20	6.593738814382776	2.404314190447008	0.5376209969106884	5.468485135693755	7.718992493071798	96.58577450661483	44.27698666697295	210.69211207187197	162.65	93.125	214.75	1.0	490.5
1	v2	previously_4vHPV_vaccinated	heterologous_2vHPV_recall_day28	memory_recall	BPV	heterologous_control_antigen	IgA2	antibody_isotype_or_subclass	Antibody abundance	high	0.3875	20	20	2.900362908299552	3.784305115749189	0.8461963486415397	1.1292535958403684	4.671472220758735	7.466141795589261	2.1874553904267704	25.483158905000284	1.0	1.0	71.45	1.0	689.0
1	v2	previously_4vHPV_vaccinated	heterologous_2vHPV_recall_day28	memory_recall	BPV	heterologous_control_antigen	IgG1	antibody_isotype_or_subclass	IgG subclass architecture	none	0.0125	20	20	8.062881912465112	1.1443469030641915	0.25588374650928947	7.527311075889063	8.598452749041162	267.4048667630954	184.478781131643	387.6075195746388	304.6	144.45	407.125	73.5	906.0
1	v2	previously_4vHPV_vaccinated	heterologous_2vHPV_recall_day28	memory_recall	BPV	heterologous_control_antigen	IgG2	antibody_isotype_or_subclass	IgG subclass architecture	high	0.3875	20	20	2.7024396067252434	2.974645118708932	0.6651508694371102	1.3102628371828018	4.094616376267685	6.509016659448041	2.47986715295619	17.084503023666848	4.199999999999999	1.0	29.525	1.0	729.2
1	v2	previously_4vHPV_vaccinated	heterologous_2vHPV_recall_day28	memory_recall	BPV	heterologous_control_antigen	IgG3	antibody_isotype_or_subclass	IgG subclass architecture	none	0.025	20	20	8.12329807666146	1.635224719907369	0.36564736322009306	7.3579893500108495	8.888606803312069	278.84084155927275	164.0497232713449	473.95517268187086	221.5	133.97500000000002	423.9	82.8	10401.7
1	v2	previously_4vHPV_vaccinated	heterologous_2vHPV_recall_day28	memory_recall	BPV	heterologous_control_antigen	IgG4	antibody_isotype_or_subclass	IgG subclass architecture	none	0.0125	20	20	1.207653202558473	2.291241003932359	0.5123370637627618	0.1353194041381125	2.2799870009788332	2.3096163129495006	1.0983359519465692	4.85673577705298	1.0	1.0	3.974999999999998	1.0	200.0
1	v2	previously_4vHPV_vaccinated	heterologous_2vHPV_recall_day28	memory_recall	BPV	heterologous_control_antigen	FcgR2A	fc_gamma_receptor_binding	Fc-receptor engagement	moderate	0.25	20	20	2.9465109358621797	1.8982344732481462	0.42445813194163606	2.058109855619139	3.8349120161052204	7.7088247780001184	4.164403481800416	14.269986017833379	7.899999999999998	4.35	21.0	1.0	70.0
1	v2	previously_4vHPV_vaccinated	heterologous_2vHPV_recall_day28	memory_recall	BPV	heterologous_control_antigen	FcgR2B	fc_gamma_receptor_binding	Fc-receptor engagement	high	0.5875	20	20	1.1969953789520442	1.9679655649707115	0.440050478065329	0.27595914320745496	2.1180316146966334	2.292617028040512	1.210798793920976	4.341012613863203	1.0	1.0	7.0	1.0	46.8
1	v2	previously_4vHPV_vaccinated	heterologous_2vHPV_recall_day28	memory_recall	BPV	heterologous_control_antigen	FcgR3A	fc_gamma_receptor_binding	Fc-receptor engagement	high	0.3	20	20	2.6215100426937807	1.8243458896854101	0.40793614238089093	1.767689884028062	3.4753302013594993	6.153938571096598	3.405082809302527	11.121891025195845	8.25	2.7250000000000005	12.825	1.0	45.3
2	v1	previously_4vHPV_vaccinated	six_year_4vHPV_persistence	long_term_persistence	HPV16	vaccine_target_2vHPV_and_4vHPV	IgG	antibody_isotype_or_subclass	Antibody abundance	none	0.0125	21	21	14.989655170263243	0.020518730427415543	0.004477554064191682	14.980315156152182	14.998995184374303	32533.87778649848	32323.93363996163	32745.185521550145	32668.0	32640.5	32692.7	30643.8	32711.5
2	v1	previously_4vHPV_vaccinated	six_year_4vHPV_persistence	long_term_persistence	HPV16	vaccine_target_2vHPV_and_4vHPV	IgM	antibody_isotype_or_subclass	Antibody abundance	none	0.0125	21	21	11.096979012607227	1.296503197036884	0.282920192341608	10.506817832889212	11.687140192325241	2190.4005712287963	1455.0145179438741	3297.4617113920167	2789.8	1184.0	3888.0	377.0	9130.5
2	v1	previously_4vHPV_vaccinated	six_year_4vHPV_persistence	long_term_persistence	HPV16	vaccine_target_2vHPV_and_4vHPV	IgA1	antibody_isotype_or_subclass	Antibody abundance	none	0.0125	21	21	12.985311597221775	2.011513166272166	0.4389481593258331	12.069681781623467	13.900941412820083	8109.018548240291	4298.69125988077	15296.791009254504	7399.2	4332.0	27463.5	122.8	32569.7
2	v1	previously_4vHPV_vaccinated	six_year_4vHPV_persistence	long_term_persistence	HPV16	vaccine_target_2vHPV_and_4vHPV	IgA2	antibody_isotype_or_subclass	Antibody abundance	high	0.3	21	21	9.615381630340766	3.9340871292260533	0.8584881933442813	7.824606639115308	11.406156621566222	784.3651520442257	226.6946665779673	2713.90898175262	904.5	298.0	5643.8	1.0	27552.5
2	v1	previously_4vHPV_vaccinated	six_year_4vHPV_persistence	long_term_persistence	HPV16	vaccine_target_2vHPV_and_4vHPV	IgG1	antibody_isotype_or_subclass	IgG subclass architecture	none	0.0125	21	21	14.713009005675298	0.3751858196501887	0.08187225801052572	14.542226468120223	14.883791543230373	26856.971430699545	23858.677710426626	30232.057416752534	28743.0	25923.5	31252.0	10524.2	32610.3
2	v1	previously_4vHPV_vaccinated	six_year_4vHPV_persistence	long_term_persistence	HPV16	vaccine_target_2vHPV_and_4vHPV	IgG2	antibody_isotype_or_subclass	IgG subclass architecture	moderate	0.15	21	21	11.160895611015482	1.9118536760955456	0.4172006756374963	10.290630251461053	12.03116097056991	2289.6249945481013	1252.5307016889565	4185.432427796284	3574.0	1637.5	4327.7	32.5	11458.0
2	v1	previously_4vHPV_vaccinated	six_year_4vHPV_persistence	long_term_persistence	HPV16	vaccine_target_2vHPV_and_4vHPV	IgG3	antibody_isotype_or_subclass	IgG subclass architecture	none	0.025	21	21	12.06654181402525	3.2217014986913486	0.7030329040145609	10.600040874025725	13.533042754024775	4289.345505661412	1552.137738208823	11853.641860528256	12524.0	547.7	26016.5	60.5	32360.0
2	v1	previously_4vHPV_vaccinated	six_year_4vHPV_persistence	long_term_persistence	HPV16	vaccine_target_2vHPV_and_4vHPV	IgG4	antibody_isotype_or_subclass	IgG subclass architecture	none	0.0125	21	21	7.66329580148912	1.8665824074986346	0.40732167491597143	6.813637676335306	8.512953926642934	202.71314048201228	112.48880940135292	365.3040470671549	211.2	59.2	369.8	34.2	3694.5
2	v1	previously_4vHPV_vaccinated	six_year_4vHPV_persistence	long_term_persistence	HPV16	vaccine_target_2vHPV_and_4vHPV	FcgR2A	fc_gamma_receptor_binding	Fc-receptor engagement	low	0.05	21	21	12.019286697638181	0.706016438391443	0.1540654176577102	11.697911867916453	12.34066152735991	4151.125107863612	3322.1738764083716	5186.916850891973	4719.0	3895.3	5362.5	940.7	6958.0
2	v1	previously_4vHPV_vaccinated	six_year_4vHPV_persistence	long_term_persistence	HPV16	vaccine_target_2vHPV_and_4vHPV	FcgR2B	fc_gamma_receptor_binding	Fc-receptor engagement	moderate	0.15	21	21	11.40609885728764	0.4984461940318539	0.10876987685779127	11.179208869998682	11.632988844576598	2713.80032132775	2318.874248387299	3175.9860152660353	2417.0	2038.0	3751.0	1779.0	5535.5
2	v1	previously_4vHPV_vaccinated	six_year_4vHPV_persistence	long_term_persistence	HPV16	vaccine_target_2vHPV_and_4vHPV	FcgR3A	fc_gamma_receptor_binding	Fc-receptor engagement	low	0.075	21	21	10.471142371619237	2.8337664489468684	0.6183785359107257	9.1812273491357	11.761057394102775	1419.4756362185906	580.5302158086455	3470.8117285704348	2160.0	1856.5	3734.5	1.0	4921.5
2	v1	previously_4vHPV_vaccinated	six_year_4vHPV_persistence	long_term_persistence	HPV16	vaccine_target_2vHPV_and_4vHPV	ADCP	antibody_dependent_cellular_phagocytosis	Phagocytic function	none	0.0125	21	21	5.928143134179809	0.7124726989520019	0.15547428921604922	5.6038294498854935	6.2524568184741245	60.89041050910167	48.63184598661464	76.23897503268549	56.0103225	40.65945975	101.120969	29.8474905	121.166724
2	v1	previously_4vHPV_vaccinated	six_year_4vHPV_persistence	long_term_persistence	HPV16	vaccine_target_2vHPV_and_4vHPV	nAb	neutralizing_antibody	Neutralization	moderate	0.25	21	21	12.024808570727108	1.8021151593666394	0.39325376803928724	11.204495585097597	12.84512155635662	4167.04386269835	2359.8764015102297	7358.120341615999	3200.0	1600.0	12800.0	200.0	25600.0
2	v1	previously_4vHPV_vaccinated	six_year_4vHPV_persistence	long_term_persistence	HPV18	vaccine_target_2vHPV_and_4vHPV	IgG	antibody_isotype_or_subclass	Antibody abundance	none	0.0125	21	21	13.76009035638194	1.4373410894486136	0.3136535400889793	13.1058205366508	14.414360176113082	13873.944099421753	8815.462438850547	21835.07969197111	19552.0	12666.5	27806.0	519.0	31786.0
2	v1	previously_4vHPV_vaccinated	six_year_4vHPV_persistence	long_term_persistence	HPV18	vaccine_target_2vHPV_and_4vHPV	IgM	antibody_isotype_or_subclass	Antibody abundance	none	0.0125	21	21	10.643536289387136	1.0063040559274856	0.219593548020418	10.185472174961129	11.101600403813142	1599.645258448556	1164.4816376353265	2197.4283407964663	1700.0	1241.3	2726.3	404.5	4339.3
2	v1	previously_4vHPV_vaccinated	six_year_4vHPV_persistence	long_term_persistence	HPV18	vaccine_target_2vHPV_and_4vHPV	IgA1	antibody_isotype_or_subclass	Antibody abundance	none	0.0125	21	21	9.79118803926266	2.5851399212257355	0.5641237795747196	8.614446455336346	10.967929623188976	886.0154458985279	391.92844019416685	2002.9762830731436	730.5	260.5	3145.0	41.5	23586.5
2	v1	previously_4vHPV_vaccinated	six_year_4vHPV_persistence	long_term_persistence	HPV18	vaccine_target_2vHPV_and_4vHPV	IgA2	antibody_isotype_or_subclass	Antibody abundance	high	0.475	21	21	5.071190720356872	4.637869213855711	1.012066035038054	2.9600579650482257	7.182323475665518	33.61866941116916	7.781552222633028	145.24286423089154	51.0	1.0	462.0	1.0	5370.7
2	v1	previously_4vHPV_vaccinated	six_year_4vHPV_persistence	long_term_persistence	HPV18	vaccine_target_2vHPV_and_4vHPV	IgG1	antibody_isotype_or_subclass	IgG subclass architecture	none	0.0125	21	21	12.695299235638247	1.1702913454843304	0.25537850837303144	12.162589001954832	13.228009469321663	6632.326134843668	4584.628127216184	9594.61677988701	8001.5	5699.0	10831.2	608.5	18784.3
2	v1	previously_4vHPV_vaccinated	six_year_4vHPV_persistence	long_term_persistence	HPV18	vaccine_target_2vHPV_and_4vHPV	IgG2	antibody_isotype_or_subclass	IgG subclass architecture	low	0.1125	21	21	8.037258269155476	1.6817800779986716	0.3669945004617928	7.271721155844591	8.80279538246636	262.69742870648923	154.5276457141615	446.58636148933846	286.0	129.5	531.5	43.0	5395.0
2	v1	previously_4vHPV_vaccinated	six_year_4vHPV_persistence	long_term_persistence	HPV18	vaccine_target_2vHPV_and_4vHPV	IgG3	antibody_isotype_or_subclass	IgG subclass architecture	none	0.0375	21	21	7.807793430842338	1.9386907393491823	0.4230570029608348	6.925311986556202	8.690274875128473	224.06809540093747	121.54207242929387	413.07927677315865	265.5	109.5	558.5	8.5	2359.7
2	v1	previously_4vHPV_vaccinated	six_year_4vHPV_persistence	long_term_persistence	HPV18	vaccine_target_2vHPV_and_4vHPV	IgG4	antibody_isotype_or_subclass	IgG subclass architecture	high	0.3875	21	21	4.192392052404651	2.630425878212421	0.574005985565672	2.995036548002858	5.389747556806444	18.282507546345443	7.972524069174054	41.925252188897566	32.0	7.299999999999997	59.0	1.0	327.0
2	v1	previously_4vHPV_vaccinated	six_year_4vHPV_persistence	long_term_persistence	HPV18	vaccine_target_2vHPV_and_4vHPV	FcgR2A	fc_gamma_receptor_binding	Fc-receptor engagement	low	0.0875	21	21	10.104856061187334	1.6303459981152293	0.3557706640633986	9.36273146034159	10.846980662033078	1101.1963831229339	658.3593547415524	1841.90209415201	1328.5	1042.5	2241.0	19.0	3035.3
2	v1	previously_4vHPV_vaccinated	six_year_4vHPV_persistence	long_term_persistence	HPV18	vaccine_target_2vHPV_and_4vHPV	FcgR2B	fc_gamma_receptor_binding	Fc-receptor engagement	none	0.0125	21	21	8.50062800480948	2.5352757402309285	0.5532425231996871	7.346584323941811	9.65467168567715	362.19630162122803	162.75796351936492	806.0199210620324	621.0	137.0	1150.5	2.5	3177.3
2	v1	previously_4vHPV_vaccinated	six_year_4vHPV_persistence	long_term_persistence	HPV18	vaccine_target_2vHPV_and_4vHPV	FcgR3A	fc_gamma_receptor_binding	Fc-receptor engagement	low	0.125	21	21	7.879265987512164	3.4668505564863383	0.7565288141999249	6.301174534287753	9.457357440736574	235.44821704664315	78.85741613199023	702.9885790025829	558.5	244.0	888.3	1.0	1643.0
2	v1	previously_4vHPV_vaccinated	six_year_4vHPV_persistence	long_term_persistence	HPV18	vaccine_target_2vHPV_and_4vHPV	ADCP	antibody_dependent_cellular_phagocytosis	Phagocytic function	none	0.0125	21	21	5.3912739470982	0.42889208009529645	0.09359192485732186	5.196044612886576	5.586503281309824	41.969633129742135	36.657706294947914	48.051290794697316	40.445874	33.789184	52.85624850000001	27.15125	68.1914625
2	v1	previously_4vHPV_vaccinated	six_year_4vHPV_persistence	long_term_persistence	HPV18	vaccine_target_2vHPV_and_4vHPV	nAb	neutralizing_antibody	Neutralization	high	0.35	21	21	9.548618094536632	2.1887156486113475	0.4776169111664699	8.552326676047361	10.544909513025903	748.8941939628853	375.41088622380846	1493.9431282686953	800.0	400.0	1600.0	50.0	12800.0
2	v1	previously_4vHPV_vaccinated	six_year_4vHPV_persistence	long_term_persistence	HPV31	cross_reactive_non_booster_target	IgG	antibody_isotype_or_subclass	Antibody abundance	none	0.0125	21	21	11.38702100107894	2.18707240952012	0.477258326998829	10.391477576056138	12.382564426101743	2678.1499069156234	1343.2178350365014	5339.779399011073	2624.0	991.0	8234.0	195.0	31749.0
2	v1	previously_4vHPV_vaccinated	six_year_4vHPV_persistence	long_term_persistence	HPV31	cross_reactive_non_booster_target	IgM	antibody_isotype_or_subclass	Antibody abundance	none	0.0125	21	21	8.661981529809339	1.3576886696130372	0.2962719570802683	8.043969056889987	9.27999400272869	405.05711240553416	263.92222891262645	621.6651965478309	431.5	261.0	713.5	74.2	2225.7
2	v1	previously_4vHPV_vaccinated	six_year_4vHPV_persistence	long_term_persistence	HPV31	cross_reactive_non_booster_target	IgA1	antibody_isotype_or_subclass	Antibody abundance	low	0.05	21	21	8.458720615263317	3.4512455825211257	0.7531235297040486	6.887732461024846	10.02970876950179	351.8265665857206	118.41700504295095	1045.3053842275417	368.0	194.5	894.0	1.0	24616.5
2	v1	previously_4vHPV_vaccinated	six_year_4vHPV_persistence	long_term_persistence	HPV31	cross_reactive_non_booster_target	IgA2	antibody_isotype_or_subclass	Antibody abundance	high	0.575	21	21	3.087640196420213	4.624042844103042	1.0090488738010037	0.9828011291665613	5.192479263673865	8.501044996736722	1.976298857834664	36.56722552363501	1.0	1.0	30.5	1.0	10156.0
2	v1	previously_4vHPV_vaccinated	six_year_4vHPV_persistence	long_term_persistence	HPV31	cross_reactive_non_booster_target	IgG1	antibody_isotype_or_subclass	IgG subclass architecture	none	0.0125	21	21	10.416931974204507	1.98884892326281	0.43400241603253553	9.511618798335578	11.322245150073437	1367.1273984167665	729.9322726359082	2560.562662550031	1839.5	470.2	3917.0	98.5	9061.0
2	v1	previously_4vHPV_vaccinated	six_year_4vHPV_persistence	long_term_persistence	HPV31	cross_reactive_non_booster_target	IgG2	antibody_isotype_or_subclass	IgG subclass architecture	high	0.3875	21	21	2.4885593926058016	2.3167880628445623	0.5055646031978721	1.4339701101035836	3.5431486751080197	5.612172652471181	2.7018921904257494	11.657194166648956	6.5	1.0	19.700000000000003	1.0	77.0
2	v1	previously_4vHPV_vaccinated	six_year_4vHPV_persistence	long_term_persistence	HPV31	cross_reactive_non_booster_target	IgG3	antibody_isotype_or_subclass	IgG subclass architecture	none	0.0125	21	21	6.692943331281335	3.070248917881636	0.6699832413594692	5.2953827795247985	8.090503883037872	103.46100720349851	39.270737302089636	272.57395065492676	104.7	36.3	354.2	1.0	15744.0
2	v1	previously_4vHPV_vaccinated	six_year_4vHPV_persistence	long_term_persistence	HPV31	cross_reactive_non_booster_target	IgG4	antibody_isotype_or_subclass	IgG subclass architecture	none	0.0125	21	21	1.0573258400026393	1.682998559024586	0.36726039482056044	0.29123408077853097	1.8234175992267476	2.081070500312277	1.2236865711472027	3.53918603781835	1.0	1.0	4.799999999999997	1.0	37.5
2	v1	previously_4vHPV_vaccinated	six_year_4vHPV_persistence	long_term_persistence	HPV31	cross_reactive_non_booster_target	FcgR2A	fc_gamma_receptor_binding	Fc-receptor engagement	low	0.125	21	21	8.447346420924422	2.756970532206957	0.6016202929810033	7.192388480632686	9.702304361216157	349.06367481140035	146.25969826586834	833.0760319999459	443.0	156.2	1708.5	7.799999999999997	3701.0
2	v1	previously_4vHPV_vaccinated	six_year_4vHPV_persistence	long_term_persistence	HPV31	cross_reactive_non_booster_target	FcgR2B	fc_gamma_receptor_binding	Fc-receptor engagement	moderate	0.1875	21	21	6.5046259943816525	4.110259608400648	0.8969321800674057	4.633658252084585	8.37559373667872	90.80035257666007	24.823906313523885	332.1275839473389	246.0	9.0	621.0	1.0	2253.0
2	v1	previously_4vHPV_vaccinated	six_year_4vHPV_persistence	long_term_persistence	HPV31	cross_reactive_non_booster_target	FcgR3A	fc_gamma_receptor_binding	Fc-receptor engagement	moderate	0.1625	21	21	6.2878735992114	3.357222045850961	0.7326059118993588	4.759684445738482	7.816062752684318	78.13373087486553	27.08992408909488	225.35610953902415	119.0	23.0	462.0	1.0	1458.8
2	v1	previously_4vHPV_vaccinated	six_year_4vHPV_persistence	long_term_persistence	HPV33	cross_reactive_non_booster_target	IgG	antibody_isotype_or_subclass	Antibody abundance	none	0.0125	21	21	9.037479389359584	0.9333250815953228	0.2036682302100668	8.612634905772062	9.462323872947106	525.4753902479204	391.4366160734494	705.4127652288718	538.0	347.0	784.5	186.5	1995.5
2	v1	previously_4vHPV_vaccinated	six_year_4vHPV_persistence	long_term_persistence	HPV33	cross_reactive_non_booster_target	IgM	antibody_isotype_or_subclass	Antibody abundance	none	0.0125	21	21	11.007220412611916	0.7367888131299024	0.16078050035068817	10.67183816584727	11.342602659376563	2058.275540211467	1631.3359120077	2596.9502468801224	2261.5	1605.0	2897.0	531.0	5705.0
2	v1	previously_4vHPV_vaccinated	six_year_4vHPV_persistence	long_term_persistence	HPV33	cross_reactive_non_booster_target	IgA1	antibody_isotype_or_subclass	Antibody abundance	none	0.0375	21	21	6.764470688497052	2.7349275831368054	0.5968101271403353	5.519546578324236	8.009394798669867	108.71978428551725	45.87214860688399	257.6725061732901	169.0	85.30000000000001	254.5	1.0	1197.5
2	v1	previously_4vHPV_vaccinated	six_year_4vHPV_persistence	long_term_persistence	HPV33	cross_reactive_non_booster_target	IgA2	antibody_isotype_or_subclass	Antibody abundance	high	0.5125	21	21	2.2538845054229246	3.387869847123521	0.7392938104334288	0.7117446400689138	3.7960243707769354	4.769653640653999	1.6377834790845018	13.890478285029872	1.0	1.0	83.0	1.0	783.5
2	v1	previously_4vHPV_vaccinated	six_year_4vHPV_persistence	long_term_persistence	HPV33	cross_reactive_non_booster_target	IgG1	antibody_isotype_or_subclass	IgG subclass architecture	none	0.0125	21	21	8.153786794062341	0.926898415663047	0.20226581672907404	7.731867693734122	8.57570589439056	284.79633967521215	212.5808299711025	381.544070099945	299.0	188.8	369.8	94.0	945.2
2	v1	previously_4vHPV_vaccinated	six_year_4vHPV_persistence	long_term_persistence	HPV33	cross_reactive_non_booster_target	IgG2	antibody_isotype_or_subclass	IgG subclass architecture	high	0.35	21	21	3.127233042098059	2.496197803302106	0.5447150182483044	1.9909774248553533	4.263488659340765	8.73757565418309	3.9750621714367007	19.20604635096303	16.2	1.0	35.7	1.0	101.2
2	v1	previously_4vHPV_vaccinated	six_year_4vHPV_persistence	long_term_persistence	HPV33	cross_reactive_non_booster_target	IgG3	antibody_isotype_or_subclass	IgG subclass architecture	none	0.025	21	21	6.707295755484779	2.492699618672861	0.5439516517788544	5.572632492794214	7.841959018175344	104.4954094880494	47.59151555357207	229.43775748817387	110.0	56.5	349.5	1.0	1112.5
2	v1	previously_4vHPV_vaccinated	six_year_4vHPV_persistence	long_term_persistence	HPV33	cross_reactive_non_booster_target	IgG4	antibody_isotype_or_subclass	IgG subclass architecture	none	0.0125	21	21	2.169510830446884	2.0236453013205686	0.4415956082401536	1.2483585331847995	3.0906631277089684	4.498708318857845	2.3757096612851383	8.518876219585202	5.0	1.0	12.5	0.7999999999999972	119.0
2	v1	previously_4vHPV_vaccinated	six_year_4vHPV_persistence	long_term_persistence	HPV33	cross_reactive_non_booster_target	FcgR2A	fc_gamma_receptor_binding	Fc-receptor engagement	moderate	0.2875	21	21	4.073575007934342	2.757864349891945	0.601815339990477	2.8182102067103454	5.328939809158339	16.837137826115953	7.052868820924745	40.19487918654562	16.0	9.6	76.8	1.0	279.5
2	v1	previously_4vHPV_vaccinated	six_year_4vHPV_persistence	long_term_persistence	HPV33	cross_reactive_non_booster_target	FcgR2B	fc_gamma_receptor_binding	Fc-receptor engagement	none	0.025	21	21	5.673857567345926	1.9475371769354821	0.42498745390702153	4.787349272949305	6.560365861742547	51.050655031544125	27.614407596874724	94.3771605458839	70.0	34.0	101.5	1.0	532.0
2	v1	previously_4vHPV_vaccinated	six_year_4vHPV_persistence	long_term_persistence	HPV33	cross_reactive_non_booster_target	FcgR3A	fc_gamma_receptor_binding	Fc-receptor engagement	high	0.4125	21	21	3.2966865502647584	2.2862900457094035	0.49890939024225667	2.2559797987217243	4.337393301807793	9.826560626233153	4.776585863881982	20.215546520618663	20.0	1.0	30.0	1.0	69.0
2	v1	previously_4vHPV_vaccinated	six_year_4vHPV_persistence	long_term_persistence	HPV45	cross_reactive_non_booster_target	IgG	antibody_isotype_or_subclass	Antibody abundance	none	0.0125	21	21	9.734332504769696	1.4307291486820384	0.3122106963245319	9.08307240439131	10.385592605148084	851.7773192743257	542.3470053899048	1337.7498067101185	741.0	429.3	1287.8	196.5	6050.5
2	v1	previously_4vHPV_vaccinated	six_year_4vHPV_persistence	long_term_persistence	HPV45	cross_reactive_non_booster_target	IgM	antibody_isotype_or_subclass	Antibody abundance	none	0.0125	21	21	9.573876521047584	0.8332949793721415	0.1818398723428335	9.194565194084948	9.95318784801022	762.1211386007433	585.9221557609314	991.3068215482939	821.0	550.0	1089.5	285.5	2580.5
2	v1	previously_4vHPV_vaccinated	six_year_4vHPV_persistence	long_term_persistence	HPV45	cross_reactive_non_booster_target	IgA1	antibody_isotype_or_subclass	Antibody abundance	none	0.0375	21	21	7.796181288167797	3.185173551108155	0.6950618523583054	6.346307670559488	9.246054905776106	222.27182705158043	81.36337789925707	607.2113323763417	395.0	108.5	603.5	1.0	9816.5
2	v1	previously_4vHPV_vaccinated	six_year_4vHPV_persistence	long_term_persistence	HPV45	cross_reactive_non_booster_target	IgA2	antibody_isotype_or_subclass	Antibody abundance	high	0.3875	21	21	7.509355090925804	4.459213822684633	0.9730802324974154	5.479545294679253	9.539164887172355	182.19696170784346	44.617732592053414	744.0031334420983	1244.0	77.29999999999927	1247.7999999999993	1.0	3489.5
2	v1	previously_4vHPV_vaccinated	six_year_4vHPV_persistence	long_term_persistence	HPV45	cross_reactive_non_booster_target	IgG1	antibody_isotype_or_subclass	IgG subclass architecture	none	0.0125	21	21	8.764785060564174	1.4312217584736786	0.3123181925939732	8.113300726897014	9.416269394231334	434.97391028947067	276.9152558676337	683.2498341043072	359.0	264.0	728.2	76.0	3675.0
2	v1	previously_4vHPV_vaccinated	six_year_4vHPV_persistence	long_term_persistence	HPV45	cross_reactive_non_booster_target	IgG2	antibody_isotype_or_subclass	IgG subclass architecture	high	0.5	21	21	1.8244887535714223	2.128073432961399	0.46438369480810204	0.8558013406954676	2.7931761664473767	3.5418147445752535	1.8097637038976078	6.9315412050060665	1.0	1.0	15.299999999999995	1.0	50.8
2	v1	previously_4vHPV_vaccinated	six_year_4vHPV_persistence	long_term_persistence	HPV45	cross_reactive_non_booster_target	IgG3	antibody_isotype_or_subclass	IgG subclass architecture	low	0.0625	21	21	6.178105520216316	2.108064975583292	0.4600174914521748	5.2185258479441545	7.137685192488477	72.40942152888884	37.233410062921614	140.81773109924214	70.0	38.0	167.0	1.0	1258.5
2	v1	previously_4vHPV_vaccinated	six_year_4vHPV_persistence	long_term_persistence	HPV45	cross_reactive_non_booster_target	IgG4	antibody_isotype_or_subclass	IgG subclass architecture	none	0.0125	21	21	2.0317351227370235	2.2126063341969004	0.48283028617124074	1.0245687945509119	3.0389014509231354	4.088963324235856	2.034351248440005	8.21865008796637	1.7999999999999972	1.0	13.5	1.0	119.0
2	v1	previously_4vHPV_vaccinated	six_year_4vHPV_persistence	long_term_persistence	HPV45	cross_reactive_non_booster_target	FcgR2A	fc_gamma_receptor_binding	Fc-receptor engagement	moderate	0.175	21	21	6.272897364978822	2.6051787827214885	0.568496617653054	5.087034200660289	7.458760529297354	77.32684065892698	33.98989972596577	175.91815022988234	56.0	22.5	276.3	6.0	2153.8
2	v1	previously_4vHPV_vaccinated	six_year_4vHPV_persistence	long_term_persistence	HPV45	cross_reactive_non_booster_target	FcgR2B	fc_gamma_receptor_binding	Fc-receptor engagement	moderate	0.1875	21	21	4.314043336480156	3.5644961236053034	0.7778368238475225	2.6915041539968687	5.9365825189634425	19.89099219023233	6.4598656205668314	61.247647172754405	21.5	1.0	243.0	1.0	817.8
2	v1	previously_4vHPV_vaccinated	six_year_4vHPV_persistence	long_term_persistence	HPV45	cross_reactive_non_booster_target	FcgR3A	fc_gamma_receptor_binding	Fc-receptor engagement	high	0.325	21	21	3.4910081533843154	3.0319944559080048	0.6616354333754705	2.1108608239471933	4.871155482821438	11.243413143571305	4.319489520286462	29.266036767383657	14.0	1.0	40.3	1.0	820.0
2	v1	previously_4vHPV_vaccinated	six_year_4vHPV_persistence	long_term_persistence	HPV52	cross_reactive_non_booster_target	IgG	antibody_isotype_or_subclass	Antibody abundance	none	0.0125	21	21	10.369009959156065	1.6574749399512754	0.3616906845151955	9.614536412040808	11.123483506271322	1322.4614558423573	783.9057579252625	2231.013466232796	1000.7	701.5	2104.5	260.5	31299.3
2	v1	previously_4vHPV_vaccinated	six_year_4vHPV_persistence	long_term_persistence	HPV52	cross_reactive_non_booster_target	IgM	antibody_isotype_or_subclass	Antibody abundance	none	0.0125	21	21	9.697946961374523	1.1204451651197225	0.24450118005754395	9.187926436961124	10.207967485787922	830.5636722608203	583.2321493646411	1182.781186583884	1193.2	391.0	1376.5	250.7	2583.0
2	v1	previously_4vHPV_vaccinated	six_year_4vHPV_persistence	long_term_persistence	HPV52	cross_reactive_non_booster_target	IgA1	antibody_isotype_or_subclass	Antibody abundance	moderate	0.175	21	21	6.500655317480638	3.6239386051675138	0.7908082367644199	4.851058241793311	8.150252393167966	90.55078966955597	28.86117721432941	284.09948246009816	225.0	34.19999999999999	368.7	1.0	3937.7
2	v1	previously_4vHPV_vaccinated	six_year_4vHPV_persistence	long_term_persistence	HPV52	cross_reactive_non_booster_target	IgA2	antibody_isotype_or_subclass	Antibody abundance	none	0.0125	21	21	2.9738731622473	3.544721004774681	0.7735215391371381	1.3603355059344198	4.58741081856018	7.856426016524999	2.5674487987411783	24.040763649656384	1.0	1.0	82.0	1.0	475.5
2	v1	previously_4vHPV_vaccinated	six_year_4vHPV_persistence	long_term_persistence	HPV52	cross_reactive_non_booster_target	IgG1	antibody_isotype_or_subclass	IgG subclass architecture	none	0.0125	21	21	9.199002182062877	1.4984743646297372	0.3269939144222204	8.516904829099753	9.881099535026001	587.7269248246148	366.30582407091845	942.990570897729	624.5	420.0	906.0	79.0	5461.2
2	v1	previously_4vHPV_vaccinated	six_year_4vHPV_persistence	long_term_persistence	HPV52	cross_reactive_non_booster_target	IgG2	antibody_isotype_or_subclass	IgG subclass architecture	high	0.4125	21	21	2.112996192031882	2.163185775540426	0.47204583612694073	1.1283258324370444	3.0976665516267192	4.325887635815276	2.1860491412909635	8.560330819758427	3.799999999999997	1.0	18.5	1.0	46.3
2	v1	previously_4vHPV_vaccinated	six_year_4vHPV_persistence	long_term_persistence	HPV52	cross_reactive_non_booster_target	IgG3	antibody_isotype_or_subclass	IgG subclass architecture	low	0.0875	21	21	7.151066905850278	3.210769858318046	0.7006474245154802	5.689541988890037	8.612591822810518	142.12996191410147	51.60868582567453	391.4249268415644	139.3	47.8	543.3	1.0	11947.0
2	v1	previously_4vHPV_vaccinated	six_year_4vHPV_persistence	long_term_persistence	HPV52	cross_reactive_non_booster_target	IgG4	antibody_isotype_or_subclass	IgG subclass architecture	none	0.0125	21	21	0.6272130447478749	1.5394597653429227	0.3359376620963285	-0.07354063894500829	1.327966728440758	1.5445783393369805	0.9503029157373203	2.510486084847958	1.0	1.0	1.0	0.5	25.5
2	v1	previously_4vHPV_vaccinated	six_year_4vHPV_persistence	long_term_persistence	HPV52	cross_reactive_non_booster_target	FcgR2A	fc_gamma_receptor_binding	Fc-receptor engagement	high	0.3375	21	21	6.628941608186267	3.3795488286619215	0.7374780153401238	5.090589425024615	8.16729379134792	98.97152532771686	34.073764114035804	287.47521972953854	119.5	24.8	738.8	1.0	1955.0
2	v1	previously_4vHPV_vaccinated	six_year_4vHPV_persistence	long_term_persistence	HPV52	cross_reactive_non_booster_target	FcgR2B	fc_gamma_receptor_binding	Fc-receptor engagement	high	0.3875	21	21	4.653178686380305	3.488872027168368	0.7613342930720512	3.0650631798820305	6.24129419287858	25.162069627809025	8.369046015588284	75.65136417883645	34.0	1.0	151.3	1.0	834.5
2	v1	previously_4vHPV_vaccinated	six_year_4vHPV_persistence	long_term_persistence	HPV52	cross_reactive_non_booster_target	FcgR3A	fc_gamma_receptor_binding	Fc-receptor engagement	moderate	0.25	21	21	4.228311106132798	3.2600908163734963	0.7114101399267584	2.744335558231306	5.7122866540342905	18.743404335280974	6.700810268611353	52.42876487959935	27.5	1.0	66.3	1.0	1009.0
2	v1	previously_4vHPV_vaccinated	six_year_4vHPV_persistence	long_term_persistence	HPV58	cross_reactive_non_booster_target	IgG	antibody_isotype_or_subclass	Antibody abundance	none	0.0125	21	21	10.472818179168737	1.2457081626117825	0.27183580709489774	9.905778621910773	11.0398577364267	1421.1254305419343	959.2603541057708	2105.3694971222712	1333.0	992.3	2460.0	219.0	6757.3
2	v1	previously_4vHPV_vaccinated	six_year_4vHPV_persistence	long_term_persistence	HPV58	cross_reactive_non_booster_target	IgM	antibody_isotype_or_subclass	Antibody abundance	none	0.0125	21	21	10.767445894051404	0.6422805131628034	0.1401570985220775	10.475083309659514	11.059808478443294	1743.1075773988416	1423.358447796846	2134.686474154351	1625.5	1190.5	2197.5	858.5	4167.5
2	v1	previously_4vHPV_vaccinated	six_year_4vHPV_persistence	long_term_persistence	HPV58	cross_reactive_non_booster_target	IgA1	antibody_isotype_or_subclass	Antibody abundance	none	0.0125	21	21	9.139579857896683	2.3056293585392633	0.5031295742866025	8.090069956696409	10.189089759096957	564.0111439071909	272.49197960197165	1167.4052605737547	382.0	176.5	1592.5	33.5	27643.5
2	v1	previously_4vHPV_vaccinated	six_year_4vHPV_persistence	long_term_persistence	HPV58	cross_reactive_non_booster_target	IgA2	antibody_isotype_or_subclass	Antibody abundance	high	0.5125	21	21	4.260366792930972	4.988451778411974	1.0885694226290452	1.9896507675155077	6.531082818346436	19.164531073427533	3.9714085084616144	92.48085420621726	1.0	1.0	699.2	1.0	9266.3
2	v1	previously_4vHPV_vaccinated	six_year_4vHPV_persistence	long_term_persistence	HPV58	cross_reactive_non_booster_target	IgG1	antibody_isotype_or_subclass	IgG subclass architecture	none	0.0125	21	21	9.31394504631284	1.4180891612480273	0.30945242493407255	8.668438599232589	9.959451493393091	636.468386304029	406.87408939533543	995.6200636085498	611.5	296.0	1309.5	148.8	4899.0
2	v1	previously_4vHPV_vaccinated	six_year_4vHPV_persistence	long_term_persistence	HPV58	cross_reactive_non_booster_target	IgG2	antibody_isotype_or_subclass	IgG subclass architecture	none	0.0125	21	21	3.70475068179959	2.223866275516326	0.4852874068101468	2.6924588897751978	4.717042473823982	13.03890381589707	6.464141996263413	26.30094029779837	20.5	3.799999999999997	46.3	1.0	82.8
2	v1	previously_4vHPV_vaccinated	six_year_4vHPV_persistence	long_term_persistence	HPV58	cross_reactive_non_booster_target	IgG3	antibody_isotype_or_subclass	IgG subclass architecture	low	0.05	21	21	6.799314146260055	2.1991819181512575	0.4799008384241103	5.798258538995132	7.800369753524977	111.3775109142543	55.64802338831568	222.9180693605639	130.0	114.0	175.0	3.0	5649.5
2	v1	previously_4vHPV_vaccinated	six_year_4vHPV_persistence	long_term_persistence	HPV58	cross_reactive_non_booster_target	IgG4	antibody_isotype_or_subclass	IgG subclass architecture	none	0.0125	21	21	1.3803077112536946	1.8424875286679567	0.4020637412920491	0.5416174434475325	2.2189979790598566	2.603238894384201	1.4556035183522975	4.65569961585823	1.2999999999999972	1.0	9.5	0.5	20.200000000000003
2	v1	previously_4vHPV_vaccinated	six_year_4vHPV_persistence	long_term_persistence	HPV58	cross_reactive_non_booster_target	FcgR2A	fc_gamma_receptor_binding	Fc-receptor engagement	moderate	0.2	21	21	6.275762346247733	3.0151190026741546	0.6579529075740035	4.903296631026084	7.648228061469382	77.48055302532045	29.925358617386888	200.6069893385191	60.5	21.5	393.8	1.0	1698.3
2	v1	previously_4vHPV_vaccinated	six_year_4vHPV_persistence	long_term_persistence	HPV58	cross_reactive_non_booster_target	FcgR2B	fc_gamma_receptor_binding	Fc-receptor engagement	low	0.075	21	21	5.5949289500926405	2.5897249052668245	0.5651243051189317	4.4161003064530435	6.773757593732237	48.33274238642339	21.349055001876373	109.42189180678264	46.5	26.0	197.0	1.0	470.0
2	v1	previously_4vHPV_vaccinated	six_year_4vHPV_persistence	long_term_persistence	HPV58	cross_reactive_non_booster_target	FcgR3A	fc_gamma_receptor_binding	Fc-receptor engagement	high	0.325	21	21	3.577963061629789	2.898078994056272	0.6324126838202068	2.258773319593551	4.897152803666026	11.941921304766392	4.785843828256634	29.798190155566065	28.5	1.0	36.2	1.0	222.2
2	v1	previously_4vHPV_vaccinated	six_year_4vHPV_persistence	long_term_persistence	BPV	heterologous_control_antigen	IgG	antibody_isotype_or_subclass	Antibody abundance	none	0.0125	21	21	8.555018006486833	1.4029598978914914	0.3061509490035846	7.916398317519608	9.193637695454058	376.11186439688595	241.58688338894763	585.5455915309565	413.0	185.0	643.0	98.7	3302.0
2	v1	previously_4vHPV_vaccinated	six_year_4vHPV_persistence	long_term_persistence	BPV	heterologous_control_antigen	IgM	antibody_isotype_or_subclass	Antibody abundance	none	0.0125	21	21	9.256335789167192	1.1575683611592056	0.2526021255760971	8.7294169885138	9.783254589820585	611.5538751869059	424.4400511514062	881.1565761561674	636.5	383.3	993.5	144.2	5536.8
2	v1	previously_4vHPV_vaccinated	six_year_4vHPV_persistence	long_term_persistence	BPV	heterologous_control_antigen	IgA1	antibody_isotype_or_subclass	Antibody abundance	low	0.0875	21	21	6.75594962973909	2.4120816140055945	0.5263593608853282	5.657983242806089	7.853916016672092	108.07954003484036	50.49201133625515	231.34723028462784	129.0	54.0	419.0	1.0	1018.0
2	v1	previously_4vHPV_vaccinated	six_year_4vHPV_persistence	long_term_persistence	BPV	heterologous_control_antigen	IgA2	antibody_isotype_or_subclass	Antibody abundance	none	0.0125	21	21	3.125997709094865	3.3093392878714494	0.7221570374743892	1.6196045257375042	4.632390892452226	8.730097153606579	3.0729078958531733	24.802108912623048	7.0	1.0	110.0	0.7999999999999972	285.5
2	v1	previously_4vHPV_vaccinated	six_year_4vHPV_persistence	long_term_persistence	BPV	heterologous_control_antigen	IgG1	antibody_isotype_or_subclass	IgG subclass architecture	none	0.0125	21	21	7.551437355660973	1.0809980120296578	0.23589310553441387	7.059372960054163	8.043501751267783	187.589771516295	133.37763473721228	263.83675529161127	190.3	119.7	270.0	41.5	1329.8
2	v1	previously_4vHPV_vaccinated	six_year_4vHPV_persistence	long_term_persistence	BPV	heterologous_control_antigen	IgG2	antibody_isotype_or_subclass	IgG subclass architecture	high	0.45	21	21	2.535112024990198	2.731724069833796	0.5961110632260097	1.291646136589968	3.7785779133904285	5.796218676002192	2.4480722494003206	13.72351283679079	2.5	1.0	36.2	1.0	113.7
2	v1	previously_4vHPV_vaccinated	six_year_4vHPV_persistence	long_term_persistence	BPV	heterologous_control_antigen	IgG3	antibody_isotype_or_subclass	IgG subclass architecture	low	0.0625	21	21	6.862598022918625	2.2804295907174335	0.49763053411808594	5.824558918504923	7.9006371273323275	116.37182711438147	56.67179205758335	238.9619536325808	128.7	67.0	262.7	1.0	1337.0
2	v1	previously_4vHPV_vaccinated	six_year_4vHPV_persistence	long_term_persistence	BPV	heterologous_control_antigen	IgG4	antibody_isotype_or_subclass	IgG subclass architecture	high	0.6875	21	21	0.7542459244140458	1.3361902051027887	0.29158060751152853	0.14601943521343097	1.3624724136146606	1.686749722413309	1.1065122593312633	2.571254499955443	1.0	1.0	2.0	1.0	12.0
2	v1	previously_4vHPV_vaccinated	six_year_4vHPV_persistence	long_term_persistence	BPV	heterologous_control_antigen	FcgR2A	fc_gamma_receptor_binding	Fc-receptor engagement	moderate	0.2125	21	21	3.3754612250708558	1.405990690670345	0.3068123222095285	2.7354619357710312	4.01546051437068	10.378033731686223	6.659721909223962	16.172384613664363	13.5	8.0	21.0	1.0	38.0
2	v1	previously_4vHPV_vaccinated	six_year_4vHPV_persistence	long_term_persistence	BPV	heterologous_control_antigen	FcgR2B	fc_gamma_receptor_binding	Fc-receptor engagement	high	0.75	21	21	0.4940624284510985	1.116012998136799	0.24353400192935679	-0.013940597739907412	1.0020654546421044	1.4084051702497185	0.9903836496541149	2.0028653787639765	1.0	1.0	1.0	1.0	10.5
2	v1	previously_4vHPV_vaccinated	six_year_4vHPV_persistence	long_term_persistence	BPV	heterologous_control_antigen	FcgR3A	fc_gamma_receptor_binding	Fc-receptor engagement	high	0.3875	21	21	1.863645744585669	1.9036519736141713	0.4154109174256675	0.9971137552405598	2.730177733930778	3.639261561768092	1.9960028148674942	6.635373766164732	3.3000000000000007	1.0	14.0	1.0	27.8
2	v2	previously_4vHPV_vaccinated	heterologous_2vHPV_recall_day28	memory_recall	HPV16	vaccine_target_2vHPV_and_4vHPV	IgG	antibody_isotype_or_subclass	Antibody abundance	none	0.0125	21	21	14.996050065910367	0.0009410594057130381	0.00020535599810143597	14.995621700804652	14.996478431016083	32678.407664866598	32668.706230276166	32688.111980435315	32674.0	32666.0	32693.5	32640.5	32711.0
2	v2	previously_4vHPV_vaccinated	heterologous_2vHPV_recall_day28	memory_recall	HPV16	vaccine_target_2vHPV_and_4vHPV	IgM	antibody_isotype_or_subclass	Antibody abundance	none	0.0125	21	21	11.343120007421188	1.150256787740248	0.2510066094503067	10.819529395085716	11.86671061975666	2597.881675918292	1807.18613889299	3734.5290874166362	2716.5	2071.0	4770.7	462.5	7886.2
2	v2	previously_4vHPV_vaccinated	heterologous_2vHPV_recall_day28	memory_recall	HPV16	vaccine_target_2vHPV_and_4vHPV	IgA1	antibody_isotype_or_subclass	Antibody abundance	none	0.0125	21	21	13.621708833208325	1.1287410048378443	0.24631148069856848	13.107912087829186	14.135505578587464	12605.00293097586	8828.25194879868	17997.45859218831	14651.2	7808.2	26656.8	2078.5	32570.7
2	v2	previously_4vHPV_vaccinated	heterologous_2vHPV_recall_day28	memory_recall	HPV16	vaccine_target_2vHPV_and_4vHPV	IgA2	antibody_isotype_or_subclass	Antibody abundance	none	0.025	21	21	11.359269971194585	3.2057856575873043	0.6995597827475051	9.90001383520606	12.81852610718311	2627.126530051711	955.4349457523551	7223.719244921215	4533.5	1592.0	8237.5	1.0	29956.0
2	v2	previously_4vHPV_vaccinated	heterologous_2vHPV_recall_day28	memory_recall	HPV16	vaccine_target_2vHPV_and_4vHPV	IgG1	antibody_isotype_or_subclass	IgG subclass architecture	none	0.0125	21	21	14.845400455342158	0.31566776735447727	0.0688843542076001	14.701710210376591	14.989090700307726	29438.171746244414	26647.45643586595	32521.15104670857	32129.8	30331.0	32427.5	12397.2	32630.5
2	v2	previously_4vHPV_vaccinated	heterologous_2vHPV_recall_day28	memory_recall	HPV16	vaccine_target_2vHPV_and_4vHPV	IgG2	antibody_isotype_or_subclass	IgG subclass architecture	none	0.0125	21	21	11.585569690471269	2.5897694476470066	0.5651340250631611	10.4067207713833	12.764418609559238	3073.293190478883	1357.4852165672946	6957.815023966154	6261.0	1312.5	9816.0	27.200000000000003	23749.2
2	v2	previously_4vHPV_vaccinated	heterologous_2vHPV_recall_day28	memory_recall	HPV16	vaccine_target_2vHPV_and_4vHPV	IgG3	antibody_isotype_or_subclass	IgG subclass architecture	none	0.0125	21	21	14.389677887148913	1.8048329002188475	0.39384682771426427	13.568127800715352	15.211227973582474	21464.692537207182	12145.445597373711	37934.63335889999	32267.5	26795.5	32665.0	109.8	32699.5
2	v2	previously_4vHPV_vaccinated	heterologous_2vHPV_recall_day28	memory_recall	HPV16	vaccine_target_2vHPV_and_4vHPV	IgG4	antibody_isotype_or_subclass	IgG subclass architecture	moderate	0.1875	21	21	8.07064520098568	2.8446299934302757	0.6207491556683796	6.77578515234031	9.36550524963105	268.8476779813957	109.57578106650566	659.6263631661392	310.7	58.0	1563.5	11.799999999999995	6413.7
2	v2	previously_4vHPV_vaccinated	heterologous_2vHPV_recall_day28	memory_recall	HPV16	vaccine_target_2vHPV_and_4vHPV	FcgR2A	fc_gamma_receptor_binding	Fc-receptor engagement	low	0.075	21	21	12.38401354606831	0.30851160281982537	0.06732275108066674	12.243580748144662	12.524446343991958	5345.145653310812	4849.367075576277	5891.610515319109	5690.8	4616.0	5971.5	3509.5	8437.5
2	v2	previously_4vHPV_vaccinated	heterologous_2vHPV_recall_day28	memory_recall	HPV16	vaccine_target_2vHPV_and_4vHPV	FcgR2B	fc_gamma_receptor_binding	Fc-receptor engagement	none	0.0125	21	21	11.546352627691025	0.4676599820320842	0.10205177462684352	11.333476356090818	11.759228899291232	2990.8765071654257	2580.574124839085	3466.415552652205	2757.0	2399.5	3698.0	1659.0	5460.8
2	v2	previously_4vHPV_vaccinated	heterologous_2vHPV_recall_day28	memory_recall	HPV16	vaccine_target_2vHPV_and_4vHPV	FcgR3A	fc_gamma_receptor_binding	Fc-receptor engagement	none	0.0125	21	21	11.738446607917748	0.5307882267774866	0.11582748700948661	11.4968347038273	11.980058512008195	3416.839125674111	2889.9617921843505	4039.7729971070457	2960.0	2457.8	5023.0	2010.5	5708.3
2	v2	previously_4vHPV_vaccinated	heterologous_2vHPV_recall_day28	memory_recall	HPV16	vaccine_target_2vHPV_and_4vHPV	ADCP	antibody_dependent_cellular_phagocytosis	Phagocytic function	none	0.0125	21	21	6.98159758572988	0.3224132278239251	0.0703563343599133	6.8348368439714875	7.128358327488273	126.37765453628992	114.15393995641539	139.91029632609943	124.2569185	108.45011725000002	156.58031699999998	83.28880050000002	179.23224399999998
2	v2	previously_4vHPV_vaccinated	heterologous_2vHPV_recall_day28	memory_recall	HPV16	vaccine_target_2vHPV_and_4vHPV	nAb	neutralizing_antibody	Neutralization	low	0.05	21	21	15.500999046917585	1.0141851056742193	0.22131333406899512	15.039347521657128	15.962650572178042	46373.05161031211	33674.0009051603	63861.134936393275	51200.0	51200.0	51200.0	6400.0	102400.0
2	v2	previously_4vHPV_vaccinated	heterologous_2vHPV_recall_day28	memory_recall	HPV18	vaccine_target_2vHPV_and_4vHPV	IgG	antibody_isotype_or_subclass	Antibody abundance	none	0.0125	21	21	14.92795600680484	0.07078088426650854	0.015445655233675441	14.895736934568323	14.960175079041356	31171.84671756008	30483.415437490858	31875.82539022216	31832.0	30194.0	32334.0	27057.5	32713.3
2	v2	previously_4vHPV_vaccinated	heterologous_2vHPV_recall_day28	memory_recall	HPV18	vaccine_target_2vHPV_and_4vHPV	IgM	antibody_isotype_or_subclass	Antibody abundance	none	0.0125	21	21	11.292073240286898	0.863355589210604	0.18839963520099012	10.899078487779414	11.685067992794382	2507.568228361256	1909.6314121877192	3292.7288374897657	2916.8	1479.8	4074.0	881.0	6759.8
2	v2	previously_4vHPV_vaccinated	heterologous_2vHPV_recall_day28	memory_recall	HPV18	vaccine_target_2vHPV_and_4vHPV	IgA1	antibody_isotype_or_subclass	Antibody abundance	none	0.0125	21	21	11.671306648053253	1.7037885337355605	0.371797139240049	10.895751405800505	12.446861890306002	3261.470011664611	1905.2325755518889	5583.1433776037975	2831.0	1675.8	9295.5	277.5	25935.0
2	v2	previously_4vHPV_vaccinated	heterologous_2vHPV_recall_day28	memory_recall	HPV18	vaccine_target_2vHPV_and_4vHPV	IgA2	antibody_isotype_or_subclass	Antibody abundance	low	0.125	21	21	8.47597414007665	3.7859853252607536	0.8261697301428291	6.752614281761228	10.19933399839207	356.05940243085	107.82996095666557	1175.724232250842	671.0	371.0	1463.2	1.0	6216.2
2	v2	previously_4vHPV_vaccinated	heterologous_2vHPV_recall_day28	memory_recall	HPV18	vaccine_target_2vHPV_and_4vHPV	IgG1	antibody_isotype_or_subclass	IgG subclass architecture	none	0.0125	21	21	14.083249871131578	0.6945713149726124	0.15156788697176243	13.767084799129162	14.399414943133994	17357.239165055715	13941.37076990966	21610.05229723879	20614.7	14176.2	24032.3	4272.5	28896.3
2	v2	previously_4vHPV_vaccinated	heterologous_2vHPV_recall_day28	memory_recall	HPV18	vaccine_target_2vHPV_and_4vHPV	IgG2	antibody_isotype_or_subclass	IgG subclass architecture	low	0.0875	21	21	10.572236186363316	1.8873443044497258	0.41185229226593567	9.713127359023929	11.431345013702703	1522.5102087126581	839.3492114802992	2761.707885024527	1815.0	630.8	3748.0	82.5	24250.3
2	v2	previously_4vHPV_vaccinated	heterologous_2vHPV_recall_day28	memory_recall	HPV18	vaccine_target_2vHPV_and_4vHPV	IgG3	antibody_isotype_or_subclass	IgG subclass architecture	none	0.0125	21	21	11.367182574997782	2.446026607120558	0.5337667656669508	10.253764612451214	12.480600537544351	2641.5748510416097	1220.92986427649	5715.24859684757	4194.0	540.8	8003.0	55.2	31250.0
2	v2	previously_4vHPV_vaccinated	heterologous_2vHPV_recall_day28	memory_recall	HPV18	vaccine_target_2vHPV_and_4vHPV	IgG4	antibody_isotype_or_subclass	IgG subclass architecture	none	0.0125	21	21	6.0024950705466145	2.9812506632236753	0.6505622299933235	4.6454460386087915	7.3595441024844375	64.11078063857713	25.027565166527886	164.22661040894093	62.5	23.3	146.5	1.0	16497.0
2	v2	previously_4vHPV_vaccinated	heterologous_2vHPV_recall_day28	memory_recall	HPV18	vaccine_target_2vHPV_and_4vHPV	FcgR2A	fc_gamma_receptor_binding	Fc-receptor engagement	low	0.05	21	21	11.111227768170126	0.5032569511692555	0.10981967013075278	10.882147950486583	11.340307585853669	2212.141212889773	1887.3521941388515	2592.8222411070674	2230.0	1918.3	2633.5	813.0	3656.5
2	v2	previously_4vHPV_vaccinated	heterologous_2vHPV_recall_day28	memory_recall	HPV18	vaccine_target_2vHPV_and_4vHPV	FcgR2B	fc_gamma_receptor_binding	Fc-receptor engagement	none	0.0125	21	21	10.31757505315298	1.456620652751917	0.31786068571769743	9.65452928142301	10.980620824882951	1276.1436785479007	805.9403650936673	2020.6739342413957	1687.0	1267.0	1951.8	25.0	3652.5
2	v2	previously_4vHPV_vaccinated	heterologous_2vHPV_recall_day28	memory_recall	HPV18	vaccine_target_2vHPV_and_4vHPV	FcgR3A	fc_gamma_receptor_binding	Fc-receptor engagement	none	0.025	21	21	10.49488033772878	0.48064122844586	0.10488451483189122	10.276095073605244	10.713665601852316	1443.0247586823596	1239.974789613336	1679.3248311279103	1304.5	1098.0	1768.0	907.0	2949.5
2	v2	previously_4vHPV_vaccinated	heterologous_2vHPV_recall_day28	memory_recall	HPV18	vaccine_target_2vHPV_and_4vHPV	ADCP	antibody_dependent_cellular_phagocytosis	Phagocytic function	none	0.0125	21	21	5.957570493512684	0.13092129769263858	0.028569369369445888	5.8979758332965835	6.017165153728784	62.14517564488533	59.63038859359023	64.7660185858454	62.816545	59.89194	65.76500449999999	52.604991000000005	74.39687675
2	v2	previously_4vHPV_vaccinated	heterologous_2vHPV_recall_day28	memory_recall	HPV18	vaccine_target_2vHPV_and_4vHPV	nAb	neutralizing_antibody	Neutralization	none	0.025	21	21	14.78671333263187	1.314751470267833	0.28690229202651557	14.18824563852777	15.38518102673597	28264.691550049632	18667.558588556058	42795.78310305664	25600.0	25600.0	51200.0	1600.0	102400.0
2	v2	previously_4vHPV_vaccinated	heterologous_2vHPV_recall_day28	memory_recall	HPV31	cross_reactive_non_booster_target	IgG	antibody_isotype_or_subclass	Antibody abundance	none	0.0125	21	21	14.468930271744878	1.1132118991697588	0.24292275202242705	13.962202290516872	14.975658252972883	22676.812906861876	15960.32368924864	32219.76280839615	31308.0	21630.0	32478.2	1127.3	32699.7
2	v2	previously_4vHPV_vaccinated	heterologous_2vHPV_recall_day28	memory_recall	HPV31	cross_reactive_non_booster_target	IgM	antibody_isotype_or_subclass	Antibody abundance	none	0.0125	21	21	9.600569124402202	1.6729553150104788	0.3650687793006767	8.839048995043033	10.362089253761372	776.3530828322467	457.95086181522134	1316.132710907151	981.0	309.2	2287.2	122.7	4703.2
2	v2	previously_4vHPV_vaccinated	heterologous_2vHPV_recall_day28	memory_recall	HPV31	cross_reactive_non_booster_target	IgA1	antibody_isotype_or_subclass	Antibody abundance	none	0.0125	21	21	11.688299758683819	2.0836057044713208	0.4546800409134103	10.73985381313711	12.636745704230528	3300.1131121332955	1710.0867688073308	6368.534481130252	3088.0	1069.3	10061.5	440.5	32593.0
2	v2	previously_4vHPV_vaccinated	heterologous_2vHPV_recall_day28	memory_recall	HPV31	cross_reactive_non_booster_target	IgA2	antibody_isotype_or_subclass	Antibody abundance	moderate	0.2125	21	21	7.988967930175498	5.625769303757784	1.2276435084204316	5.428148445337289	10.549787415013707	254.04987255463706	43.05618068754581	1499.0028542800171	558.5	3.0	4306.0	1.0	31787.0
2	v2	previously_4vHPV_vaccinated	heterologous_2vHPV_recall_day28	memory_recall	HPV31	cross_reactive_non_booster_target	IgG1	antibody_isotype_or_subclass	IgG subclass architecture	none	0.0125	21	21	13.123168739999295	1.364231236055566	0.29769966212608573	12.50217812654089	13.7441593534577	8922.107033010943	5801.370833839276	13721.5834306221	10873.7	8440.7	14440.8	269.5	25170.5
2	v2	previously_4vHPV_vaccinated	heterologous_2vHPV_recall_day28	memory_recall	HPV31	cross_reactive_non_booster_target	IgG2	antibody_isotype_or_subclass	IgG subclass architecture	moderate	0.1875	21	21	6.282767302794468	2.578427076512073	0.5626589167638223	5.109081369146944	7.456453236441993	77.85767201020612	34.51332033802706	175.63703032564717	86.5	21.5	240.5	1.0	2638.5
2	v2	previously_4vHPV_vaccinated	heterologous_2vHPV_recall_day28	memory_recall	HPV31	cross_reactive_non_booster_target	IgG3	antibody_isotype_or_subclass	IgG subclass architecture	none	0.0375	21	21	12.514483896417206	3.5722939307181214	0.7795384448641488	10.888395194692137	14.140572598142274	5851.066486321627	1895.5426398789425	18060.780225731298	17715.5	3601.2	27847.3	1.0	32490.3
2	v2	previously_4vHPV_vaccinated	heterologous_2vHPV_recall_day28	memory_recall	HPV31	cross_reactive_non_booster_target	IgG4	antibody_isotype_or_subclass	IgG subclass architecture	high	0.45	21	21	2.8376340699202123	2.805282487722894	0.6121628259868662	1.5606847911366526	4.114583348703772	7.148467907159767	2.9499383231286775	17.32259722823504	7.5	1.0	24.0	1.0	805.5
2	v2	previously_4vHPV_vaccinated	heterologous_2vHPV_recall_day28	memory_recall	HPV31	cross_reactive_non_booster_target	FcgR2A	fc_gamma_receptor_binding	Fc-receptor engagement	low	0.1	21	21	10.777400320911775	1.3996011224114835	0.3054180041045608	10.140309528212775	11.414491113610776	1755.176404451905	1128.5929507308817	2729.632688871287	2113.7	1587.0	2856.8	152.5	5002.0
2	v2	previously_4vHPV_vaccinated	heterologous_2vHPV_recall_day28	memory_recall	HPV31	cross_reactive_non_booster_target	FcgR2B	fc_gamma_receptor_binding	Fc-receptor engagement	none	0.0375	21	21	9.84954220296523	2.617620114747341	0.5712115388794611	8.658015812206205	11.041068593724255	922.5876710721102	403.9452098068939	2107.137280378102	1458.0	1191.5	2109.3	1.0	3832.8
2	v2	previously_4vHPV_vaccinated	heterologous_2vHPV_recall_day28	memory_recall	HPV31	cross_reactive_non_booster_target	FcgR3A	fc_gamma_receptor_binding	Fc-receptor engagement	none	0.025	21	21	10.398253932071528	0.9060448149985422	0.19771518798824192	9.985827276958762	10.810680587184294	1349.5417856252304	1013.989696221825	1796.1356391831694	1425.0	1087.5	1796.3	164.5	3022.5
2	v2	previously_4vHPV_vaccinated	heterologous_2vHPV_recall_day28	memory_recall	HPV33	cross_reactive_non_booster_target	IgG	antibody_isotype_or_subclass	Antibody abundance	none	0.0125	21	21	10.679323778238839	0.9842742312396444	0.21478624615476852	10.23128751978455	11.127360036693128	1639.8223096487275	1202.0552725262608	2237.016274276973	1422.0	1061.0	2384.0	644.2	7224.0
2	v2	previously_4vHPV_vaccinated	heterologous_2vHPV_recall_day28	memory_recall	HPV33	cross_reactive_non_booster_target	IgM	antibody_isotype_or_subclass	Antibody abundance	none	0.0125	21	21	11.036966809674416	0.7980411402750448	0.17414685395234594	10.67370283787348	11.400230781475353	2101.154902385733	1633.4457640703479	2702.784519039264	2147.3	1460.3	3222.0	470.0	4409.7
2	v2	previously_4vHPV_vaccinated	heterologous_2vHPV_recall_day28	memory_recall	HPV33	cross_reactive_non_booster_target	IgA1	antibody_isotype_or_subclass	Antibody abundance	none	0.025	21	21	8.088224192431094	2.8774577794723513	0.6279127658796	6.778421114734657	9.39802727012753	272.14358001371977	109.77617107261403	674.6648878260997	239.5	152.3	746.0	1.0	16942.0
2	v2	previously_4vHPV_vaccinated	heterologous_2vHPV_recall_day28	memory_recall	HPV33	cross_reactive_non_booster_target	IgA2	antibody_isotype_or_subclass	Antibody abundance	high	0.3875	21	21	3.4749215743857036	3.8571462046404688	0.8416983071084084	1.7191696721320293	5.230673476639378	11.118741322045484	3.292468578199836	37.5482424965631	10.300000000000011	1.0	84.0	1.0	4461.5
2	v2	previously_4vHPV_vaccinated	heterologous_2vHPV_recall_day28	memory_recall	HPV33	cross_reactive_non_booster_target	IgG1	antibody_isotype_or_subclass	IgG subclass architecture	none	0.0125	21	21	9.503024134996991	1.2025857133776305	0.2624257172012124	8.955613681292741	10.050434588701242	725.5967254945672	496.4875329853749	1060.4306716075127	748.0	508.5	1056.5	101.5	4230.7
2	v2	previously_4vHPV_vaccinated	heterologous_2vHPV_recall_day28	memory_recall	HPV33	cross_reactive_non_booster_target	IgG2	antibody_isotype_or_subclass	IgG subclass architecture	high	0.3125	21	21	3.856089147198376	3.1060731572328866	0.6778007312900084	2.4422215971973653	5.269956697199387	14.480998190192143	5.434779853407268	38.5846923409197	25.0	1.0	84.0	1.0	420.2
2	v2	previously_4vHPV_vaccinated	heterologous_2vHPV_recall_day28	memory_recall	HPV33	cross_reactive_non_booster_target	IgG3	antibody_isotype_or_subclass	IgG subclass architecture	none	0.0125	21	21	9.155015702442341	1.5794730692495016	0.34466928085619375	8.436048181180919	9.873983223703764	570.0780732881515	346.3407135752208	938.3505805284066	583.0	306.0	1011.5	87.5	5239.5
2	v2	previously_4vHPV_vaccinated	heterologous_2vHPV_recall_day28	memory_recall	HPV33	cross_reactive_non_booster_target	IgG4	antibody_isotype_or_subclass	IgG subclass architecture	none	0.025	21	21	2.5867505202177608	2.2979214254418165	0.5014475653879975	1.5407492280979527	3.6327518123375686	6.007440773986045	2.9094555963977258	12.404157223651469	9.5	1.0	16.5	1.0	133.0
2	v2	previously_4vHPV_vaccinated	heterologous_2vHPV_recall_day28	memory_recall	HPV33	cross_reactive_non_booster_target	FcgR2A	fc_gamma_receptor_binding	Fc-receptor engagement	low	0.0625	21	21	6.627506411406692	2.144185781276337	0.46789969746413534	5.651484745509762	7.603528077303622	98.87311715333473	50.26508582606531	194.48675228457878	110.5	51.6	342.0	1.0	731.75
2	v2	previously_4vHPV_vaccinated	heterologous_2vHPV_recall_day28	memory_recall	HPV33	cross_reactive_non_booster_target	FcgR2B	fc_gamma_receptor_binding	Fc-receptor engagement	none	0.0125	21	21	7.700587478985196	1.6649340306828293	0.363318391557714	6.942718594476388	8.458456363494005	208.02130445358003	123.0174012794263	351.76213004432987	237.5	121.0	482.5	16.0	1830.0
2	v2	previously_4vHPV_vaccinated	heterologous_2vHPV_recall_day28	memory_recall	HPV33	cross_reactive_non_booster_target	FcgR3A	fc_gamma_receptor_binding	Fc-receptor engagement	moderate	0.1625	21	21	6.089250651333704	2.3072355566970617	0.5034800754598983	5.039009617497712	7.139491685169697	68.0843188891165	32.87706522913812	140.99416861839	103.7	48.3	193.0	1.0	349.2
2	v2	previously_4vHPV_vaccinated	heterologous_2vHPV_recall_day28	memory_recall	HPV45	cross_reactive_non_booster_target	IgG	antibody_isotype_or_subclass	Antibody abundance	none	0.0125	21	21	13.403561008109937	1.6884631664282708	0.36845286991916054	12.634981789418374	14.1721402268015	10836.12265369929	6360.752734179658	18460.32365557105	17289.0	4085.8	28430.5	946.3	32712.5
2	v2	previously_4vHPV_vaccinated	heterologous_2vHPV_recall_day28	memory_recall	HPV45	cross_reactive_non_booster_target	IgM	antibody_isotype_or_subclass	Antibody abundance	none	0.0125	21	21	10.288743838915162	1.1004403802810185	0.24013577811541703	9.787829383385663	10.78965829444466	1250.894010988912	883.9551631171106	1770.1529353708008	1097.5	752.0	2530.0	472.8	7249.5
2	v2	previously_4vHPV_vaccinated	heterologous_2vHPV_recall_day28	memory_recall	HPV45	cross_reactive_non_booster_target	IgA1	antibody_isotype_or_subclass	Antibody abundance	none	0.0125	21	21	10.553266984767342	2.56868172597597	0.5605323069302237	9.384017081499302	11.722516888035383	1502.622593643286	668.1448440002442	3379.3191389597114	1542.0	588.3	4028.5	59.5	27132.0
2	v2	previously_4vHPV_vaccinated	heterologous_2vHPV_recall_day28	memory_recall	HPV45	cross_reactive_non_booster_target	IgA2	antibody_isotype_or_subclass	Antibody abundance	high	0.4375	21	21	7.176613939510443	4.732233056752291	1.0326579137495062	5.022527277899177	9.330700601121709	144.66919440696705	32.503592508871094	643.9034640447416	1247.0	1.0	1248.0	1.0	2786.0
2	v2	previously_4vHPV_vaccinated	heterologous_2vHPV_recall_day28	memory_recall	HPV45	cross_reactive_non_booster_target	IgG1	antibody_isotype_or_subclass	IgG subclass architecture	none	0.0125	21	21	12.648416717832545	1.6963922770204418	0.370183143704032	11.876228211271977	13.420605224393112	6420.263160094937	3759.247563733206	10964.90144531423	9036.8	3492.5	12789.7	214.5	26276.5
2	v2	previously_4vHPV_vaccinated	heterologous_2vHPV_recall_day28	memory_recall	HPV45	cross_reactive_non_booster_target	IgG2	antibody_isotype_or_subclass	IgG subclass architecture	high	0.3625	21	21	4.525762241084645	3.3333746730863396	0.7274019885269919	3.0084282815488566	6.043096200620433	23.03510455390476	8.046873100682856	65.94064988601546	44.0	1.0	128.0	1.0	551.0
2	v2	previously_4vHPV_vaccinated	heterologous_2vHPV_recall_day28	memory_recall	HPV45	cross_reactive_non_booster_target	IgG3	antibody_isotype_or_subclass	IgG subclass architecture	none	0.0375	21	21	8.6257160931923	3.087399914607121	0.673725895680349	7.220348501326656	10.031083685057945	395.0019850402266	149.12191701218214	1046.3020548010606	401.0	208.2	654.5	1.0	32260.5
2	v2	previously_4vHPV_vaccinated	heterologous_2vHPV_recall_day28	memory_recall	HPV45	cross_reactive_non_booster_target	IgG4	antibody_isotype_or_subclass	IgG subclass architecture	none	0.0125	21	21	3.6527990149854954	2.7586218288110596	0.6019806354421043	2.397089413491405	4.908508616479586	12.577724321788413	5.267394133876762	30.03366467253029	15.5	2.5	50.7	1.0	354.8
2	v2	previously_4vHPV_vaccinated	heterologous_2vHPV_recall_day28	memory_recall	HPV45	cross_reactive_non_booster_target	FcgR2A	fc_gamma_receptor_binding	Fc-receptor engagement	moderate	0.2125	21	21	9.5590022761039	1.9260751744359201	0.4203040610013275	8.682263368117741	10.435741184090059	754.3040051836713	410.7917415386354	1385.068088528297	1132.8	333.5	1919.9	44.0	4381.3
2	v2	previously_4vHPV_vaccinated	heterologous_2vHPV_recall_day28	memory_recall	HPV45	cross_reactive_non_booster_target	FcgR2B	fc_gamma_receptor_binding	Fc-receptor engagement	low	0.05	21	21	8.998677876920201	2.5686830766439464	0.56053260167014	7.829427358835468	10.167928395004934	511.53100487927827	227.45342659638268	1150.406801376214	874.5	364.5	1384.5	1.0	3037.0
2	v2	previously_4vHPV_vaccinated	heterologous_2vHPV_recall_day28	memory_recall	HPV45	cross_reactive_non_booster_target	FcgR3A	fc_gamma_receptor_binding	Fc-receptor engagement	low	0.05	21	21	9.268178399025414	1.3914929256487307	0.30364865051337464	8.634778413242916	9.901578384807912	616.5945805778181	397.49100777912787	956.4716417665309	916.0	292.0	1095.0	67.5	3168.5
2	v2	previously_4vHPV_vaccinated	heterologous_2vHPV_recall_day28	memory_recall	HPV52	cross_reactive_non_booster_target	IgG	antibody_isotype_or_subclass	Antibody abundance	none	0.0125	21	21	13.550334693602395	1.3367692098934905	0.291706956715392	12.941844644580929	14.15882474262386	11996.5728064232	7868.345783594447	18290.72629216196	14074.0	5724.3	28863.5	1292.5	32714.5
2	v2	previously_4vHPV_vaccinated	heterologous_2vHPV_recall_day28	memory_recall	HPV52	cross_reactive_non_booster_target	IgM	antibody_isotype_or_subclass	Antibody abundance	none	0.0125	21	21	9.76908545118688	1.2355133238954805	0.2696111108989301	9.206686528874977	10.331484373498784	872.5448328740953	590.8657355517779	1288.5067445386953	1089.0	440.8	1811.8	210.3	2932.8
2	v2	previously_4vHPV_vaccinated	heterologous_2vHPV_recall_day28	memory_recall	HPV52	cross_reactive_non_booster_target	IgA1	antibody_isotype_or_subclass	Antibody abundance	low	0.0625	21	21	7.796711277844637	2.6339852324898367	0.5747827003466921	6.597735574800685	8.995686980888589	222.35349601901996	96.85372123251655	510.47163250637755	313.0	80.19999999999999	846.7	1.0	2375.2
2	v2	previously_4vHPV_vaccinated	heterologous_2vHPV_recall_day28	memory_recall	HPV52	cross_reactive_non_booster_target	IgA2	antibody_isotype_or_subclass	Antibody abundance	high	0.3375	21	21	3.3911017427857666	3.2096557950291866	0.700404315974996	1.930083941354694	4.852119544216839	10.49115595254433	3.8107737106906643	28.88241642683586	21.0	1.0	73.0	1.0	477.0
2	v2	previously_4vHPV_vaccinated	heterologous_2vHPV_recall_day28	memory_recall	HPV52	cross_reactive_non_booster_target	IgG1	antibody_isotype_or_subclass	IgG subclass architecture	none	0.0125	21	21	12.29852247689238	1.288288505038227	0.2811275995847225	11.712100580141062	12.884944373643698	5037.605655900746	3355.008206855012	7564.056234649885	5538.8	3289.0	7310.2	647.8	29680.0
2	v2	previously_4vHPV_vaccinated	heterologous_2vHPV_recall_day28	memory_recall	HPV52	cross_reactive_non_booster_target	IgG2	antibody_isotype_or_subclass	IgG subclass architecture	moderate	0.2125	21	21	5.7563628365289485	2.665369514414731	0.581631312134914	4.543101179630252	6.969624493427645	54.05524993334914	23.31362080464203	125.33317196164748	33.5	25.5	170.5	1.0	2094.0
2	v2	previously_4vHPV_vaccinated	heterologous_2vHPV_recall_day28	memory_recall	HPV52	cross_reactive_non_booster_target	IgG3	antibody_isotype_or_subclass	IgG subclass architecture	none	0.0375	21	21	11.268791413448492	3.4212006727315383	0.7465671928774341	9.7114795381783	12.826103288718683	2467.426531879144	838.3910688969239	7261.758761613972	2544.5	626.2	22570.5	12.5	32702.0
2	v2	previously_4vHPV_vaccinated	heterologous_2vHPV_recall_day28	memory_recall	HPV52	cross_reactive_non_booster_target	IgG4	antibody_isotype_or_subclass	IgG subclass architecture	none	0.0125	21	21	2.4459281347373896	2.7909769131572952	0.6090410936865475	1.1754906754244439	3.7163655940503353	5.448760711571947	2.25869688503555	13.144301693895839	3.799999999999997	1.0	17.0	1.0	673.2
2	v2	previously_4vHPV_vaccinated	heterologous_2vHPV_recall_day28	memory_recall	HPV52	cross_reactive_non_booster_target	FcgR2A	fc_gamma_receptor_binding	Fc-receptor engagement	moderate	0.2	21	21	9.335773876296244	1.9910843483477059	0.4344902257783421	8.429443147128342	10.242104605464146	646.171753476792	344.7586996860415	1211.1019544148062	1311.8	243.0	1987.8	33.3	2693.3
2	v2	previously_4vHPV_vaccinated	heterologous_2vHPV_recall_day28	memory_recall	HPV52	cross_reactive_non_booster_target	FcgR2B	fc_gamma_receptor_binding	Fc-receptor engagement	moderate	0.1875	21	21	8.470207784667902	3.2165237156470967	0.7019030191225446	7.006063743252741	9.934351826083065	354.6390971808585	128.53912471187516	978.4483092690241	836.2	283.0	1249.8	1.0	2727.5
2	v2	previously_4vHPV_vaccinated	heterologous_2vHPV_recall_day28	memory_recall	HPV52	cross_reactive_non_booster_target	FcgR3A	fc_gamma_receptor_binding	Fc-receptor engagement	low	0.05	21	21	9.016179014650106	1.4435572227908768	0.3150100115923536	8.35907964494567	9.673278384354543	517.774108633631	328.34749645018024	816.4826303526519	673.5	303.5	908.5	41.3	2384.5
2	v2	previously_4vHPV_vaccinated	heterologous_2vHPV_recall_day28	memory_recall	HPV58	cross_reactive_non_booster_target	IgG	antibody_isotype_or_subclass	Antibody abundance	none	0.0125	21	21	12.976566957857285	1.1606047163466928	0.2532647125991177	12.448266024893238	13.504867890821332	8060.015835380282	5588.5799395333	11624.394026652502	10169.5	5458.0	11927.5	709.5	27711.5
2	v2	previously_4vHPV_vaccinated	heterologous_2vHPV_recall_day28	memory_recall	HPV58	cross_reactive_non_booster_target	IgM	antibody_isotype_or_subclass	Antibody abundance	none	0.0125	21	21	10.708533274826161	0.5513539608767108	0.12031529811577373	10.457559960809764	10.959506588842558	1673.361317323806	1406.1745376142103	1991.3161726470491	1750.5	1271.5	2029.5	753.0	3050.0
2	v2	previously_4vHPV_vaccinated	heterologous_2vHPV_recall_day28	memory_recall	HPV58	cross_reactive_non_booster_target	IgA1	antibody_isotype_or_subclass	Antibody abundance	none	0.0125	21	21	10.336646496378872	2.1982702039188426	0.4797018860678146	9.33600589645693	11.337287096300814	1293.1254227356208	646.2756818374207	2587.399473504923	1304.8	366.0	3355.0	105.0	17071.5
2	v2	previously_4vHPV_vaccinated	heterologous_2vHPV_recall_day28	memory_recall	HPV58	cross_reactive_non_booster_target	IgA2	antibody_isotype_or_subclass	Antibody abundance	high	0.35	21	21	5.526713171919106	4.699444875890985	1.025502946097276	3.3875515112967607	7.6658748325414505	46.10058560633242	10.465370709924423	203.07584433978758	55.5	1.0	281.2	1.0	23263.0
2	v2	previously_4vHPV_vaccinated	heterologous_2vHPV_recall_day28	memory_recall	HPV58	cross_reactive_non_booster_target	IgG1	antibody_isotype_or_subclass	IgG subclass architecture	none	0.0125	21	21	11.902312572794905	1.2670150715909645	0.2764853558197851	11.325574226850545	12.479050918739265	3827.8340575120696	2566.4780861962263	5709.113064575388	3704.5	3025.8	7407.0	252.5	11981.0
2	v2	previously_4vHPV_vaccinated	heterologous_2vHPV_recall_day28	memory_recall	HPV58	cross_reactive_non_booster_target	IgG2	antibody_isotype_or_subclass	IgG subclass architecture	none	0.0125	21	21	5.483877694777824	1.8834356922445357	0.41099936315676844	4.626548046383268	6.34120734317238	44.7519206194748	24.701864684293362	81.07624362484704	47.0	30.0	90.8	1.0	515.5
2	v2	previously_4vHPV_vaccinated	heterologous_2vHPV_recall_day28	memory_recall	HPV58	cross_reactive_non_booster_target	IgG3	antibody_isotype_or_subclass	IgG subclass architecture	none	0.025	21	21	10.995082099959195	2.6035833761145892	0.568148471389228	9.809945156021305	12.180219043897084	2041.0306046203239	897.6101353753268	4640.996981673914	2841.0	743.5	7422.5	12.0	27857.2
2	v2	previously_4vHPV_vaccinated	heterologous_2vHPV_recall_day28	memory_recall	HPV58	cross_reactive_non_booster_target	IgG4	antibody_isotype_or_subclass	IgG subclass architecture	none	0.0125	21	21	2.977489584729387	2.7727784875000023	0.6050698716339965	1.7153359494590386	4.239643219999735	7.87614452612212	3.2837310037681933	18.891210189012952	12.5	2.0	20.3	0.2000000000000028	1058.8
2	v2	previously_4vHPV_vaccinated	heterologous_2vHPV_recall_day28	memory_recall	HPV58	cross_reactive_non_booster_target	FcgR2A	fc_gamma_receptor_binding	Fc-receptor engagement	none	0.0375	21	21	9.086408291228294	1.2784334074164099	0.27897704097361986	8.504472381130938	9.668344201325649	543.6025039384859	363.1627399171781	813.6949356522186	587.0	360.5	938.0	50.0	2209.5
2	v2	previously_4vHPV_vaccinated	heterologous_2vHPV_recall_day28	memory_recall	HPV58	cross_reactive_non_booster_target	FcgR2B	fc_gamma_receptor_binding	Fc-receptor engagement	none	0.0375	21	21	8.667571221734244	2.4927949371163374	0.5439724519684904	7.532864570608402	9.802277872860087	406.6295419672884	185.1902803006855	892.8523901581611	745.5	288.0	1063.0	1.0	2318.5
2	v2	previously_4vHPV_vaccinated	heterologous_2vHPV_recall_day28	memory_recall	HPV58	cross_reactive_non_booster_target	FcgR3A	fc_gamma_receptor_binding	Fc-receptor engagement	low	0.0875	21	21	8.539436112435757	1.0909815524689603	0.23807169266616415	8.042827263705432	9.036044961166082	372.0715092278508	263.71343538492226	524.9531855554668	471.5	326.7	618.2	34.7	1004.5
2	v2	previously_4vHPV_vaccinated	heterologous_2vHPV_recall_day28	memory_recall	BPV	heterologous_control_antigen	IgG	antibody_isotype_or_subclass	Antibody abundance	none	0.0125	21	21	9.17633750759696	0.8871817619155961	0.19359893234107187	8.772497211303792	9.580177803890129	578.5659091490057	437.30535698681825	765.4571476916658	533.2	422.5	772.0	205.0	2026.3
2	v2	previously_4vHPV_vaccinated	heterologous_2vHPV_recall_day28	memory_recall	BPV	heterologous_control_antigen	IgM	antibody_isotype_or_subclass	Antibody abundance	none	0.0125	21	21	9.492952948233366	1.212425077556162	0.26457284249351515	8.941063669652673	10.04484222681406	720.5491079393382	491.50547250917396	1056.3280492110603	722.5	351.8	1358.0	209.2	3522.5
2	v2	previously_4vHPV_vaccinated	heterologous_2vHPV_recall_day28	memory_recall	BPV	heterologous_control_antigen	IgA1	antibody_isotype_or_subclass	Antibody abundance	low	0.05	21	21	7.342731291657412	1.7570544679625664	0.3834207190285153	6.542929686839544	8.142532896475279	162.32386275942787	93.24339874080458	282.58339761279933	146.5	92.0	238.8	13.300000000000011	3424.5
2	v2	previously_4vHPV_vaccinated	heterologous_2vHPV_recall_day28	memory_recall	BPV	heterologous_control_antigen	IgA2	antibody_isotype_or_subclass	Antibody abundance	high	0.3875	21	21	3.9055359175920525	3.2478733777336766	0.7087440762426893	2.4271216810836114	5.383950154100494	14.985921741999729	5.378193569924172	41.75711557003452	31.0	1.0	88.0	1.0	405.0
2	v2	previously_4vHPV_vaccinated	heterologous_2vHPV_recall_day28	memory_recall	BPV	heterologous_control_antigen	IgG1	antibody_isotype_or_subclass	IgG subclass architecture	none	0.0125	21	21	8.05282057311292	0.9585568822857546	0.2091742605235879	7.616490711551854	8.489150434673984	265.54647589338407	196.242092424658	359.3262280693828	280.5	195.0	387.5	71.8	1244.5
2	v2	previously_4vHPV_vaccinated	heterologous_2vHPV_recall_day28	memory_recall	BPV	heterologous_control_antigen	IgG2	antibody_isotype_or_subclass	IgG subclass architecture	high	0.3875	21	21	3.4196128362275835	3.310841336489393	0.7224848113548288	1.9125359285366574	4.92668974391851	10.700548437952646	3.7647026721192995	30.414549791926405	15.7	1.0	28.0	1.0	2237.7
2	v2	previously_4vHPV_vaccinated	heterologous_2vHPV_recall_day28	memory_recall	BPV	heterologous_control_antigen	IgG3	antibody_isotype_or_subclass	IgG subclass architecture	none	0.025	21	21	8.147437086470134	2.0352228583754486	0.44412203831475633	7.221014748420355	9.073859424519913	283.54562508870464	149.19079850499995	538.8946390299653	291.0	158.0	516.0	14.7	6644.2
2	v2	previously_4vHPV_vaccinated	heterologous_2vHPV_recall_day28	memory_recall	BPV	heterologous_control_antigen	IgG4	antibody_isotype_or_subclass	IgG subclass architecture	none	0.0125	21	21	1.0288874544561675	1.6915565250893774	0.36912789611993047	0.2589001557838517	1.7988747531284832	2.0404501354948215	1.1965661499263847	3.479487327714376	1.0	1.0	3.0	0.7999999999999972	35.0
2	v2	previously_4vHPV_vaccinated	heterologous_2vHPV_recall_day28	memory_recall	BPV	heterologous_control_antigen	FcgR2A	fc_gamma_receptor_binding	Fc-receptor engagement	moderate	0.25	21	21	3.656728145590703	1.7945127195701849	0.3915947796662588	2.839875749066768	4.473580542114638	12.612026012372406	7.159583927546447	22.21682177993105	13.0	9.0	19.5	1.0	205.0
2	v2	previously_4vHPV_vaccinated	heterologous_2vHPV_recall_day28	memory_recall	BPV	heterologous_control_antigen	FcgR2B	fc_gamma_receptor_binding	Fc-receptor engagement	high	0.5875	21	21	3.0471745215848602	2.5321886695684483	0.5525688691527113	1.8945360584352857	4.199812984734435	8.265914961657087	3.7180239368373673	18.376791358547713	18.5	1.0	33.5	1.0	76.0
2	v2	previously_4vHPV_vaccinated	heterologous_2vHPV_recall_day28	memory_recall	BPV	heterologous_control_antigen	FcgR3A	fc_gamma_receptor_binding	Fc-receptor engagement	high	0.3	21	21	3.0468223160121792	2.3221102308643333	0.506725995474628	1.9898104116727116	4.103834220351647	8.263897247662939	3.971847996521446	17.19401089360454	17.5	1.0	23.5	1.0	137.0
3	v1	previously_4vHPV_vaccinated	six_year_4vHPV_persistence	long_term_persistence	HPV16	vaccine_target_2vHPV_and_4vHPV	IgG	antibody_isotype_or_subclass	Antibody abundance	none	0.0125	19	19	14.933312963785083	0.21137726207592195	0.04849326970269769	14.831432384663335	15.03519354290683	31287.807918287483	29154.528784330443	33577.18217890706	32667.0	32290.5	32673.4	17194.0	32712.5
3	v1	previously_4vHPV_vaccinated	six_year_4vHPV_persistence	long_term_persistence	HPV16	vaccine_target_2vHPV_and_4vHPV	IgM	antibody_isotype_or_subclass	Antibody abundance	none	0.0125	19	19	11.24547071001438	2.122754116738073	0.4869931935182211	10.222335976304619	12.268605443724143	2427.862007416157	1194.6199265885607	4934.216980531703	1578.8	700.0	8521.1	316.2	31035.5
3	v1	previously_4vHPV_vaccinated	six_year_4vHPV_persistence	long_term_persistence	HPV16	vaccine_target_2vHPV_and_4vHPV	IgA1	antibody_isotype_or_subclass	Antibody abundance	none	0.0125	19	19	12.225278698999334	1.9133908645099116	0.43896196936276993	11.303053822737514	13.147503575261155	4788.236509546829	2526.72654679778	9073.878176652619	4356.2	1680.1	13443.7	332.5	32352.2
3	v1	previously_4vHPV_vaccinated	six_year_4vHPV_persistence	long_term_persistence	HPV16	vaccine_target_2vHPV_and_4vHPV	IgA2	antibody_isotype_or_subclass	Antibody abundance	high	0.3	19	19	8.544628227877151	4.308850652279918	0.988518134531446	6.467828691862158	10.621427763892145	373.41296989276145	88.51368936205564	1575.3184291503144	954.5	204.0	2804.0	1.0	18636.0
3	v1	previously_4vHPV_vaccinated	six_year_4vHPV_persistence	long_term_persistence	HPV16	vaccine_target_2vHPV_and_4vHPV	IgG1	antibody_isotype_or_subclass	IgG subclass architecture	none	0.0125	19	19	14.700900264662126	0.3993276133210377	0.09161203746482578	14.508430516000892	14.89337001332336	26632.50044364828	23306.27010371796	30433.444593426193	30576.0	23520.5	31930.85	12038.5	32665.5
3	v1	previously_4vHPV_vaccinated	six_year_4vHPV_persistence	long_term_persistence	HPV16	vaccine_target_2vHPV_and_4vHPV	IgG2	antibody_isotype_or_subclass	IgG subclass architecture	moderate	0.15	19	19	10.282038316748352	2.4199084867560234	0.5551650813887337	9.115679761286595	11.44839687221011	1245.0934541593008	554.7445432897372	2794.543413436797	1632.7	484.85	3439.5	55.2	27347.2
3	v1	previously_4vHPV_vaccinated	six_year_4vHPV_persistence	long_term_persistence	HPV16	vaccine_target_2vHPV_and_4vHPV	IgG3	antibody_isotype_or_subclass	IgG subclass architecture	none	0.025	19	19	10.661202557699681	3.218395906019927	0.738350658665573	9.10998538548275	12.212419729916613	1619.3538558479609	552.5592596303013	4745.747835633331	824.5	358.25	18291.25	47.5	32664.5
3	v1	previously_4vHPV_vaccinated	six_year_4vHPV_persistence	long_term_persistence	HPV16	vaccine_target_2vHPV_and_4vHPV	IgG4	antibody_isotype_or_subclass	IgG subclass architecture	none	0.0125	19	19	6.241863710583986	2.9399249351986705	0.6744650365329666	4.824865249959952	7.658862171208019	75.68123417582339	28.341913307303233	202.09112716818237	60.5	26.35	341.1	1.7999999999999972	2034.5
3	v1	previously_4vHPV_vaccinated	six_year_4vHPV_persistence	long_term_persistence	HPV16	vaccine_target_2vHPV_and_4vHPV	FcgR2A	fc_gamma_receptor_binding	Fc-receptor engagement	low	0.05	19	19	11.963038466052728	0.5006150289082179	0.11484896424361128	11.72174974577448	12.204327186330977	3992.3942144663997	3377.5226890352824	4719.201921411068	4193.5	3433.55	5036.75	2190.7	7821.5
3	v1	previously_4vHPV_vaccinated	six_year_4vHPV_persistence	long_term_persistence	HPV16	vaccine_target_2vHPV_and_4vHPV	FcgR2B	fc_gamma_receptor_binding	Fc-receptor engagement	moderate	0.15	19	19	11.236217170810656	0.38653623043055846	0.08867749297178713	11.049912671352915	11.422521670268397	2412.339378427835	2120.094227435554	2744.8691673259555	2500.8	2078.75	2892.75	1420.0	3498.0
3	v1	previously_4vHPV_vaccinated	six_year_4vHPV_persistence	long_term_persistence	HPV16	vaccine_target_2vHPV_and_4vHPV	FcgR3A	fc_gamma_receptor_binding	Fc-receptor engagement	low	0.075	19	19	11.403319217053154	0.7699664172999258	0.17664241068054964	11.032207283213092	11.774431150893216	2708.5766766279608	2094.234504027503	3503.135679917449	2541.5	2169.25	3997.9	733.8	5757.3
3	v1	previously_4vHPV_vaccinated	six_year_4vHPV_persistence	long_term_persistence	HPV16	vaccine_target_2vHPV_and_4vHPV	ADCP	antibody_dependent_cellular_phagocytosis	Phagocytic function	none	0.0125	19	19	5.501359783936761	1.1488635606739082	0.2635673768891513	4.947625272741847	6.055094295131674	45.29750816050436	30.85912548113171	66.49132836915734	37.85508	25.488782625	83.90145824999999	13.33565	212.874436
3	v1	previously_4vHPV_vaccinated	six_year_4vHPV_persistence	long_term_persistence	HPV16	vaccine_target_2vHPV_and_4vHPV	nAb	neutralizing_antibody	Neutralization	moderate	0.25	19	19	11.749119347669463	1.7917941611104424	0.4110657724161397	10.88550220641172	12.612736488927206	3442.209875904588	1891.7453799335292	6263.426862547123	1600.0	1600.0	12800.0	400.0	12800.0
3	v1	previously_4vHPV_vaccinated	six_year_4vHPV_persistence	long_term_persistence	HPV18	vaccine_target_2vHPV_and_4vHPV	IgG	antibody_isotype_or_subclass	Antibody abundance	none	0.0125	19	19	13.571900820529077	1.4059496239959037	0.3225469647740606	12.894254793222428	14.249546847835726	12177.25064276816	7613.028655671222	19477.850396154015	13485.0	9532.75	26479.4	531.0	31445.0
3	v1	previously_4vHPV_vaccinated	six_year_4vHPV_persistence	long_term_persistence	HPV18	vaccine_target_2vHPV_and_4vHPV	IgM	antibody_isotype_or_subclass	Antibody abundance	none	0.0125	19	19	10.887043006580345	1.1411272742761023	0.2617925510677658	10.33703726607117	11.437048747089522	1893.766845716626	1293.4757273047323	2772.647982663368	1715.0	1240.75	2241.25	441.0	10802.5
3	v1	previously_4vHPV_vaccinated	six_year_4vHPV_persistence	long_term_persistence	HPV18	vaccine_target_2vHPV_and_4vHPV	IgA1	antibody_isotype_or_subclass	Antibody abundance	none	0.0125	19	19	9.568359114352331	1.4629319212819247	0.33561960032356364	8.863248498895695	10.273469729808967	759.2120678856078	465.69723264343367	1237.7203977599545	579.0	428.0	1564.75	146.0	4668.5
3	v1	previously_4vHPV_vaccinated	six_year_4vHPV_persistence	long_term_persistence	HPV18	vaccine_target_2vHPV_and_4vHPV	IgA2	antibody_isotype_or_subclass	Antibody abundance	high	0.475	19	19	5.321424617880578	4.578243069706991	1.0503209936746427	3.114782092941735	7.528067142819421	39.98604308879951	8.662491868213158	184.57548546353078	61.30000000000001	1.0	442.5	1.0	3650.2
3	v1	previously_4vHPV_vaccinated	six_year_4vHPV_persistence	long_term_persistence	HPV18	vaccine_target_2vHPV_and_4vHPV	IgG1	antibody_isotype_or_subclass	IgG subclass architecture	none	0.0125	19	19	12.61495490079306	1.3064955399571188	0.29973063309787823	11.985244207582351	13.24466559400377	6273.065454572594	4054.3198886097493	9706.029933135314	8563.5	4465.65	11448.5	414.0	16658.8
3	v1	previously_4vHPV_vaccinated	six_year_4vHPV_persistence	long_term_persistence	HPV18	vaccine_target_2vHPV_and_4vHPV	IgG2	antibody_isotype_or_subclass	IgG subclass architecture	low	0.1125	19	19	8.642359442675698	2.642514853402426	0.6062344843571774	7.36870805293559	9.916010832415806	399.5852287800479	165.2730924139046	966.0880227214174	609.0	225.25	990.15	5.5	8275.0
3	v1	previously_4vHPV_vaccinated	six_year_4vHPV_persistence	long_term_persistence	HPV18	vaccine_target_2vHPV_and_4vHPV	IgG3	antibody_isotype_or_subclass	IgG subclass architecture	none	0.0375	19	19	7.99628359455204	2.048713971672386	0.47000721930209366	7.008835068447905	8.983732120656175	255.3413885757076	128.78627748184923	506.25909836519264	159.5	101.5	634.4	16.0	8277.0
3	v1	previously_4vHPV_vaccinated	six_year_4vHPV_persistence	long_term_persistence	HPV18	vaccine_target_2vHPV_and_4vHPV	IgG4	antibody_isotype_or_subclass	IgG subclass architecture	high	0.3875	19	19	4.183444984621222	3.279780028005146	0.7524331420588121	2.602641612662106	5.764248356580337	18.169476960634626	6.073977703608836	54.351515453684776	24.3	1.25	102.5	1.0	609.0
3	v1	previously_4vHPV_vaccinated	six_year_4vHPV_persistence	long_term_persistence	HPV18	vaccine_target_2vHPV_and_4vHPV	FcgR2A	fc_gamma_receptor_binding	Fc-receptor engagement	low	0.0875	19	19	10.064632175243034	1.7917571741979943	0.4110572870364768	9.201032861106444	10.928231489379623	1070.9179058502011	588.5547678963211	1948.612471817763	1514.5	1152.9	1876.5	12.299999999999995	2950.5
3	v1	previously_4vHPV_vaccinated	six_year_4vHPV_persistence	long_term_persistence	HPV18	vaccine_target_2vHPV_and_4vHPV	FcgR2B	fc_gamma_receptor_binding	Fc-receptor engagement	none	0.0125	19	19	9.431276780574237	1.2732577542879848	0.2921053621063614	8.817586187252415	10.044967373896059	690.3943178700307	451.1884064992904	1056.4196847287	919.5	731.75	983.75	28.5	1434.5
3	v1	previously_4vHPV_vaccinated	six_year_4vHPV_persistence	long_term_persistence	HPV18	vaccine_target_2vHPV_and_4vHPV	FcgR3A	fc_gamma_receptor_binding	Fc-receptor engagement	low	0.125	19	19	8.26745086070195	3.133663026349234	0.7189116028929551	6.757073629199184	9.777828092204716	308.14185789253634	108.16377729661303	877.848453138639	707.5	341.75	1023.75	1.0	1685.5
3	v1	previously_4vHPV_vaccinated	six_year_4vHPV_persistence	long_term_persistence	HPV18	vaccine_target_2vHPV_and_4vHPV	ADCP	antibody_dependent_cellular_phagocytosis	Phagocytic function	none	0.0125	19	19	5.281601536093061	0.3324270660646451	0.07626399931965827	5.121376819045469	5.441826253140652	38.89739234653335	34.80871904630917	43.466326047426854	39.707795	32.99288237499999	45.626148875	24.208392	55.078853
3	v1	previously_4vHPV_vaccinated	six_year_4vHPV_persistence	long_term_persistence	HPV18	vaccine_target_2vHPV_and_4vHPV	nAb	neutralizing_antibody	Neutralization	high	0.35	19	19	9.749119347669463	1.5236920380774408	0.34955892710826797	9.01472329334472	10.483515401994207	860.552468976147	517.251922975781	1431.7018825188918	800.0	800.0	1600.0	50.0	3200.0
3	v1	previously_4vHPV_vaccinated	six_year_4vHPV_persistence	long_term_persistence	HPV31	cross_reactive_non_booster_target	IgG	antibody_isotype_or_subclass	Antibody abundance	none	0.0125	19	19	11.246784148577019	2.2270875011066713	0.5109289134603425	10.17336233329182	12.320205963862218	2430.0733545885373	1154.7480009276958	5113.891952128994	2626.3	1015.15	5694.65	119.5	32713.5
3	v1	previously_4vHPV_vaccinated	six_year_4vHPV_persistence	long_term_persistence	HPV31	cross_reactive_non_booster_target	IgM	antibody_isotype_or_subclass	Antibody abundance	none	0.0125	19	19	8.744577967409151	1.345949973694373	0.30878210096815784	8.095850845853239	9.393305088965064	428.9239211806838	273.5860473819467	672.4602073883157	401.5	260.45	704.85	73.7	2699.7
3	v1	previously_4vHPV_vaccinated	six_year_4vHPV_persistence	long_term_persistence	HPV31	cross_reactive_non_booster_target	IgA1	antibody_isotype_or_subclass	Antibody abundance	low	0.05	19	19	8.742262701744467	3.4925666803434474	0.8012497480628636	7.05889944630168	10.425625957187254	428.23612759025536	133.3338654171012	1375.3908686275633	469.7	149.0	2727.5	1.0	11906.5
3	v1	previously_4vHPV_vaccinated	six_year_4vHPV_persistence	long_term_persistence	HPV31	cross_reactive_non_booster_target	IgA2	antibody_isotype_or_subclass	Antibody abundance	high	0.575	19	19	4.736184755897048	4.577788228562359	1.0502166459596525	2.5297614573724765	6.942608054421619	26.65223761591889	5.774761874280823	123.00797598236315	32.2	1.0	386.0	1.0	6662.0
3	v1	previously_4vHPV_vaccinated	six_year_4vHPV_persistence	long_term_persistence	HPV31	cross_reactive_non_booster_target	IgG1	antibody_isotype_or_subclass	IgG subclass architecture	none	0.0125	19	19	10.355446795125141	1.7841212607524468	0.40930548834959446	9.495527873459888	11.215365716790394	1310.0868994845864	721.8362938886705	2377.724282821733	1140.0	538.75	3461.25	153.0	11766.0
3	v1	previously_4vHPV_vaccinated	six_year_4vHPV_persistence	long_term_persistence	HPV31	cross_reactive_non_booster_target	IgG2	antibody_isotype_or_subclass	IgG subclass architecture	high	0.3875	19	19	4.3642462202093055	3.293786415494237	0.7556464277234974	2.7766919855756624	5.951800454842949	20.595342599015293	6.852792415367626	61.89712325439805	32.0	6.649999999999998	46.35	1.0	5270.7
3	v1	previously_4vHPV_vaccinated	six_year_4vHPV_persistence	long_term_persistence	HPV31	cross_reactive_non_booster_target	IgG3	antibody_isotype_or_subclass	IgG subclass architecture	none	0.0125	19	19	6.7024593736357865	3.934176472770066	0.9025619826768427	4.806247011546428	8.598671735725144	104.14569348093906	27.978505792921496	387.6663589865404	76.0	31.0	362.0	1.0	32696.5
3	v1	previously_4vHPV_vaccinated	six_year_4vHPV_persistence	long_term_persistence	HPV31	cross_reactive_non_booster_target	IgG4	antibody_isotype_or_subclass	IgG subclass architecture	none	0.0125	19	19	0.8644112936416112	1.896665016740376	0.4351247967221146	-0.049751982047246845	1.7785745693304693	1.8205966026594431	0.9661024001580119	3.4308702566860285	1.0	1.0	1.0	1.0	113.0
3	v1	previously_4vHPV_vaccinated	six_year_4vHPV_persistence	long_term_persistence	HPV31	cross_reactive_non_booster_target	FcgR2A	fc_gamma_receptor_binding	Fc-receptor engagement	low	0.125	19	19	8.348677138664074	3.030821908009638	0.6953182322570073	6.887867739533945	9.809486537794204	325.98847242117915	118.42810927947409	897.3248395000112	598.2	130.5	1152.5	1.0	4103.5
3	v1	previously_4vHPV_vaccinated	six_year_4vHPV_persistence	long_term_persistence	HPV31	cross_reactive_non_booster_target	FcgR2B	fc_gamma_receptor_binding	Fc-receptor engagement	moderate	0.1875	19	19	7.298338377448381	3.052579520438929	0.7003097708797443	5.8270421448110294	8.769634610085733	157.40508931496896	56.76942188548437	436.43851424508756	316.0	44.5	805.0	1.0	1837.8
3	v1	previously_4vHPV_vaccinated	six_year_4vHPV_persistence	long_term_persistence	HPV31	cross_reactive_non_booster_target	FcgR3A	fc_gamma_receptor_binding	Fc-receptor engagement	moderate	0.1625	19	19	6.855778120731547	3.6654679427117833	0.8409160180562419	5.089079124405524	8.62247711705757	115.82301288013397	34.03811229684624	394.11616589192073	293.5	58.9	554.15	1.0	2464.5
3	v1	previously_4vHPV_vaccinated	six_year_4vHPV_persistence	long_term_persistence	HPV33	cross_reactive_non_booster_target	IgG	antibody_isotype_or_subclass	Antibody abundance	none	0.0125	19	19	9.818362965400583	1.2631281899516644	0.2897814806703554	9.209554665806573	10.427171264994593	902.862802972995	592.0415692914421	1376.864874484813	771.0	514.5	1635.35	167.5	7315.0
3	v1	previously_4vHPV_vaccinated	six_year_4vHPV_persistence	long_term_persistence	HPV33	cross_reactive_non_booster_target	IgM	antibody_isotype_or_subclass	Antibody abundance	none	0.0125	19	19	10.861326227256926	0.7624085357309567	0.17490851373389782	10.493857075727592	11.22879537878626	1860.3085714282395	1442.0016257041	2399.9612200434	1960.7	1165.6	2763.95	803.2	4349.0
3	v1	previously_4vHPV_vaccinated	six_year_4vHPV_persistence	long_term_persistence	HPV33	cross_reactive_non_booster_target	IgA1	antibody_isotype_or_subclass	Antibody abundance	none	0.0375	19	19	7.897816342929227	1.381177702873432	0.3168638963103651	7.2321099994141544	8.5635226864443	238.49518720281196	150.3425948673383	378.33558991778057	245.0	138.0	498.0	42.80000000000001	984.0
3	v1	previously_4vHPV_vaccinated	six_year_4vHPV_persistence	long_term_persistence	HPV33	cross_reactive_non_booster_target	IgA2	antibody_isotype_or_subclass	Antibody abundance	high	0.5125	19	19	4.9866699782676385	4.410172029448408	1.0117628526313311	2.8610351016774085	7.112304854857868	31.705692402502297	7.265364110498371	138.36208556561053	66.0	1.0	149.0	1.0	18981.0
3	v1	previously_4vHPV_vaccinated	six_year_4vHPV_persistence	long_term_persistence	HPV33	cross_reactive_non_booster_target	IgG1	antibody_isotype_or_subclass	IgG subclass architecture	none	0.0125	19	19	8.33097308573554	0.6098702474790374	0.1399138303912245	8.03702503573208	8.624921135739	322.0125454139619	262.6549631357695	394.78439000743043	306.5	221.65	377.65	193.5	1054.8
3	v1	previously_4vHPV_vaccinated	six_year_4vHPV_persistence	long_term_persistence	HPV33	cross_reactive_non_booster_target	IgG2	antibody_isotype_or_subclass	IgG subclass architecture	high	0.35	19	19	5.69574099128062	3.870570705874552	0.8879698189861085	3.830185627503929	7.561296355057311	51.83091621241149	14.223312854504194	188.87610101097405	162.7	3.1000000000000014	285.45	1.0	1955.7
3	v1	previously_4vHPV_vaccinated	six_year_4vHPV_persistence	long_term_persistence	HPV33	cross_reactive_non_booster_target	IgG3	antibody_isotype_or_subclass	IgG subclass architecture	none	0.025	19	19	8.059188265509754	1.6165220387978263	0.37085558984874	7.280049583049974	8.838326947969533	266.7211215165886	155.4222867185246	457.72172167241496	192.0	119.25	594.5	40.5	2911.5
3	v1	previously_4vHPV_vaccinated	six_year_4vHPV_persistence	long_term_persistence	HPV33	cross_reactive_non_booster_target	IgG4	antibody_isotype_or_subclass	IgG subclass architecture	none	0.0125	19	19	1.8482904640138882	2.0451229574403142	0.4691833841367033	0.8625727513662474	2.834008176661529	3.6007325972213566	1.8182779477806645	7.13052438023432	2.5	1.0	10.0	0.7999999999999972	44.0
3	v1	previously_4vHPV_vaccinated	six_year_4vHPV_persistence	long_term_persistence	HPV33	cross_reactive_non_booster_target	FcgR2A	fc_gamma_receptor_binding	Fc-receptor engagement	moderate	0.2875	19	19	3.315530853961242	2.987452177589171	0.6853685337248274	1.8756249957711224	4.755436712151361	9.955755871692116	3.6696055532307534	27.010280407241176	9.0	1.0	66.0	1.0	346.75
3	v1	previously_4vHPV_vaccinated	six_year_4vHPV_persistence	long_term_persistence	HPV33	cross_reactive_non_booster_target	FcgR2B	fc_gamma_receptor_binding	Fc-receptor engagement	none	0.025	19	19	5.981312018436997	1.363103470361627	0.3127173829945222	5.324317176137331	6.638306860736662	63.176320899114636	40.06629427331082	99.61608865351396	93.5	31.25	130.0	5.0	189.0
3	v1	previously_4vHPV_vaccinated	six_year_4vHPV_persistence	long_term_persistence	HPV33	cross_reactive_non_booster_target	FcgR3A	fc_gamma_receptor_binding	Fc-receptor engagement	high	0.4125	19	19	2.8892822998420673	2.703911299654036	0.6203197951310351	1.5860387702535188	4.192525829430616	7.409017800460719	3.002238874586793	18.28420291010286	14.0	1.0	40.9	1.0	133.5
3	v1	previously_4vHPV_vaccinated	six_year_4vHPV_persistence	long_term_persistence	HPV45	cross_reactive_non_booster_target	IgG	antibody_isotype_or_subclass	Antibody abundance	none	0.0125	19	19	9.713549899809848	1.7122241972738097	0.3928111707685045	8.888284253489442	10.538815546130255	839.5950785605384	473.8492202356218	1487.6459975866476	717.3	408.75	1853.0	81.5	6947.0
3	v1	previously_4vHPV_vaccinated	six_year_4vHPV_persistence	long_term_persistence	HPV45	cross_reactive_non_booster_target	IgM	antibody_isotype_or_subclass	Antibody abundance	none	0.0125	19	19	9.45561333300715	1.1612966731795182	0.2664197285189211	8.895886253406736	10.015340412607564	702.1392331913944	476.35266612796295	1034.9464542603496	688.5	400.4	1309.25	187.8	3024.5
3	v1	previously_4vHPV_vaccinated	six_year_4vHPV_persistence	long_term_persistence	HPV45	cross_reactive_non_booster_target	IgA1	antibody_isotype_or_subclass	Antibody abundance	none	0.0375	19	19	8.997963615420094	2.193800131829759	0.5032922672090593	7.940585798557739	10.05534143228245	511.2778145216349	245.67134782656376	1064.043511523221	399.3	240.25	729.0	38.5	18641.5
3	v1	previously_4vHPV_vaccinated	six_year_4vHPV_persistence	long_term_persistence	HPV45	cross_reactive_non_booster_target	IgA2	antibody_isotype_or_subclass	Antibody abundance	high	0.3875	19	19	5.806347764368564	4.796610963686721	1.1004180243257715	3.4944552835841374	8.11824024515299	55.96091956607686	11.270309922019928	277.86498688579593	161.0	1.0	1247.5	1.0	3136.3
3	v1	previously_4vHPV_vaccinated	six_year_4vHPV_persistence	long_term_persistence	HPV45	cross_reactive_non_booster_target	IgG1	antibody_isotype_or_subclass	IgG subclass architecture	none	0.0125	19	19	8.822225324650494	1.4557794700191011	0.3339787154681295	8.120562080352137	9.523888568948852	452.64158537110893	278.3125354782129	736.1666424950156	410.8	197.15	972.75	122.0	5947.5
3	v1	previously_4vHPV_vaccinated	six_year_4vHPV_persistence	long_term_persistence	HPV45	cross_reactive_non_booster_target	IgG2	antibody_isotype_or_subclass	IgG subclass architecture	high	0.5	19	19	4.857275172684536	3.7417471573613366	0.8584156700641393	3.053810771758573	6.660739573610498	28.985815543821708	8.30402491190876	101.1771414047135	38.5	2.1499999999999986	214.25	1.0	2005.0
3	v1	previously_4vHPV_vaccinated	six_year_4vHPV_persistence	long_term_persistence	HPV45	cross_reactive_non_booster_target	IgG3	antibody_isotype_or_subclass	IgG subclass architecture	low	0.0625	19	19	6.430681392553336	2.2957422030223484	0.5266793822839922	5.3241690701724025	7.53719371493427	86.26368209599661	40.06218130943152	185.7468217040716	112.7	64.85	296.75	1.0	485.8
3	v1	previously_4vHPV_vaccinated	six_year_4vHPV_persistence	long_term_persistence	HPV45	cross_reactive_non_booster_target	IgG4	antibody_isotype_or_subclass	IgG subclass architecture	none	0.0125	19	19	1.9244638805692194	2.2101580253934823	0.5070450253655574	0.8592018113841831	2.9897259497542557	3.795957607109718	1.8140343963056993	7.943230946623074	2.5	1.0	10.0	0.7999999999999972	95.5
3	v1	previously_4vHPV_vaccinated	six_year_4vHPV_persistence	long_term_persistence	HPV45	cross_reactive_non_booster_target	FcgR2A	fc_gamma_receptor_binding	Fc-receptor engagement	moderate	0.175	19	19	6.081789328690308	3.0058584293866093	0.6895912174887431	4.633011941111611	7.530566716269006	67.7331097395366	24.812787976406206	184.89555302493596	118.9	13.0	348.25	1.0	1067.5
3	v1	previously_4vHPV_vaccinated	six_year_4vHPV_persistence	long_term_persistence	HPV45	cross_reactive_non_booster_target	FcgR2B	fc_gamma_receptor_binding	Fc-receptor engagement	moderate	0.1875	19	19	5.360902422164247	2.576394978486983	0.5910655447300214	4.119119792013916	6.602685052314578	41.095326278321636	17.377152526991438	97.1865695083534	63.5	25.0	130.0	1.0	460.0
3	v1	previously_4vHPV_vaccinated	six_year_4vHPV_persistence	long_term_persistence	HPV45	cross_reactive_non_booster_target	FcgR3A	fc_gamma_receptor_binding	Fc-receptor engagement	high	0.325	19	19	4.347219931277363	3.2593399508941165	0.7477438667680144	2.776268361129441	5.9181715014252845	20.35371068763712	6.850780497297576	60.47099873064853	35.0	2.5	99.65	1.0	611.0
3	v1	previously_4vHPV_vaccinated	six_year_4vHPV_persistence	long_term_persistence	HPV52	cross_reactive_non_booster_target	IgG	antibody_isotype_or_subclass	Antibody abundance	none	0.0125	19	19	9.779995984785657	1.8218759936520341	0.41796701810484027	8.901879864355406	10.658112105215908	879.168560064503	478.3357681211	1615.8886884875556	756.0	304.25	1481.65	230.8	32717.3
3	v1	previously_4vHPV_vaccinated	six_year_4vHPV_persistence	long_term_persistence	HPV52	cross_reactive_non_booster_target	IgM	antibody_isotype_or_subclass	Antibody abundance	none	0.0125	19	19	9.219156586567694	1.073381382273988	0.2462505775373849	8.701803320797337	9.73650985233805	595.9950699409898	416.39337964949624	853.063811180109	541.7	326.6	945.5	201.7	2731.5
3	v1	previously_4vHPV_vaccinated	six_year_4vHPV_persistence	long_term_persistence	HPV52	cross_reactive_non_booster_target	IgA1	antibody_isotype_or_subclass	Antibody abundance	moderate	0.175	19	19	6.282530896162737	4.0324556577643875	0.9251087740265157	4.338949483190136	8.226112309135338	77.84491493992894	20.23736404212923	299.4377513489252	308.0	34.849999999999994	464.0	1.0	1478.2
3	v1	previously_4vHPV_vaccinated	six_year_4vHPV_persistence	long_term_persistence	HPV52	cross_reactive_non_booster_target	IgA2	antibody_isotype_or_subclass	Antibody abundance	none	0.0125	19	19	5.021975682164123	4.174363980343581	0.9576647759933619	3.009996647117247	7.033954717210999	32.491167557304564	8.055625678825809	131.04828989406525	46.0	1.0	324.75	1.0	2459.0
3	v1	previously_4vHPV_vaccinated	six_year_4vHPV_persistence	long_term_persistence	HPV52	cross_reactive_non_booster_target	IgG1	antibody_isotype_or_subclass	IgG subclass architecture	none	0.0125	19	19	8.983016961067968	1.5734202928315868	0.3609673711667926	8.224652655175813	9.741381266960122	506.0082024271572	299.1349469066214	855.9491412532625	581.7	230.85	820.1	102.2	12357.2
3	v1	previously_4vHPV_vaccinated	six_year_4vHPV_persistence	long_term_persistence	HPV52	cross_reactive_non_booster_target	IgG2	antibody_isotype_or_subclass	IgG subclass architecture	high	0.4125	19	19	4.324015000746188	3.2647516049743945	0.748985385360295	2.7504550968243757	5.897574904668001	20.028951592910452	6.729293736778239	59.61381945904054	27.8	5.5	74.5	1.0	2302.5
3	v1	previously_4vHPV_vaccinated	six_year_4vHPV_persistence	long_term_persistence	HPV52	cross_reactive_non_booster_target	IgG3	antibody_isotype_or_subclass	IgG subclass architecture	low	0.0875	19	19	7.043316773938202	3.292335392739742	0.755313540273412	5.456461909885363	8.630171637991042	131.90146461551788	43.90952156346834	396.22377443969765	86.5	40.0	411.5	1.0	32698.0
3	v1	previously_4vHPV_vaccinated	six_year_4vHPV_persistence	long_term_persistence	HPV52	cross_reactive_non_booster_target	IgG4	antibody_isotype_or_subclass	IgG subclass architecture	none	0.0125	19	19	0.3890693380409874	1.4716883348214487	0.33762845936180763	-0.32026173364483357	1.0984004097268083	1.3095483603872375	0.8009245607242038	2.1411715813063066	1.0	1.0	1.0	1.0	84.00000000000001
3	v1	previously_4vHPV_vaccinated	six_year_4vHPV_persistence	long_term_persistence	HPV52	cross_reactive_non_booster_target	FcgR2A	fc_gamma_receptor_binding	Fc-receptor engagement	high	0.3375	19	19	5.58565986177224	3.2224102708899394	0.7392716171282511	4.032507827622921	7.138811895921559	48.02320755313701	16.36461580912588	140.92774866157177	58.0	17.0	224.9	1.0	3180.8
3	v1	previously_4vHPV_vaccinated	six_year_4vHPV_persistence	long_term_persistence	HPV52	cross_reactive_non_booster_target	FcgR2B	fc_gamma_receptor_binding	Fc-receptor engagement	high	0.3875	19	19	3.9592013571741034	3.3634222786896464	0.7716219903821823	2.3380837108455785	5.580319003502629	15.553866511814384	5.056305772065188	47.845754266663064	17.5	1.0	68.0	1.0	1023.2
3	v1	previously_4vHPV_vaccinated	six_year_4vHPV_persistence	long_term_persistence	HPV52	cross_reactive_non_booster_target	FcgR3A	fc_gamma_receptor_binding	Fc-receptor engagement	moderate	0.25	19	19	4.410510983174983	2.9526030178827964	0.6773735881760171	2.987401882298885	5.833620084051081	21.26650400140043	7.930445331710705	57.02885191493035	29.0	8.5	60.25	1.0	1710.5
3	v1	previously_4vHPV_vaccinated	six_year_4vHPV_persistence	long_term_persistence	HPV58	cross_reactive_non_booster_target	IgG	antibody_isotype_or_subclass	Antibody abundance	none	0.0125	19	19	10.466364112814803	1.559856929826426	0.35785572228921086	9.714537138631052	11.218191086998555	1414.7820578749024	840.1698116116544	2382.3853745056163	1346.0	771.4	2505.4	337.0	32715.5
3	v1	previously_4vHPV_vaccinated	six_year_4vHPV_persistence	long_term_persistence	HPV58	cross_reactive_non_booster_target	IgM	antibody_isotype_or_subclass	Antibody abundance	none	0.0125	19	19	10.861771807289552	0.9262300019469077	0.21249173562958168	10.415343236536309	11.308200378042795	1860.883221198354	1365.6227066877652	2535.7562861096403	1724.0	1352.0	2981.15	581.0	7011.0
3	v1	previously_4vHPV_vaccinated	six_year_4vHPV_persistence	long_term_persistence	HPV58	cross_reactive_non_booster_target	IgA1	antibody_isotype_or_subclass	Antibody abundance	none	0.0125	19	19	8.76520093866191	1.1979641678867505	0.2748318287263757	8.187800692330939	9.34260118499288	435.09931600082297	291.5906586682351	649.2368982223742	413.0	336.75	732.3	97.5	2651.5
3	v1	previously_4vHPV_vaccinated	six_year_4vHPV_persistence	long_term_persistence	HPV58	cross_reactive_non_booster_target	IgA2	antibody_isotype_or_subclass	Antibody abundance	high	0.5125	19	19	5.231494742493157	4.248862636183723	0.9747559397952985	3.183608504721424	7.27938098026489	37.569623223158096	9.085768234697614	155.35027448089383	52.5	1.0	200.25	1.0	11448.5
3	v1	previously_4vHPV_vaccinated	six_year_4vHPV_persistence	long_term_persistence	HPV58	cross_reactive_non_booster_target	IgG1	antibody_isotype_or_subclass	IgG subclass architecture	none	0.0125	19	19	9.451266578448173	1.2618461694303245	0.2894873649916151	8.84307619296601	10.059456963930337	700.0269130872256	459.23099044506387	1067.0832091961167	594.3	380.55	1107.9	183.8	6647.5
3	v1	previously_4vHPV_vaccinated	six_year_4vHPV_persistence	long_term_persistence	HPV58	cross_reactive_non_booster_target	IgG2	antibody_isotype_or_subclass	IgG subclass architecture	none	0.0125	19	19	5.514273990971875	3.314928448645075	0.7604967427743127	3.9165296225458617	7.112018359397889	45.7048066029655	15.100554506738144	138.33461186358159	86.0	20.9	161.75	1.0	1015.0
3	v1	previously_4vHPV_vaccinated	six_year_4vHPV_persistence	long_term_persistence	HPV58	cross_reactive_non_booster_target	IgG3	antibody_isotype_or_subclass	IgG subclass architecture	low	0.05	19	19	7.404074226225616	2.9260052136300305	0.6712716333940233	5.993784856639563	8.814363595811669	169.37465835926216	63.724880452039514	450.18169811880153	129.3	74.4	480.6	1.0	31736.5
3	v1	previously_4vHPV_vaccinated	six_year_4vHPV_persistence	long_term_persistence	HPV58	cross_reactive_non_booster_target	IgG4	antibody_isotype_or_subclass	IgG subclass architecture	none	0.0125	19	19	0.7652762708550329	1.3630806053798379	0.31271213740794507	0.10829244912382152	1.4222600925862443	1.6996954526141306	1.0779516347816505	2.6800503273250675	1.0	1.0	2.3999999999999986	1.0	15.0
3	v1	previously_4vHPV_vaccinated	six_year_4vHPV_persistence	long_term_persistence	HPV58	cross_reactive_non_booster_target	FcgR2A	fc_gamma_receptor_binding	Fc-receptor engagement	moderate	0.2	19	19	5.85810307040526	2.7789273272015214	0.6375296521428957	4.518702972911099	7.197503167899422	58.00490794344631	22.922666521547406	146.77914292235468	54.5	19.15	278.9	1.0	2664.3
3	v1	previously_4vHPV_vaccinated	six_year_4vHPV_persistence	long_term_persistence	HPV58	cross_reactive_non_booster_target	FcgR2B	fc_gamma_receptor_binding	Fc-receptor engagement	low	0.075	19	19	6.29651084135897	1.6596016268370923	0.3807387251536097	5.496608462110506	7.096413220607434	78.60291121068175	45.14857230240464	136.84635716521322	73.0	46.5	114.4	14.0	1260.5
3	v1	previously_4vHPV_vaccinated	six_year_4vHPV_persistence	long_term_persistence	HPV58	cross_reactive_non_booster_target	FcgR3A	fc_gamma_receptor_binding	Fc-receptor engagement	high	0.325	19	19	3.840391150539118	3.469213958313994	0.7958922662006013	2.168283546820949	5.512498754257287	14.324284278462837	4.4948829481724575	45.64860141099834	11.5	1.0	106.5	1.0	1422.0
3	v1	previously_4vHPV_vaccinated	six_year_4vHPV_persistence	long_term_persistence	BPV	heterologous_control_antigen	IgG	antibody_isotype_or_subclass	Antibody abundance	none	0.0125	19	19	8.51236008862339	0.8228939833192078	0.18878482708084585	8.115737884546164	8.908982292700617	365.1537125990442	277.38344663670426	480.6964346344009	393.0	262.65	545.75	125.5	1115.5
3	v1	previously_4vHPV_vaccinated	six_year_4vHPV_persistence	long_term_persistence	BPV	heterologous_control_antigen	IgM	antibody_isotype_or_subclass	Antibody abundance	none	0.0125	19	19	9.013855724264372	0.7850041109218197	0.18009229419853712	8.635495854105107	9.392215594423638	516.9409654550822	397.6887260792295	671.9525705448185	589.8	390.15	707.75	172.5	1297.5
3	v1	previously_4vHPV_vaccinated	six_year_4vHPV_persistence	long_term_persistence	BPV	heterologous_control_antigen	IgA1	antibody_isotype_or_subclass	Antibody abundance	low	0.0875	19	19	5.982873030891002	2.845599132884688	0.6528252133721749	4.611338151692393	7.354407910089612	63.244715392494356	24.44280841878943	163.6429806487725	116.0	50.25	218.25	1.0	444.0
3	v1	previously_4vHPV_vaccinated	six_year_4vHPV_persistence	long_term_persistence	BPV	heterologous_control_antigen	IgA2	antibody_isotype_or_subclass	Antibody abundance	none	0.0125	19	19	3.4615596950667573	2.9445341042469813	0.6755224524327184	2.042339686073234	4.880779704060281	11.016237744910473	4.119130078811037	29.46192320477029	21.5	1.0	60.0	1.0	152.0
3	v1	previously_4vHPV_vaccinated	six_year_4vHPV_persistence	long_term_persistence	BPV	heterologous_control_antigen	IgG1	antibody_isotype_or_subclass	IgG subclass architecture	none	0.0125	19	19	7.772692032093803	0.6044223858771609	0.13866400522380473	7.481369767331024	8.064014296856582	218.682207231428	178.6967724902996	267.61483765581266	219.2	172.15	276.65	87.0	473.5
3	v1	previously_4vHPV_vaccinated	six_year_4vHPV_persistence	long_term_persistence	BPV	heterologous_control_antigen	IgG2	antibody_isotype_or_subclass	IgG subclass architecture	high	0.45	19	19	1.846968904978885	2.318713362644295	0.5319493277265188	0.7293848380668801	2.96455297189089	3.5974357106902524	1.6579320023976896	7.805835024496488	1.0	1.0	16.75	1.0	81.5
3	v1	previously_4vHPV_vaccinated	six_year_4vHPV_persistence	long_term_persistence	BPV	heterologous_control_antigen	IgG3	antibody_isotype_or_subclass	IgG subclass architecture	low	0.0625	19	19	6.452904991613756	2.323930301668931	0.5331461756214138	5.3328064405805495	7.573003542646962	87.6027947838165	40.30275177019393	190.41502916957128	103.3	43.0	266.65	1.0	1376.3
3	v1	previously_4vHPV_vaccinated	six_year_4vHPV_persistence	long_term_persistence	BPV	heterologous_control_antigen	IgG4	antibody_isotype_or_subclass	IgG subclass architecture	high	0.6875	19	19	1.419849596358852	1.9473567176780677	0.4467542704938822	0.48125370290648317	2.3584454898112206	2.6755761612411693	1.3959562262633314	5.128174981363363	1.0	1.0	11.5	1.0	24.0
3	v1	previously_4vHPV_vaccinated	six_year_4vHPV_persistence	long_term_persistence	BPV	heterologous_control_antigen	FcgR2A	fc_gamma_receptor_binding	Fc-receptor engagement	moderate	0.2125	19	19	3.0157041596408427	1.2398453782935992	0.2844400373472503	2.418117816051043	3.6132905032306426	8.087558034740873	5.344732767266619	12.237954227738246	8.0	5.449999999999999	15.399999999999999	1.0	28.0
3	v1	previously_4vHPV_vaccinated	six_year_4vHPV_persistence	long_term_persistence	BPV	heterologous_control_antigen	FcgR2B	fc_gamma_receptor_binding	Fc-receptor engagement	high	0.75	19	19	1.4184208069600677	2.0161763442519933	0.4625425756290374	0.4466549152712018	2.3901866986489333	2.672927685730158	1.362876575701198	5.242251969491016	1.0	1.0	8.5	1.0	57.0
3	v1	previously_4vHPV_vaccinated	six_year_4vHPV_persistence	long_term_persistence	BPV	heterologous_control_antigen	FcgR3A	fc_gamma_receptor_binding	Fc-receptor engagement	high	0.3875	19	19	1.9217437158369337	2.2430873223171854	0.5145995241851503	0.8406102335788403	3.0028771980950273	3.7888071688849374	1.790807460435219	8.015970493838122	1.3000000000000007	1.0	21.0	1.0	51.0
3	v2	previously_4vHPV_vaccinated	heterologous_2vHPV_recall_day28	memory_recall	HPV16	vaccine_target_2vHPV_and_4vHPV	IgG	antibody_isotype_or_subclass	Antibody abundance	none	0.0125	19	19	14.994877653759698	0.004145273413389661	0.0009509909422269174	14.992879695929103	14.996875611590292	32651.86220798924	32606.674631904694	32697.11240674401	32669.0	32653.3	32675.5	32279.5	32712.0
3	v2	previously_4vHPV_vaccinated	heterologous_2vHPV_recall_day28	memory_recall	HPV16	vaccine_target_2vHPV_and_4vHPV	IgM	antibody_isotype_or_subclass	Antibody abundance	none	0.0125	19	19	11.977959589336905	1.6729122205196072	0.3837923847715367	11.171641709293745	12.784277469380065	4033.8999568129243	2306.743233306852	7054.252344439717	4194.3	1416.85	10663.15	957.2	32676.2
3	v2	previously_4vHPV_vaccinated	heterologous_2vHPV_recall_day28	memory_recall	HPV16	vaccine_target_2vHPV_and_4vHPV	IgA1	antibody_isotype_or_subclass	Antibody abundance	none	0.0125	19	19	13.239438138556341	1.3406095811005128	0.30755693088208047	12.593285003837313	13.88559127327537	9670.924781393504	6179.545440303903	15134.897385392711	9815.0	4635.25	22553.1	1945.0	32572.2
3	v2	previously_4vHPV_vaccinated	heterologous_2vHPV_recall_day28	memory_recall	HPV16	vaccine_target_2vHPV_and_4vHPV	IgA2	antibody_isotype_or_subclass	Antibody abundance	none	0.025	19	19	10.744734738695964	3.3176069997165945	0.7611112445340951	9.145699349979058	12.34377012741287	1715.8821319116196	566.4085959257375	5198.105240266496	2288.5	913.75	9347.9	1.0	31718.0
3	v2	previously_4vHPV_vaccinated	heterologous_2vHPV_recall_day28	memory_recall	HPV16	vaccine_target_2vHPV_and_4vHPV	IgG1	antibody_isotype_or_subclass	IgG subclass architecture	none	0.0125	19	19	14.913778673340714	0.14076517368372007	0.03229374562406773	14.845932031397174	14.981625315284253	30867.021850054418	29449.020546624488	32353.301407198953	32144.5	31572.5	32414.9	24544.5	32687.5
3	v2	previously_4vHPV_vaccinated	heterologous_2vHPV_recall_day28	memory_recall	HPV16	vaccine_target_2vHPV_and_4vHPV	IgG2	antibody_isotype_or_subclass	IgG subclass architecture	none	0.0125	19	19	10.924300468071841	2.185649316456201	0.501422341918491	9.870851218466045	11.977749717677638	1943.3101657457055	936.3156867720196	4033.31318020534	2142.0	1056.1	4617.35	41.7	19913.0
3	v2	previously_4vHPV_vaccinated	heterologous_2vHPV_recall_day28	memory_recall	HPV16	vaccine_target_2vHPV_and_4vHPV	IgG3	antibody_isotype_or_subclass	IgG subclass architecture	none	0.0125	19	19	14.11857185806484	1.1821015738282703	0.27119270006935864	13.548817137336668	14.688326578793012	17787.447252181235	11983.96036790113	26401.39570192378	29622.0	11134.5	32500.75	2403.8	32699.5
3	v2	previously_4vHPV_vaccinated	heterologous_2vHPV_recall_day28	memory_recall	HPV16	vaccine_target_2vHPV_and_4vHPV	IgG4	antibody_isotype_or_subclass	IgG subclass architecture	moderate	0.1875	19	19	6.519699297979095	2.236716722173656	0.5131380082780266	5.441636346702441	7.597762249255749	91.75400952206998	43.460604816212616	193.7110240176765	104.7	33.25	161.35	10.0	1793.0
3	v2	previously_4vHPV_vaccinated	heterologous_2vHPV_recall_day28	memory_recall	HPV16	vaccine_target_2vHPV_and_4vHPV	FcgR2A	fc_gamma_receptor_binding	Fc-receptor engagement	low	0.075	19	19	12.342364733989625	0.5084038018068323	0.11663583129409806	12.097321945342028	12.587407522637221	5193.044000283726	4381.842595183817	6154.42143415275	5788.0	5068.9	6310.8	1405.7	6709.5
3	v2	previously_4vHPV_vaccinated	heterologous_2vHPV_recall_day28	memory_recall	HPV16	vaccine_target_2vHPV_and_4vHPV	FcgR2B	fc_gamma_receptor_binding	Fc-receptor engagement	none	0.0125	19	19	11.360470356797723	0.5685695442084323	0.1304387992410283	11.086428608569681	11.634512105025765	2629.3133242743443	2174.440637985556	3179.341130972978	2650.2	2257.15	3364.9	810.0	4829.8
3	v2	previously_4vHPV_vaccinated	heterologous_2vHPV_recall_day28	memory_recall	HPV16	vaccine_target_2vHPV_and_4vHPV	FcgR3A	fc_gamma_receptor_binding	Fc-receptor engagement	none	0.0125	19	19	11.76110586910865	0.5821549466904294	0.13355550432136262	11.480516166484403	12.041695571732898	3470.928350892399	2857.4571849768536	4216.106432099075	3673.3	2494.9	5051.0	1705.0	6013.0
3	v2	previously_4vHPV_vaccinated	heterologous_2vHPV_recall_day28	memory_recall	HPV16	vaccine_target_2vHPV_and_4vHPV	ADCP	antibody_dependent_cellular_phagocytosis	Phagocytic function	none	0.0125	19	19	6.979920142834544	0.3538764187259309	0.08118481830149564	6.8093571687319745	7.150483116937114	126.23079875751048	112.15554729667616	142.0724604268534	118.66978325	107.162017625	156.66332675	79.58811349999999	187.66472200000004
3	v2	previously_4vHPV_vaccinated	heterologous_2vHPV_recall_day28	memory_recall	HPV16	vaccine_target_2vHPV_and_4vHPV	nAb	neutralizing_antibody	Neutralization	low	0.05	19	19	15.48596145293262	1.3442535266309132	0.3083929093201217	14.838051992687946	16.133870913177297	45892.20332225826	29288.607701067613	71908.31149323376	51200.0	25600.0	51200.0	12800.0	819200.0
3	v2	previously_4vHPV_vaccinated	heterologous_2vHPV_recall_day28	memory_recall	HPV18	vaccine_target_2vHPV_and_4vHPV	IgG	antibody_isotype_or_subclass	Antibody abundance	none	0.0125	19	19	14.932620525141955	0.10193368252974142	0.023385190583689486	14.883490062829447	14.981750987454463	31272.794565971817	30225.740474999555	32356.11980372801	32241.8	30836.5	32647.5	24375.0	32715.5
3	v2	previously_4vHPV_vaccinated	heterologous_2vHPV_recall_day28	memory_recall	HPV18	vaccine_target_2vHPV_and_4vHPV	IgM	antibody_isotype_or_subclass	Antibody abundance	none	0.0125	19	19	11.712264918899713	1.5703461799561775	0.3602621213054797	10.955382287985069	12.469147549814357	3355.390400785395	1985.6316316996042	5670.057105227478	3219.0	1791.15	8111.65	468.5	27044.5
3	v2	previously_4vHPV_vaccinated	heterologous_2vHPV_recall_day28	memory_recall	HPV18	vaccine_target_2vHPV_and_4vHPV	IgA1	antibody_isotype_or_subclass	Antibody abundance	none	0.0125	19	19	11.246259720901085	2.0236439572607887	0.46425576354771153	10.270894554954802	12.221624886847367	2429.1901699318255	1235.5130681586324	4776.1250234997615	1672.5	1438.25	6349.5	86.30000000000001	32373.3
3	v2	previously_4vHPV_vaccinated	heterologous_2vHPV_recall_day28	memory_recall	HPV18	vaccine_target_2vHPV_and_4vHPV	IgA2	antibody_isotype_or_subclass	Antibody abundance	low	0.125	19	19	8.822176210218652	3.481140486620499	0.7986283994445662	7.144320203863201	10.500032216574102	452.62617611603207	141.4668489117144	1448.1870267236613	1038.0	280.9	1850.6	1.0	5579.0
3	v2	previously_4vHPV_vaccinated	heterologous_2vHPV_recall_day28	memory_recall	HPV18	vaccine_target_2vHPV_and_4vHPV	IgG1	antibody_isotype_or_subclass	IgG subclass architecture	none	0.0125	19	19	14.325977934212158	0.33520884370713444	0.07690218287897468	14.16441244325908	14.487543425165237	20537.570885665526	18361.705450719062	22971.27677032955	20470.5	18497.5	24195.5	10122.3	28589.3
3	v2	previously_4vHPV_vaccinated	heterologous_2vHPV_recall_day28	memory_recall	HPV18	vaccine_target_2vHPV_and_4vHPV	IgG2	antibody_isotype_or_subclass	IgG subclass architecture	low	0.0875	19	19	10.121116837180033	1.7632259724856327	0.40451178045742636	9.271269122079913	10.970964552280153	1113.6783002236082	617.916943121495	2007.194284273058	1227.5	665.0	2113.25	62.5	10454.0
3	v2	previously_4vHPV_vaccinated	heterologous_2vHPV_recall_day28	memory_recall	HPV18	vaccine_target_2vHPV_and_4vHPV	IgG3	antibody_isotype_or_subclass	IgG subclass architecture	none	0.0125	19	19	10.249946679989558	2.623803027894956	0.6019416971763233	8.98531410145177	11.514579258527345	1217.7030803119073	506.8145389929114	2925.726627234438	1060.5	406.15	4889.25	32.0	20043.8
3	v2	previously_4vHPV_vaccinated	heterologous_2vHPV_recall_day28	memory_recall	HPV18	vaccine_target_2vHPV_and_4vHPV	IgG4	antibody_isotype_or_subclass	IgG subclass architecture	none	0.0125	19	19	6.117959054079651	4.102929411490312	0.9412765619561618	4.140410379103715	8.095507729055587	69.4527085969936	17.635497612913653	273.5209880285292	48.5	15.5	568.5	0.5	10306.3
3	v2	previously_4vHPV_vaccinated	heterologous_2vHPV_recall_day28	memory_recall	HPV18	vaccine_target_2vHPV_and_4vHPV	FcgR2A	fc_gamma_receptor_binding	Fc-receptor engagement	low	0.05	19	19	10.986083135600609	1.2332102887299856	0.28291784340571696	10.391694802812097	11.58047146838912	2028.339081810975	1343.420098725342	3062.4518977387397	2646.3	1914.0	3064.5	69.5	3220.3
3	v2	previously_4vHPV_vaccinated	heterologous_2vHPV_recall_day28	memory_recall	HPV18	vaccine_target_2vHPV_and_4vHPV	FcgR2B	fc_gamma_receptor_binding	Fc-receptor engagement	none	0.0125	19	19	10.142056676926156	1.207510395516693	0.2770218835437944	9.560055296159934	10.724058057692378	1129.9605399410827	754.8547710570983	1691.465525263751	1371.0	984.15	1898.5	72.0	2841.0
3	v2	previously_4vHPV_vaccinated	heterologous_2vHPV_recall_day28	memory_recall	HPV18	vaccine_target_2vHPV_and_4vHPV	FcgR3A	fc_gamma_receptor_binding	Fc-receptor engagement	none	0.025	19	19	9.737900021220701	2.6186147341775254	0.600751420965603	8.475768120207992	11.000031922233411	853.8862125041252	356.00856003391385	2048.045316200214	1325.0	908.0	2108.75	1.0	3110.8
3	v2	previously_4vHPV_vaccinated	heterologous_2vHPV_recall_day28	memory_recall	HPV18	vaccine_target_2vHPV_and_4vHPV	ADCP	antibody_dependent_cellular_phagocytosis	Phagocytic function	none	0.0125	19	19	5.886048843937177	0.15639231526237404	0.0358788577776338	5.810670160853475	5.961427527020878	59.13944683002357	56.128833080952546	62.31154255989799	59.811338000000006	57.171339	61.952437	47.89910125	72.27613575000001
3	v2	previously_4vHPV_vaccinated	heterologous_2vHPV_recall_day28	memory_recall	HPV18	vaccine_target_2vHPV_and_4vHPV	nAb	neutralizing_antibody	Neutralization	none	0.025	19	19	14.907014084511568	1.1470786693528086	0.26315789473684204	14.354139863395526	15.45988830562761	30722.629621199456	20942.410149491014	45070.26479301106	25600.0	19200.0	51200.0	6400.0	102400.0
3	v2	previously_4vHPV_vaccinated	heterologous_2vHPV_recall_day28	memory_recall	HPV31	cross_reactive_non_booster_target	IgG	antibody_isotype_or_subclass	Antibody abundance	none	0.0125	19	19	14.552864597541232	0.8035913143319328	0.1843564911094696	14.165545982107862	14.940183212974603	24035.256804009296	18376.13808185108	31437.15872516356	31699.0	20993.65	32559.25	3226.3	32713.0
3	v2	previously_4vHPV_vaccinated	heterologous_2vHPV_recall_day28	memory_recall	HPV31	cross_reactive_non_booster_target	IgM	antibody_isotype_or_subclass	Antibody abundance	none	0.0125	19	19	10.11061788159371	2.123820811724723	0.48723791013139944	9.086969017357708	11.134266745829711	1105.6031236917388	543.8138246694947	2247.7513657543072	1140.0	368.85	2915.95	92.7	31680.2
3	v2	previously_4vHPV_vaccinated	heterologous_2vHPV_recall_day28	memory_recall	HPV31	cross_reactive_non_booster_target	IgA1	antibody_isotype_or_subclass	Antibody abundance	none	0.0125	19	19	12.123571624143159	2.7556175168592705	0.6321820148968446	10.795406495602439	13.451736752683878	4462.299475389807	1777.2199125065374	11204.081423992544	8066.299999999999	1107.15	23605.85	96.5	32592.5
3	v2	previously_4vHPV_vaccinated	heterologous_2vHPV_recall_day28	memory_recall	HPV31	cross_reactive_non_booster_target	IgA2	antibody_isotype_or_subclass	Antibody abundance	moderate	0.2125	19	19	9.30803546621715	4.521475984018549	1.0372977310517357	7.128753800758619	11.487317131675681	633.866611255642	139.94865395902772	2870.9592375382244	721.5	45.0	10233.5	1.0	32488.8
3	v2	previously_4vHPV_vaccinated	heterologous_2vHPV_recall_day28	memory_recall	HPV31	cross_reactive_non_booster_target	IgG1	antibody_isotype_or_subclass	IgG subclass architecture	none	0.0125	19	19	13.539535735029933	0.9012855963458303	0.20676909651264552	13.105129982925806	13.97394148713406	11907.110490036117	8811.243880135587	16090.722507586119	12930.5	8944.75	19670.75	2174.5	27126.0
3	v2	previously_4vHPV_vaccinated	heterologous_2vHPV_recall_day28	memory_recall	HPV31	cross_reactive_non_booster_target	IgG2	antibody_isotype_or_subclass	IgG subclass architecture	moderate	0.1875	19	19	6.150037016129392	2.8770300243804914	0.6600359544108906	4.763352932156074	7.53672110010271	71.01426824648314	27.158896029423158	185.68598256423957	56.7	26.85	364.9	1.0	1446.5
3	v2	previously_4vHPV_vaccinated	heterologous_2vHPV_recall_day28	memory_recall	HPV31	cross_reactive_non_booster_target	IgG3	antibody_isotype_or_subclass	IgG subclass architecture	none	0.0375	19	19	11.48776545612676	3.6157040986936413	0.8294994092605997	9.74505186484431	13.230479047409212	2871.851540622412	858.1296750820558	9611.054728513705	6085.5	328.15	31224.75	35.0	32704.2
3	v2	previously_4vHPV_vaccinated	heterologous_2vHPV_recall_day28	memory_recall	HPV31	cross_reactive_non_booster_target	IgG4	antibody_isotype_or_subclass	IgG subclass architecture	high	0.45	19	19	2.815910849291928	1.9352575130670384	0.44397852258879283	1.8831465857915142	3.748675112792342	7.041636960189115	3.6887872537871966	13.441992630015173	10.299999999999995	2.5	14.5	1.0	67.8
3	v2	previously_4vHPV_vaccinated	heterologous_2vHPV_recall_day28	memory_recall	HPV31	cross_reactive_non_booster_target	FcgR2A	fc_gamma_receptor_binding	Fc-receptor engagement	low	0.1	19	19	10.691835842199328	2.6411955551828976	0.6059318165879503	9.41882033384646	11.964851350552197	1654.1058485474405	684.4590091767933	3997.414193568065	2774.7	1684.0	3888.25	1.3000000000000007	5402.0
3	v2	previously_4vHPV_vaccinated	heterologous_2vHPV_recall_day28	memory_recall	HPV31	cross_reactive_non_booster_target	FcgR2B	fc_gamma_receptor_binding	Fc-receptor engagement	none	0.0375	19	19	10.012106400747752	1.3184868350232632	0.3024816248555362	9.376616088320858	10.647596713174647	1032.629068820875	664.7260526062018	1604.1537556608757	1533.5	716.0	2052.5	186.0	2904.5
3	v2	previously_4vHPV_vaccinated	heterologous_2vHPV_recall_day28	memory_recall	HPV31	cross_reactive_non_booster_target	FcgR3A	fc_gamma_receptor_binding	Fc-receptor engagement	none	0.025	19	19	10.430889721972974	1.1932774023757815	0.2737566109771975	9.85574842430931	11.006031019636639	1380.4182356095002	926.5650304382086	2056.5793469477635	1317.0	988.15	2533.25	266.5	4539.0
3	v2	previously_4vHPV_vaccinated	heterologous_2vHPV_recall_day28	memory_recall	HPV33	cross_reactive_non_booster_target	IgG	antibody_isotype_or_subclass	Antibody abundance	none	0.0125	19	19	11.346399303355653	1.0691338345651005	0.2452761232626003	10.831093290048399	11.861705316662908	2603.7934675036267	1821.7298148092118	3721.5949183576363	2725.0	1744.35	3844.5	737.5	9499.0
3	v2	previously_4vHPV_vaccinated	heterologous_2vHPV_recall_day28	memory_recall	HPV33	cross_reactive_non_booster_target	IgM	antibody_isotype_or_subclass	Antibody abundance	none	0.0125	19	19	10.956523008820438	0.6970017031380887	0.15990315723445606	10.620578941482455	11.292467076158422	1987.2022665318539	1574.391849202578	2508.252853385562	2459.2	1402.1	2797.6	781.0	4589.5
3	v2	previously_4vHPV_vaccinated	heterologous_2vHPV_recall_day28	memory_recall	HPV33	cross_reactive_non_booster_target	IgA1	antibody_isotype_or_subclass	Antibody abundance	none	0.025	19	19	8.757775213984525	1.6942784185903028	0.38869412678194915	7.941159156116114	9.574391271852935	432.8655611893203	245.7690022259685	762.3931104682937	450.5	197.9	953.25	66.80000000000001	6156.5
3	v2	previously_4vHPV_vaccinated	heterologous_2vHPV_recall_day28	memory_recall	HPV33	cross_reactive_non_booster_target	IgA2	antibody_isotype_or_subclass	Antibody abundance	high	0.3875	19	19	6.658887021429717	4.707420544012738	1.0799563387420412	4.3899829468686296	8.927791095990804	101.04730409487925	20.966046634680584	487.0044335374797	221.5	9.5	1549.75	1.0	13318.0
3	v2	previously_4vHPV_vaccinated	heterologous_2vHPV_recall_day28	memory_recall	HPV33	cross_reactive_non_booster_target	IgG1	antibody_isotype_or_subclass	IgG subclass architecture	none	0.0125	19	19	10.002044557730626	1.1157814578691516	0.2559778219962167	9.464255109685897	10.539834005775354	1025.4522205181784	706.3576851447552	1488.69656079436	1220.5	650.5	1752.4	184.8	3320.3
3	v2	previously_4vHPV_vaccinated	heterologous_2vHPV_recall_day28	memory_recall	HPV33	cross_reactive_non_booster_target	IgG2	antibody_isotype_or_subclass	IgG subclass architecture	high	0.3125	19	19	5.452847709120257	3.618276865429686	0.8300896424294272	3.7088940839645357	7.196801334275978	43.79965828324033	13.076405211035034	146.70775605131132	104.2	14.35	206.2	1.0	1879.7
3	v2	previously_4vHPV_vaccinated	heterologous_2vHPV_recall_day28	memory_recall	HPV33	cross_reactive_non_booster_target	IgG3	antibody_isotype_or_subclass	IgG subclass architecture	none	0.0125	19	19	8.299569946444391	2.239284151451356	0.513727016949931	7.22026953386704	9.378870359021743	315.0790337780554	149.11375488758082	665.7655264690898	358.0	111.15	931.25	27.5	7179.0
3	v2	previously_4vHPV_vaccinated	heterologous_2vHPV_recall_day28	memory_recall	HPV33	cross_reactive_non_booster_target	IgG4	antibody_isotype_or_subclass	IgG subclass architecture	none	0.025	19	19	2.045703110514471	2.715452814068665	0.6229676001304448	0.7368967490444023	3.3545094719845396	4.128744407995693	1.66658713556083	10.228406317812667	1.0	1.0	21.75	0.2999999999999971	150.0
3	v2	previously_4vHPV_vaccinated	heterologous_2vHPV_recall_day28	memory_recall	HPV33	cross_reactive_non_booster_target	FcgR2A	fc_gamma_receptor_binding	Fc-receptor engagement	low	0.0625	19	19	6.945364765153204	2.3461042742227067	0.5382332338076639	5.814578701456517	8.07615082884989	123.24324509954808	56.28110314452772	269.8756174636942	193.6	62.125	400.3	6.75	1276.75
3	v2	previously_4vHPV_vaccinated	heterologous_2vHPV_recall_day28	memory_recall	HPV33	cross_reactive_non_booster_target	FcgR2B	fc_gamma_receptor_binding	Fc-receptor engagement	none	0.0125	19	19	7.170524538153109	1.909691854230427	0.43811335820490727	6.250082527776437	8.090966548529781	144.0598541098657	76.11360923059652	272.6613778526916	204.0	77.75	376.15	6.5	1077.3
3	v2	previously_4vHPV_vaccinated	heterologous_2vHPV_recall_day28	memory_recall	HPV33	cross_reactive_non_booster_target	FcgR3A	fc_gamma_receptor_binding	Fc-receptor engagement	moderate	0.1625	19	19	6.359349461696556	2.6227137235356497	0.6016917936173246	5.095241911053803	7.623457012339308	82.10222765871598	34.18382451948737	197.19197255651932	105.2	57.6	287.0	1.0	597.0
3	v2	previously_4vHPV_vaccinated	heterologous_2vHPV_recall_day28	memory_recall	HPV45	cross_reactive_non_booster_target	IgG	antibody_isotype_or_subclass	Antibody abundance	none	0.0125	19	19	13.471509587548924	1.6613928796667443	0.38114966673607203	12.670743852072613	14.272275323025235	11358.69590392578	6520.395917769611	19787.137815703885	15365.5	5189.65	29297.4	762.5	32715.0
3	v2	previously_4vHPV_vaccinated	heterologous_2vHPV_recall_day28	memory_recall	HPV45	cross_reactive_non_booster_target	IgM	antibody_isotype_or_subclass	Antibody abundance	none	0.0125	19	19	10.0813217289856	1.639530597259585	0.3761341151735481	9.291093276330962	10.871550181640238	1083.378559228105	626.4663794489411	1873.5388539566873	1076.0	511.4	1923.0	189.5	15307.5
3	v2	previously_4vHPV_vaccinated	heterologous_2vHPV_recall_day28	memory_recall	HPV45	cross_reactive_non_booster_target	IgA1	antibody_isotype_or_subclass	Antibody abundance	none	0.0125	19	19	10.01098829458452	2.028257849800274	0.4653142630906575	9.033399303618877	10.988577285550162	1031.8290788030145	523.9913927704791	2031.8487336867934	827.3	459.75	1799.5	130.5	30760.3
3	v2	previously_4vHPV_vaccinated	heterologous_2vHPV_recall_day28	memory_recall	HPV45	cross_reactive_non_booster_target	IgA2	antibody_isotype_or_subclass	Antibody abundance	high	0.4375	19	19	5.737214294183577	5.093239274964665	1.1684692260443863	3.282351543843629	8.192077044523526	53.34252803067291	9.729404756500449	292.4562568745051	422.7999999999993	1.0	1247.3999999999996	1.0	2139.5
3	v2	previously_4vHPV_vaccinated	heterologous_2vHPV_recall_day28	memory_recall	HPV45	cross_reactive_non_booster_target	IgG1	antibody_isotype_or_subclass	IgG subclass architecture	none	0.0125	19	19	12.44661820145282	1.533498511901107	0.35180868649720687	11.707495578042616	13.185740824863023	5582.2003959839885	3344.316280891241	9317.5880041524	6088.0	2904.5	12697.2	659.7	21725.2
3	v2	previously_4vHPV_vaccinated	heterologous_2vHPV_recall_day28	memory_recall	HPV45	cross_reactive_non_booster_target	IgG2	antibody_isotype_or_subclass	IgG subclass architecture	high	0.3625	19	19	5.869392478834826	3.6301277401091645	0.8328084195410278	4.119726914922841	7.619058042746812	58.460589783759204	17.384466815369944	196.59162366966405	116.5	17.25	412.5	1.0	1473.0
3	v2	previously_4vHPV_vaccinated	heterologous_2vHPV_recall_day28	memory_recall	HPV45	cross_reactive_non_booster_target	IgG3	antibody_isotype_or_subclass	IgG subclass architecture	none	0.0375	19	19	7.673328149571703	2.482763108328113	0.569584920523851	6.476674636254249	8.869981662889158	204.12769877411424	89.0580819915579	467.8757556306389	169.8	58.15	434.85	12.5	6124.5
3	v2	previously_4vHPV_vaccinated	heterologous_2vHPV_recall_day28	memory_recall	HPV45	cross_reactive_non_booster_target	IgG4	antibody_isotype_or_subclass	IgG subclass architecture	none	0.0125	19	19	3.0375537291303125	2.9129802332598116	0.6682834979637398	1.633542199128967	4.441565259131658	8.210976060202364	3.102738689331605	21.729231692321484	15.0	1.0	33.75	0.5	575.0
3	v2	previously_4vHPV_vaccinated	heterologous_2vHPV_recall_day28	memory_recall	HPV45	cross_reactive_non_booster_target	FcgR2A	fc_gamma_receptor_binding	Fc-receptor engagement	moderate	0.2125	19	19	9.617686125694872	2.7744380075306445	0.6364997315760219	8.280449811019352	10.954922440370392	785.6190624190504	310.93081893386216	1984.9988282038757	1766.0	320.45	2365.5	1.0	3293.4
3	v2	previously_4vHPV_vaccinated	heterologous_2vHPV_recall_day28	memory_recall	HPV45	cross_reactive_non_booster_target	FcgR2B	fc_gamma_receptor_binding	Fc-receptor engagement	low	0.05	19	19	8.801570584461743	2.5787589750351594	0.5916078827329887	7.558648544447718	10.044492624475769	446.20738606353154	188.52977037229252	1056.0721046043916	856.0	232.15	1295.0	1.0	2152.0
3	v2	previously_4vHPV_vaccinated	heterologous_2vHPV_recall_day28	memory_recall	HPV45	cross_reactive_non_booster_target	FcgR3A	fc_gamma_receptor_binding	Fc-receptor engagement	low	0.05	19	19	8.705319292501079	2.594273485432841	0.5951671555215152	7.454919497838408	9.95571908716375	417.40940363878343	175.45040865841096	993.0476171491805	689.5	263.0	989.15	1.0	2947.8
3	v2	previously_4vHPV_vaccinated	heterologous_2vHPV_recall_day28	memory_recall	HPV52	cross_reactive_non_booster_target	IgG	antibody_isotype_or_subclass	Antibody abundance	none	0.0125	19	19	13.402279499165736	1.3228822758363001	0.30349000813534366	12.764670652081284	14.039888346250189	10826.501478063563	6959.03067827333	16843.313339666922	11518.8	5735.65	23928.5	1462.5	32716.5
3	v2	previously_4vHPV_vaccinated	heterologous_2vHPV_recall_day28	memory_recall	HPV52	cross_reactive_non_booster_target	IgM	antibody_isotype_or_subclass	Antibody abundance	none	0.0125	19	19	9.363813536694318	1.4152700893949597	0.3246852261836002	8.68167518886457	10.045951884524065	658.853334617913	410.62429802066885	1057.1408429300834	522.7	355.2	1144.0	171.5	5552.5
3	v2	previously_4vHPV_vaccinated	heterologous_2vHPV_recall_day28	memory_recall	HPV52	cross_reactive_non_booster_target	IgA1	antibody_isotype_or_subclass	Antibody abundance	low	0.0625	19	19	6.532971689916618	3.718421096116789	0.8530643046054117	4.74075009062828	8.325193289204956	92.60201554348892	26.736710844969473	320.7250634694274	285.5	29.849999999999994	627.2	1.0	1123.5
3	v2	previously_4vHPV_vaccinated	heterologous_2vHPV_recall_day28	memory_recall	HPV52	cross_reactive_non_booster_target	IgA2	antibody_isotype_or_subclass	Antibody abundance	high	0.3375	19	19	3.745536641425109	3.7627821992725035	0.8632414396411877	1.9319336748336013	5.559139608016617	13.412782399551972	3.8156627803033816	47.14848823286925	12.0	1.0	66.4	1.0	1810.0
3	v2	previously_4vHPV_vaccinated	heterologous_2vHPV_recall_day28	memory_recall	HPV52	cross_reactive_non_booster_target	IgG1	antibody_isotype_or_subclass	IgG subclass architecture	none	0.0125	19	19	12.093341120015172	0.8366137405210144	0.19193235524782426	11.69010620463966	12.496576035390683	4369.768452064176	3304.247880504014	5778.88736414736	5056.8	3037.75	6281.5	1380.0	11136.7
3	v2	previously_4vHPV_vaccinated	heterologous_2vHPV_recall_day28	memory_recall	HPV52	cross_reactive_non_booster_target	IgG2	antibody_isotype_or_subclass	IgG subclass architecture	moderate	0.2125	19	19	5.856327893423593	2.8612124715648886	0.6564071589236626	4.47726762586892	7.235388160978267	57.93357917962928	22.273673744251806	150.68459900686744	38.5	27.0	319.5	1.0	1412.5
3	v2	previously_4vHPV_vaccinated	heterologous_2vHPV_recall_day28	memory_recall	HPV52	cross_reactive_non_booster_target	IgG3	antibody_isotype_or_subclass	IgG subclass architecture	none	0.0375	19	19	10.537490066899288	4.024097762272112	0.923191341298542	8.597937030605566	12.47704310319301	1486.2798472386005	387.46898674970936	5701.173151529021	735.0	414.7	25481.65	1.0	32698.0
3	v2	previously_4vHPV_vaccinated	heterologous_2vHPV_recall_day28	memory_recall	HPV52	cross_reactive_non_booster_target	IgG4	antibody_isotype_or_subclass	IgG subclass architecture	none	0.0125	19	19	1.303242306306541	2.325746643317235	0.5335628729736192	0.1822683066219768	2.4242163059911053	2.467828786365199	1.1346664860248439	5.36737357965765	1.0	1.0	4.600000000000001	0.5	76.2
3	v2	previously_4vHPV_vaccinated	heterologous_2vHPV_recall_day28	memory_recall	HPV52	cross_reactive_non_booster_target	FcgR2A	fc_gamma_receptor_binding	Fc-receptor engagement	moderate	0.2	19	19	9.316602062064431	2.6323407801353724	0.6039003918721635	8.04785441867005	10.585349705458812	637.6416520977219	264.6339631071888	1536.4123021700964	1311.5	443.7	1943.2	1.0	2668.0
3	v2	previously_4vHPV_vaccinated	heterologous_2vHPV_recall_day28	memory_recall	HPV52	cross_reactive_non_booster_target	FcgR2B	fc_gamma_receptor_binding	Fc-receptor engagement	moderate	0.1875	19	19	7.911758328492073	3.3738284526887177	0.774009330426964	6.285625066845917	9.53789159013823	240.81114092540906	78.01204931380613	743.3467791690799	533.8	92.25	1071.75	1.0	2283.0
3	v2	previously_4vHPV_vaccinated	heterologous_2vHPV_recall_day28	memory_recall	HPV52	cross_reactive_non_booster_target	FcgR3A	fc_gamma_receptor_binding	Fc-receptor engagement	low	0.05	19	19	8.516873121707956	2.4317035790920483	0.5578710611530738	7.344829513718851	9.68891672969706	366.2977735305612	162.56011456218118	825.3811782478973	634.8	247.4	993.65	1.0	1732.0
3	v2	previously_4vHPV_vaccinated	heterologous_2vHPV_recall_day28	memory_recall	HPV58	cross_reactive_non_booster_target	IgG	antibody_isotype_or_subclass	Antibody abundance	none	0.0125	19	19	13.801766796087923	1.1166284120976255	0.2561721266220968	13.263569129172161	14.339964463003685	14280.578431120673	9834.044234176194	20737.645211992767	15027.0	11481.75	28212.25	1571.0	32716.0
3	v2	previously_4vHPV_vaccinated	heterologous_2vHPV_recall_day28	memory_recall	HPV58	cross_reactive_non_booster_target	IgM	antibody_isotype_or_subclass	Antibody abundance	none	0.0125	19	19	10.90406746676479	1.1139654292593424	0.2555611964599674	10.367153316491695	11.440981617037885	1916.2465335785826	1320.7606396277538	2780.2166927739904	1690.0	1141.65	3546.0	370.5	6829.0
3	v2	previously_4vHPV_vaccinated	heterologous_2vHPV_recall_day28	memory_recall	HPV58	cross_reactive_non_booster_target	IgA1	antibody_isotype_or_subclass	Antibody abundance	none	0.0125	19	19	9.489425800660896	1.4849322662037343	0.3406668255992061	8.7737113583806	10.205140242941193	718.7896378190278	437.67354048292134	1180.4655654210605	762.0	415.25	1058.4	82.30000000000001	6287.0
3	v2	previously_4vHPV_vaccinated	heterologous_2vHPV_recall_day28	memory_recall	HPV58	cross_reactive_non_booster_target	IgA2	antibody_isotype_or_subclass	Antibody abundance	high	0.35	19	19	5.686975057733393	4.6267246144447896	1.0614434228398433	3.456965176220361	7.916984939246424	51.516942141064206	10.981210382332668	241.685136261089	103.5	1.0	544.5	1.0	5669.0
3	v2	previously_4vHPV_vaccinated	heterologous_2vHPV_recall_day28	memory_recall	HPV58	cross_reactive_non_booster_target	IgG1	antibody_isotype_or_subclass	IgG subclass architecture	none	0.0125	19	19	12.59916517868628	0.9404247127695917	0.2157482256300481	12.145894976317232	13.052435381055327	6204.783594326359	4531.88323934433	8495.218746631166	7503.5	4341.75	9291.4	792.5	12005.5
3	v2	previously_4vHPV_vaccinated	heterologous_2vHPV_recall_day28	memory_recall	HPV58	cross_reactive_non_booster_target	IgG2	antibody_isotype_or_subclass	IgG subclass architecture	none	0.0125	19	19	6.701921441358998	2.815129906551739	0.6458350934525331	5.345072259163491	8.058770623554505	104.10686830644396	40.646867238820676	266.64392030252134	134.0	65.75	262.25	1.0	1297.5
3	v2	previously_4vHPV_vaccinated	heterologous_2vHPV_recall_day28	memory_recall	HPV58	cross_reactive_non_booster_target	IgG3	antibody_isotype_or_subclass	IgG subclass architecture	none	0.025	19	19	10.010859533058094	3.249635360841113	0.7455174811190917	8.44458542559007	11.577133640526117	1031.7369914562846	348.39628390424645	3055.3747807247814	668.0	251.75	6049.65	5.5	32086.3
3	v2	previously_4vHPV_vaccinated	heterologous_2vHPV_recall_day28	memory_recall	HPV58	cross_reactive_non_booster_target	IgG4	antibody_isotype_or_subclass	IgG subclass architecture	none	0.0125	19	19	2.4349469049807464	2.444633273166975	0.5608373364079949	1.256671383931156	3.6132224260303367	5.407444320099991	2.3894380831849413	12.237376762659746	5.299999999999997	1.0	21.5	1.0	101.0
3	v2	previously_4vHPV_vaccinated	heterologous_2vHPV_recall_day28	memory_recall	HPV58	cross_reactive_non_booster_target	FcgR2A	fc_gamma_receptor_binding	Fc-receptor engagement	none	0.0375	19	19	9.52377423402186	2.1878070431380006	0.5019173583686881	8.469284993445562	10.578263474598156	736.1083029140447	354.41233185830146	1528.8842540491385	1158.8	732.4	1522.3	3.5	2419.0
3	v2	previously_4vHPV_vaccinated	heterologous_2vHPV_recall_day28	memory_recall	HPV58	cross_reactive_non_booster_target	FcgR2B	fc_gamma_receptor_binding	Fc-receptor engagement	none	0.0375	19	19	8.965816933115946	1.6763623054171115	0.3845838885302134	8.157836165381248	9.773797700850643	500.0113152199031	285.5968318677786	875.3994703403569	708.0	329.5	1204.25	47.5	2056.0
3	v2	previously_4vHPV_vaccinated	heterologous_2vHPV_recall_day28	memory_recall	HPV58	cross_reactive_non_booster_target	FcgR3A	fc_gamma_receptor_binding	Fc-receptor engagement	low	0.0875	19	19	8.160426199031978	3.094476404149893	0.7099215752031847	6.668936314845027	9.651916083218929	286.1100171001073	101.7536202933802	804.4818616674735	673.5	338.4	830.15	1.0	1529.5
3	v2	previously_4vHPV_vaccinated	heterologous_2vHPV_recall_day28	memory_recall	BPV	heterologous_control_antigen	IgG	antibody_isotype_or_subclass	Antibody abundance	none	0.0125	19	19	9.783513137924652	0.9109907952639219	0.2089956218447993	9.344429629677048	10.222596646172256	881.314504041869	650.0602505523894	1194.8357931046403	832.5	607.0	1252.85	341.7	4347.8
3	v2	previously_4vHPV_vaccinated	heterologous_2vHPV_recall_day28	memory_recall	BPV	heterologous_control_antigen	IgM	antibody_isotype_or_subclass	Antibody abundance	none	0.0125	19	19	9.068478304330602	1.0039929132213432	0.23033177098751767	8.584569210095193	9.552387398566012	536.8883554027228	383.8953326844427	750.8533749327389	579.5	333.5	877.05	151.5	1574.5
3	v2	previously_4vHPV_vaccinated	heterologous_2vHPV_recall_day28	memory_recall	BPV	heterologous_control_antigen	IgA1	antibody_isotype_or_subclass	Antibody abundance	low	0.05	19	19	7.135630311293058	2.115401429101783	0.48530637128822063	6.116039459584273	8.155221163001844	140.61730223397007	69.36035894807904	285.07963320030257	197.3	102.0	269.85	1.0	840.0
3	v2	previously_4vHPV_vaccinated	heterologous_2vHPV_recall_day28	memory_recall	BPV	heterologous_control_antigen	IgA2	antibody_isotype_or_subclass	Antibody abundance	high	0.3875	19	19	3.435504030205362	3.1281195834709408	0.7176398498768618	1.9277986526438493	4.943209407766875	10.819065829852704	3.8047420657141666	30.764814909658053	18.5	1.0	65.5	1.0	172.0
3	v2	previously_4vHPV_vaccinated	heterologous_2vHPV_recall_day28	memory_recall	BPV	heterologous_control_antigen	IgG1	antibody_isotype_or_subclass	IgG subclass architecture	none	0.0125	19	19	8.637023433675935	0.8024389244565981	0.1840921147405147	8.25026025238302	9.02378661496885	398.11003681526813	304.4919447646229	520.511639595493	359.0	251.6	621.15	178.5	1086.3
3	v2	previously_4vHPV_vaccinated	heterologous_2vHPV_recall_day28	memory_recall	BPV	heterologous_control_antigen	IgG2	antibody_isotype_or_subclass	IgG subclass architecture	high	0.3875	19	19	1.9820675019288339	2.4757048954444936	0.5679656554353408	0.7888159383248234	3.175319065532844	3.9505882846304115	1.7276559432304046	9.033712907835403	1.0	1.0	18.4	1.0	62.8
3	v2	previously_4vHPV_vaccinated	heterologous_2vHPV_recall_day28	memory_recall	BPV	heterologous_control_antigen	IgG3	antibody_isotype_or_subclass	IgG subclass architecture	none	0.025	19	19	7.330768212685808	2.1644935717433436	0.49656888121961257	6.287515705633728	8.374020719737887	160.9834102841001	78.11435041574363	331.765651877913	151.5	92.0	371.25	12.8	1984.0
3	v2	previously_4vHPV_vaccinated	heterologous_2vHPV_recall_day28	memory_recall	BPV	heterologous_control_antigen	IgG4	antibody_isotype_or_subclass	IgG subclass architecture	none	0.0125	19	19	0.678514931748332	1.4126208190198921	0.3240774418762825	-0.0023465086344586217	1.3593763721311225	1.6004914077090435	0.9983748461508731	2.5657424724053737	1.0	1.0	2.3999999999999986	0.5	20.0
3	v2	previously_4vHPV_vaccinated	heterologous_2vHPV_recall_day28	memory_recall	BPV	heterologous_control_antigen	FcgR2A	fc_gamma_receptor_binding	Fc-receptor engagement	moderate	0.25	19	19	3.751273833775962	1.7200533690340027	0.3946073059534679	2.9222346474582133	4.58031302009371	13.46622745972267	7.580193346783876	23.92277791620282	18.8	8.0	26.85	1.0	72.5
3	v2	previously_4vHPV_vaccinated	heterologous_2vHPV_recall_day28	memory_recall	BPV	heterologous_control_antigen	FcgR2B	fc_gamma_receptor_binding	Fc-receptor engagement	high	0.5875	19	19	2.3837571636609347	2.6605385734854887	0.6103694093271108	1.1014186189167514	3.666095708405118	5.218941257718854	2.1456557364882833	12.6941835954068	1.0	1.0	25.1	1.0	129.5
3	v2	previously_4vHPV_vaccinated	heterologous_2vHPV_recall_day28	memory_recall	BPV	heterologous_control_antigen	FcgR3A	fc_gamma_receptor_binding	Fc-receptor engagement	high	0.3	19	19	3.076633570507668	2.460049576523911	0.5643740789561977	1.8909276290879002	4.262339511927435	8.436435497781206	3.7087361371719356	19.19075428280414	21.5	1.0	25.9	1.0	81.0
