model_id	model_family	contrast_type	antigen_target	feature	maximum_floor_severity	previous_4vHPV_doses	participants	raw_effect_log2	sd_log2_change	se_log2_change	ci95_lower_log2_change	ci95_upper_log2_change	raw_geometric_mean_ratio	gmr_ci95_lower	gmr_ci95_upper	test_statistic	degrees_freedom	raw_p_value	cohen_dz	sensitivity_requirement	bh_family	raw_q_value	fdr_significant_0_05	evidence_id	mixed_fit_method	mixed_effect_log2	mixed_standard_error	mixed_p_value	mixed_q_value	mixed_raw_effect_difference	mixed_direction_agreement	antigen_class	assay_family	outcome_family	floor_robustness_classification	floor_detection_effect	floor_detection_q_value	floor_conditional_effect	floor_conditional_q_value	bpv_calibrated_effect_log2	bpv_calibrated_q_value	calibration_classification	cluster_robust_estimate_log2	cluster_robust_standard_error	cluster_robust_p_value	boundary_direction_agreement	nominal_significance_agreement	raw_fdr_significant	effect_direction	analysis_context	antigen_group	floor_status	bpv_status	method_status	evidence_grade	evidence_grade_label	claim_readiness	interpretation_guardrail	evidence_priority_score	grade_order
HPVVT-FJ-M01	Primary 2vHPV induction	primary_induction	HPV16	IgA2	high	0	20	9.639142316027357	2.8596509367314944	0.6394373886452571	8.300784480304829	10.977500151749885	797.3903390975588	315.34439497141534	2016.3077670803543	15.074411486086712	19.0	5.045015868360928e-12	3.3707408803693517	two_part_floor_sensitivity_required	HPVVT-FJ-M01|Antibody abundance|primary_induction	1.4126044431410598e-10	yes	HPV16|IgA2|dose0	mixedlm_powell	9.63914231602742	0.7168340182850658	3.2137343617765347e-41	4.499228106487148e-40	6.394884621840903e-14	yes	vaccine_target_2vHPV_and_4vHPV	antibody_isotype_or_subclass	Antibody abundance	sensitivity_supported	0.75	0.002197265625	8.723708996674192	0.0215321238830122	8.702616424256552	4.73501213898343e-08	bpv_calibrated_supported						True	increased	primary_2vHPV_induction	vaccine_type	supported	bpv_calibrated_supported	not_applicable	A1_robust_bpv_calibrated	Robust and supported after BPV calibration	claim_ready	May support a primary HPV-associated systems-serology claim.	27.489121748100168	1
HPVVT-FJ-M01	Primary 2vHPV induction	primary_induction	HPV16	IgG	none	0	20	6.454572587157871	2.141023367206544	0.4787473790489326	5.452542806823545	7.456602367492198	87.70411244850604	43.790402546629394	175.6551868229459	13.482209761608225	19.0	3.538527290007962e-11	3.014713751386722	standard_continuous_model	HPVVT-FJ-M01|Antibody abundance|primary_induction	4.953938206011147e-10	yes	HPV16|IgG|dose0	mixedlm_powell	6.454572587157935	0.3195846801813926	1.0455145455924746e-90	2.927440727658929e-89	6.394884621840903e-14	yes	vaccine_target_2vHPV_and_4vHPV	antibody_isotype_or_subclass	Antibody abundance						6.529829771636206	3.2857549242191344e-08	bpv_calibrated_supported						True	increased	primary_2vHPV_induction	vaccine_type	not_required	bpv_calibrated_supported	not_applicable	A1_robust_bpv_calibrated	Robust and supported after BPV calibration	claim_ready	May support a primary HPV-associated systems-serology claim.	23.759622002137718	1
HPVVT-FJ-M01	Primary 2vHPV induction	primary_induction	HPV16	IgG1	none	0	20	6.35407373764079	2.0931570512574478	0.4680441454194664	5.374446082752888	7.333701392528692	81.80254015087215	41.48293547631192	161.31104268057885	13.57580006036866	19.0	3.1394582087337286e-11	3.0356411783930075	standard_continuous_model	HPVVT-FJ-M01|IgG subclass architecture|primary_induction	8.790482984454442e-10	yes	HPV16|IgG1|dose0	mixedlm_powell	6.354073737640918	0.3234024248961695	6.064041192975623e-86	1.6979315340331744e-84	1.2789769243681806e-13	yes	vaccine_target_2vHPV_and_4vHPV	antibody_isotype_or_subclass	IgG subclass architecture						6.205850401576598	1.0213724607150325e-07	bpv_calibrated_supported						True	increased	primary_2vHPV_induction	vaccine_type	not_required	bpv_calibrated_supported	not_applicable	A1_robust_bpv_calibrated	Robust and supported after BPV calibration	claim_ready	May support a primary HPV-associated systems-serology claim.	23.410061000027675	1
HPVVT-FJ-M01	Primary 2vHPV induction	primary_induction	HPV18	IgG1	none	0	20	3.767649968659086	1.4305424529947657	0.3198790169595593	3.0981354916622594	4.437164445655912	13.6199544056478	8.563113760162183	21.663049587748507	11.77835921990285	19.0	3.547410184876609e-10	2.6337211879114166	standard_continuous_model	HPVVT-FJ-M01|IgG subclass architecture|primary_induction	4.966374258827252e-09	yes	HPV18|IgG1|dose0	mixedlm_lbfgs	3.767649968659156	0.3113318306981839	1.0342397591398326e-33	1.4479356627957656e-32	7.016609515630989e-14	yes	vaccine_target_2vHPV_and_4vHPV	antibody_isotype_or_subclass	IgG subclass architecture						3.619426632594892	1.4785739269367918e-07	bpv_calibrated_supported						True	increased	primary_2vHPV_induction	vaccine_type	not_required	bpv_calibrated_supported	not_applicable	A1_robust_bpv_calibrated	Robust and supported after BPV calibration	claim_ready	May support a primary HPV-associated systems-serology claim.	20.07161052439926	1
HPVVT-FJ-M03	Heterologous 2vHPV recall	dose_specific_recall	HPV45	IgG	none	1	20	4.49560184411158	1.6861237718571176	0.3770287372350862	3.7064716278753727	5.284732060347788	22.55854078825004	13.054466799468432	38.98188798610008	11.923764424642432	19.0	2.885126153177985e-10	2.666234780119415	standard_continuous_model	HPVVT-FJ-M03|Antibody abundance|dose_specific_recall	2.423505968669508e-08	yes	HPV45|IgG|dose1	mixedlm_powell	4.495601844111574	0.3934241332505141	3.070166377478636e-30	1.289469878541027e-28	-6.217248937900877e-15	yes	cross_reactive_non_booster_target	antibody_isotype_or_subclass	Antibody abundance						3.48826919722593	1.0584832407118777e-07	bpv_calibrated_supported						True	increased	heterologous_2vHPV_recall	cross_reactive_type	not_required	bpv_calibrated_supported	not_applicable	A1_robust_bpv_calibrated	Robust and supported after BPV calibration	claim_ready	May support a primary HPV-associated systems-serology claim.	20.11115775046046	1
HPVVT-FJ-M01	Primary 2vHPV induction	primary_induction	HPV16	IgA1	none	0	20	5.513085080474395	2.36366289619883	0.5285310911794613	4.406856793133136	6.619313367815655	45.66715724611298	21.212706414142623	98.31320955589156	10.430956990952955	19.0	2.6559128498128093e-09	2.332432890214746	standard_continuous_model	HPVVT-FJ-M01|Antibody abundance|primary_induction	2.4788519931586225e-08	yes	HPV16|IgA1|dose0	mixedlm_powell	5.513085080474381	0.496530744952508	1.2101795697561575e-28	1.1295009317724135e-27	-1.4210854715202004e-14	yes	vaccine_target_2vHPV_and_4vHPV	antibody_isotype_or_subclass	Antibody abundance						4.51648405041395	1.890431000707802e-06	bpv_calibrated_supported						True	increased	primary_2vHPV_induction	vaccine_type	not_required	bpv_calibrated_supported	not_applicable	A1_robust_bpv_calibrated	Robust and supported after BPV calibration	claim_ready	May support a primary HPV-associated systems-serology claim.	21.118834483707953	1
HPVVT-FJ-M03	Heterologous 2vHPV recall	dose_specific_recall	HPV58	IgG	none	1	20	4.338625600943137	1.7629591417412305	0.3942096482488078	3.5135353246785623	5.1637158772077125	20.232821302971097	11.420352881977122	35.845394805969455	11.005883849409967	19.0	1.100091884646656e-09	2.4609904439747745	standard_continuous_model	HPVVT-FJ-M03|Antibody abundance|dose_specific_recall	3.080257277010637e-08	yes	HPV58|IgG|dose1	mixedlm_powell	4.3386256009431365	0.3222546204121986	2.570074505516305e-41	2.158862584633696e-39	-8.881784197001252e-16	yes	cross_reactive_non_booster_target	antibody_isotype_or_subclass	Antibody abundance						3.3312929540574885	5.3514988777535696e-08	bpv_calibrated_supported						True	increased	heterologous_2vHPV_recall	cross_reactive_type	not_required	bpv_calibrated_supported	not_applicable	A1_robust_bpv_calibrated	Robust and supported after BPV calibration	claim_ready	May support a primary HPV-associated systems-serology claim.	19.850038608689562	1
HPVVT-FJ-M03	Heterologous 2vHPV recall	dose_specific_recall	HPV52	IgG	none	3	19	3.6222835143800807	1.3572702719113074	0.3113791554912294	2.96810018373694	4.276466845023221	12.314477530075976	7.825051156499869	19.3795994180538	11.63303146822912	18.0	8.306527277170151e-10	2.668800451423122	standard_continuous_model	HPVVT-FJ-M03|Antibody abundance|dose_specific_recall	3.080257277010637e-08	yes	HPV52|IgG|dose3	mixedlm_powell	3.6222835143800793	0.4326076073397049	5.610348952349459e-17	5.890866399966932e-16	-1.3322676295501878e-15	yes	cross_reactive_non_booster_target	antibody_isotype_or_subclass	Antibody abundance						2.3511304650788194	3.1922967703192484e-05	bpv_calibrated_supported						True	increased	heterologous_2vHPV_recall	cross_reactive_type	not_required	bpv_calibrated_supported	not_applicable	A1_robust_bpv_calibrated	Robust and supported after BPV calibration	claim_ready	May support a primary HPV-associated systems-serology claim.	19.133696522126506	1
HPVVT-FJ-M03	Heterologous 2vHPV recall	dose_specific_recall	HPV45	IgG1	none	1	20	4.309510923357007	1.6424259624519886	0.3672576100053163	3.5408319114513915	5.078189935262623	19.828600122514043	11.638489388477202	33.78216619828936	11.734299864595382	19.0	3.778109998239354e-10	2.623869216560185	standard_continuous_model	HPVVT-FJ-M03|IgG subclass architecture|dose_specific_recall	3.173612398521058e-08	yes	HPV45|IgG1|dose1	mixedlm_powell	4.3095109233570055	0.3655075549516428	4.3702303803374877e-32	1.8354967597417453e-30	-1.7763568394002505e-15	yes	cross_reactive_non_booster_target	antibody_isotype_or_subclass	IgG subclass architecture						3.112611538709446	1.0213724607150325e-07	bpv_calibrated_supported						True	increased	heterologous_2vHPV_recall	cross_reactive_type	not_required	bpv_calibrated_supported	not_applicable	A1_robust_bpv_calibrated	Robust and supported after BPV calibration	claim_ready	May support a primary HPV-associated systems-serology claim.	19.80795703920615	1
HPVVT-FJ-M03	Heterologous 2vHPV recall	dose_specific_recall	HPV31	IgG	none	1	20	5.041652973623409	2.142086336705684	0.4789850662547411	4.0391257082499	6.044180238996917	32.93735895293997	16.439855443264705	65.99021618765379	10.52569971136027	19.0	2.291364146399657e-09	2.353618006535148	standard_continuous_model	HPVVT-FJ-M03|Antibody abundance|dose_specific_recall	3.20790980495952e-08	yes	HPV31|IgG|dose1	mixedlm_powell	5.041652973623405	0.4747668100205636	2.425808134119108e-26	6.792262775533503e-25	-3.552713678800501e-15	yes	cross_reactive_non_booster_target	antibody_isotype_or_subclass	Antibody abundance						4.03432032673776	7.710370439838729e-07	bpv_calibrated_supported						True	increased	heterologous_2vHPV_recall	cross_reactive_type	not_required	bpv_calibrated_supported	not_applicable	A1_robust_bpv_calibrated	Robust and supported after BPV calibration	claim_ready	May support a primary HPV-associated systems-serology claim.	20.535430824659365	1
HPVVT-FJ-M03	Heterologous 2vHPV recall	dose_specific_recall	HPV45	IgG	none	3	19	3.757959687739072	1.4888060351744288	0.3415555291504629	3.0403781485807007	4.475541226897443	13.528778567163478	8.227066748702386	22.247035925435988	11.002485297445164	18.0	2.013641350929117e-09	2.524143238913448	standard_continuous_model	HPVVT-FJ-M03|Antibody abundance|dose_specific_recall	3.20790980495952e-08	yes	HPV45|IgG|dose3	mixedlm_powell	3.757959687739071	0.4036446439028926	1.2774873118908051e-20	1.5329847742689662e-19	-8.881784197001252e-16	yes	cross_reactive_non_booster_target	antibody_isotype_or_subclass	Antibody abundance						2.4868066384378107	0.0001322443247922	bpv_calibrated_supported						True	increased	heterologous_2vHPV_recall	cross_reactive_type	not_required	bpv_calibrated_supported	not_applicable	A1_robust_bpv_calibrated	Robust and supported after BPV calibration	claim_ready	May support a primary HPV-associated systems-serology claim.	19.25173753877503	1
HPVVT-FJ-M03	Heterologous 2vHPV recall	dose_specific_recall	HPV45	IgG	none	2	21	3.669228503340243	1.6369983880180567	0.3572223345530207	2.924075770915674	4.414381235764813	12.721778812954511	7.58987313380278	21.323631279808925	10.271554011121436	20.0	2.012410165722082e-09	2.241436845751964	standard_continuous_model	HPVVT-FJ-M03|Antibody abundance|dose_specific_recall	3.20790980495952e-08	yes	HPV45|IgG|dose2	mixedlm_powell	3.6692285033402414	0.3839426403388902	1.215595026464958e-21	1.701833037050941e-20	-1.7763568394002505e-15	yes	cross_reactive_non_booster_target	antibody_isotype_or_subclass	Antibody abundance						3.047909002230116	6.742206910539109e-06	bpv_calibrated_supported						True	increased	heterologous_2vHPV_recall	cross_reactive_type	not_required	bpv_calibrated_supported	not_applicable	A1_robust_bpv_calibrated	Robust and supported after BPV calibration	claim_ready	May support a primary HPV-associated systems-serology claim.	19.1630063543762	1
HPVVT-FJ-M03	Heterologous 2vHPV recall	dose_specific_recall	HPV58	IgG	none	2	21	2.5037487786885464	1.1756032477612022	0.2565376604810301	1.968620596078024	3.038876961299069	5.671572446850558	3.913937168239748	8.218510578273047	9.759770842198382	20.0	4.754435705187191e-09	2.1297566023712853	standard_continuous_model	HPVVT-FJ-M03|Antibody abundance|dose_specific_recall	5.705322846224628e-08	yes	HPV58|IgG|dose2	mixedlm_powell	2.503748778688552	0.3144883075682666	1.7018412213734465e-15	1.58838513994855e-14	5.3290705182007506e-15	yes	cross_reactive_non_booster_target	antibody_isotype_or_subclass	Antibody abundance						1.882429277578419	1.3683081947448457e-05	bpv_calibrated_supported						True	increased	heterologous_2vHPV_recall	cross_reactive_type	not_required	bpv_calibrated_supported	not_applicable	A1_robust_bpv_calibrated	Robust and supported after BPV calibration	claim_ready	May support a primary HPV-associated systems-serology claim.	17.747468553884048	1
HPVVT-FJ-M03	Heterologous 2vHPV recall	dose_specific_recall	HPV58	IgG1	none	1	20	4.19510075016283	1.7792132698702934	0.3978441817899654	3.362403307770058	5.0277981925556015	18.316865677575677	10.284525353896614	32.62256221899752	10.54458238219896	19.0	2.2251771349949915e-09	2.357840300094354	standard_continuous_model	HPVVT-FJ-M03|IgG subclass architecture|dose_specific_recall	6.230495977985976e-08	yes	HPV58|IgG1|dose1	mixedlm_lbfgs	4.19510075016283	0.2992879211761647	1.227967146346447e-44	1.0314924029310154e-42	0.0	yes	cross_reactive_non_booster_target	antibody_isotype_or_subclass	IgG subclass architecture						2.998201365515269	2.559359068213553e-07	bpv_calibrated_supported						True	increased	heterologous_2vHPV_recall	cross_reactive_type	not_required	bpv_calibrated_supported	not_applicable	A1_robust_bpv_calibrated	Robust and supported after BPV calibration	claim_ready	May support a primary HPV-associated systems-serology claim.	19.400578130160362	1
HPVVT-FJ-M03	Heterologous 2vHPV recall	dose_specific_recall	HPV45	IgG1	none	3	19	3.624392876802324	1.4435036586161871	0.3311624511862734	2.928646384204861	4.3201393693997865	12.332495679572355	7.613956799111704	19.975218365359616	10.944456002844545	18.0	2.188823751829972e-09	2.510830405706656	standard_continuous_model	HPVVT-FJ-M03|IgG subclass architecture|dose_specific_recall	6.230495977985976e-08	yes	HPV45|IgG1|dose3	mixedlm_powell	3.624392876802325	0.3750028389039603	4.247256650534881e-22	5.0967079806418575e-21	8.881784197001252e-16	yes	cross_reactive_non_booster_target	antibody_isotype_or_subclass	IgG subclass architecture						2.7600614752201893	1.7798853055429093e-07	bpv_calibrated_supported						True	increased	heterologous_2vHPV_recall	cross_reactive_type	not_required	bpv_calibrated_supported	not_applicable	A1_robust_bpv_calibrated	Robust and supported after BPV calibration	claim_ready	May support a primary HPV-associated systems-serology claim.	18.829870256799854	1
HPVVT-FJ-M03	Heterologous 2vHPV recall	dose_specific_recall	HPV52	IgG1	none	3	19	3.110324158947204	1.2639124319265898	0.289961398118565	2.5011378668208275	3.719510451073581	8.635766043126997	5.661317622281745	13.172985535753766	10.72668354866807	18.0	3.002412193305938e-09	2.460869978314967	standard_continuous_model	HPVVT-FJ-M03|IgG subclass architecture|dose_specific_recall	6.30506560594247e-08	yes	HPV52|IgG1|dose3	mixedlm_powell	3.110324158947204	0.4114800043026314	4.065837333725861e-14	2.276868906886482e-13	0.0	yes	cross_reactive_non_booster_target	antibody_isotype_or_subclass	IgG subclass architecture						2.2459927573650686	1.0303544598188386e-06	bpv_calibrated_supported						True	increased	heterologous_2vHPV_recall	cross_reactive_type	not_required	bpv_calibrated_supported	not_applicable	A1_robust_bpv_calibrated	Robust and supported after BPV calibration	claim_ready	May support a primary HPV-associated systems-serology claim.	18.310634549061014	1
HPVVT-FJ-M03	Heterologous 2vHPV recall	dose_specific_recall	HPV45	IgG1	none	2	21	3.8836316572683702	1.8118062098496368	0.3953685286298574	3.058907358347212	4.708355956189529	14.760110912910427	8.33341229064363	26.143057197112597	9.822814351782188	20.0	4.26967033469476e-09	2.1435138240257365	standard_continuous_model	HPVVT-FJ-M03|IgG subclass architecture|dose_specific_recall	7.173046162287196e-08	yes	HPV45|IgG1|dose2	mixedlm_powell	3.883631657268372	0.3566988495405482	1.3192361057823931e-27	3.6938610961907006e-26	1.7763568394002505e-15	yes	cross_reactive_non_booster_target	antibody_isotype_or_subclass	IgG subclass architecture						3.3822484398164234	2.014580604098245e-06	bpv_calibrated_supported						True	increased	heterologous_2vHPV_recall	cross_reactive_type	not_required	bpv_calibrated_supported	not_applicable	A1_robust_bpv_calibrated	Robust and supported after BPV calibration	claim_ready	May support a primary HPV-associated systems-serology claim.	19.0279280315128	1
HPVVT-FJ-M03	Heterologous 2vHPV recall	dose_specific_recall	HPV58	IgG1	none	3	19	3.147898600238105	1.3250291468016082	0.3039825341133752	2.509254994471016	3.7865422060051945	8.863635780747789	5.693260032316354	13.799481985330644	10.355524567947858	18.0	5.202980823323543e-09	2.3757202683703897	standard_continuous_model	HPVVT-FJ-M03|IgG subclass architecture|dose_specific_recall	7.28417315265296e-08	yes	HPV58|IgG1|dose3	mixedlm_lbfgs	3.147898600238108	0.3070629281673129	1.1635236319062487e-24	1.9547197016024978e-23	2.664535259100376e-15	yes	cross_reactive_non_booster_target	antibody_isotype_or_subclass	IgG subclass architecture						2.28356719865597	2.94105874821494e-07	bpv_calibrated_supported						True	increased	heterologous_2vHPV_recall	cross_reactive_type	not_required	bpv_calibrated_supported	not_applicable	A1_robust_bpv_calibrated	Robust and supported after BPV calibration	claim_ready	May support a primary HPV-associated systems-serology claim.	18.28551833934423	1
HPVVT-FJ-M03	Heterologous 2vHPV recall	dose_specific_recall	HPV31	IgG1	none	3	19	3.184088939904793	1.3817073721446766	0.3169854107749363	2.518127303972895	3.850050575836691	9.088794411058243	5.728380417025011	14.420512925603571	10.044906900038804	18.0	8.335499655422733e-09	2.304459688133872	standard_continuous_model	HPVVT-FJ-M03|IgG subclass architecture|dose_specific_recall	8.75227463819387e-08	yes	HPV31|IgG1|dose3	mixedlm_powell	3.1840889399047896	0.4704190145855876	1.3001387381487493e-11	5.460582700224747e-11	-3.552713678800501e-15	yes	cross_reactive_non_booster_target	antibody_isotype_or_subclass	IgG subclass architecture						2.3197575383226576	1.160456763652786e-05	bpv_calibrated_supported						True	increased	heterologous_2vHPV_recall	cross_reactive_type	not_required	bpv_calibrated_supported	not_applicable	A1_robust_bpv_calibrated	Robust and supported after BPV calibration	claim_ready	May support a primary HPV-associated systems-serology claim.	18.241968002946887	1
HPVVT-FJ-M03	Heterologous 2vHPV recall	dose_specific_recall	HPV58	IgG1	none	2	21	2.588367526482062	1.2494605984110243	0.2726546557182542	2.0196198809269323	3.1571151720371917	6.014177828596152	4.054769433983458	8.920441850732635	9.493208614624695	20.0	7.530666702375801e-09	2.071587955453549	standard_continuous_model	HPVVT-FJ-M03|IgG subclass architecture|dose_specific_recall	8.75227463819387e-08	yes	HPV58|IgG1|dose2	mixedlm_lbfgs	2.5883675264820623	0.292075104108434	7.859653950832941e-19	7.335677020777409e-18	4.440892098500626e-16	yes	cross_reactive_non_booster_target	antibody_isotype_or_subclass	IgG subclass architecture						2.086984309030114	6.595571525190678e-06	bpv_calibrated_supported						True	increased	heterologous_2vHPV_recall	cross_reactive_type	not_required	bpv_calibrated_supported	not_applicable	A1_robust_bpv_calibrated	Robust and supported after BPV calibration	claim_ready	May support a primary HPV-associated systems-serology claim.	17.646246589524157	1
HPVVT-FJ-M01	Primary 2vHPV induction	primary_induction	HPV18	IgG	none	0	20	3.750673700138944	1.7864243581986583	0.3994566301593633	2.9146013645225315	4.586746035755357	13.4606269307239	7.540192545821873	24.02968840212556	9.389439095409712	19.0	1.4376758314072433e-08	2.099542408793025	standard_continuous_model	HPVVT-FJ-M01|Antibody abundance|primary_induction	1.0063730819850702e-07	yes	HPV18|IgG|dose0	mixedlm_powell	3.750673700139008	0.3625689802884219	4.42218269607393e-25	2.4764223098014013e-24	6.394884621840903e-14	yes	vaccine_target_2vHPV_and_4vHPV	antibody_isotype_or_subclass	Antibody abundance						3.825930884617277	8.648292375665001e-08	bpv_calibrated_supported						True	increased	primary_2vHPV_induction	vaccine_type	not_required	bpv_calibrated_supported	not_applicable	A1_robust_bpv_calibrated	Robust and supported after BPV calibration	claim_ready	May support a primary HPV-associated systems-serology claim.	18.747914688196026	1
HPVVT-FJ-M03	Heterologous 2vHPV recall	dose_specific_recall	HPV52	IgG	none	1	20	4.433932293106385	2.0905634197370127	0.4674641917806386	3.455518495134991	5.4123460910777785	21.61457093874417	10.970204350936342	42.58714440685217	9.485073661400452	19.0	1.2247729373120316e-08	2.120926947848424	standard_continuous_model	HPVVT-FJ-M03|Antibody abundance|dose_specific_recall	1.1431214081578961e-07	yes	HPV52|IgG|dose1	mixedlm_powell	4.4339322931063805	0.4216537380739973	7.323127095602787e-26	1.5378566900765852e-24	-4.440892098500626e-15	yes	cross_reactive_non_booster_target	antibody_isotype_or_subclass	Antibody abundance						3.426599646220737	7.710370439838729e-07	bpv_calibrated_supported						True	increased	heterologous_2vHPV_recall	cross_reactive_type	not_required	bpv_calibrated_supported	not_applicable	A1_robust_bpv_calibrated	Robust and supported after BPV calibration	claim_ready	May support a primary HPV-associated systems-serology claim.	19.37583993489576	1
HPVVT-FJ-M03	Heterologous 2vHPV recall	dose_specific_recall	HPV52	IgG	none	2	21	3.181324734446331	1.5770834335458834	0.3441478195945175	2.46344496231593	3.899204506576732	9.071396941986375	5.515321409162499	14.920298632528032	9.244064769013027	20.0	1.1664655203317757e-08	2.017220311098889	standard_continuous_model	HPVVT-FJ-M03|Antibody abundance|dose_specific_recall	1.1431214081578961e-07	yes	HPV52|IgG|dose2	mixedlm_powell	3.1813247344463296	0.4114919137454355	1.0654064193367891e-14	8.949413922429031e-14	-1.3322676295501878e-15	yes	cross_reactive_non_booster_target	antibody_isotype_or_subclass	Antibody abundance						2.5600052333362027	1.2074363548313014e-05	bpv_calibrated_supported						True	increased	heterologous_2vHPV_recall	cross_reactive_type	not_required	bpv_calibrated_supported	not_applicable	A1_robust_bpv_calibrated	Robust and supported after BPV calibration	claim_ready	May support a primary HPV-associated systems-serology claim.	18.123232376235705	1
HPVVT-FJ-M03	Heterologous 2vHPV recall	dose_specific_recall	HPV18	IgG3	none	2	21	3.559389144155444	1.7948129852181829	0.3916603030024752	2.7424000683472185	4.376378219963669	11.78916099730706	6.691826627366697	20.76926447138361	9.08794972804009	20.0	1.540403545735139e-08	1.9831532162236691	standard_continuous_model	HPVVT-FJ-M03|IgG subclass architecture|dose_specific_recall	1.4377099760194633e-07	yes	HPV18|IgG3|dose2	mixedlm_powell	3.5593891441554457	0.5249581912100466	1.199026828562322e-11	5.3009607157492124e-11	1.7763568394002505e-15	yes	vaccine_target_2vHPV_and_4vHPV	antibody_isotype_or_subclass	IgG subclass architecture						2.274550080603936	0.0050443745976716	bpv_calibrated_supported						True	increased	heterologous_2vHPV_recall	vaccine_type	not_required	bpv_calibrated_supported	not_applicable	A1_robust_bpv_calibrated	Robust and supported after BPV calibration	claim_ready	May support a primary HPV-associated systems-serology claim.	18.401717857912345	1
HPVVT-FJ-M03	Heterologous 2vHPV recall	dose_specific_recall	HPV45	FcgR3A	high	2	21	5.7771702456410985	2.6194815109019767	0.5716177288212191	4.58479655751092	6.969543933771277	54.84051619417462	23.99723960511819	125.32617359048602	10.10670235430711	20.0	2.6458481911597253e-09	2.205463265000035	two_part_floor_sensitivity_required	HPVVT-FJ-M03|Fc-receptor engagement|dose_specific_recall	1.6668843604306274e-07	yes	HPV45|FcgR3A|dose2	mixedlm_powell	5.777170245641095	0.5998506929565178	5.914310836679864e-22	1.2420052757027715e-20	-3.552713678800501e-15	yes	cross_reactive_non_booster_target	fc_gamma_receptor_binding	Fc-receptor engagement	sensitivity_supported	0.3333333333333333	0.125	4.430251740368671	1.934472949082169e-05	4.593993674214588	3.1895829520702574e-05	bpv_calibrated_supported						True	increased	heterologous_2vHPV_recall	cross_reactive_type	supported	bpv_calibrated_supported	not_applicable	A1_robust_bpv_calibrated	Robust and supported after BPV calibration	claim_ready	May support a primary HPV-associated systems-serology claim.	20.555264773808823	1
HPVVT-FJ-M03	Heterologous 2vHPV recall	dose_specific_recall	HPV58	IgG	none	3	19	3.335402683273118	1.554153063317383	0.356547165568139	2.586324884745572	4.084480481800664	10.093836256710125	6.005668672006937	16.964893659914207	9.354730608945747	18.0	2.467731294492281e-08	2.146122387812696	standard_continuous_model	HPVVT-FJ-M03|Antibody abundance|dose_specific_recall	2.0728942873735165e-07	yes	HPV58|IgG|dose3	mixedlm_powell	3.3354026832731165	0.3306262644023345	6.234213123888407e-24	1.0473478048132524e-22	-1.3322676295501878e-15	yes	cross_reactive_non_booster_target	antibody_isotype_or_subclass	Antibody abundance						2.064249633971856	0.0010278263036358	bpv_calibrated_supported						True	increased	heterologous_2vHPV_recall	cross_reactive_type	not_required	bpv_calibrated_supported	not_applicable	A1_robust_bpv_calibrated	Robust and supported after BPV calibration	claim_ready	May support a primary HPV-associated systems-serology claim.	18.018825528589286	1
HPVVT-FJ-M01	Primary 2vHPV induction	primary_induction	HPV16	FcgR3A	low	0	20	6.662738455416481	3.13368090977363	0.700712353404722	5.196130644519373	8.129346266313588	101.31742144355236	36.65989235386677	280.0122757831191	9.508521468249572	19.0	1.1777724444886764e-08	2.1261700368522147	continuous_model_plus_floor_summary	HPVVT-FJ-M01|Fc-receptor engagement|primary_induction	2.473322133426221e-07	yes	HPV16|FcgR3A|dose0	mixedlm_powell	6.662738455416506	0.5093125568339286	4.182678638412597e-39	4.3918125703332253e-38	2.5757174171303632e-14	yes	vaccine_target_2vHPV_and_4vHPV	fc_gamma_receptor_binding	Fc-receptor engagement						6.294517917069219	4.662949455420815e-06	bpv_calibrated_supported						True	increased	primary_2vHPV_induction	vaccine_type	not_required	bpv_calibrated_supported	not_applicable	A1_robust_bpv_calibrated	Robust and supported after BPV calibration	claim_ready	May support a primary HPV-associated systems-serology claim.	21.26945777146178	1
HPVVT-FJ-M03	Heterologous 2vHPV recall	dose_specific_recall	HPV52	IgG1	none	1	20	4.170886389476325	2.107208403807745	0.4711861233672945	3.1846824991651985	5.157090279787452	18.01199889878309	9.09253452788824	35.68115175528658	8.851887147417276	19.0	3.612628552529027e-08	1.979342139078173	standard_continuous_model	HPVVT-FJ-M03|IgG subclass architecture|dose_specific_recall	3.0346079841243826e-07	yes	HPV52|IgG1|dose1	mixedlm_powell	4.170886389476327	0.4010610978938856	2.4890190427320142e-25	5.22693998973723e-24	1.7763568394002505e-15	yes	cross_reactive_non_booster_target	antibody_isotype_or_subclass	IgG subclass architecture						2.973987004828767	6.595571525190678e-06	bpv_calibrated_supported						True	increased	heterologous_2vHPV_recall	cross_reactive_type	not_required	bpv_calibrated_supported	not_applicable	A1_robust_bpv_calibrated	Robust and supported after BPV calibration	claim_ready	May support a primary HPV-associated systems-serology claim.	18.688783793349312	1
HPVVT-FJ-M01	Primary 2vHPV induction	primary_induction	HPV18	IgA1	none	0	20	3.80363064622432	1.989256742878739	0.4448113301776681	2.872629832489124	4.734631459959515	13.96390600973548	7.323990056724336	26.6235575879436	8.551110073354156	19.0	6.14480432354836e-08	1.9120863407103104	standard_continuous_model	HPVVT-FJ-M01|Antibody abundance|primary_induction	3.4410904211870817e-07	yes	HPV18|IgA1|dose0	mixedlm_lbfgs	3.803630646224328	0.4108576036587911	2.0872030606218555e-20	9.74028094956866e-20	7.993605777301127e-15	yes	vaccine_target_2vHPV_and_4vHPV	antibody_isotype_or_subclass	Antibody abundance						2.807029616163875	0.0002479211094178	bpv_calibrated_supported						True	increased	primary_2vHPV_induction	vaccine_type	not_required	bpv_calibrated_supported	not_applicable	A1_robust_bpv_calibrated	Robust and supported after BPV calibration	claim_ready	May support a primary HPV-associated systems-serology claim.	18.266934561541007	1
HPVVT-FJ-M01	Primary 2vHPV induction	primary_induction	HPV16	FcgR2B	moderate	0	20	7.728529739934484	3.8910062866761614	0.870055455788693	5.907482742299605	9.549576737569364	212.08955168930208	60.02463174320403	749.3919850805578	8.882801307105971	19.0	3.4228892676576137e-08	1.9862547553312937	above_floor_binary_sensitivity_required	HPVVT-FJ-M01|Fc-receptor engagement|primary_induction	3.594033731040495e-07	yes	HPV16|FcgR2B|dose0	mixedlm_powell	7.72852973993451	0.5155650656481651	8.48328508407147e-51	1.781489867655009e-49	2.5757174171303632e-14	yes	vaccine_target_2vHPV_and_4vHPV	fc_gamma_receptor_binding	Fc-receptor engagement	sensitivity_supported	0.55	0.0625	4.543077802665149	0.0121762511356631	7.808529353445612	4.662949455420815e-06	bpv_calibrated_supported						True	increased	primary_2vHPV_induction	vaccine_type	supported	bpv_calibrated_supported	not_applicable	A1_robust_bpv_calibrated	Robust and supported after BPV calibration	claim_ready	May support a primary HPV-associated systems-serology claim.	22.17294759116375	1
HPVVT-FJ-M03	Heterologous 2vHPV recall	dose_specific_recall	HPV52	IgG1	none	2	21	3.099520294829498	1.6826170678612666	0.3671771466237572	2.333602188300972	3.865438401358024	8.571337202909351	5.040623462800653	14.575145711272386	8.44148478011227	20.0	5.033689092945708e-08	1.84208299917534	standard_continuous_model	HPVVT-FJ-M03|IgG subclass architecture|dose_specific_recall	3.843908034613086e-07	yes	HPV52|IgG1|dose2	mixedlm_powell	3.0995202948294995	0.3913955546914618	2.3913879186553187e-15	1.545204501284975e-14	1.3322676295501878e-15	yes	cross_reactive_non_booster_target	antibody_isotype_or_subclass	IgG subclass architecture						2.598137077377552	0.0001018889828762	bpv_calibrated_supported						True	increased	heterologous_2vHPV_recall	cross_reactive_type	not_required	bpv_calibrated_supported	not_applicable	A1_robust_bpv_calibrated	Robust and supported after BPV calibration	claim_ready	May support a primary HPV-associated systems-serology claim.	17.51474730619143	1
HPVVT-FJ-M01	Primary 2vHPV induction	primary_induction	HPV16	IgM	none	0	20	3.971182214883811	2.1378604472558056	0.4780401286472084	2.970632726652783	4.971731703114839	15.683571382626807	7.8387995103549954	31.379092039415	8.307215183214307	19.0	9.533224608156785e-08	1.857549785338556	standard_continuous_model	HPVVT-FJ-M01|Antibody abundance|primary_induction	4.448838150473166e-07	yes	HPV16|IgM|dose0	mixedlm_powell	3.971182214883761	0.3786132493707893	9.73003865290456e-26	6.811027057033192e-25	-4.973799150320701e-14	yes	vaccine_target_2vHPV_and_4vHPV	antibody_isotype_or_subclass	Antibody abundance						4.090902187591764	1.3982056735380874e-07	bpv_calibrated_supported						True	increased	primary_2vHPV_induction	vaccine_type	not_required	bpv_calibrated_supported	not_applicable	A1_robust_bpv_calibrated	Robust and supported after BPV calibration	claim_ready	May support a primary HPV-associated systems-serology claim.	18.322935608559227	1
HPVVT-FJ-M01	Primary 2vHPV induction	primary_induction	HPV16	IgG3	none	0	20	6.048283248858004	3.152865970847082	0.7050022634759946	4.572696552990475	7.523869944725533	66.17815881068151	23.796814406713967	184.0392847849479	8.579097631597815	19.0	5.845651282766759e-08	1.9183445489860165	standard_continuous_model	HPVVT-FJ-M01|IgG subclass architecture|primary_induction	5.455941197248974e-07	yes	HPV16|IgG3|dose0	mixedlm_lbfgs	6.048283248858066	0.6174016608536814	1.1672664960322504e-22	1.0894487296301004e-21	6.217248937900878e-14	yes	vaccine_target_2vHPV_and_4vHPV	antibody_isotype_or_subclass	IgG subclass architecture						7.312336102796371	6.595571525190678e-06	bpv_calibrated_supported						True	increased	primary_2vHPV_induction	vaccine_type	not_required	bpv_calibrated_supported	not_applicable	A1_robust_bpv_calibrated	Robust and supported after BPV calibration	claim_ready	May support a primary HPV-associated systems-serology claim.	20.311413567900182	1
HPVVT-FJ-M03	Heterologous 2vHPV recall	dose_specific_recall	HPV58	FcgR3A	high	2	21	4.961473050805968	2.5253499680995675	0.5510765421462183	3.811947527243306	6.11099857436863	31.156754405955223	14.044637930114042	69.11843152834682	9.00323761102778	20.0	1.793549479661962e-08	1.9646675167718184	two_part_floor_sensitivity_required	HPVVT-FJ-M03|Fc-receptor engagement|dose_specific_recall	5.649680860935181e-07	yes	HPV58|FcgR3A|dose2	mixedlm_lbfgs	4.961473050805973	0.5841245756676011	1.9988305439449936e-17	1.798947489550494e-16	4.440892098500626e-15	yes	cross_reactive_non_booster_target	fc_gamma_receptor_binding	Fc-receptor engagement	sensitivity_supported	0.3333333333333333	0.125	3.57861162130752	2.1922330793454963e-05	3.7782964793794593	0.0003263907938964	bpv_calibrated_supported						True	increased	heterologous_2vHPV_recall	cross_reactive_type	supported	bpv_calibrated_supported	not_applicable	A1_robust_bpv_calibrated	Robust and supported after BPV calibration	claim_ready	May support a primary HPV-associated systems-serology claim.	19.20944913471208	1
HPVVT-FJ-M03	Heterologous 2vHPV recall	dose_specific_recall	HPV58	FcgR3A	high	1	20	6.358503677251621	3.163765375118155	0.7074394443624316	4.877815903163835	7.839191451339406	82.05410907916908	29.401460223242477	228.9980417861592	8.988053646036263	19.0	2.851059330484089e-08	2.009789893795192	two_part_floor_sensitivity_required	HPVVT-FJ-M03|Fc-receptor engagement|dose_specific_recall	5.987224594016586e-07	yes	HPV58|FcgR3A|dose1	mixedlm_lbfgs	6.358503677251623	0.598549576805295	2.324872772491508e-26	1.4646698466696501e-24	1.7763568394002505e-15	yes	cross_reactive_non_booster_target	fc_gamma_receptor_binding	Fc-receptor engagement	sensitivity_supported	0.5	0.0625	3.804579534135829	0.0013662394132982	5.725786260369379	4.662949455420815e-06	bpv_calibrated_supported						True	increased	heterologous_2vHPV_recall	cross_reactive_type	supported	bpv_calibrated_supported	not_applicable	A1_robust_bpv_calibrated	Robust and supported after BPV calibration	claim_ready	May support a primary HPV-associated systems-serology claim.	20.581278127455263	1
HPVVT-FJ-M03	Heterologous 2vHPV recall	dose_specific_recall	HPV31	IgG1	none	1	20	4.676450545473426	2.524947604745785	0.5645954483836846	3.494738690996956	5.858162399949897	25.57124583449712	11.272524113539962	58.007293392512665	8.282834299959553	19.0	9.96528115418729e-08	1.8520980541076448	standard_continuous_model	HPVVT-FJ-M03|IgG subclass architecture|dose_specific_recall	6.975696807931103e-07	yes	HPV31|IgG1|dose1	mixedlm_powell	4.676450545473427	0.4585077391053411	1.9973999584303192e-24	2.796359941802447e-23	8.881784197001252e-16	yes	cross_reactive_non_booster_target	antibody_isotype_or_subclass	IgG subclass architecture						3.479551160825866	4.430544450283473e-06	bpv_calibrated_supported						True	increased	heterologous_2vHPV_recall	cross_reactive_type	not_required	bpv_calibrated_supported	not_applicable	A1_robust_bpv_calibrated	Robust and supported after BPV calibration	claim_ready	May support a primary HPV-associated systems-serology claim.	18.832862949337905	1
HPVVT-FJ-M03	Heterologous 2vHPV recall	dose_specific_recall	HPV31	IgG3	none	1	20	7.458074143004342	4.249718566217075	0.950265959930432	5.469144630784589	9.447003655224094	175.83447413462383	44.2972315071462	697.9615032874442	7.848407138092519	19.0	2.2241007281376458e-07	1.754957187586945	standard_continuous_model	HPVVT-FJ-M03|IgG subclass architecture|dose_specific_recall	1.387675826573715e-06	yes	HPV31|IgG3|dose1	mixedlm_powell	7.458074143004344	0.8448117887929931	1.0647877132269453e-18	8.944216791106341e-18	2.664535259100376e-15	yes	cross_reactive_non_booster_target	antibody_isotype_or_subclass	IgG subclass architecture						5.0476139403227736	2.2474954483949003e-05	bpv_calibrated_supported						True	increased	heterologous_2vHPV_recall	cross_reactive_type	not_required	bpv_calibrated_supported	not_applicable	A1_robust_bpv_calibrated	Robust and supported after BPV calibration	claim_ready	May support a primary HPV-associated systems-serology claim.	21.315786120094046	1
HPVVT-FJ-M03	Heterologous 2vHPV recall	dose_specific_recall	HPV58	IgG3	low	1	20	5.505721553370764	3.145584645581381	0.7033741096499552	4.033542622625412	6.977900484116115	45.43466553237625	16.376357789739952	126.05420927797635	7.827586312653404	19.0	2.312793044289525e-07	1.750301509483993	continuous_model_plus_floor_summary	HPVVT-FJ-M03|IgG subclass architecture|dose_specific_recall	1.387675826573715e-06	yes	HPV58|IgG3|dose1	mixedlm_powell	5.505721553370761	0.6949525398106724	2.3288975241828136e-15	1.545204501284975e-14	-2.664535259100376e-15	yes	cross_reactive_non_booster_target	antibody_isotype_or_subclass	IgG subclass architecture						3.095261350689193	6.133619258342804e-05	bpv_calibrated_supported						True	increased	heterologous_2vHPV_recall	cross_reactive_type	not_required	bpv_calibrated_supported	not_applicable	A1_robust_bpv_calibrated	Robust and supported after BPV calibration	claim_ready	May support a primary HPV-associated systems-serology claim.	19.363433530460465	1
HPVVT-FJ-M01	Primary 2vHPV induction	primary_induction	HPV18	IgA2	high	0	20	5.806649541396817	3.431341863685995	0.7672713661242702	4.20073211584003	7.412566966953604	55.97262646594236	18.38850281640327	170.37465990440558	7.567921595625335	19.0	3.7847907842184483e-07	1.6922387136206924	two_part_floor_sensitivity_required	HPVVT-FJ-M01|Antibody abundance|primary_induction	1.5139163136873791e-06	yes	HPV18|IgA2|dose0	mixedlm_powell	5.806649541396872	0.8899184925927813	6.80365276991003e-11	2.721461107964012e-10	5.506706202140776e-14	yes	vaccine_target_2vHPV_and_4vHPV	antibody_isotype_or_subclass	Antibody abundance	sensitivity_supported	0.4	0.0401785714285714	4.357511716702502	0.0024543989956124	4.870123649626015	0.0002355589933081	bpv_calibrated_supported						True	increased	primary_2vHPV_induction	vaccine_type	supported	bpv_calibrated_supported	not_applicable	A1_robust_bpv_calibrated	Robust and supported after BPV calibration	claim_ready	May support a primary HPV-associated systems-serology claim.	19.626547672513006	1
HPVVT-FJ-M03	Heterologous 2vHPV recall	dose_specific_recall	HPV31	IgG3	none	2	21	5.821540565135869	3.5387328059398637	0.7722148070210905	4.210728704252433	7.432352426019306	56.55334936777776	18.516361181921287	172.7273136061213	7.538758014228123	20.0	2.881307881821591e-07	1.6450918688645406	standard_continuous_model	HPVVT-FJ-M03|IgG subclass architecture|dose_specific_recall	1.6135324138200912e-06	yes	HPV31|IgG3|dose2	mixedlm_powell	5.821540565135868	0.8244518863108629	1.6518482528961838e-12	7.70862518018219e-12	-1.7763568394002505e-15	yes	cross_reactive_non_booster_target	antibody_isotype_or_subclass	IgG subclass architecture						4.5367015015843615	2.254142237944794e-06	bpv_calibrated_supported						True	increased	heterologous_2vHPV_recall	cross_reactive_type	not_required	bpv_calibrated_supported	not_applicable	A1_robust_bpv_calibrated	Robust and supported after BPV calibration	claim_ready	May support a primary HPV-associated systems-serology claim.	19.613762870882894	1
HPVVT-FJ-M03	Heterologous 2vHPV recall	dose_specific_recall	HPV31	IgG	none	2	21	3.0819092706659355	1.8738503387828984	0.4089076675472036	2.228942822855738	3.9348757184761327	8.467342641390198	4.687903339204547	15.29380753376844	7.536931965968002	20.0	2.8918133141503895e-07	1.6446933924657476	standard_continuous_model	HPVVT-FJ-M03|Antibody abundance|dose_specific_recall	2.2082938035330245e-06	yes	HPV31|IgG|dose2	mixedlm_powell	3.081909270665939	0.4633249645326104	2.8968174058171613e-11	1.738090443490297e-10	3.552713678800501e-15	yes	cross_reactive_non_booster_target	antibody_isotype_or_subclass	Antibody abundance						2.460589769555808	0.0002355589933081	bpv_calibrated_supported						True	increased	heterologous_2vHPV_recall	cross_reactive_type	not_required	bpv_calibrated_supported	not_applicable	A1_robust_bpv_calibrated	Robust and supported after BPV calibration	claim_ready	May support a primary HPV-associated systems-serology claim.	16.73785241684217	1
HPVVT-FJ-M03	Heterologous 2vHPV recall	dose_specific_recall	HPV33	IgG1	none	1	20	2.029418686850794	1.2085224010611488	0.2702338241103992	1.4638127926729974	2.595024581028592	4.082403225908326	2.758363888978279	6.041993286491268	7.509861852162931	19.0	4.230650288366149e-07	1.6792561603068787	standard_continuous_model	HPVVT-FJ-M03|IgG subclass architecture|dose_specific_recall	2.221091401392228e-06	yes	HPV33|IgG1|dose1	mixedlm_lbfgs	2.029418686850794	0.2238764704861849	1.2471415772577846e-19	1.3094986561206738e-18	0.0	yes	cross_reactive_non_booster_target	antibody_isotype_or_subclass	IgG subclass architecture						0.8325193022032344	0.0039350627206301	bpv_calibrated_supported						True	increased	heterologous_2vHPV_recall	cross_reactive_type	not_required	bpv_calibrated_supported	not_applicable	A1_robust_bpv_calibrated	Robust and supported after BPV calibration	claim_ready	May support a primary HPV-associated systems-serology claim.	15.682852256035993	1
HPVVT-FJ-M03	Heterologous 2vHPV recall	dose_specific_recall	HPV31	IgG1	none	2	21	2.7062367657947872	1.6980324784555028	0.370541065000753	1.9333016484922625	3.479171883097312	6.526170891859375	3.819282534651187	11.151546428769874	7.303473275733387	20.0	4.622255118862356e-07	1.5937485296254918	standard_continuous_model	HPVVT-FJ-M03|IgG subclass architecture|dose_specific_recall	2.28393782343787e-06	yes	HPV31|IgG1|dose2	mixedlm_powell	2.7062367657947863	0.4474577360403694	1.4662978391245684e-09	5.1320424369359895e-09	-8.881784197001252e-16	yes	cross_reactive_non_booster_target	antibody_isotype_or_subclass	IgG subclass architecture						2.204853548342841	0.0001616747486086	bpv_calibrated_supported						True	increased	heterologous_2vHPV_recall	cross_reactive_type	not_required	bpv_calibrated_supported	not_applicable	A1_robust_bpv_calibrated	Robust and supported after BPV calibration	claim_ready	May support a primary HPV-associated systems-serology claim.	16.347552489034193	1
HPVVT-FJ-M03	Heterologous 2vHPV recall	dose_specific_recall	HPV31	IgG	none	3	19	3.306080448964209	1.8396911546187904	0.4220540963320508	2.4193776958062223	4.192783202122196	9.890753609813933	5.349402265320121	18.287465050862675	7.833309705311217	18.0	3.303394604132341e-07	1.7970844946793667	standard_continuous_model	HPVVT-FJ-M03|Antibody abundance|dose_specific_recall	2.312376222892639e-06	yes	HPV31|IgG|dose3	mixedlm_powell	3.3060804489642086	0.4871004693696232	1.1427840517179058e-11	7.384143103408007e-11	-4.440892098500626e-16	yes	cross_reactive_non_booster_target	antibody_isotype_or_subclass	Antibody abundance						2.034927399662948	0.0031833427891021	bpv_calibrated_supported						True	increased	heterologous_2vHPV_recall	cross_reactive_type	not_required	bpv_calibrated_supported	not_applicable	A1_robust_bpv_calibrated	Robust and supported after BPV calibration	claim_ready	May support a primary HPV-associated systems-serology claim.	16.94202195388975	1
HPVVT-FJ-M01	Primary 2vHPV induction	primary_induction	HPV18	FcgR3A	low	0	20	3.8067782894436752	2.2559947400624463	0.5044557595661597	2.750940250286912	4.862616328600439	13.994405440334916	6.731557062750618	29.093325927842752	7.546307515088275	19.0	3.9447905744370523e-07	1.6874056582854902	continuous_model_plus_floor_summary	HPVVT-FJ-M01|Fc-receptor engagement|primary_induction	2.761353402105937e-06	yes	HPV18|FcgR3A|dose0	mixedlm_lbfgs	3.8067782894436615	0.6831645237312282	2.5143898647451624e-08	1.3200546789912102e-07	-1.376676550535194e-14	yes	vaccine_target_2vHPV_and_4vHPV	fc_gamma_receptor_binding	Fc-receptor engagement						3.4385577510964147	3.112957943473436e-05	bpv_calibrated_supported						True	increased	primary_2vHPV_induction	vaccine_type	not_required	bpv_calibrated_supported	not_applicable	A1_robust_bpv_calibrated	Robust and supported after BPV calibration	claim_ready	May support a primary HPV-associated systems-serology claim.	17.36565629759516	1
HPVVT-FJ-M03	Heterologous 2vHPV recall	dose_specific_recall	HPV18	IgG1	none	2	21	1.3879506354933322	0.8878860679289203	0.19375262451338	0.9837897429465988	1.7921115280400657	2.6170665935541875	1.9776535903360333	3.463213976687173	7.163519147052814	20.0	6.14452226198851e-07	1.5632080349350008	standard_continuous_model	HPVVT-FJ-M03|IgG subclass architecture|dose_specific_recall	2.8674437222613044e-06	yes	HPV18|IgG1|dose2	mixedlm_lbfgs	1.3879506354933355	0.3038287562895557	4.919296685827607e-06	1.0595408246397924e-05	3.3306690738754696e-15	yes	vaccine_target_2vHPV_and_4vHPV	antibody_isotype_or_subclass	IgG subclass architecture						0.8865674180413854	0.0083965955320002	bpv_calibrated_supported						True	increased	heterologous_2vHPV_recall	vaccine_type	not_required	bpv_calibrated_supported	not_applicable	A1_robust_bpv_calibrated	Robust and supported after BPV calibration	claim_ready	May support a primary HPV-associated systems-serology claim.	14.930455732494993	1
HPVVT-FJ-M03	Heterologous 2vHPV recall	dose_specific_recall	HPV45	FcgR3A	high	1	20	6.018662477327074	3.424810678359324	0.7658109486878616	4.415801740594167	7.62152321405998	64.83327190447967	21.34463727030627	196.92783215799668	7.859201396427452	19.0	2.1795160306067375e-07	1.7573708571273057	two_part_floor_sensitivity_required	HPVVT-FJ-M03|Fc-receptor engagement|dose_specific_recall	3.432737748205612e-06	yes	HPV45|FcgR3A|dose1	mixedlm_powell	6.018662477327073	0.6146640517652188	1.2211232474014515e-22	3.8465382293145715e-21	-8.881784197001252e-16	yes	cross_reactive_non_booster_target	fc_gamma_receptor_binding	Fc-receptor engagement	sensitivity_supported	0.45	0.0833333333333333	3.373152155456596	0.0010178269886111	5.385945060444833	1.982694135220545e-05	bpv_calibrated_supported						True	increased	heterologous_2vHPV_recall	cross_reactive_type	supported	bpv_calibrated_supported	not_applicable	A1_robust_bpv_calibrated	Robust and supported after BPV calibration	claim_ready	May support a primary HPV-associated systems-serology claim.	19.483021851547022	1
HPVVT-FJ-M03	Heterologous 2vHPV recall	dose_specific_recall	HPV52	IgG3	low	1	20	6.216801706450782	3.964817236515551	0.8865600859211633	4.36121012093953	8.072393291962033	74.37787919087656	20.552046023196382	269.1736339383813	7.012273398245007	19.0	1.1194755743851e-06	1.567991999528929	continuous_model_plus_floor_summary	HPVVT-FJ-M03|IgG subclass architecture|dose_specific_recall	4.60750911786394e-06	yes	HPV52|IgG3|dose1	mixedlm_powell	6.216801706450778	0.8088989288081766	1.5238737766330726e-14	9.143242659798437e-14	-3.552713678800501e-15	yes	cross_reactive_non_booster_target	antibody_isotype_or_subclass	IgG subclass architecture						3.80634150376921	0.001755744742628	bpv_calibrated_supported						True	increased	heterologous_2vHPV_recall	cross_reactive_type	not_required	bpv_calibrated_supported	not_applicable	A1_robust_bpv_calibrated	Robust and supported after BPV calibration	claim_ready	May support a primary HPV-associated systems-serology claim.	19.55333550312742	1
HPVVT-FJ-M03	Heterologous 2vHPV recall	dose_specific_recall	HPV31	IgG2	high	2	21	3.794207910188667	2.534935680441787	0.5531683160699465	2.6403190226811635	4.948096797696171	13.87300014298802	6.234695160957995	30.869213008607307	6.859047779788061	20.0	1.151877279465985e-06	1.4967669355332185	two_part_floor_sensitivity_required	HPVVT-FJ-M03|IgG subclass architecture|dose_specific_recall	4.60750911786394e-06	yes	HPV31|IgG2|dose2	mixedlm_powell	3.79420791018867	0.6456415455404603	4.186578460989737e-09	1.3525868873966842e-08	2.664535259100376e-15	yes	cross_reactive_non_booster_target	antibody_isotype_or_subclass	IgG subclass architecture	sensitivity_supported	0.3333333333333333	0.048076923076923	3.3357717590457345	0.0059256228520218	2.9097070989512805	0.0003043965867668	bpv_calibrated_supported						True	increased	heterologous_2vHPV_recall	cross_reactive_type	supported	bpv_calibrated_supported	not_applicable	A1_robust_bpv_calibrated	Robust and supported after BPV calibration	claim_ready	May support a primary HPV-associated systems-serology claim.	17.130741706865308	1
HPVVT-FJ-M03	Heterologous 2vHPV recall	dose_specific_recall	HPV52	FcgR3A	moderate	1	20	5.692508219630346	3.435673618313305	0.7682399759051216	4.084563470502902	7.30045296875779	51.71490421983983	16.965869566091698	157.63597073812093	7.409804746132316	19.0	5.131211037785927e-07	1.6568827112352429	above_floor_binary_sensitivity_required	HPVVT-FJ-M03|Fc-receptor engagement|dose_specific_recall	5.387771589675224e-06	yes	HPV52|FcgR3A|dose1	mixedlm_powell	5.692508219630345	0.6539742399380813	3.190232201373082e-18	5.024615717162605e-17	-8.881784197001252e-16	yes	cross_reactive_non_booster_target	fc_gamma_receptor_binding	Fc-receptor engagement	sensitivity_supported	0.35	0.125	3.735749380529617	0.0006850151226928	5.059790802748104	3.391497056554969e-05	bpv_calibrated_supported						True	increased	heterologous_2vHPV_recall	cross_reactive_type	supported	bpv_calibrated_supported	not_applicable	A1_robust_bpv_calibrated	Robust and supported after BPV calibration	claim_ready	May support a primary HPV-associated systems-serology claim.	18.961099043760974	1
HPVVT-FJ-M03	Heterologous 2vHPV recall	dose_specific_recall	HPV45	FcgR2B	moderate	1	20	4.793248138353397	2.8839591535533327	0.6448728711678006	3.44351370696387	6.142982569742925	27.727548033141392	10.879299086996374	70.66787242287526	7.432857471075349	19.0	4.907471828925855e-07	1.6620374572391656	above_floor_binary_sensitivity_required	HPVVT-FJ-M03|Fc-receptor engagement|dose_specific_recall	5.387771589675224e-06	yes	HPV45|FcgR2B|dose1	mixedlm_lbfgs	4.793248138353394	0.5582073636532815	8.93789162356846e-18	9.384786204746883e-17	-3.552713678800501e-15	yes	cross_reactive_non_booster_target	fc_gamma_receptor_binding	Fc-receptor engagement	sensitivity_supported	0.3	0.1666666666666666	3.2932502074203365	1.360232019887548e-05	4.364962773129888	0.000178012268235	bpv_calibrated_supported						True	increased	heterologous_2vHPV_recall	cross_reactive_type	supported	bpv_calibrated_supported	not_applicable	A1_robust_bpv_calibrated	Robust and supported after BPV calibration	claim_ready	May support a primary HPV-associated systems-serology claim.	18.061838962484025	1
HPVVT-FJ-M03	Heterologous 2vHPV recall	dose_specific_recall	HPV52	FcgR3A	moderate	3	19	4.106362138532975	2.4002511615538777	0.5506553817015511	2.9494781105388874	5.263246166527063	17.22416498294409	7.724695746511357	38.40563681665533	7.457226924477015	18.0	6.567272934140503e-07	1.7108051875182066	above_floor_binary_sensitivity_required	HPVVT-FJ-M03|Fc-receptor engagement|dose_specific_recall	5.910545640726452e-06	yes	HPV52|FcgR3A|dose3	mixedlm_powell	4.106362138532973	0.670963412997814	9.3517565168762e-10	3.27311478090667e-09	-1.7763568394002505e-15	yes	cross_reactive_non_booster_target	fc_gamma_receptor_binding	Fc-receptor engagement	sensitivity_supported	0.1578947368421052	0.5161290322580645	3.7268941176775594	2.1922330793454963e-05	2.951472283862239	0.0007758461205954	bpv_calibrated_supported						True	increased	heterologous_2vHPV_recall	cross_reactive_type	supported	bpv_calibrated_supported	not_applicable	A1_robust_bpv_calibrated	Robust and supported after BPV calibration	claim_ready	May support a primary HPV-associated systems-serology claim.	17.334734563266238	1
HPVVT-FJ-M03	Heterologous 2vHPV recall	dose_specific_recall	HPV52	FcgR2B	high	3	19	3.9525569713179705	2.34796958002316	0.5386611643067679	2.8208718590040247	5.084242083631916	15.482397302464577	7.065892787353693	33.92418105471087	7.3377425981780755	18.0	8.201981017236678e-07	1.6833936031143055	two_part_floor_sensitivity_required	HPVVT-FJ-M03|Fc-receptor engagement|dose_specific_recall	6.459060051073884e-06	yes	HPV52|FcgR2B|dose3	mixedlm_powell	3.952556971317967	0.8312683578602691	1.985930787191024e-06	4.3142634342425695e-06	-3.552713678800501e-15	yes	cross_reactive_non_booster_target	fc_gamma_receptor_binding	Fc-receptor engagement	sensitivity_supported	0.2105263157894736	0.32	3.856995383673443	3.074815913180765e-05	2.9872206146171028	0.0003266074911288	bpv_calibrated_supported						True	increased	heterologous_2vHPV_recall	cross_reactive_type	supported	bpv_calibrated_supported	not_applicable	A1_robust_bpv_calibrated	Robust and supported after BPV calibration	claim_ready	May support a primary HPV-associated systems-serology claim.	17.142387649040067	1
HPVVT-FJ-M03	Heterologous 2vHPV recall	dose_specific_recall	HPV33	IgG1	none	3	19	1.671071471995084	1.0473192263495947	0.2402715089097412	1.1662797632846569	2.1758631807055115	3.184510153788918	2.2443221313770803	4.51856031618879	6.954929777474479	18.0	1.6937431574079024e-06	1.5955703189175303	standard_continuous_model	HPVVT-FJ-M03|IgG subclass architecture|dose_specific_recall	6.467019328284718e-06	yes	HPV33|IgG1|dose3	mixedlm_lbfgs	1.6710714719950823	0.2296924122600566	3.457599786349178e-13	1.708461070901947e-12	-1.7763568394002505e-15	yes	cross_reactive_non_booster_target	antibody_isotype_or_subclass	IgG subclass architecture						0.806740070412949	0.0003043965867668	bpv_calibrated_supported						True	increased	heterologous_2vHPV_recall	cross_reactive_type	not_required	bpv_calibrated_supported	not_applicable	A1_robust_bpv_calibrated	Robust and supported after BPV calibration	claim_ready	May support a primary HPV-associated systems-serology claim.	14.860367313049691	1
HPVVT-FJ-M03	Heterologous 2vHPV recall	dose_specific_recall	HPV18	IgG1	none	3	19	1.7110230334190963	1.0804833741311697	0.247879886211243	1.1902467171454747	2.231799349692718	3.2739289960214206	2.2819176320581267	4.697194552689619	6.902629574232433	18.0	1.8730265711794088e-06	1.5835718294091767	standard_continuous_model	HPVVT-FJ-M03|IgG subclass architecture|dose_specific_recall	6.84061878169871e-06	yes	HPV18|IgG1|dose3	mixedlm_lbfgs	1.711023033419095	0.3194197186113745	8.477413159983403e-08	2.455526570477952e-07	-1.3322676295501878e-15	yes	vaccine_target_2vHPV_and_4vHPV	antibody_isotype_or_subclass	IgG subclass architecture						0.8466916318369611	0.0376641341717067	bpv_calibrated_supported						True	increased	heterologous_2vHPV_recall	vaccine_type	not_required	bpv_calibrated_supported	not_applicable	A1_robust_bpv_calibrated	Robust and supported after BPV calibration	claim_ready	May support a primary HPV-associated systems-serology claim.	14.875927644955928	1
HPVVT-FJ-M03	Heterologous 2vHPV recall	dose_specific_recall	HPV31	IgG3	none	3	19	4.785306082490975	3.0385500938941568	0.6970911996931922	3.320771816997535	6.249840347984415	27.575326877515348	9.99198850332624	76.10083339754554	6.864677225300092	18.0	2.015365649201265e-06	1.574864963426752	standard_continuous_model	HPVVT-FJ-M03|IgG subclass architecture|dose_specific_recall	7.053779772204429e-06	yes	HPV31|IgG3|dose3	mixedlm_powell	4.785306082490976	0.8667586068879465	3.372267433346775e-08	1.0491498681523301e-07	8.881784197001252e-16	yes	cross_reactive_non_booster_target	antibody_isotype_or_subclass	IgG subclass architecture						3.9074428614189234	0.0006492967032037	bpv_calibrated_supported						True	increased	heterologous_2vHPV_recall	cross_reactive_type	not_required	bpv_calibrated_supported	not_applicable	A1_robust_bpv_calibrated	Robust and supported after BPV calibration	claim_ready	May support a primary HPV-associated systems-serology claim.	17.936884186162825	1
HPVVT-FJ-M03	Heterologous 2vHPV recall	dose_specific_recall	HPV31	FcgR3A	moderate	1	20	5.399575353412487	3.466976684698402	0.7752395543392481	3.7769803182517	7.022170388573275	42.21182657784146	13.708324261286688	129.98221147057376	6.965041093671558	19.0	1.2299435709269786e-06	1.557430535152908	above_floor_binary_sensitivity_required	HPVVT-FJ-M03|Fc-receptor engagement|dose_specific_recall	7.748644496839965e-06	yes	HPV31|FcgR3A|dose1	mixedlm_powell	5.399575353412481	0.6702726009377457	7.896707184281428e-16	6.2186569076216235e-15	-6.217248937900877e-15	yes	cross_reactive_non_booster_target	fc_gamma_receptor_binding	Fc-receptor engagement	sensitivity_supported	0.15	0.5161290322580645	4.4738475220255705	3.956426536380328e-05	4.766857936530245	3.391497056554969e-05	bpv_calibrated_supported						True	increased	heterologous_2vHPV_recall	cross_reactive_type	supported	bpv_calibrated_supported	not_applicable	A1_robust_bpv_calibrated	Robust and supported after BPV calibration	claim_ready	May support a primary HPV-associated systems-serology claim.	18.51034961723268	1
HPVVT-FJ-M03	Heterologous 2vHPV recall	dose_specific_recall	HPV52	IgG2	high	2	21	3.6433666444970663	2.591930843414039	0.565605680287408	2.4635338698516067	4.823199419142527	12.495759132948823	5.515661306875206	28.30920675169854	6.441531214194524	20.0	2.782018822108761e-06	1.4056573514508195	two_part_floor_sensitivity_required	HPVVT-FJ-M03|IgG subclass architecture|dose_specific_recall	9.347583242285438e-06	yes	HPV52|IgG2|dose2	mixedlm_lbfgs	3.643366644497066	0.6041115898890875	1.629988657269987e-09	5.476761888427157e-09	-4.440892098500626e-16	yes	cross_reactive_non_booster_target	antibody_isotype_or_subclass	IgG subclass architecture	sensitivity_supported	0.3809523809523809	0.0347222222222222	2.837768358475586	0.0059256228520218	2.75886583325968	0.0018265232698567	bpv_calibrated_supported						True	increased	heterologous_2vHPV_recall	cross_reactive_type	supported	bpv_calibrated_supported	not_applicable	A1_robust_bpv_calibrated	Robust and supported after BPV calibration	claim_ready	May support a primary HPV-associated systems-serology claim.	16.672667303165674	1
HPVVT-FJ-M03	Heterologous 2vHPV recall	dose_specific_recall	HPV58	FcgR2B	low	1	20	4.047478197925714	2.6814984359163905	0.5996012784268412	2.792498299124389	5.302458096727039	16.535310114126293	6.9282851034330895	39.46380330607995	6.750282802173105	19.0	1.8939419614874525e-06	1.5094091213006826	continuous_model_plus_floor_summary	HPVVT-FJ-M03|Fc-receptor engagement|dose_specific_recall	9.943195297809123e-06	yes	HPV58|FcgR2B|dose1	mixedlm_powell	4.047478197925718	0.53865791983301	5.734547832561983e-14	3.96010197929927e-13	4.440892098500626e-15	yes	cross_reactive_non_booster_target	fc_gamma_receptor_binding	Fc-receptor engagement						3.619192832702205	0.0003263907938964	bpv_calibrated_supported						True	increased	heterologous_2vHPV_recall	cross_reactive_type	not_required	bpv_calibrated_supported	not_applicable	A1_robust_bpv_calibrated	Robust and supported after BPV calibration	claim_ready	May support a primary HPV-associated systems-serology claim.	17.04995222829598	1
HPVVT-FJ-M03	Heterologous 2vHPV recall	dose_specific_recall	HPV45	FcgR2B	moderate	3	19	3.4406681622974955	2.1610484980958367	0.4957785271205316	2.39907612759177	4.482260197003221	10.857862109222676	5.2746527815293005	22.350887246214583	6.939929775258327	18.0	1.7432650595292811e-06	1.592129082401052	above_floor_binary_sensitivity_required	HPVVT-FJ-M03|Fc-receptor engagement|dose_specific_recall	9.943195297809123e-06	yes	HPV45|FcgR2B|dose3	mixedlm_lbfgs	3.4406681622974924	0.5727086710827921	1.8816089109641278e-09	6.239019020565266e-09	-3.1086244689504387e-15	yes	cross_reactive_non_booster_target	fc_gamma_receptor_binding	Fc-receptor engagement	sensitivity_supported	0.0526315789473684	1.0	3.267935997757522	2.7889682975314225e-06	2.475331805596628	0.0025359812425532	bpv_calibrated_supported						True	increased	heterologous_2vHPV_recall	cross_reactive_type	supported	bpv_calibrated_supported	not_applicable	A1_robust_bpv_calibrated	Robust and supported after BPV calibration	claim_ready	May support a primary HPV-associated systems-serology claim.	16.443142192667757	1
HPVVT-FJ-M03	Heterologous 2vHPV recall	dose_specific_recall	HPV58	IgG3	low	2	21	4.195767953699142	3.007300169492385	0.6562466982929706	2.826861328671113	5.56467457872717	18.3253386421218	7.095288411867116	47.32972317048804	6.393583334762943	20.0	3.0829932160286737e-06	1.39519426635997	continuous_model_plus_floor_summary	HPVVT-FJ-M03|IgG subclass architecture|dose_specific_recall	9.960439621015716e-06	yes	HPV58|IgG3|dose2	mixedlm_powell	4.195767953699136	0.6782042342970037	6.148164849068595e-10	2.347481124189827e-09	-6.217248937900877e-15	yes	cross_reactive_non_booster_target	antibody_isotype_or_subclass	IgG subclass architecture						2.9109288901476336	2.379634712231333e-05	bpv_calibrated_supported						True	increased	heterologous_2vHPV_recall	cross_reactive_type	not_required	bpv_calibrated_supported	not_applicable	A1_robust_bpv_calibrated	Robust and supported after BPV calibration	claim_ready	May support a primary HPV-associated systems-serology claim.	17.197489446523658	1
HPVVT-FJ-M03	Heterologous 2vHPV recall	dose_specific_recall	HPV33	FcgR3A	high	1	20	3.574388881722844	2.3937676578192058	0.53526272052242	2.4540711322414115	4.6947066312042764	11.912372615680868	5.479602085599663	25.896884320806297	6.677821459776269	19.0	2.193980345661936e-06	1.4932062725666615	two_part_floor_sensitivity_required	HPVVT-FJ-M03|Fc-receptor engagement|dose_specific_recall	1.0632366290515537e-05	yes	HPV33|FcgR3A|dose1	mixedlm_powell	3.574388881722846	0.5281421658638354	1.3070687341788023e-11	5.881809303804611e-11	2.220446049250313e-15	yes	cross_reactive_non_booster_target	fc_gamma_receptor_binding	Fc-receptor engagement	sensitivity_supported	0.35	0.125	2.264247527125732	0.0007700832545708	2.941671464840601	0.0008603002103462	bpv_calibrated_supported						True	increased	heterologous_2vHPV_recall	cross_reactive_type	supported	bpv_calibrated_supported	not_applicable	A1_robust_bpv_calibrated	Robust and supported after BPV calibration	claim_ready	May support a primary HPV-associated systems-serology claim.	16.547758951861017	1
HPVVT-FJ-M01	Primary 2vHPV induction	primary_induction	HPV18	FcgR2B	none	0	20	2.768739693389392	1.8466655165885089	0.4129269626796671	1.9044736277871055	3.633005758991679	6.815122991610872	3.743722830468581	12.4063408254424	6.705155980664974	19.0	2.0754136287334365e-06	1.4993184572506144	standard_continuous_model	HPVVT-FJ-M01|Fc-receptor engagement|primary_induction	1.089592155085054e-05	yes	HPV18|FcgR2B|dose0	mixedlm_powell	2.768739693389393	0.4504655975712306	7.926353252397717e-10	5.548447276678401e-09	8.881784197001252e-16	yes	vaccine_target_2vHPV_and_4vHPV	fc_gamma_receptor_binding	Fc-receptor engagement						2.8487393069005207	0.0005107057964954	bpv_calibrated_supported						True	increased	primary_2vHPV_induction	vaccine_type	not_required	bpv_calibrated_supported	not_applicable	A1_robust_bpv_calibrated	Robust and supported after BPV calibration	claim_ready	May support a primary HPV-associated systems-serology claim.	15.731475725670478	1
HPVVT-FJ-M03	Heterologous 2vHPV recall	dose_specific_recall	HPV52	FcgR3A	moderate	2	21	4.787867908517309	3.4083017383652665	0.7437524146337338	3.236427557775636	6.339308259258981	27.624336506416707	9.424574974360688	80.96958955663796	6.437448557226035	20.0	2.806426674731426e-06	1.4047664426605984	above_floor_binary_sensitivity_required	HPVVT-FJ-M03|Fc-receptor engagement|dose_specific_recall	1.178699203387199e-05	yes	HPV52|FcgR3A|dose2	mixedlm_powell	4.787867908517306	0.6382135084620354	6.285876157617888e-14	3.96010197929927e-13	-2.664535259100376e-15	yes	cross_reactive_non_booster_target	fc_gamma_receptor_binding	Fc-receptor engagement	sensitivity_supported	0.2857142857142857	0.1666666666666666	2.89614917861562	4.624677202167253e-05	3.604691337090798	0.0022591791153314	bpv_calibrated_supported						True	increased	heterologous_2vHPV_recall	cross_reactive_type	supported	bpv_calibrated_supported	not_applicable	A1_robust_bpv_calibrated	Robust and supported after BPV calibration	claim_ready	May support a primary HPV-associated systems-serology claim.	17.716464918499593	1
HPVVT-FJ-M03	Heterologous 2vHPV recall	dose_specific_recall	HPV31	IgA1	low	1	20	3.516461821768438	2.343195718005601	0.5239544910046952	2.419812468680373	4.613111174856503	11.443542502258977	5.351014612640094	24.472866265711225	6.71138788222912	19.0	2.04932048451208e-06	1.5007119528032666	continuous_model_plus_floor_summary	HPVVT-FJ-M03|Antibody abundance|dose_specific_recall	1.324176313069344e-05	yes	HPV31|IgA1|dose1	mixedlm_lbfgs	3.516461821768436	0.5580101734727525	2.942314163929604e-10	1.544714936063042e-09	-1.7763568394002505e-15	yes	cross_reactive_non_booster_target	antibody_isotype_or_subclass	Antibody abundance						3.242354216115716	0.0064822696479863	bpv_calibrated_supported						True	increased	heterologous_2vHPV_recall	cross_reactive_type	not_required	bpv_calibrated_supported	not_applicable	A1_robust_bpv_calibrated	Robust and supported after BPV calibration	claim_ready	May support a primary HPV-associated systems-serology claim.	16.394516006834593	1
HPVVT-FJ-M03	Heterologous 2vHPV recall	dose_specific_recall	HPV45	FcgR3A	high	3	19	4.358099361223715	2.9981120370090126	0.6878140731965874	2.913055615257096	5.803143107190334	20.50777914870916	7.532118070560436	55.83675158466245	6.336159045088492	18.0	5.7034283348594885e-06	1.453614577249574	two_part_floor_sensitivity_required	HPVVT-FJ-M03|Fc-receptor engagement|dose_specific_recall	2.245724906850924e-05	yes	HPV45|FcgR3A|dose3	mixedlm_powell	4.358099361223713	0.6306320109160629	4.823179972400053e-12	2.337387217393872e-11	-1.7763568394002505e-15	yes	cross_reactive_non_booster_target	fc_gamma_receptor_binding	Fc-receptor engagement	sensitivity_supported	0.2105263157894736	0.32	3.374014388800801	4.624677202167253e-05	3.2032095065529798	0.0025492208342598	bpv_calibrated_supported						True	increased	heterologous_2vHPV_recall	cross_reactive_type	supported	bpv_calibrated_supported	not_applicable	A1_robust_bpv_calibrated	Robust and supported after BPV calibration	claim_ready	May support a primary HPV-associated systems-serology claim.	17.00674280553771	1
HPVVT-FJ-M03	Heterologous 2vHPV recall	dose_specific_recall	HPV31	FcgR2B	moderate	1	20	5.080293889823286	3.7501205796474895	0.8385524539912702	3.3251834327364795	6.835404346910093	33.831468367342154	10.022589759019498	114.1988527326938	6.058409185546519	19.0	7.933873931909126e-06	1.3547014774391153	above_floor_binary_sensitivity_required	HPVVT-FJ-M03|Fc-receptor engagement|dose_specific_recall	2.517322797282496e-05	yes	HPV31|FcgR2B|dose1	mixedlm_powell	5.080293889823286	0.707741541913458	7.064718533832615e-13	4.04615697846777e-12	0.0	yes	cross_reactive_non_booster_target	fc_gamma_receptor_binding	Fc-receptor engagement	sensitivity_supported	0.25	0.2222222222222222	3.2549088951593963	0.0001579789258734	4.652008524599777	0.0004962044813277	bpv_calibrated_supported						True	increased	heterologous_2vHPV_recall	cross_reactive_type	supported	bpv_calibrated_supported	not_applicable	A1_robust_bpv_calibrated	Robust and supported after BPV calibration	claim_ready	May support a primary HPV-associated systems-serology claim.	17.679354980953537	1
HPVVT-FJ-M03	Heterologous 2vHPV recall	dose_specific_recall	HPV31	FcgR3A	moderate	2	21	4.110380332860128	3.156943124349985	0.688901468190676	2.67335705144661	5.547403614273646	17.27220459735346	6.379118379904097	46.76650187158357	5.96657217708592	20.0	7.795657602677675e-06	1.302012792424461	above_floor_binary_sensitivity_required	HPVVT-FJ-M03|Fc-receptor engagement|dose_specific_recall	2.517322797282496e-05	yes	HPV31|FcgR3A|dose2	mixedlm_powell	4.110380332860126	0.654119080150549	3.303084131458285e-10	1.3005893767616994e-09	-1.7763568394002505e-15	yes	cross_reactive_non_booster_target	fc_gamma_receptor_binding	Fc-receptor engagement	sensitivity_supported	0.1428571428571428	0.5161290322580645	3.1036408110864557	3.797364885563204e-05	2.927203761433617	0.0079311361039166	bpv_calibrated_supported						True	increased	heterologous_2vHPV_recall	cross_reactive_type	supported	bpv_calibrated_supported	not_applicable	A1_robust_bpv_calibrated	Robust and supported after BPV calibration	claim_ready	May support a primary HPV-associated systems-serology claim.	16.70944142399038	1
HPVVT-FJ-M03	Heterologous 2vHPV recall	dose_specific_recall	HPV52	IgG3	low	2	21	4.117724507598211	3.183322365105994	0.6946578904544795	2.668693539755372	5.566755475441051	17.360354556137633	6.358531171867979	47.39803929061655	5.92770133929407	20.0	8.492028817818184e-06	1.2935304802098184	continuous_model_plus_floor_summary	HPVVT-FJ-M03|IgG subclass architecture|dose_specific_recall	2.547608645345455e-05	yes	HPV52|IgG3|dose2	mixedlm_powell	4.1177245075982105	0.7894045236318897	1.8259024980360424e-07	4.947606768871858e-07	-8.881784197001252e-16	yes	cross_reactive_non_booster_target	antibody_isotype_or_subclass	IgG subclass architecture						2.8328854440467035	0.0009474781192727	bpv_calibrated_supported						True	increased	heterologous_2vHPV_recall	cross_reactive_type	not_required	bpv_calibrated_supported	not_applicable	A1_robust_bpv_calibrated	Robust and supported after BPV calibration	claim_ready	May support a primary HPV-associated systems-serology claim.	16.71159179359771	1
HPVVT-FJ-M03	Heterologous 2vHPV recall	dose_specific_recall	HPV33	IgG	none	2	21	1.6418443888792542	1.2222932626856864	0.2667262570329381	1.085463166282513	2.1982256114759955	3.120645305339714	2.12205664355367	4.589145700385494	6.15554091728023	20.0	5.156365090165468e-06	1.343249152230217	standard_continuous_model	HPVVT-FJ-M03|Antibody abundance|dose_specific_recall	3.09381905409928e-05	yes	HPV33|IgG|dose2	mixedlm_powell	1.6418443888792549	0.2859930436228384	9.420012440598843e-09	3.956405225051514e-08	6.661338147750939e-16	yes	cross_reactive_non_booster_target	antibody_isotype_or_subclass	Antibody abundance						1.0205248877691266	0.0091505964837448	bpv_calibrated_supported						True	increased	heterologous_2vHPV_recall	cross_reactive_type	not_required	bpv_calibrated_supported	not_applicable	A1_robust_bpv_calibrated	Robust and supported after BPV calibration	claim_ready	May support a primary HPV-associated systems-serology claim.	14.151349479032453	1
HPVVT-FJ-M03	Heterologous 2vHPV recall	dose_specific_recall	HPV33	IgG	none	1	20	2.199738260813492	1.589668377932452	0.3554606554738789	1.455750558510935	2.9437259631160484	4.593959890814672	2.7429922737340804	7.693958047385999	6.188415586757223	19.0	6.032751833593594e-06	1.3837717925008397	standard_continuous_model	HPVVT-FJ-M03|Antibody abundance|dose_specific_recall	3.378341026812413e-05	yes	HPV33|IgG|dose1	mixedlm_powell	2.199738260813493	0.293055663741016	6.086231533326927e-14	4.647667716358744e-13	8.881784197001252e-16	yes	cross_reactive_non_booster_target	antibody_isotype_or_subclass	Antibody abundance						1.1924056139278427	0.0010278263036358	bpv_calibrated_supported						True	increased	heterologous_2vHPV_recall	cross_reactive_type	not_required	bpv_calibrated_supported	not_applicable	A1_robust_bpv_calibrated	Robust and supported after BPV calibration	claim_ready	May support a primary HPV-associated systems-serology claim.	14.671034773486355	1
HPVVT-FJ-M03	Heterologous 2vHPV recall	dose_specific_recall	HPV18	IgG1	none	1	20	2.638168749138557	2.044512971960387	0.4571669986183546	1.6813072241487117	3.595030274128402	6.225409543497324	3.2071842197411398	12.084034258373732	5.770689391648135	19.0	1.4657265272362243e-05	1.2903653756762137	standard_continuous_model	HPVVT-FJ-M03|IgG subclass architecture|dose_specific_recall	4.245552699580788e-05	yes	HPV18|IgG1|dose1	mixedlm_lbfgs	2.638168749138554	0.3113318306981815	2.3748177854652748e-17	1.8134972179916646e-16	-2.664535259100376e-15	yes	vaccine_target_2vHPV_and_4vHPV	antibody_isotype_or_subclass	IgG subclass architecture						1.441269364490997	0.0191122975223932	bpv_calibrated_supported						True	increased	heterologous_2vHPV_recall	vaccine_type	not_required	bpv_calibrated_supported	not_applicable	A1_robust_bpv_calibrated	Robust and supported after BPV calibration	claim_ready	May support a primary HPV-associated systems-serology claim.	15.0102345130384	1
HPVVT-FJ-M03	Heterologous 2vHPV recall	dose_specific_recall	HPV31	IgA1	low	3	19	3.381308922398691	2.393868451418606	0.5491910875717847	2.2275012622152253	4.535116582582157	10.420184538142053	4.683221461481554	23.18494794704519	6.156889649008954	18.0	8.18601068770339e-06	1.4124873571874546	continuous_model_plus_floor_summary	HPVVT-FJ-M03|Antibody abundance|dose_specific_recall	4.29765561104428e-05	yes	HPV31|IgA1|dose3	mixedlm_lbfgs	3.381308922398688	0.5725063582263256	3.501933037830269e-09	1.6342354176541256e-08	-3.1086244689504387e-15	yes	cross_reactive_non_booster_target	antibody_isotype_or_subclass	Antibody abundance						2.228551641996636	0.0387015542921502	bpv_calibrated_supported						True	increased	heterologous_2vHPV_recall	cross_reactive_type	not_required	bpv_calibrated_supported	not_applicable	A1_robust_bpv_calibrated	Robust and supported after BPV calibration	claim_ready	May support a primary HPV-associated systems-serology claim.	15.7480773116657	1
HPVVT-FJ-M03	Heterologous 2vHPV recall	dose_specific_recall	HPV33	FcgR3A	high	2	21	2.792564101068946	2.256781409756378	0.4924700779608454	1.765289519570466	3.8198386825674255	6.928601112718673	3.3994221230312407	14.121668813627728	5.670525430970393	20.0	1.5024464810919668e-05	1.2374100960759007	two_part_floor_sensitivity_required	HPVVT-FJ-M03|Fc-receptor engagement|dose_specific_recall	4.507339443275901e-05	yes	HPV33|FcgR3A|dose2	mixedlm_powell	2.7925641010689475	0.5154139781937134	6.023596887377535e-08	1.7249391086581124e-07	1.3322676295501878e-15	yes	cross_reactive_non_booster_target	fc_gamma_receptor_binding	Fc-receptor engagement	sensitivity_supported	0.1904761904761904	0.32	2.2175086205535424	3.074815913180765e-05	1.6093875296424354	0.0425167340615359	bpv_calibrated_supported						True	increased	heterologous_2vHPV_recall	cross_reactive_type	supported	bpv_calibrated_supported	not_applicable	A1_robust_bpv_calibrated	Robust and supported after BPV calibration	claim_ready	May support a primary HPV-associated systems-serology claim.	15.138643835478435	1
HPVVT-FJ-M03	Heterologous 2vHPV recall	dose_specific_recall	HPV58	FcgR3A	high	3	19	4.320035048492859	3.2477210534363503	0.7450783088809741	2.754683607659359	5.885386489326359	19.973774014683976	6.749046097329172	59.112301595857154	5.798095310251452	18.0	1.7085977653777345e-05	1.3301742906527994	two_part_floor_sensitivity_required	HPVVT-FJ-M03|Fc-receptor engagement|dose_specific_recall	4.892802691763512e-05	yes	HPV58|FcgR3A|dose3	mixedlm_lbfgs	4.320035048492862	0.6140989084519629	1.996121720020657e-12	1.0479639030108448e-11	2.664535259100376e-15	yes	cross_reactive_non_booster_target	fc_gamma_receptor_binding	Fc-receptor engagement	sensitivity_supported	0.2105263157894736	0.32	3.864965968848919	0.0007103094509411	3.1651451938221253	0.0024151035206116	bpv_calibrated_supported						True	increased	heterologous_2vHPV_recall	cross_reactive_type	supported	bpv_calibrated_supported	not_applicable	A1_robust_bpv_calibrated	Robust and supported after BPV calibration	claim_ready	May support a primary HPV-associated systems-serology claim.	16.630477345834514	1
HPVVT-FJ-M03	Heterologous 2vHPV recall	dose_specific_recall	HPV16	IgG3	none	3	19	3.4573693003651584	2.609055325138752	0.5985583421256038	2.1998448870233887	4.714893713706928	10.984286842523984	4.594299432172668	26.26179665041713	5.776160913716997	18.0	1.788164350065583e-05	1.3251421949748394	standard_continuous_model	HPVVT-FJ-M03|IgG subclass architecture|dose_specific_recall	5.0068601801836326e-05	yes	HPV16|IgG3|dose3	mixedlm_lbfgs	3.45736930036516	0.6334407385772948	4.8131476519264425e-08	1.4439442955779328e-07	1.7763568394002505e-15	yes	vaccine_target_2vHPV_and_4vHPV	antibody_isotype_or_subclass	IgG subclass architecture						2.5795060792931057	0.0221674286887206	bpv_calibrated_supported						True	increased	heterologous_2vHPV_recall	vaccine_type	not_required	bpv_calibrated_supported	not_applicable	A1_robust_bpv_calibrated	Robust and supported after BPV calibration	claim_ready	May support a primary HPV-associated systems-serology claim.	15.757803836751862	1
HPVVT-FJ-M03	Heterologous 2vHPV recall	dose_specific_recall	HPV58	FcgR2B	low	3	19	2.6693060917569764	2.0378998338107808	0.467526285928396	1.6870698132580122	3.6515423702559406	6.361231505531746	3.220020366278689	12.566773393962896	5.709424629368955	18.0	2.0545240253580865e-05	1.3098318413253385	continuous_model_plus_floor_summary	HPVVT-FJ-M03|Fc-receptor engagement|dose_specific_recall	5.6276092868504114e-05	yes	HPV58|FcgR2B|dose3	mixedlm_powell	2.6693060917569764	0.5526513649278886	1.3653305156042144e-06	3.111703212209683e-06	0.0	yes	cross_reactive_non_booster_target	fc_gamma_receptor_binding	Fc-receptor engagement						1.703969735056109	0.0016377568149837	bpv_calibrated_supported						True	increased	heterologous_2vHPV_recall	cross_reactive_type	not_required	bpv_calibrated_supported	not_applicable	A1_robust_bpv_calibrated	Robust and supported after BPV calibration	claim_ready	May support a primary HPV-associated systems-serology claim.	14.918982154105704	1
HPVVT-FJ-M03	Heterologous 2vHPV recall	dose_specific_recall	HPV33	IgG1	none	2	21	1.3492373409346503	1.1190581974815803	0.244198518905723	0.8398481566208568	1.858626525248444	2.547774056092341	1.7898617493326865	3.6266223596975102	5.525165946872701	20.0	2.0810610485886455e-05	1.20569005613031	standard_continuous_model	HPVVT-FJ-M03|IgG subclass architecture|dose_specific_recall	5.639004131659556e-05	yes	HPV33|IgG1|dose2	mixedlm_lbfgs	1.3492373409346512	0.218481063878928	6.594001751339616e-10	2.4082441178805553e-09	8.881784197001252e-16	yes	cross_reactive_non_booster_target	antibody_isotype_or_subclass	IgG subclass architecture						0.8478541234827035	0.0159570278167501	bpv_calibrated_supported						True	increased	heterologous_2vHPV_recall	cross_reactive_type	not_required	bpv_calibrated_supported	not_applicable	A1_robust_bpv_calibrated	Robust and supported after BPV calibration	claim_ready	May support a primary HPV-associated systems-serology claim.	13.5980349281416	1
HPVVT-FJ-M03	Heterologous 2vHPV recall	dose_specific_recall	HPV33	FcgR2A	moderate	3	19	3.6298339111919606	2.8437543565532977	0.6524019926562818	2.259188185723257	5.000479636660664	12.37909473553625	4.787220259140305	32.01064045022669	5.563799546983204	18.0	2.7869165653486988e-05	1.2764231561798507	above_floor_binary_sensitivity_required	HPVVT-FJ-M03|Fc-receptor engagement|dose_specific_recall	7.291784208248636e-05	yes	HPV33|FcgR2A|dose3	mixedlm_powell	3.6298339111919615	0.8231890955327541	1.036202556285198e-05	2.176025368198916e-05	8.881784197001252e-16	yes	cross_reactive_non_booster_target	fc_gamma_receptor_binding	Fc-receptor engagement	sensitivity_supported	0.3157894736842105	0.1666666666666666	2.781780008778102	0.0082314150906511	2.894264237056842	0.0016003554805882	bpv_calibrated_supported						True	increased	heterologous_2vHPV_recall	cross_reactive_type	supported	bpv_calibrated_supported	not_applicable	A1_robust_bpv_calibrated	Robust and supported after BPV calibration	claim_ready	May support a primary HPV-associated systems-serology claim.	15.767000103451695	1
HPVVT-FJ-M03	Heterologous 2vHPV recall	dose_specific_recall	HPV33	FcgR3A	high	3	19	3.4700671618544887	2.727338007715094	0.6256942505530341	2.1555323204155696	4.784602003293408	11.081391605458228	4.455330081302604	27.561872559982785	5.545947016114326	18.0	2.893565162003427e-05	1.2723275047091205	two_part_floor_sensitivity_required	HPVVT-FJ-M03|Fc-receptor engagement|dose_specific_recall	7.291784208248636e-05	yes	HPV33|FcgR3A|dose3	mixedlm_powell	3.47006716185449	0.541862428999662	1.5139442098185452e-10	6.35856568123789e-10	1.3322676295501878e-15	yes	cross_reactive_non_booster_target	fc_gamma_receptor_binding	Fc-receptor engagement	sensitivity_supported	0.3157894736842105	0.1666666666666666	2.359413345002932	0.0018520420392596	2.3151773071837543	0.0040977019981849	bpv_calibrated_supported						True	increased	heterologous_2vHPV_recall	cross_reactive_type	supported	bpv_calibrated_supported	not_applicable	A1_robust_bpv_calibrated	Robust and supported after BPV calibration	claim_ready	May support a primary HPV-associated systems-serology claim.	15.607233354114223	1
HPVVT-FJ-M03	Heterologous 2vHPV recall	dose_specific_recall	HPV31	IgA1	low	2	21	3.229579143420501	2.647036681353124	0.5776307599821615	2.024662492081326	4.434495794759675	9.379942919487403	4.068966752141893	21.623015013953527	5.5910788814644095	20.0	1.794752219386965e-05	1.2200734376561757	continuous_model_plus_floor_summary	HPVVT-FJ-M03|Antibody abundance|dose_specific_recall	7.934694022552898e-05	yes	HPV31|IgA1|dose2	mixedlm_lbfgs	3.2295791434204992	0.5445621689980827	3.0183393180558543e-09	1.4914147218628932e-08	-1.7763568394002505e-15	yes	cross_reactive_non_booster_target	antibody_isotype_or_subclass	Antibody abundance						2.6427974815021784	0.0091505964837448	bpv_calibrated_supported						True	increased	heterologous_2vHPV_recall	cross_reactive_type	not_required	bpv_calibrated_supported	not_applicable	A1_robust_bpv_calibrated	Robust and supported after BPV calibration	claim_ready	May support a primary HPV-associated systems-serology claim.	15.330048959258301	1
HPVVT-FJ-M03	Heterologous 2vHPV recall	dose_specific_recall	HPV18	IgG	none	1	20	2.546237540786886	2.005169965815066	0.4483696350003417	1.607789109464918	3.484685972108854	5.84108970311119	3.047844099811872	11.194250034605616	5.6788804192437015	19.0	1.7866222267862215e-05	1.269836265352142	standard_continuous_model	HPVVT-FJ-M03|Antibody abundance|dose_specific_recall	7.934694022552898e-05	yes	HPV18|IgG|dose1	mixedlm_powell	2.5462375407868763	0.3625689802884195	2.175164848861097e-12	1.522615394202768e-11	-9.769962616701378e-15	yes	vaccine_target_2vHPV_and_4vHPV	antibody_isotype_or_subclass	Antibody abundance						1.5389048939012366	0.0076241371388159	bpv_calibrated_supported						True	increased	heterologous_2vHPV_recall	vaccine_type	not_required	bpv_calibrated_supported	not_applicable	A1_robust_bpv_calibrated	Robust and supported after BPV calibration	claim_ready	May support a primary HPV-associated systems-serology claim.	14.646707356624685	1
HPVVT-FJ-M03	Heterologous 2vHPV recall	dose_specific_recall	HPV31	FcgR3A	moderate	3	19	3.575111601241427	2.845107880103115	0.6527125122547743	2.203813498304324	4.94640970417853	11.918341625580958	4.6069549754368815	30.833135522576992	5.47731433689132	18.0	3.3441510460559646e-05	1.2565820882376717	above_floor_binary_sensitivity_required	HPVVT-FJ-M03|Fc-receptor engagement|dose_specific_recall	8.103135226981761e-05	yes	HPV31|FcgR3A|dose3	mixedlm_powell	3.5751116012414244	0.6876851785579383	2.0062015778784328e-07	5.495247800275707e-07	-2.664535259100376e-15	yes	cross_reactive_non_booster_target	fc_gamma_receptor_binding	Fc-receptor engagement	sensitivity_supported	0.1578947368421052	0.5161290322580645	2.5767775981617564	7.842702472789878e-05	2.420221746570693	0.019746911199642	bpv_calibrated_supported						True	increased	heterologous_2vHPV_recall	cross_reactive_type	supported	bpv_calibrated_supported	not_applicable	A1_robust_bpv_calibrated	Robust and supported after BPV calibration	claim_ready	May support a primary HPV-associated systems-serology claim.	15.666458514667777	1
HPVVT-FJ-M01	Primary 2vHPV induction	primary_induction	HPV52	IgA2	high	0	20	3.571645274820687	3.1636113603989293	0.7074050056242592	2.0910295818403	5.0522609678010735	11.889740105269754	4.260520172808746	33.18043666899588	5.048939781912964	19.0	7.127767520444699e-05	1.1289772566660352	two_part_floor_sensitivity_required	HPVVT-FJ-M01|Antibody abundance|primary_induction	0.0002494718632155	yes	HPV52|IgA2|dose0	mixedlm_lbfgs	3.571645274820661	0.705028389111275	4.0634828236027074e-07	1.2641946562319534e-06	-2.5757174171303632e-14	yes	cross_reactive_non_booster_target	antibody_isotype_or_subclass	Antibody abundance	sensitivity_supported	-0.15	0.5192307692307693	4.418606677355647	0.0019495344056389	2.6351193830498847	0.0157323081970998	bpv_calibrated_supported						True	increased	primary_2vHPV_induction	cross_reactive_type	supported	bpv_calibrated_supported	not_applicable	A1_robust_bpv_calibrated	Robust and supported after BPV calibration	claim_ready	May support a primary HPV-associated systems-serology claim.	15.17462370417719	1
HPVVT-FJ-M01	Primary 2vHPV induction	primary_induction	HPV18	IgG3	none	0	20	3.758988151268616	3.151368624786607	0.7046674467182882	2.284102234928785	5.233874067608445	13.5384263552065	4.870609212556416	37.63163501248087	5.334414366343481	19.0	3.787666016131335e-05	1.192811314329549	standard_continuous_model	HPVVT-FJ-M01|IgG subclass architecture|primary_induction	0.0002651366211291	yes	HPV18|IgG3|dose0	mixedlm_powell	3.758988151268617	0.5379220739516555	2.7887413644998174e-12	1.9521189551498723e-11	1.3322676295501878e-15	yes	vaccine_target_2vHPV_and_4vHPV	antibody_isotype_or_subclass	IgG subclass architecture						5.023041005206983	0.0001912379643531	bpv_calibrated_supported						True	increased	primary_2vHPV_induction	vaccine_type	not_required	bpv_calibrated_supported	not_applicable	A1_robust_bpv_calibrated	Robust and supported after BPV calibration	claim_ready	May support a primary HPV-associated systems-serology claim.	15.335518433886824	1
HPVVT-FJ-M03	Heterologous 2vHPV recall	dose_specific_recall	HPV31	IgG2	high	1	20	3.517412942966112	3.278159022038744	0.7330186414332862	1.983187294116579	5.051638591815646	11.451089339342222	3.9536558457337576	33.16612577675213	4.798531366253447	19.0	0.0001248782829493	1.0729842327107646	two_part_floor_sensitivity_required	HPVVT-FJ-M03|IgG subclass architecture|dose_specific_recall	0.0003085228166983	yes	HPV31|IgG2|dose1	mixedlm_powell	3.517412942966114	0.6615857129611159	1.0570100870589265e-07	2.959628243764994e-07	1.7763568394002505e-15	yes	cross_reactive_non_booster_target	antibody_isotype_or_subclass	IgG subclass architecture	sensitivity_supported	0.35	0.048076923076923	2.6172069332715218	0.029180828209868	4.168679409714418	0.0013242064632364	bpv_calibrated_supported						True	increased	heterologous_2vHPV_recall	cross_reactive_type	supported	bpv_calibrated_supported	not_applicable	A1_robust_bpv_calibrated	Robust and supported after BPV calibration	claim_ready	May support a primary HPV-associated systems-serology claim.	15.028125655310811	1
HPVVT-FJ-M03	Heterologous 2vHPV recall	dose_specific_recall	HPV33	IgG3	none	2	21	2.447719946957564	2.386677336340954	0.520815693010381	1.3613174485754842	3.5341224453396443	5.455532219846931	2.569196878232889	11.58448854346229	4.699781477031599	20.0	0.0001374909973523	1.0255763984880315	standard_continuous_model	HPVVT-FJ-M03|IgG subclass architecture|dose_specific_recall	0.0003299783936456	yes	HPV33|IgG3|dose2	mixedlm_powell	2.4477199469575663	0.5001369163971237	9.875675296639215e-07	2.3701620711934114e-06	2.220446049250313e-15	yes	cross_reactive_non_booster_target	antibody_isotype_or_subclass	IgG subclass architecture						1.162880883406056	0.0083965955320002	bpv_calibrated_supported						True	increased	heterologous_2vHPV_recall	cross_reactive_type	not_required	bpv_calibrated_supported	not_applicable	A1_robust_bpv_calibrated	Robust and supported after BPV calibration	claim_ready	May support a primary HPV-associated systems-serology claim.	13.929234442921164	1
HPVVT-FJ-M01	Primary 2vHPV induction	primary_induction	HPV31	IgM	none	0	20	1.5753647784969116	1.4555372388184926	0.3254680209780495	0.8941523816492009	2.2565771753446224	2.980108337042	1.8585176401775896	4.778564113956223	4.840305888618037	19.0	0.0001136849215963	1.0823252998842454	standard_continuous_model	HPVVT-FJ-M01|Antibody abundance|primary_induction	0.0003536864227442	yes	HPV31|IgM|dose0	mixedlm_powell	1.5753647784969076	0.3478448814159434	5.928340785789522e-06	1.659935420021066e-05	-3.996802888650564e-15	yes	cross_reactive_non_booster_target	antibody_isotype_or_subclass	Antibody abundance						1.6950847512048643	5.8607681957503146e-05	bpv_calibrated_supported						True	increased	primary_2vHPV_induction	cross_reactive_type	not_required	bpv_calibrated_supported	not_applicable	A1_robust_bpv_calibrated	Robust and supported after BPV calibration	claim_ready	May support a primary HPV-associated systems-serology claim.	13.026746389986794	1
HPVVT-FJ-M03	Heterologous 2vHPV recall	dose_specific_recall	HPV18	IgM	none	1	20	0.8213861852978122	0.7449971340110811	0.1665864234691298	0.4727167938390822	1.170055576756542	1.7671030635500509	1.3877202778562168	2.2502036520154656	4.93069103827674	19.0	9.282584403079524e-05	1.1025360337635806	standard_continuous_model	HPVVT-FJ-M03|Antibody abundance|dose_specific_recall	0.0003713033761231	yes	HPV18|IgM|dose1	mixedlm_lbfgs	0.8213861852978142	0.2122913406751891	0.0001092172433428	0.0002658042594715	1.9984014443252818e-15	yes	vaccine_target_2vHPV_and_4vHPV	antibody_isotype_or_subclass	Antibody abundance						0.8700767602914798	0.0002355589933081	bpv_calibrated_supported						True	increased	heterologous_2vHPV_recall	vaccine_type	not_required	bpv_calibrated_supported	not_applicable	A1_robust_bpv_calibrated	Robust and supported after BPV calibration	claim_ready	May support a primary HPV-associated systems-serology claim.	12.251657287175972	1
HPVVT-FJ-M03	Heterologous 2vHPV recall	dose_specific_recall	HPV52	FcgR2B	high	1	20	5.072012448298682	4.940482046632069	1.1047253697886592	2.7597956758159548	7.384229220781409	33.63782333361848	6.7730031926614975	167.0607744360292	4.591197583584949	19.0	0.0001993973371816	1.0266229895028718	two_part_floor_sensitivity_required	HPVVT-FJ-M03|Fc-receptor engagement|dose_specific_recall	0.0004486440086586	yes	HPV52|FcgR2B|dose1	mixedlm_powell	5.072012448298677	0.8102201729411105	3.848733868174751e-10	1.426295492323584e-09	-4.440892098500626e-15	yes	cross_reactive_non_booster_target	fc_gamma_receptor_binding	Fc-receptor engagement	sensitivity_supported	0.35	0.1785714285714285	3.736179728745457	0.0012904082716649	4.643727083075173	0.0025359812425532	bpv_calibrated_supported						True	increased	heterologous_2vHPV_recall	cross_reactive_type	supported	bpv_calibrated_supported	not_applicable	A1_robust_bpv_calibrated	Robust and supported after BPV calibration	claim_ready	May support a primary HPV-associated systems-serology claim.	16.420110575886	1
HPVVT-FJ-M03	Heterologous 2vHPV recall	dose_specific_recall	HPV18	IgA2	high	1	20	4.752425889451458	4.415538145218855	0.9873443449952696	2.685890425392388	6.818961353510527	26.953970262918894	6.4347782190089164	112.90467024770494	4.813341883752043	19.0	0.0001207871728586	1.0762959651016455	two_part_floor_sensitivity_required	HPVVT-FJ-M03|Antibody abundance|dose_specific_recall	0.0004611873872784	yes	HPV18|IgA2|dose1	mixedlm_powell	4.752425889451455	0.8899184925927768	9.279625433540968e-08	3.38908059311931e-07	-2.664535259100376e-15	yes	vaccine_target_2vHPV_and_4vHPV	antibody_isotype_or_subclass	Antibody abundance	sensitivity_supported	0.5	0.0234375	1.8356520406421912	0.2039433096879045	4.63266878164812	0.0091505964837448	bpv_calibrated_supported						True	increased	heterologous_2vHPV_recall	vaccine_type	supported	bpv_calibrated_supported	not_applicable	A1_robust_bpv_calibrated	Robust and supported after BPV calibration	claim_ready	May support a primary HPV-associated systems-serology claim.	16.08854846791096	1
HPVVT-FJ-M03	Heterologous 2vHPV recall	dose_specific_recall	HPV31	FcgR2B	moderate	3	19	2.713768023299369	2.565804109238491	0.5886358326890514	1.4770900287273512	3.950446017871388	6.5603283433521895	2.783866500304465	15.459760002098925	4.610266437403456	18.0	0.0002172892718179	1.057667658075734	above_floor_binary_sensitivity_required	HPVVT-FJ-M03|Fc-receptor engagement|dose_specific_recall	0.0004720422111906	yes	HPV31|FcgR2B|dose3	mixedlm_powell	2.713768023299372	0.7261275008745756	0.0001859950104408	0.0003166942069667	3.1086244689504387e-15	yes	cross_reactive_non_booster_target	fc_gamma_receptor_binding	Fc-receptor engagement	sensitivity_supported	0.0526315789473684	1.0	2.445690757309999	0.0010178269886111	1.7484316665985018	0.0101265315433912	bpv_calibrated_supported						True	increased	heterologous_2vHPV_recall	cross_reactive_type	supported	bpv_calibrated_supported	not_applicable	A1_robust_bpv_calibrated	Robust and supported after BPV calibration	claim_ready	May support a primary HPV-associated systems-serology claim.	14.039787187234186	1
HPVVT-FJ-M01	Primary 2vHPV induction	primary_induction	HPV18	IgM	none	0	20	1.2226119047871562	1.172914181318058	0.2622715841200691	0.6736711704360914	1.771552639138221	2.333688340452124	1.5951268652450237	3.414211990922505	4.661625501249266	19.0	0.0001700362062065	1.0423711506439888	standard_continuous_model	HPVVT-FJ-M01|Antibody abundance|primary_induction	0.0004761013773782	yes	HPV18|IgM|dose0	mixedlm_lbfgs	1.2226119047871449	0.212291340675188	8.455216551083864e-09	2.9593257928793522e-08	-1.1324274851176595e-14	yes	vaccine_target_2vHPV_and_4vHPV	antibody_isotype_or_subclass	Antibody abundance						1.3423318774951083	6.742206910539109e-06	bpv_calibrated_supported						True	increased	primary_2vHPV_induction	vaccine_type	not_required	bpv_calibrated_supported	not_applicable	A1_robust_bpv_calibrated	Robust and supported after BPV calibration	claim_ready	May support a primary HPV-associated systems-serology claim.	12.544912466881463	1
HPVVT-FJ-M03	Heterologous 2vHPV recall	dose_specific_recall	HPV18	IgG2	low	1	20	2.879995542778825	2.8149142449492923	0.6294339602539112	1.5625751233059348	4.197415962251716	7.361478461600409	2.953806097011465	18.346283865902784	4.575532501641708	19.0	0.0002065973788433	1.0231201706930526	continuous_model_plus_floor_summary	HPVVT-FJ-M03|IgG subclass architecture|dose_specific_recall	0.0004820605506343	yes	HPV18|IgG2|dose1	mixedlm_powell	2.879995542778825	0.5934977686365918	1.2186545332519144e-06	2.8435272442544666e-06	0.0	yes	vaccine_target_2vHPV_and_4vHPV	antibody_isotype_or_subclass	IgG subclass architecture						3.5312620095271328	0.0031597184621903	bpv_calibrated_supported						True	increased	heterologous_2vHPV_recall	vaccine_type	not_required	bpv_calibrated_supported	not_applicable	A1_robust_bpv_calibrated	Robust and supported after BPV calibration	claim_ready	May support a primary HPV-associated systems-serology claim.	14.196893950277031	1
HPVVT-FJ-M03	Heterologous 2vHPV recall	dose_specific_recall	HPV58	FcgR2A	moderate	3	19	3.665671163616598	3.499787953556368	0.8029064217564855	1.9788273658973936	5.352514961335802	12.690448601896511	3.941725649328009	40.85710169728143	4.565502360284228	18.0	0.0002397721049417	1.047398074472388	above_floor_binary_sensitivity_required	HPVVT-FJ-M03|Fc-receptor engagement|dose_specific_recall	0.0005035214203776	yes	HPV58|FcgR2A|dose3	mixedlm_powell	3.6656711636165977	0.9397345665508454	9.589448549761162e-05	0.0001830712904954	-4.440892098500626e-16	yes	cross_reactive_non_booster_target	fc_gamma_receptor_binding	Fc-receptor engagement	sensitivity_supported	0.0526315789473684	1.0	3.531718695092474	0.0013662394132982	2.93010148948148	0.005967274921188	bpv_calibrated_supported						True	increased	heterologous_2vHPV_recall	cross_reactive_type	supported	bpv_calibrated_supported	not_applicable	A1_robust_bpv_calibrated	Robust and supported after BPV calibration	claim_ready	May support a primary HPV-associated systems-serology claim.	14.963653212949573	1
HPVVT-FJ-M03	Heterologous 2vHPV recall	dose_specific_recall	HPV52	FcgR2A	high	1	20	4.956728302507235	4.95444011153026	1.10784648798333	2.6379789545664107	7.27547765044806	31.054454109862498	6.224590610049165	154.93052964875048	4.474201395475128	19.0	0.0002599712896619	1.0004618465306807	two_part_floor_sensitivity_required	HPVVT-FJ-M03|Fc-receptor engagement|dose_specific_recall	0.0005283287499582	yes	HPV52|FcgR2A|dose1	mixedlm_powell	4.956728302507234	1.0114008590667694	9.542077991964809e-07	2.504795472890762e-06	-8.881784197001252e-16	yes	cross_reactive_non_booster_target	fc_gamma_receptor_binding	Fc-receptor engagement	sensitivity_supported	0.35	0.1785714285714285	4.125761929063379	0.0077314499993538	3.644072320899282	0.005580458968543	bpv_calibrated_supported						True	increased	heterologous_2vHPV_recall	cross_reactive_type	supported	bpv_calibrated_supported	not_applicable	A1_robust_bpv_calibrated	Robust and supported after BPV calibration	claim_ready	May support a primary HPV-associated systems-serology claim.	16.233824058262712	1
HPVVT-FJ-M03	Heterologous 2vHPV recall	dose_specific_recall	HPV31	IgM	none	1	20	1.7851589406181383	1.694596504520218	0.3789232978540737	0.9920633634338551	2.5782545178024217	3.446564323309635	1.9890276938933915	5.97216703979562	4.711135342503054	19.0	0.0001520532553664	1.0534418877038585	standard_continuous_model	HPVVT-FJ-M03|Antibody abundance|dose_specific_recall	0.0005321863937824	yes	HPV31|IgM|dose1	mixedlm_powell	1.7851589406181358	0.3478448814159449	2.865962543329546e-07	1.0030868901653411e-06	-2.4424906541753444e-15	yes	cross_reactive_non_booster_target	antibody_isotype_or_subclass	Antibody abundance						1.8338495156118055	0.0004003071309915	bpv_calibrated_supported						True	increased	heterologous_2vHPV_recall	cross_reactive_type	not_required	bpv_calibrated_supported	not_applicable	A1_robust_bpv_calibrated	Robust and supported after BPV calibration	claim_ready	May support a primary HPV-associated systems-serology claim.	13.059095173711224	1
HPVVT-FJ-M03	Heterologous 2vHPV recall	dose_specific_recall	HPV31	IgG4	high	1	20	1.9893567999816308	1.9890996680394308	0.4447762071758433	1.0584294995341177	2.920284100429144	3.970599365713302	2.0826631252080423	7.569951727756259	4.47271407032601	19.0	0.0002608507329926	1.0001292705168734	two_part_floor_sensitivity_required	HPVVT-FJ-M03|IgG subclass architecture|dose_specific_recall	0.0005922016640913	yes	HPV31|IgG4|dose1	mixedlm_lbfgs	1.9893567999816304	0.4137689862130282	1.525297541364488e-06	3.462837661476135e-06	-4.440892098500626e-16	yes	cross_reactive_non_booster_target	antibody_isotype_or_subclass	IgG subclass architecture	sensitivity_supported	-0.25	0.1470588235294117	2.652475733308841	0.0015174907841005	2.162600930416164	0.0020713009720249	bpv_calibrated_supported						True	increased	heterologous_2vHPV_recall	cross_reactive_type	supported	bpv_calibrated_supported	not_applicable	A1_robust_bpv_calibrated	Robust and supported after BPV calibration	claim_ready	May support a primary HPV-associated systems-serology claim.	13.216887176555751	1
HPVVT-FJ-M03	Heterologous 2vHPV recall	dose_specific_recall	HPV31	IgG4	high	3	19	1.951499555650317	1.8935455480034815	0.4344091415125538	1.0388398157644383	2.8641592955361954	3.8677634298026367	2.054574744088501	7.281114494355075	4.4923077558991045	18.0	0.0002817395607329	1.0306060805920094	two_part_floor_sensitivity_required	HPVVT-FJ-M03|IgG subclass architecture|dose_specific_recall	0.0006227927131992	yes	HPV31|IgG4|dose3	mixedlm_lbfgs	1.951499555650317	0.4245180226187875	4.286650651850294e-06	9.475754072511176e-06	0.0	yes	cross_reactive_non_booster_target	antibody_isotype_or_subclass	IgG subclass architecture	sensitivity_supported	-0.2631578947368421	0.1470588235294117	2.6484636826682872	0.0015174907841005	2.692834220260837	0.0029867255893603	bpv_calibrated_supported						True	increased	heterologous_2vHPV_recall	cross_reactive_type	supported	bpv_calibrated_supported	not_applicable	A1_robust_bpv_calibrated	Robust and supported after BPV calibration	claim_ready	May support a primary HPV-associated systems-serology claim.	13.157156033057849	1
HPVVT-FJ-M03	Heterologous 2vHPV recall	dose_specific_recall	HPV16	IgA2	high	1	20	4.523405268357246	4.377515273079172	0.9788421723148584	2.4746650562330097	6.572145480481483	22.997502159986308	5.558382265916852	95.15090547867092	4.621179385497736	19.0	0.0001863171458025	1.0333271242193642	two_part_floor_sensitivity_required	HPVVT-FJ-M03|Antibody abundance|dose_specific_recall	0.0006260256098965	yes	HPV16|IgA2|dose1	mixedlm_powell	4.523405268357245	0.7168340182850628	2.7857653663787645e-10	1.544714936063042e-09	-8.881784197001252e-16	yes	vaccine_target_2vHPV_and_4vHPV	antibody_isotype_or_subclass	Antibody abundance	sensitivity_supported	0.2	0.2142857142857142	2.7948749594434914	0.0043752171947304	4.403648160553908	0.0063895538270515	bpv_calibrated_supported						True	increased	heterologous_2vHPV_recall	vaccine_type	supported	bpv_calibrated_supported	not_applicable	A1_robust_bpv_calibrated	Robust and supported after BPV calibration	claim_ready	May support a primary HPV-associated systems-serology claim.	15.726813168358907	1
HPVVT-FJ-M03	Heterologous 2vHPV recall	dose_specific_recall	HPV45	FcgR2A	moderate	2	21	3.2861049111250797	3.4921002985240195	0.7620387596363908	1.6965199131237716	4.875689909126387	9.754750081032714	3.2411817292162306	29.358165352369102	4.312254290966846	20.0	0.0003390191101318	0.9410110335358904	above_floor_binary_sensitivity_required	HPVVT-FJ-M03|Fc-receptor engagement|dose_specific_recall	0.000667443873072	yes	HPV45|FcgR2A|dose2	mixedlm_powell	3.2861049111250806	0.9955848178315412	0.0009645150726429	0.0014820597457683	8.881784197001252e-16	yes	cross_reactive_non_booster_target	fc_gamma_receptor_binding	Fc-receptor engagement	sensitivity_supported	0.0	1.0	3.2861049111250797	0.0009862374112926	3.0048379906052327	0.0016003554805882	bpv_calibrated_supported						True	increased	heterologous_2vHPV_recall	cross_reactive_type	supported	bpv_calibrated_supported	not_applicable	A1_robust_bpv_calibrated	Robust and supported after BPV calibration	claim_ready	May support a primary HPV-associated systems-serology claim.	14.461690160399312	1
HPVVT-FJ-M03	Heterologous 2vHPV recall	dose_specific_recall	HPV58	IgG4	none	3	19	1.669670634125714	1.6435664598182915	0.3770600055442545	0.8774969579844111	2.4618443102670167	3.181419537119633	1.8371850616172647	5.5092056225716615	4.428129766018765	18.0	0.0003246329456437	1.0158826399452738	standard_continuous_model	HPVVT-FJ-M03|IgG subclass architecture|dose_specific_recall	0.0006992094213865	yes	HPV58|IgG4|dose3	mixedlm_lbfgs	1.669670634125714	0.4230067356447561	7.908732524462408e-05	0.0001355782718479	0.0	yes	cross_reactive_non_booster_target	antibody_isotype_or_subclass	IgG subclass architecture						2.411005298736234	0.0047849673258298	bpv_calibrated_supported						True	increased	heterologous_2vHPV_recall	cross_reactive_type	not_required	bpv_calibrated_supported	not_applicable	A1_robust_bpv_calibrated	Robust and supported after BPV calibration	claim_ready	May support a primary HPV-associated systems-serology claim.	12.825063362627796	1
HPVVT-FJ-M03	Heterologous 2vHPV recall	dose_specific_recall	HPV45	IgG2	high	2	21	2.7012734875132223	2.8802780368913683	0.6285281965035002	1.390186644031002	4.012360330995443	6.5037575974819095	2.6211258855142274	16.137669358259465	4.29777614200985	20.0	0.0003506818162459	0.9378516424159724	two_part_floor_sensitivity_required	HPVVT-FJ-M03|IgG subclass architecture|dose_specific_recall	0.0007364318141165	yes	HPV45|IgG2|dose2	mixedlm_lbfgs	2.701273487513222	0.627711093457325	1.682190868292682e-05	3.364381736585364e-05	-4.440892098500626e-16	yes	cross_reactive_non_booster_target	antibody_isotype_or_subclass	IgG subclass architecture	sensitivity_supported	0.238095238095238	0.1470588235294117	2.413589611665572	0.0139845447868961	1.816772676275836	0.038004366403813	bpv_calibrated_supported						True	increased	heterologous_2vHPV_recall	cross_reactive_type	supported	bpv_calibrated_supported	not_applicable	A1_robust_bpv_calibrated	Robust and supported after BPV calibration	claim_ready	May support a primary HPV-associated systems-serology claim.	13.834140945599774	1
HPVVT-FJ-M03	Heterologous 2vHPV recall	dose_specific_recall	HPV52	FcgR2A	high	3	19	3.730942200292192	3.8795018841249305	0.8900187717987479	1.861082146392013	5.600802254192371	13.27778140167294	3.6328005149874754	48.52990914950355	4.191981471078272	18.0	0.0005478923260131	0.9617065055592188	two_part_floor_sensitivity_required	HPVVT-FJ-M03|Fc-receptor engagement|dose_specific_recall	0.001015212251142	yes	HPV52|FcgR2A|dose3	mixedlm_powell	3.730942200292192	1.0376753866828332	0.0003237926850934	0.0005368141884443	0.0	yes	cross_reactive_non_booster_target	fc_gamma_receptor_binding	Fc-receptor engagement	sensitivity_supported	0.1052631578947368	0.8695652173913043	3.773671567038367	3.390271351486784e-05	2.995372526157073	0.0106674186359949	bpv_calibrated_supported						True	increased	heterologous_2vHPV_recall	cross_reactive_type	supported	bpv_calibrated_supported	not_applicable	A1_robust_bpv_calibrated	Robust and supported after BPV calibration	claim_ready	May support a primary HPV-associated systems-serology claim.	14.724385350296103	1
HPVVT-FJ-M03	Heterologous 2vHPV recall	dose_specific_recall	HPV45	FcgR2A	moderate	3	19	3.535896797004563	3.698073380004552	0.848396218380933	1.753482482950978	5.318311111058148	11.59874491869779	3.371714737761666	39.899841520497965	4.167742288800411	18.0	0.0005782134372827	0.956145655768521	above_floor_binary_sensitivity_required	HPVVT-FJ-M03|Fc-receptor engagement|dose_specific_recall	0.0010407841871088	yes	HPV45|FcgR2A|dose3	mixedlm_powell	3.5358967970045687	1.0466732189840424	0.0007295557371871	0.0011490502860696	5.773159728050814e-15	yes	cross_reactive_non_booster_target	fc_gamma_receptor_binding	Fc-receptor engagement	sensitivity_supported	0.0	1.0	3.9970775697547984	1.360232019887548e-05	2.800327122869444	0.0134809456938486	bpv_calibrated_supported						True	increased	heterologous_2vHPV_recall	cross_reactive_type	supported	bpv_calibrated_supported	not_applicable	A1_robust_bpv_calibrated	Robust and supported after BPV calibration	claim_ready	May support a primary HPV-associated systems-serology claim.	14.51853611174423	1
HPVVT-FJ-M03	Heterologous 2vHPV recall	dose_specific_recall	HPV52	IgG3	low	3	19	3.494173292961086	3.730353717605072	0.8558018357211458	1.6962003542158577	5.292146231706314	11.268107231189482	3.2404638825729637	39.18273592136721	4.082923344066799	18.0	0.0006982549790803	0.9366868553163328	continuous_model_plus_floor_summary	HPVVT-FJ-M03|IgG subclass architecture|dose_specific_recall	0.0013965099581606	yes	HPV52|IgG3|dose3	mixedlm_powell	3.4941732929610865	0.8299127899820593	2.550434056446093e-05	4.982243273057484e-05	4.440892098500626e-16	yes	cross_reactive_non_booster_target	antibody_isotype_or_subclass	IgG subclass architecture						2.616310071889034	0.0382088803806841	bpv_calibrated_supported						True	increased	heterologous_2vHPV_recall	cross_reactive_type	not_required	bpv_calibrated_supported	not_applicable	A1_robust_bpv_calibrated	Robust and supported after BPV calibration	claim_ready	May support a primary HPV-associated systems-serology claim.	14.34912925606851	1
HPVVT-FJ-M03	Heterologous 2vHPV recall	dose_specific_recall	HPV58	FcgR2A	moderate	1	20	4.423546303399879	4.988265428528052	1.1154100588000844	2.088966219802367	6.7581263869973895	21.45952597691433	4.254431074397263	108.24273495113628	3.965847598827073	19.0	0.0008283596535361	0.886790481938165	above_floor_binary_sensitivity_required	HPVVT-FJ-M03|Fc-receptor engagement|dose_specific_recall	0.0014496293936882	yes	HPV58|FcgR2A|dose1	mixedlm_powell	4.423546303399875	0.915939955887928	1.368655938391533e-06	3.111703212209683e-06	-4.440892098500626e-15	yes	cross_reactive_non_booster_target	fc_gamma_receptor_binding	Fc-receptor engagement	sensitivity_supported	0.25	0.2222222222222222	3.180028934999945	0.0300051829896774	3.1108903217919264	0.0165173200333462	bpv_calibrated_supported						True	increased	heterologous_2vHPV_recall	cross_reactive_type	supported	bpv_calibrated_supported	not_applicable	A1_robust_bpv_calibrated	Robust and supported after BPV calibration	claim_ready	May support a primary HPV-associated systems-serology claim.	15.262289316922573	1
HPVVT-FJ-M03	Heterologous 2vHPV recall	dose_specific_recall	HPV58	FcgR2A	moderate	2	21	2.810645944980559	3.350491199727734	0.7311371208588451	1.2855206359298244	4.335771254031294	7.015986369648622	2.4377000793239576	20.19283059331337	3.844211796658576	20.0	0.0010124625360127	0.8388757878871482	above_floor_binary_sensitivity_required	HPVVT-FJ-M03|Fc-receptor engagement|dose_specific_recall	0.0017239226964541	yes	HPV58|FcgR2A|dose2	mixedlm_powell	2.810645944980555	0.8938658697675057	0.0016644426018593	0.0023367066301749	-3.996802888650564e-15	yes	cross_reactive_non_booster_target	fc_gamma_receptor_binding	Fc-receptor engagement	sensitivity_supported	0.0952380952380952	0.7619047619047619	2.245716973123975	0.0078900821758755	2.529379024460712	0.0032203796790378	bpv_calibrated_supported						True	increased	heterologous_2vHPV_recall	cross_reactive_type	supported	bpv_calibrated_supported	not_applicable	A1_robust_bpv_calibrated	Robust and supported after BPV calibration	claim_ready	May support a primary HPV-associated systems-serology claim.	13.574128157538343	1
HPVVT-FJ-M03	Heterologous 2vHPV recall	dose_specific_recall	HPV16	IgG4	moderate	1	20	2.4882892950453352	2.864468825242462	0.640514701267111	1.1476766180911493	3.828901971999521	5.61112205465736	2.2155680177072696	14.210663116920896	3.884827764488196	19.0	0.0009967578695934	0.8686738962274149	above_floor_binary_sensitivity_required	HPVVT-FJ-M03|IgG subclass architecture|dose_specific_recall	0.0019029013874057	yes	HPV16|IgG4|dose1	mixedlm_lbfgs	2.4882892950453344	0.5079705902010959	9.657552848816185e-07	2.3701620711934114e-06	-8.881784197001252e-16	yes	vaccine_target_2vHPV_and_4vHPV	antibody_isotype_or_subclass	IgG subclass architecture	sensitivity_supported	-0.05	1.0	2.6192518895214056	0.0059256228520218	2.6615334254798686	0.0007502401840479	bpv_calibrated_supported						True	increased	heterologous_2vHPV_recall	vaccine_type	supported	bpv_calibrated_supported	not_applicable	A1_robust_bpv_calibrated	Robust and supported after BPV calibration	claim_ready	May support a primary HPV-associated systems-serology claim.	13.208873012283918	1
HPVVT-FJ-M03	Heterologous 2vHPV recall	dose_specific_recall	HPV58	IgG2	none	1	20	2.1682482787140382	2.5391836078124257	0.567778715442175	0.9798737697125416	3.356622787715535	4.494773067657014	1.972292833372172	10.243400263840302	3.81882627816622	19.0	0.0011588855963925	0.8539155152242188	standard_continuous_model	HPVVT-FJ-M03|IgG subclass architecture|dose_specific_recall	0.0021162258716733	yes	HPV58|IgG2|dose1	mixedlm_lbfgs	2.168248278714037	0.5567663623657821	9.845860758449636e-05	0.0001654104607419	-1.3322676295501878e-15	yes	cross_reactive_non_booster_target	antibody_isotype_or_subclass	IgG subclass architecture						2.819514745462345	0.0165411709795357	bpv_calibrated_supported						True	increased	heterologous_2vHPV_recall	cross_reactive_type	not_required	bpv_calibrated_supported	not_applicable	A1_robust_bpv_calibrated	Robust and supported after BPV calibration	claim_ready	May support a primary HPV-associated systems-serology claim.	12.842686259213766	1
HPVVT-FJ-M01	Primary 2vHPV induction	primary_induction	HPV33	IgA2	high	0	20	2.555031063246548	3.024596753017293	0.6763203944271808	1.1394762092235744	3.9705859172695215	5.876801067515871	2.20301025260576	15.677090356844657	3.777841218895325	19.0	0.0012725242978098	0.844750977365061	two_part_floor_sensitivity_required	HPVVT-FJ-M01|Antibody abundance|primary_induction	0.0027408215645134	yes	HPV33|IgA2|dose0	mixedlm_lbfgs	2.555031063246535	0.644923854251204	7.440049743797222e-05	0.000160247225251	-1.2878587085651816e-14	yes	cross_reactive_non_booster_target	antibody_isotype_or_subclass	Antibody abundance	sensitivity_supported	0.2	0.2142857142857142	2.7786673211153934	0.0215321238830122	1.618505171475745	0.0352015005870658	bpv_calibrated_supported						True	increased	primary_2vHPV_induction	cross_reactive_type	supported	bpv_calibrated_supported	not_applicable	A1_robust_bpv_calibrated	Robust and supported after BPV calibration	claim_ready	May support a primary HPV-associated systems-serology claim.	13.117150300625575	1
HPVVT-FJ-M03	Heterologous 2vHPV recall	dose_specific_recall	HPV16	IgA2	high	3	19	2.2001065108188125	2.4715818317068234	0.5670197597421681	1.0088422003243576	3.3913708213132674	4.595132655420068	2.012295533291649	10.493112851256118	3.880123175635417	18.0	0.0010969454737179	0.8901613058465737	two_part_floor_sensitivity_required	HPVVT-FJ-M03|Antibody abundance|dose_specific_recall	0.0028794818685095	yes	HPV16|IgA2|dose3	mixedlm_powell	2.200106510818814	0.7354561847986878	0.0027762372466819	0.0051823095271395	1.3322676295501878e-15	yes	vaccine_target_2vHPV_and_4vHPV	antibody_isotype_or_subclass	Antibody abundance	sensitivity_supported	0.1052631578947368	0.6206896551724138	1.607682123615835	0.0040757703222963	2.226162175680208	0.0329890191220174	bpv_calibrated_supported						True	increased	heterologous_2vHPV_recall	vaccine_type	supported	bpv_calibrated_supported	not_applicable	A1_robust_bpv_calibrated	Robust and supported after BPV calibration	claim_ready	May support a primary HPV-associated systems-serology claim.	12.740792162605107	1
HPVVT-FJ-M03	Heterologous 2vHPV recall	dose_specific_recall	HPV52	IgG2	high	1	20	1.9257523427772696	2.358616395009661	0.5274026592087099	0.8218858906945563	3.029618794859983	3.799349268181365	1.7677152399681628	8.1659390241441	3.651389141015288	19.0	0.001697754028771	0.8164754331614749	two_part_floor_sensitivity_required	HPVVT-FJ-M03|IgG subclass architecture|dose_specific_recall	0.0029104354778932	yes	HPV52|IgG2|dose1	mixedlm_lbfgs	1.9257523427772687	0.6190301718739056	0.001865064791002	0.0027485165341082	-4.440892098500626e-16	yes	cross_reactive_non_booster_target	antibody_isotype_or_subclass	IgG subclass architecture	sensitivity_supported	0.25	0.1470588235294117	1.298227348218459	0.0499781563055449	2.577018809525576	0.0083965955320002	bpv_calibrated_supported						True	increased	heterologous_2vHPV_recall	cross_reactive_type	supported	bpv_calibrated_supported	not_applicable	A1_robust_bpv_calibrated	Robust and supported after BPV calibration	claim_ready	May support a primary HPV-associated systems-serology claim.	12.461794367022906	1
HPVVT-FJ-M03	Heterologous 2vHPV recall	dose_specific_recall	HPV31	FcgR2A	low	2	21	2.330053899987353	3.0153334561481646	0.6579997051586558	0.9574905667146992	3.702617233260007	5.028241352814008	1.9419291510382235	13.019636215168587	3.5411169362538457	20.0	0.0020502055729642	0.7727350669082554	continuous_model_plus_floor_summary	HPVVT-FJ-M03|Fc-receptor engagement|dose_specific_recall	0.0032290737774187	yes	HPV31|FcgR2A|dose2	mixedlm_powell	2.330053899987351	1.0163480980486768	0.0218725043832825	0.0275593555229359	-2.220446049250313e-15	yes	cross_reactive_non_booster_target	fc_gamma_receptor_binding	Fc-receptor engagement						2.0487869794675064	0.0159096934730202	bpv_calibrated_supported						True	increased	heterologous_2vHPV_recall	cross_reactive_type	not_required	bpv_calibrated_supported	not_applicable	A1_robust_bpv_calibrated	Robust and supported after BPV calibration	claim_ready	May support a primary HPV-associated systems-serology claim.	12.82097593215824	1
HPVVT-FJ-M03	Heterologous 2vHPV recall	dose_specific_recall	HPV16	IgM	none	1	20	1.463621301895222	1.7594627885982357	0.3934278399186996	0.6401673692715003	2.287075234518944	2.757997792070303	1.55850995397143	4.880656553833025	3.720177255879182	19.0	0.0014514167594961	0.8318569232494479	standard_continuous_model	HPVVT-FJ-M03|Antibody abundance|dose_specific_recall	0.0032951083188561	yes	HPV16|IgM|dose1	mixedlm_powell	1.4636213018952215	0.3786132493707902	0.0001107517747798	0.0002658042594715	-4.440892098500626e-16	yes	vaccine_target_2vHPV_and_4vHPV	antibody_isotype_or_subclass	Antibody abundance						1.5123118768888897	0.0032312909782722	bpv_calibrated_supported						True	increased	heterologous_2vHPV_recall	vaccine_type	not_required	bpv_calibrated_supported	not_applicable	A1_robust_bpv_calibrated	Robust and supported after BPV calibration	claim_ready	May support a primary HPV-associated systems-serology claim.	11.94575160633142	1
HPVVT-FJ-M03	Heterologous 2vHPV recall	dose_specific_recall	HPV16	IgG2	moderate	1	20	2.491257919520913	3.144715481230729	0.7031797585927874	1.0194857702132134	3.963030068828612	5.62267991226438	2.027196263183655	15.595199127948096	3.542846461488669	19.0	0.0021732781022683	0.7922045521733252	above_floor_binary_sensitivity_required	HPVVT-FJ-M03|IgG subclass architecture|dose_specific_recall	0.0036511072118107	yes	HPV16|IgG2|dose1	mixedlm_powell	2.4912579195209124	0.6782268202077428	0.0002395385450734	0.0003869468805031	-4.440892098500626e-16	yes	vaccine_target_2vHPV_and_4vHPV	antibody_isotype_or_subclass	IgG subclass architecture	sensitivity_supported	0.1	0.7407407407407407	1.9338534578657096	0.031489742787388	3.142524386269219	0.0007902112473348	bpv_calibrated_supported						True	increased	heterologous_2vHPV_recall	vaccine_type	supported	bpv_calibrated_supported	not_applicable	A1_robust_bpv_calibrated	Robust and supported after BPV calibration	claim_ready	May support a primary HPV-associated systems-serology claim.	12.928833333677689	1
HPVVT-FJ-M03	Heterologous 2vHPV recall	dose_specific_recall	HPV31	FcgR2A	low	1	20	3.73596922304689	4.956546155778567	1.1083174137936138	1.4162342160573005	6.05570423003648	13.324128087988344	2.6688795866450685	66.51944516098914	3.370847716142252	19.0	0.0032091373348227	0.7537444635093989	continuous_model_plus_floor_summary	HPVVT-FJ-M03|Fc-receptor engagement|dose_specific_recall	0.0047017593510193	yes	HPV31|FcgR2A|dose1	mixedlm_powell	3.735969223046891	1.041446892178147	0.0003341360836582	0.0005397582889863	8.881784197001252e-16	yes	cross_reactive_non_booster_target	fc_gamma_receptor_binding	Fc-receptor engagement						2.423313241438938	0.0402003412052616	bpv_calibrated_supported						True	increased	heterologous_2vHPV_recall	cross_reactive_type	not_required	bpv_calibrated_supported	not_applicable	A1_robust_bpv_calibrated	Robust and supported after BPV calibration	claim_ready	May support a primary HPV-associated systems-serology claim.	14.0637088260757	1
HPVVT-FJ-M03	Heterologous 2vHPV recall	dose_specific_recall	HPV31	IgM	none	3	19	1.3660399141845556	1.742811516212688	0.3998283829900002	0.5260316520469603	2.2060481763221507	2.5776205734769517	1.439962910273437	4.614096497492413	3.416565637409289	18.0	0.003076515078648	0.7838139130231957	standard_continuous_model	HPVVT-FJ-M03|Antibody abundance|dose_specific_recall	0.0060099364327078	yes	HPV31|IgM|dose3	mixedlm_powell	1.3660399141845552	0.3568813182163869	0.0001293384821131	0.0002936333107432	-4.440892098500626e-16	yes	cross_reactive_non_booster_target	antibody_isotype_or_subclass	Antibody abundance						1.3114173341183253	0.014956149412585	bpv_calibrated_supported						True	increased	heterologous_2vHPV_recall	cross_reactive_type	not_required	bpv_calibrated_supported	not_applicable	A1_robust_bpv_calibrated	Robust and supported after BPV calibration	claim_ready	May support a primary HPV-associated systems-serology claim.	11.587170035704318	1
HPVVT-FJ-M01	Primary 2vHPV induction	primary_induction	HPV31	IgG	none	0	20	2.032957307307018	2.736852343930809	0.6119787885408922	0.7520709821033029	3.313843632510733	4.092428772684949	1.6842087700094504	9.94411949262422	3.3219408015007974	19.0	0.0035836848643379	0.7428085449385917	standard_continuous_model	HPVVT-FJ-M01|Antibody abundance|primary_induction	0.0066895450800974	yes	HPV31|IgG|dose0	mixedlm_powell	2.032957307307011	0.4747668100205618	1.8521076409917104e-05	4.321584495647325e-05	-7.105427357601002e-15	yes	cross_reactive_non_booster_target	antibody_isotype_or_subclass	Antibody abundance						2.1082144917853523	0.0064822696479863	bpv_calibrated_supported						True	increased	primary_2vHPV_induction	cross_reactive_type	not_required	bpv_calibrated_supported	not_applicable	A1_robust_bpv_calibrated	Robust and supported after BPV calibration	claim_ready	May support a primary HPV-associated systems-serology claim.	12.207560722561777	1
HPVVT-FJ-M03	Heterologous 2vHPV recall	dose_specific_recall	HPV58	IgG4	none	2	21	1.597181873475692	2.268512195227306	0.4950299452171225	0.564567502450765	2.6297962445006187	3.025517382639302	1.478944078338073	6.189385769703257	3.226434862996339	20.0	0.00423276924653	0.7040658087869143	standard_continuous_model	HPVVT-FJ-M03|IgG subclass architecture|dose_specific_recall	0.0068375503213177	yes	HPV58|IgG4|dose2	mixedlm_lbfgs	1.5971818734756915	0.4023596631785227	7.201219672618244e-05	0.0001260213442708	-4.440892098500626e-16	yes	cross_reactive_non_booster_target	antibody_isotype_or_subclass	IgG subclass architecture						1.3225403434335696	0.0382088803806841	bpv_calibrated_supported						True	increased	heterologous_2vHPV_recall	cross_reactive_type	not_required	bpv_calibrated_supported	not_applicable	A1_robust_bpv_calibrated	Robust and supported after BPV calibration	claim_ready	May support a primary HPV-associated systems-serology claim.	11.762281337908949	1
HPVVT-FJ-M03	Heterologous 2vHPV recall	dose_specific_recall	HPV31	IgG4	high	2	21	1.7803082299175732	2.5460450014311977	0.5555925686582102	0.6213624401240123	2.939254019711134	3.434995549688056	1.5383272479926802	7.670145895012383	3.204341329145431	20.0	0.004451880319598	0.6992446044421116	two_part_floor_sensitivity_required	HPVVT-FJ-M03|IgG subclass architecture|dose_specific_recall	0.0070558103178535	yes	HPV31|IgG4|dose2	mixedlm_lbfgs	1.7803082299175734	0.4037971838291349	1.038888734682296e-05	2.1816663428328217e-05	2.220446049250313e-16	yes	cross_reactive_non_booster_target	antibody_isotype_or_subclass	IgG subclass architecture	sensitivity_supported	-0.3333333333333333	0.048076923076923	2.836314351654028	0.0059256228520218	1.5056666998754509	0.0442154016208192	bpv_calibrated_supported						True	increased	heterologous_2vHPV_recall	cross_reactive_type	supported	bpv_calibrated_supported	not_applicable	A1_robust_bpv_calibrated	Robust and supported after BPV calibration	claim_ready	May support a primary HPV-associated systems-serology claim.	11.931761332824538	1
HPVVT-FJ-M03	Heterologous 2vHPV recall	dose_specific_recall	HPV52	IgG4	none	2	21	1.8187150899895148	2.6278107260257006	0.5734353125728399	0.6225499885911114	3.014880191387918	3.5276687318500537	1.5395940370208143	8.082940296231042	3.171613345242834	20.0	0.0047968859244638	0.6921027728432094	standard_continuous_model	HPVVT-FJ-M03|IgG subclass architecture|dose_specific_recall	0.007461822549166	yes	HPV52|IgG4|dose2	mixedlm_powell	1.818715089989516	0.4327878519405099	2.641877923417056e-05	5.043585126523471e-05	1.1102230246251563e-15	yes	cross_reactive_non_booster_target	antibody_isotype_or_subclass	IgG subclass architecture						1.544073559947393	0.0382088803806841	bpv_calibrated_supported						True	increased	heterologous_2vHPV_recall	cross_reactive_type	not_required	bpv_calibrated_supported	not_applicable	A1_robust_bpv_calibrated	Robust and supported after BPV calibration	claim_ready	May support a primary HPV-associated systems-serology claim.	11.945870173190677	1
HPVVT-FJ-M03	Heterologous 2vHPV recall	dose_specific_recall	HPV18	IgM	none	3	19	0.8252219123193689	1.0980174350809253	0.2519024756717624	0.295994449189301	1.3544493754494369	1.7718075529597068	1.2277309601757624	2.55699506370324	3.2759579282367257	18.0	0.0041981987600413	0.7515562922355136	standard_continuous_model	HPVVT-FJ-M03|Antibody abundance|dose_specific_recall	0.0078366376854105	yes	HPV18|IgM|dose3	mixedlm_lbfgs	0.8252219123193684	0.2178063198678786	0.0001513841915343	0.0003316416162913	-5.551115123125784e-16	yes	vaccine_target_2vHPV_and_4vHPV	antibody_isotype_or_subclass	Antibody abundance						0.7705993322531385	0.047381501709626	bpv_calibrated_supported						True	increased	heterologous_2vHPV_recall	vaccine_type	not_required	bpv_calibrated_supported	not_applicable	A1_robust_bpv_calibrated	Robust and supported after BPV calibration	claim_ready	May support a primary HPV-associated systems-serology claim.	10.93109214400804	1
HPVVT-FJ-M03	Heterologous 2vHPV recall	dose_specific_recall	HPV52	FcgR2A	high	2	21	2.706832268109981	4.125707661277484	0.9003032215744428	0.8288326564500186	4.584831879769943	6.528865260358215	1.7762475461925475	23.997827149308616	3.0065784540638383	20.0	0.0069718653366002	0.6560892070748023	two_part_floor_sensitivity_required	HPVVT-FJ-M03|Fc-receptor engagement|dose_specific_recall	0.0093452663022513	yes	HPV52|FcgR2A|dose2	mixedlm_powell	2.706832268109986	0.9870261721434692	0.0060989817959506	0.0083529533292366	5.3290705182007506e-15	yes	cross_reactive_non_booster_target	fc_gamma_receptor_binding	Fc-receptor engagement	sensitivity_supported	0.0952380952380952	0.7619047619047619	2.004337131433963	0.0389675714848516	2.4255653475901333	0.0106674186359949	bpv_calibrated_supported						True	increased	heterologous_2vHPV_recall	cross_reactive_type	supported	bpv_calibrated_supported	not_applicable	A1_robust_bpv_calibrated	Robust and supported after BPV calibration	claim_ready	May support a primary HPV-associated systems-serology claim.	12.736240586584492	1
HPVVT-FJ-M03	Heterologous 2vHPV recall	dose_specific_recall	HPV18	IgG4	high	1	20	2.0124065787615644	2.983628965720091	0.6671597186987512	0.6160252393928278	3.408787918130301	4.034546670972335	1.532646773036901	10.620559888042802	3.016379020434003	19.0	0.007099382138689	0.6744828535594658	two_part_floor_sensitivity_required	HPVVT-FJ-M03|IgG subclass architecture|dose_specific_recall	0.0108426927209069	yes	HPV18|IgG4|dose1	mixedlm_powell	2.012406578761567	0.6467439773984681	0.0018607837058608	0.0027485165341082	2.664535259100376e-15	yes	vaccine_target_2vHPV_and_4vHPV	antibody_isotype_or_subclass	IgG subclass architecture	sensitivity_supported	0.45	0.01953125	0.4382540165794735	0.6203197182763659	2.185650709196098	0.0255755837036687	bpv_calibrated_supported						True	increased	heterologous_2vHPV_recall	vaccine_type	supported	bpv_calibrated_supported	not_applicable	A1_robust_bpv_calibrated	Robust and supported after BPV calibration	claim_ready	May support a primary HPV-associated systems-serology claim.	11.977269428606425	1
HPVVT-FJ-M01	Primary 2vHPV induction	primary_induction	HPV31	FcgR2B	moderate	0	20	2.3336024071487924	3.1468562701581706	0.7036584535495112	0.8608283377819461	3.806376476515639	5.040624227431785	1.8160807322570816	13.99050832426076	3.3163850947533517	19.0	0.0036288554951903	0.7415662511435575	above_floor_binary_sensitivity_required	HPVVT-FJ-M01|Fc-receptor engagement|primary_induction	0.0144529596490535	yes	HPV31|FcgR2B|dose0	mixedlm_powell	2.3336024071487675	0.7077415419134527	0.0009763576220353	0.0041007020125482	-2.4868995751603507e-14	yes	cross_reactive_non_booster_target	fc_gamma_receptor_binding	Fc-receptor engagement	sensitivity_supported	0.1	0.7619047619047619	1.9120940844875944	0.019320957755174	2.4136020206599214	0.0124003597525381	bpv_calibrated_supported						True	increased	primary_2vHPV_induction	cross_reactive_type	supported	bpv_calibrated_supported	not_applicable	A1_robust_bpv_calibrated	Robust and supported after BPV calibration	claim_ready	May support a primary HPV-associated systems-serology claim.	12.173645616967185	1
HPVVT-FJ-M01	Primary 2vHPV induction	primary_induction	HPV31	FcgR3A	moderate	0	20	2.0160363294119827	2.766497487699776	0.6186076442079087	0.7212756498440014	3.3107970089799643	4.044710174515821	1.6486391385565191	9.923142071075462	3.258990328180313	19.0	0.0041294170425867	0.7287323911825528	above_floor_binary_sensitivity_required	HPVVT-FJ-M01|Fc-receptor engagement|primary_induction	0.0144529596490535	yes	HPV31|FcgR3A|dose0	mixedlm_powell	2.016036329411983	0.6702726009377462	0.0026315865544592	0.0092105529406072	4.440892098500626e-16	yes	cross_reactive_non_booster_target	fc_gamma_receptor_binding	Fc-receptor engagement	sensitivity_supported	0.1	0.7619047619047619	1.829164441730556	0.0201829644787697	1.6478157910647204	0.0484535700944838	bpv_calibrated_supported						True	increased	primary_2vHPV_induction	cross_reactive_type	supported	bpv_calibrated_supported	not_applicable	A1_robust_bpv_calibrated	Robust and supported after BPV calibration	claim_ready	May support a primary HPV-associated systems-serology claim.	11.856079539230375	1
HPVVT-FJ-M01	Primary 2vHPV induction	primary_induction	HPV31	IgG1	none	0	20	1.973137563655733	2.5464605886765144	0.5694058978304817	0.7813573227746007	3.1649178045368647	3.926210609050766	1.7187471517901272	8.968817624260476	3.4652566318221685	19.0	0.0025917426895021	0.7748549388236329	standard_continuous_model	HPVVT-FJ-M01|IgG subclass architecture|primary_induction	0.0145137590612122	yes	HPV31|IgG1|dose0	mixedlm_powell	1.9731375636557504	0.4585077391053434	1.6820447072816008e-05	9.419450360776964e-05	1.754152378907747e-14	yes	cross_reactive_non_booster_target	antibody_isotype_or_subclass	IgG subclass architecture						1.8249142275915395	0.0145626878726682	bpv_calibrated_supported						True	increased	primary_2vHPV_induction	cross_reactive_type	not_required	bpv_calibrated_supported	not_applicable	A1_robust_bpv_calibrated	Robust and supported after BPV calibration	claim_ready	May support a primary HPV-associated systems-serology claim.	11.811357654449589	1
HPVVT-FJ-M01	Primary 2vHPV induction	primary_induction	HPV45	IgG1	none	0	20	1.1725152600167807	1.7672467959617857	0.3951683968789253	0.3454182998072389	1.9996122202263225	2.254043347150666	1.2705193077409689	3.998924990654313	2.967128113678648	19.0	0.0079168273654794	0.6634700160136179	standard_continuous_model	HPVVT-FJ-M01|IgG subclass architecture|primary_induction	0.0324164345712648	yes	HPV45|IgG1|dose0	mixedlm_powell	1.172515260016768	0.365507554951645	0.0013370343464735	0.0062394936168763	-1.2656542480726783e-14	yes	cross_reactive_non_booster_target	antibody_isotype_or_subclass	IgG subclass architecture						1.024291923952588	0.0255755837036687	bpv_calibrated_supported						True	increased	primary_2vHPV_induction	cross_reactive_type	not_required	bpv_calibrated_supported	not_applicable	A1_robust_bpv_calibrated	Robust and supported after BPV calibration	claim_ready	May support a primary HPV-associated systems-serology claim.	10.661750014192059	1
HPVVT-FJ-M01	Primary 2vHPV induction	primary_induction	HPV58	IgG	none	0	20	0.7339207789043733	1.3762389123724978	0.3077363761345281	0.089821141238377	1.3780204165703696	1.6631528673931657	1.0642382348642216	2.599114906514341	2.3849009601111866	19.0	0.0276592838732987	0.5332800666413127	standard_continuous_model	HPVVT-FJ-M01|Antibody abundance|primary_induction	0.0387229974226183	yes	HPV58|IgG|dose0	mixedlm_powell	0.7339207789043507	0.3222546204121963	0.0227589981432203	0.0318625974005084	-2.2648549702353197e-14	yes	cross_reactive_non_booster_target	antibody_isotype_or_subclass	Antibody abundance						0.8091779633827073	0.041142716480428	bpv_calibrated_supported						True	increased	primary_2vHPV_induction	cross_reactive_type	not_required	bpv_calibrated_supported	not_applicable	A1_robust_bpv_calibrated	Robust and supported after BPV calibration	claim_ready	May support a primary HPV-associated systems-serology claim.	10.145951811628578	1
HPVVT-FJ-M01	Primary 2vHPV induction	primary_induction	HPV45	IgG	none	0	20	1.167879910523734	2.295786478084552	0.5133534626821888	0.0934187647161381	2.24234105633133	2.246812774298569	1.066895418910985	4.73164243961612	2.2750015251124447	19.0	0.034681212178552	0.5087058059067121	standard_continuous_model	HPVVT-FJ-M01|Antibody abundance|primary_induction	0.0441397245908844	yes	HPV45|IgG|dose0	mixedlm_powell	1.167879910523729	0.3934241332505132	0.0029925618406022	0.0055861154357907	-5.10702591327572e-15	yes	cross_reactive_non_booster_target	antibody_isotype_or_subclass	Antibody abundance						1.2431370950020677	0.0213572073579749	bpv_calibrated_supported						True	increased	primary_2vHPV_induction	cross_reactive_type	not_required	bpv_calibrated_supported	not_applicable	A1_robust_bpv_calibrated	Robust and supported after BPV calibration	claim_ready	May support a primary HPV-associated systems-serology claim.	10.523050291463216	1
HPVVT-FJ-M01	Primary 2vHPV induction	primary_induction	HPV45	IgM	none	0	20	0.5097683869783175	0.998620880653992	0.223298417289303	0.0423994282805122	0.9771373456761228	1.4238215942050627	1.0298251640266285	1.9685554431375565	2.282901926339527	19.0	0.0341260649211443	0.51047238932604	standard_continuous_model	HPVVT-FJ-M01|Antibody abundance|primary_induction	0.0441397245908844	yes	HPV45|IgM|dose0	mixedlm_powell	0.5097683869783122	0.2828641425039632	0.0715191550615764	0.0834390142385058	-5.3290705182007506e-15	yes	cross_reactive_non_booster_target	antibody_isotype_or_subclass	Antibody abundance						0.62948835968627	0.0141284170183929	bpv_calibrated_supported						True	increased	primary_2vHPV_induction	cross_reactive_type	not_required	bpv_calibrated_supported	not_applicable	A1_robust_bpv_calibrated	Robust and supported after BPV calibration	claim_ready	May support a primary HPV-associated systems-serology claim.	9.864938767917799	1
HPVVT-FJ-M03	Heterologous 2vHPV recall	dose_specific_recall	HPV18	nAb	high	3	19	5.157894736842105	1.11868761873192	0.2566445410232946	4.61870456409874	5.69708490958547	35.7010533683694	24.56793276499066	51.87922092604459	20.097426254525104	18.0	8.856986380163944e-14	4.610665793091371	two_part_floor_sensitivity_required	HPVVT-FJ-M03|Neutralization|dose_specific_recall	5.314191828098368e-13	yes	HPV18|nAb|dose3	mixedlm_powell	5.157894736842103	0.4198493878993996	1.089005755925043e-34	2.178011511850086e-34	-2.664535259100376e-15	yes	vaccine_target_2vHPV_and_4vHPV	neutralizing_antibody	Neutralization	sensitivity_supported	0.0526315789473684	1.0	5.055555555555555	1.3869274728443277e-12									True	increased	heterologous_2vHPV_recall	vaccine_type	supported	not_available_for_unshared_assay	not_applicable	A2_robust_without_bpv_calibration	Robust but BPV calibration unavailable	claim_ready	May support a primary claim, but BPV calibration was unavailable for this assay feature.	23.432457509616746	2
HPVVT-FJ-M03	Heterologous 2vHPV recall	dose_specific_recall	HPV18	nAb	high	2	21	5.238095238095238	1.729299335128592	0.3773640524982657	4.450927618271749	6.025262857918727	37.74190236471566	21.87070192438208	65.1305659522391	13.880747790939392	20.0	9.966637870324866e-12	3.0290274978367058	two_part_floor_sensitivity_required	HPVVT-FJ-M03|Neutralization|dose_specific_recall	2.9899913610974596e-11	yes	HPV18|nAb|dose2	mixedlm_powell	5.238095238095234	0.3993564264252763	2.654434717988364e-39	7.96330415396509e-39	-4.440892098500626e-15	yes	vaccine_target_2vHPV_and_4vHPV	neutralizing_antibody	Neutralization	sensitivity_supported	0.0952380952380952	1.0	5.105263157894737	3.5566204579486267e-10									True	increased	heterologous_2vHPV_recall	vaccine_type	supported	not_available_for_unshared_assay	not_applicable	A2_robust_without_bpv_calibration	Robust but BPV calibration unavailable	claim_ready	May support a primary claim, but BPV calibration was unavailable for this assay feature.	21.762425304564495	2
HPVVT-FJ-M03	Heterologous 2vHPV recall	dose_specific_recall	HPV18	nAb	high	1	20	6.1	2.125038699338017	0.4751730986537543	5.105451274509981	7.094548725490018	68.59350160232275	34.42658743524749	136.669615334879	12.837427070855506	19.0	8.223892517681261e-11	2.870535958662892	two_part_floor_sensitivity_required	HPVVT-FJ-M03|Neutralization|dose_specific_recall	1.644778503536252e-10	yes	HPV18|nAb|dose1	mixedlm_powell	6.100000000000001	0.4092185639649373	2.992019485775422e-50	1.7952116914652532e-49	1.7763568394002505e-15	yes	vaccine_target_2vHPV_and_4vHPV	neutralizing_antibody	Neutralization	sensitivity_supported	0.3	0.0833333333333333	5.642857142857143	1.049237400653189e-07									True	increased	heterologous_2vHPV_recall	vaccine_type	supported	not_available_for_unshared_assay	not_applicable	A2_robust_without_bpv_calibration	Robust but BPV calibration unavailable	claim_ready	May support a primary claim, but BPV calibration was unavailable for this assay feature.	21.88389257866767	2
HPVVT-FJ-M03	Heterologous 2vHPV recall	dose_specific_recall	HPV16	nAb	moderate	2	21	3.4761904761904763	1.4006801069140529	0.3056534578263088	2.838608535634386	4.113772416746566	11.128524953966638	7.153297957711897	17.31286301551903	11.372979389508044	20.0	3.4883232463614816e-10	2.4817875680758696	above_floor_binary_sensitivity_required	HPVVT-FJ-M03|Neutralization|dose_specific_recall	5.232484869542223e-10	yes	HPV16|nAb|dose2	mixedlm_powell	3.476190476190473	0.4708607799352103	1.5519397296461516e-13	1.5519397296461516e-13	-3.1086244689504387e-15	yes	vaccine_target_2vHPV_and_4vHPV	neutralizing_antibody	Neutralization	sensitivity_supported	0.0	1.0	3.4761904761904763	6.976646492722962e-10									True	increased	heterologous_2vHPV_recall	vaccine_type	supported	not_available_for_unshared_assay	not_applicable	A2_robust_without_bpv_calibration	Robust but BPV calibration unavailable	claim_ready	May support a primary claim, but BPV calibration was unavailable for this assay feature.	18.757482495000836	2
HPVVT-FJ-M03	Heterologous 2vHPV recall	dose_specific_recall	HPV16	nAb	moderate	1	20	5.75	2.5520889276702023	0.5706644326895116	4.555585615385607	6.944414384614393	53.81737057623773	23.51624185304996	123.16208490450016	10.075974023649154	19.0	4.658278732072776e-09	2.253056285640158	above_floor_binary_sensitivity_required	HPVVT-FJ-M03|Neutralization|dose_specific_recall	5.589934478487331e-09	yes	HPV16|nAb|dose1	mixedlm_powell	5.75	0.4824887229617436	9.60862240808054e-33	1.441293361212081e-32	0.0	yes	vaccine_target_2vHPV_and_4vHPV	neutralizing_antibody	Neutralization	sensitivity_supported	0.05	1.0	5.894736842105263	1.0964419551570983e-08									True	increased	heterologous_2vHPV_recall	vaccine_type	supported	not_available_for_unshared_assay	not_applicable	A2_robust_without_bpv_calibration	Robust but BPV calibration unavailable	claim_ready	May support a primary claim, but BPV calibration was unavailable for this assay feature.	20.002593282596255	2
HPVVT-FJ-M03	Heterologous 2vHPV recall	dose_specific_recall	HPV16	ADCP	none	1	20	1.76210230770852	0.8221144084894104	0.1838303702664351	1.3773409208100935	2.1468636946069464	3.391920385662906	2.5978910361402163	4.428639901606185	9.585479837496989	19.0	1.0362913776996265e-08	2.14337845135969	standard_continuous_model	HPVVT-FJ-M03|Phagocytic function|dose_specific_recall	6.217748266197757e-08	yes	HPV16|ADCP|dose1	mixedlm_powell	1.7621023077085212	0.1951582637893648	1.7309893770469834e-19	5.192968131140949e-19	1.1102230246251563e-15	yes	vaccine_target_2vHPV_and_4vHPV	antibody_dependent_cellular_phagocytosis	Phagocytic function														True	increased	heterologous_2vHPV_recall	vaccine_type	not_required	not_available_for_unshared_assay	not_applicable	A2_robust_without_bpv_calibration	Robust but BPV calibration unavailable	claim_ready	May support a primary claim, but BPV calibration was unavailable for this assay feature.	14.96846917263472	2
HPVVT-FJ-M01	Primary 2vHPV induction	primary_induction	HPV16	nAb	moderate	0	20	5.1	2.5526044491233284	0.5707797067908166	3.905344343918725	6.294655656081274	34.29675080116137	14.983931912277413	78.50189939485531	8.935145975449132	19.0	3.1249092001145923e-08	1.9979593789987924	above_floor_binary_sensitivity_required	HPVVT-FJ-M01|Neutralization|primary_induction	6.249818400229183e-08	yes	HPV16|nAb|dose0	mixedlm_powell	5.100000000000003	0.4824887229617435	4.096409556925897e-26	8.192819113851794e-26	3.552713678800501e-15	yes	vaccine_target_2vHPV_and_4vHPV	neutralizing_antibody	Neutralization	sensitivity_supported	0.75	0.000244140625	8.0										True	increased	primary_2vHPV_induction	vaccine_type	supported	not_available_for_unshared_assay	not_applicable	A2_robust_without_bpv_calibration	Robust but BPV calibration unavailable	claim_ready	May support a primary claim, but BPV calibration was unavailable for this assay feature.	18.304132601683797	2
HPVVT-FJ-M03	Heterologous 2vHPV recall	dose_specific_recall	HPV18	ADCP	none	1	20	0.9053317994925928	0.4984538606542927	0.1114576716070206	0.6720482117707617	1.1386153872144238	1.8729752031942413	1.593333437464046	2.2016961605750964	8.122651284916728	19.0	1.3359703367067578e-07	1.8162800430599813	standard_continuous_model	HPVVT-FJ-M03|Phagocytic function|dose_specific_recall	3.360945453429622e-07	yes	HPV18|ADCP|dose1	mixedlm_powell	0.9053317994925942	0.0892827457407771	3.6689938436379155e-24	2.2013963061827493e-23	1.4432899320127037e-15	yes	vaccine_target_2vHPV_and_4vHPV	antibody_dependent_cellular_phagocytosis	Phagocytic function														True	increased	heterologous_2vHPV_recall	vaccine_type	not_required	not_available_for_unshared_assay	not_applicable	A2_robust_without_bpv_calibration	Robust but BPV calibration unavailable	claim_ready	May support a primary claim, but BPV calibration was unavailable for this assay feature.	13.37887033536193	2
HPVVT-FJ-M03	Heterologous 2vHPV recall	dose_specific_recall	HPV18	ADCP	none	3	19	0.6044473078441164	0.3207754407151046	0.0735909331393086	0.449838494449844	0.7590561212383887	1.5203961824267191	1.3658873410457035	1.692383026090578	8.213611134674561	18.0	1.680472726714811e-07	1.884331626188782	standard_continuous_model	HPVVT-FJ-M03|Phagocytic function|dose_specific_recall	3.360945453429622e-07	yes	HPV18|ADCP|dose3	mixedlm_powell	0.6044473078441176	0.0916021643447603	4.150197883837016e-11	6.225296825755525e-11	1.2212453270876722e-15	yes	vaccine_target_2vHPV_and_4vHPV	antibody_dependent_cellular_phagocytosis	Phagocytic function														True	increased	heterologous_2vHPV_recall	vaccine_type	not_required	not_available_for_unshared_assay	not_applicable	A2_robust_without_bpv_calibration	Robust but BPV calibration unavailable	claim_ready	May support a primary claim, but BPV calibration was unavailable for this assay feature.	13.077985843713453	2
HPVVT-FJ-M01	Primary 2vHPV induction	primary_induction	HPV18	nAb	high	0	20	3.900000000000001	2.291862033139728	0.5124759301151307	2.8273755509637843	4.972624449036218	14.928527864588927	7.097817848566224	31.398515566136503	7.610113511328899	19.0	3.491551032547018e-07	1.7016731127821032	two_part_floor_sensitivity_required	HPVVT-FJ-M01|Neutralization|primary_induction	3.491551032547018e-07	yes	HPV18|nAb|dose0	mixedlm_powell	3.900000000000021	0.409218563964937	1.567396003320929e-21	1.567396003320929e-21	1.9984014443252815e-14	yes	vaccine_target_2vHPV_and_4vHPV	neutralizing_antibody	Neutralization	sensitivity_supported	0.85	0.0001220703125	6.000000000000001										True	increased	primary_2vHPV_induction	vaccine_type	supported	not_available_for_unshared_assay	not_applicable	A2_robust_without_bpv_calibration	Robust but BPV calibration unavailable	claim_ready	May support a primary claim, but BPV calibration was unavailable for this assay feature.	16.35698160592381	2
HPVVT-FJ-M01	Primary 2vHPV induction	primary_induction	HPV16	ADCP	none	0	20	1.583857027805997	0.9456884756161936	0.2114623717015961	1.141261197232335	2.026452858379659	2.9977021141931925	2.2057376346530617	4.074019422918251	7.490018271624454	19.0	4.395239147111274e-07	1.6748190008067765	standard_continuous_model	HPVVT-FJ-M01|Phagocytic function|primary_induction	5.605930448184137e-07	yes	HPV16|ADCP|dose0	mixedlm_powell	1.5838570278059942	0.1951582637893647	4.827662204758573e-16	9.655324409517146e-16	-2.664535259100376e-15	yes	vaccine_target_2vHPV_and_4vHPV	antibody_dependent_cellular_phagocytosis	Phagocytic function														True	increased	primary_2vHPV_induction	vaccine_type	not_required	not_available_for_unshared_assay	not_applicable	A2_robust_without_bpv_calibration	Robust but BPV calibration unavailable	claim_ready	May support a primary claim, but BPV calibration was unavailable for this assay feature.	13.835209322565321	2
HPVVT-FJ-M01	Primary 2vHPV induction	primary_induction	HPV18	ADCP	none	0	20	0.6181995887552679	0.3754225950170024	0.0839470442747391	0.4424964057917635	0.7939027717187723	1.5349584341901366	1.358953796026848	1.733758279037831	7.3641614674608995	19.0	5.605930448184137e-07	1.6466765638527177	standard_continuous_model	HPVVT-FJ-M01|Phagocytic function|primary_induction	5.605930448184137e-07	yes	HPV18|ADCP|dose0	mixedlm_powell	0.6181995887552567	0.0892827457407771	4.388625127070326e-12	4.388625127070326e-12	-1.121325254871408e-14	yes	vaccine_target_2vHPV_and_4vHPV	antibody_dependent_cellular_phagocytosis	Phagocytic function														True	increased	primary_2vHPV_induction	vaccine_type	not_required	not_available_for_unshared_assay	not_applicable	A2_robust_without_bpv_calibration	Robust but BPV calibration unavailable	claim_ready	May support a primary claim, but BPV calibration was unavailable for this assay feature.	12.869551883514593	2
HPVVT-FJ-M03	Heterologous 2vHPV recall	dose_specific_recall	HPV16	nAb	moderate	3	19	3.736842105263157	2.181796030367792	0.5005383374627054	2.685250080102192	4.788434130424122	13.332192102376704	6.431922753716713	27.635180499013877	7.465646136529124	18.0	6.465684301869224e-07	1.712736687229753	above_floor_binary_sensitivity_required	HPVVT-FJ-M03|Neutralization|dose_specific_recall	6.465684301869224e-07	yes	HPV16|nAb|dose3	mixedlm_powell	3.7368421052631566	0.4950229848839602	4.39201034645591e-14	5.2704124157470926e-14	-4.440892098500626e-16	yes	vaccine_target_2vHPV_and_4vHPV	neutralizing_antibody	Neutralization	sensitivity_supported	0.0	1.0	3.736842105263157	6.465684301869224e-07									True	increased	heterologous_2vHPV_recall	vaccine_type	supported	not_available_for_unshared_assay	not_applicable	A2_robust_without_bpv_calibration	Robust but BPV calibration unavailable	claim_ready	May support a primary claim, but BPV calibration was unavailable for this assay feature.	15.92622760964325	2
HPVVT-FJ-M03	Heterologous 2vHPV recall	dose_specific_recall	HPV16	ADCP	none	2	21	1.053454451550072	0.7706928092032289	0.1681789588443788	0.7026392908014725	1.4042696122986718	2.07549355439802	1.627479409438202	2.646837477246311	6.263889720740072	20.0	4.076487269807356e-06	1.366892799530818	standard_continuous_model	HPVVT-FJ-M03|Phagocytic function|dose_specific_recall	5.613777648643183e-06	yes	HPV16|ADCP|dose2	mixedlm_powell	1.0534544515500732	0.1904549638685502	3.179526627351454e-08	3.179526627351454e-08	1.3322676295501878e-15	yes	vaccine_target_2vHPV_and_4vHPV	antibody_dependent_cellular_phagocytosis	Phagocytic function														True	increased	heterologous_2vHPV_recall	vaccine_type	not_required	not_available_for_unshared_assay	not_applicable	A2_robust_without_bpv_calibration	Robust but BPV calibration unavailable	claim_ready	May support a primary claim, but BPV calibration was unavailable for this assay feature.	12.304199244512729	2
HPVVT-FJ-M03	Heterologous 2vHPV recall	dose_specific_recall	HPV18	ADCP	none	2	21	0.5662965464144832	0.4185414596030671	0.0913332342908741	0.3757787581631531	0.7568143346658134	1.4807176286905783	1.297539769863151	1.6897552944726235	6.200333874205817	20.0	4.678148040535986e-06	1.3530237767879505	standard_continuous_model	HPVVT-FJ-M03|Phagocytic function|dose_specific_recall	5.613777648643183e-06	yes	HPV18|ADCP|dose2	mixedlm_powell	0.5662965464144842	0.0871310380814698	8.065896397922745e-11	9.679075677507293e-11	9.992007221626409e-16	yes	vaccine_target_2vHPV_and_4vHPV	antibody_dependent_cellular_phagocytosis	Phagocytic function														True	increased	heterologous_2vHPV_recall	vaccine_type	not_required	not_available_for_unshared_assay	not_applicable	A2_robust_without_bpv_calibration	Robust but BPV calibration unavailable	claim_ready	May support a primary claim, but BPV calibration was unavailable for this assay feature.	11.81704133937714	2
HPVVT-FJ-M03	Heterologous 2vHPV recall	dose_specific_recall	HPV16	ADCP	none	3	19	1.4785603588977836	1.0334842251907683	0.237097541965789	0.9804369072949016	1.9766838105006657	2.786705138618932	1.9730628429604564	3.935873384525948	6.236084721245766	18.0	6.9745354510824526e-06	1.4306559528035947	standard_continuous_model	HPVVT-FJ-M03|Phagocytic function|dose_specific_recall	6.974535451082453e-06	yes	HPV16|ADCP|dose3	mixedlm_powell	1.4785603588977814	0.2002281538784123	1.5316781522006461e-13	3.063356304401293e-13	-2.220446049250313e-15	yes	vaccine_target_2vHPV_and_4vHPV	antibody_dependent_cellular_phagocytosis	Phagocytic function														True	increased	heterologous_2vHPV_recall	vaccine_type	not_required	not_available_for_unshared_assay	not_applicable	A2_robust_without_bpv_calibration	Robust but BPV calibration unavailable	claim_ready	May support a primary claim, but BPV calibration was unavailable for this assay feature.	12.635045072794481	2
HPVVT-FJ-M03	Heterologous 2vHPV recall	dose_specific_recall	HPV18	IgG3	none	1	20	3.9800401241197223	2.4842910576496484	0.5555043680799463	2.8173561193995336	5.142724128839912	15.780162142405128	7.048694700347278	35.32760714240148	7.164732363629099	19.0	8.279127574075699e-07	1.6020828605667408	standard_continuous_model	HPVVT-FJ-M03|IgG subclass architecture|dose_specific_recall	3.6602458748545193e-06	yes	HPV18|IgG3|dose1	mixedlm_powell	3.980040124119728	0.537922073951655	1.3730088747837288e-13	7.208296592614576e-13	5.773159728050814e-15	yes	vaccine_target_2vHPV_and_4vHPV	antibody_isotype_or_subclass	IgG subclass architecture						1.5695799214381525	0.0724121342089387	attenuated_after_bpv_calibration						True	increased	heterologous_2vHPV_recall	vaccine_type	not_required	attenuated_after_bpv_calibration	not_applicable	B2_attenuated_after_bpv_calibration	Raw effect attenuated after BPV calibration	qualified_claim_only	Do not describe the raw response as independently HPV-specific.	10.41652986427013	4
HPVVT-FJ-M03	Heterologous 2vHPV recall	dose_specific_recall	HPV45	FcgR2B	moderate	2	21	4.684634540440045	3.1140972543626733	0.6795517328367191	3.2671144652164896	6.1021546156636	25.716716390370436	9.627188010749618	68.69602018411723	6.893712890532289	20.0	1.0716708728061082e-06	1.5043314828646208	above_floor_binary_sensitivity_required	HPVVT-FJ-M03|Fc-receptor engagement|dose_specific_recall	7.501696109642757e-06	yes	HPV45|FcgR2B|dose2	mixedlm_lbfgs	4.68463454044004	0.5447546069096457	8.004199493139967e-18	9.384786204746883e-17	-4.440892098500626e-15	yes	cross_reactive_non_booster_target	fc_gamma_receptor_binding	Fc-receptor engagement	sensitivity_supported	0.238095238095238	0.2222222222222222	3.5867409816083557	3.956426536380328e-05	2.131522447306283	0.0962568282544668	attenuated_after_bpv_calibration						True	increased	heterologous_2vHPV_recall	cross_reactive_type	supported	attenuated_after_bpv_calibration	not_applicable	B2_attenuated_after_bpv_calibration	Raw effect attenuated after BPV calibration	qualified_claim_only	Do not describe the raw response as independently HPV-specific.	10.809475073344402	4
HPVVT-FJ-M03	Heterologous 2vHPV recall	dose_specific_recall	HPV58	FcgR2B	low	2	21	3.0726422716416044	2.177266147264096	0.4751184251382185	2.081562603680771	4.063721939602438	8.41312786922495	4.232654128765523	16.72253824447809	6.467108217804287	20.0	2.633995600546059e-06	1.4112387112171003	continuous_model_plus_floor_summary	HPVVT-FJ-M03|Fc-receptor engagement|dose_specific_recall	1.178699203387199e-05	yes	HPV58|FcgR2B|dose2	mixedlm_powell	3.072642271641602	0.5256763032593396	5.061962925531772e-09	1.5945183215425082e-08	-2.220446049250313e-15	yes	cross_reactive_non_booster_target	fc_gamma_receptor_binding	Fc-receptor engagement						0.5195301785078422	0.5466466415668925	attenuated_after_bpv_calibration						True	increased	heterologous_2vHPV_recall	cross_reactive_type	not_required	attenuated_after_bpv_calibration	not_applicable	B2_attenuated_after_bpv_calibration	Raw effect attenuated after BPV calibration	qualified_claim_only	Do not describe the raw response as independently HPV-specific.	9.001239281623889	4
HPVVT-FJ-M03	Heterologous 2vHPV recall	dose_specific_recall	HPV16	IgG3	none	1	20	3.907183967574015	2.731161237942908	0.6107062185552821	2.6289611619611	5.18540677318693	15.00305055941613	6.185804172601095	36.388401541290136	6.397812645197964	19.0	3.898406514467311e-06	1.430594398197039	standard_continuous_model	HPVVT-FJ-M03|IgG subclass architecture|dose_specific_recall	1.212837582278719e-05	yes	HPV16|IgG3|dose1	mixedlm_lbfgs	3.907183967574011	0.6174016608536789	2.476661497541401e-10	9.906645990165604e-10	-3.996802888650564e-15	yes	vaccine_target_2vHPV_and_4vHPV	antibody_isotype_or_subclass	IgG subclass architecture						1.4967237648924443	0.0983829073309116	attenuated_after_bpv_calibration						True	increased	heterologous_2vHPV_recall	vaccine_type	not_required	attenuated_after_bpv_calibration	not_applicable	B2_attenuated_after_bpv_calibration	Raw effect attenuated after BPV calibration	qualified_claim_only	Do not describe the raw response as independently HPV-specific.	9.823381321565572	4
HPVVT-FJ-M03	Heterologous 2vHPV recall	dose_specific_recall	HPV52	FcgR2B	high	2	21	3.817029098287597	2.9371903084517577	0.6409474723319463	2.4800360993857256	5.154022097189468	14.09419425455021	5.579114265297938	35.605349207592894	5.955291600418013	20.0	7.991500943753955e-06	1.2995511687833454	two_part_floor_sensitivity_required	HPVVT-FJ-M03|Fc-receptor engagement|dose_specific_recall	2.517322797282496e-05	yes	HPV52|FcgR2B|dose2	mixedlm_powell	3.8170290982875903	0.7906939258776029	1.3829792054265258e-06	3.111703212209683e-06	-6.661338147750939e-15	yes	cross_reactive_non_booster_target	fc_gamma_receptor_binding	Fc-receptor engagement	sensitivity_supported	0.1904761904761904	0.32	3.088871313699021	3.956426536380328e-05	1.263917005153835	0.2247857674611669	attenuated_after_bpv_calibration						True	increased	heterologous_2vHPV_recall	cross_reactive_type	supported	attenuated_after_bpv_calibration	not_applicable	B2_attenuated_after_bpv_calibration	Raw effect attenuated after BPV calibration	qualified_claim_only	Do not describe the raw response as independently HPV-specific.	9.416090189417849	4
HPVVT-FJ-M03	Heterologous 2vHPV recall	dose_specific_recall	HPV18	IgA1	none	2	21	1.8801186087905932	1.525314453179574	0.332850901919313	1.1858037939974404	2.5744334235837467	3.681053221772092	2.2749010489879105	5.956370202364222	5.648530912637744	20.0	1.5781300590397706e-05	1.232610498688593	standard_continuous_model	HPVVT-FJ-M03|Antibody abundance|dose_specific_recall	7.797819115255337e-05	yes	HPV18|IgA1|dose2	mixedlm_lbfgs	1.8801186087905943	0.4009559653820722	2.74422677336693e-06	8.537594406030449e-06	1.1102230246251563e-15	yes	vaccine_target_2vHPV_and_4vHPV	antibody_isotype_or_subclass	Antibody abundance						1.2933369468722715	0.2280362470315936	attenuated_after_bpv_calibration						True	increased	heterologous_2vHPV_recall	vaccine_type	not_required	attenuated_after_bpv_calibration	not_applicable	B2_attenuated_after_bpv_calibration	Raw effect attenuated after BPV calibration	qualified_claim_only	Do not describe the raw response as independently HPV-specific.	6.988145452080406	4
HPVVT-FJ-M03	Heterologous 2vHPV recall	dose_specific_recall	HPV18	IgG2	low	2	21	2.534977917207841	2.2344740913957857	0.4876022220113744	1.5178575052865126	3.552098329129169	5.795679905240921	2.863654625813529	11.729733488538598	5.198864571927047	20.0	4.358683024445239e-05	1.134485258508566	continuous_model_plus_floor_summary	HPVVT-FJ-M03|IgG subclass architecture|dose_specific_recall	0.0001144154293916	yes	HPV18|IgG2|dose2	mixedlm_powell	2.5349779172078435	0.5791945157072416	1.204731476314733e-05	2.468230341717989e-05	2.664535259100376e-15	yes	vaccine_target_2vHPV_and_4vHPV	antibody_isotype_or_subclass	IgG subclass architecture						1.6504771059704548	0.0650232203596419	attenuated_after_bpv_calibration						True	increased	heterologous_2vHPV_recall	vaccine_type	not_required	attenuated_after_bpv_calibration	not_applicable	B2_attenuated_after_bpv_calibration	Raw effect attenuated after BPV calibration	qualified_claim_only	Do not describe the raw response as independently HPV-specific.	7.476493322403032	4
HPVVT-FJ-M03	Heterologous 2vHPV recall	dose_specific_recall	HPV45	IgG3	low	1	20	3.216928631153975	2.824175105562491	0.6315047516400374	1.895173995498261	4.53868326680969	9.298052882325932	3.719668352102663	23.24233754701782	5.094068766386179	19.0	6.446404045928589e-05	1.139068404369799	continuous_model_plus_floor_summary	HPVVT-FJ-M03|IgG subclass architecture|dose_specific_recall	0.0001640902848054	yes	HPV45|IgG3|dose1	mixedlm_powell	3.216928631153976	0.6217902599718562	2.295578404467573e-07	6.025893311727378e-07	8.881784197001252e-16	yes	cross_reactive_non_booster_target	antibody_isotype_or_subclass	IgG subclass architecture						0.8064684284724037	0.2740336635876244	attenuated_after_bpv_calibration						True	increased	heterologous_2vHPV_recall	cross_reactive_type	not_required	attenuated_after_bpv_calibration	not_applicable	B2_attenuated_after_bpv_calibration	Raw effect attenuated after BPV calibration	qualified_claim_only	Do not describe the raw response as independently HPV-specific.	8.001845762351378	4
HPVVT-FJ-M03	Heterologous 2vHPV recall	dose_specific_recall	HPV18	IgA1	none	1	20	2.3867239275244474	2.0863012121793023	0.4665111331973132	1.4103049040932136	3.363142950955681	5.229684551926209	2.6579333055326573	10.289799392530169	5.116113545172288	19.0	6.13807429014116e-05	1.1439977667612675	standard_continuous_model	HPVVT-FJ-M03|Antibody abundance|dose_specific_recall	0.0002577991201859	yes	HPV18|IgA1|dose1	mixedlm_lbfgs	2.3867239275244465	0.4108576036587894	6.279950429056865e-09	2.7763991370567197e-08	-8.881784197001252e-16	yes	vaccine_target_2vHPV_and_4vHPV	antibody_isotype_or_subclass	Antibody abundance						2.1126163218717258	0.0723247176674718	attenuated_after_bpv_calibration						True	increased	heterologous_2vHPV_recall	vaccine_type	not_required	attenuated_after_bpv_calibration	not_applicable	B2_attenuated_after_bpv_calibration	Raw effect attenuated after BPV calibration	qualified_claim_only	Do not describe the raw response as independently HPV-specific.	6.975442496660131	4
HPVVT-FJ-M03	Heterologous 2vHPV recall	dose_specific_recall	HPV31	FcgR2B	moderate	2	21	3.344916208583576	3.3732815331189454	0.7361103793292502	1.8094168641497703	4.8804155530173805	10.16061771668998	3.505005879139385	29.454487651262728	4.5440416308645055	20.0	0.0001974461257775	0.9915911778317704	above_floor_binary_sensitivity_required	HPVVT-FJ-M03|Fc-receptor engagement|dose_specific_recall	0.0004486440086586	yes	HPV31|FcgR2B|dose2	mixedlm_powell	3.344916208583576	0.690685022382051	1.2795982822144595e-06	3.111703212209683e-06	0.0	yes	cross_reactive_non_booster_target	fc_gamma_receptor_binding	Fc-receptor engagement	sensitivity_supported	0.1904761904761904	0.32	2.0995666966242648	0.0004311918992547	0.7918041154498143	0.5125957486665653	attenuated_after_bpv_calibration						True	increased	heterologous_2vHPV_recall	cross_reactive_type	supported	attenuated_after_bpv_calibration	not_applicable	B2_attenuated_after_bpv_calibration	Raw effect attenuated after BPV calibration	qualified_claim_only	Do not describe the raw response as independently HPV-specific.	7.693014336170895	4
HPVVT-FJ-M03	Heterologous 2vHPV recall	dose_specific_recall	HPV33	IgG	none	3	19	1.528036337955067	1.3833809703403983	0.3173693605332123	0.8612680535136616	2.194804622396473	2.883930381149506	1.816634335723716	4.578276585311684	4.814693943321474	18.0	0.0001388729720291	1.104566544369245	standard_continuous_model	HPVVT-FJ-M03|Antibody abundance|dose_specific_recall	0.0005071882456717	yes	HPV33|IgG|dose3	mixedlm_powell	1.528036337955066	0.3006687669542287	3.732351257602249e-07	1.2540700225543554e-06	-8.881784197001252e-16	yes	cross_reactive_non_booster_target	antibody_isotype_or_subclass	Antibody abundance						0.2568832886538061	0.4415742699990776	attenuated_after_bpv_calibration						True	increased	heterologous_2vHPV_recall	cross_reactive_type	not_required	attenuated_after_bpv_calibration	not_applicable	B2_attenuated_after_bpv_calibration	Raw effect attenuated after BPV calibration	qualified_claim_only	Do not describe the raw response as independently HPV-specific.	5.822867157945492	4
HPVVT-FJ-M03	Heterologous 2vHPV recall	dose_specific_recall	HPV18	IgG3	none	3	19	2.253663085437517	2.268081379290528	0.5203335541080923	1.160482853334914	3.346843317540121	4.768921666417833	2.235322287463929	10.17419903517892	4.331189229763471	18.0	0.0004023047225512	0.9936429556784596	standard_continuous_model	HPVVT-FJ-M03|IgG subclass architecture|dose_specific_recall	0.0008242340657147	yes	HPV18|IgG3|dose3	mixedlm_powell	2.2536630854375184	0.5518964029831476	4.4364462871978326e-05	8.10133669836126e-05	1.3322676295501878e-15	yes	vaccine_target_2vHPV_and_4vHPV	antibody_isotype_or_subclass	IgG subclass architecture						1.375799864365466	0.1573255018590231	attenuated_after_bpv_calibration						True	increased	heterologous_2vHPV_recall	vaccine_type	not_required	attenuated_after_bpv_calibration	not_applicable	B2_attenuated_after_bpv_calibration	Raw effect attenuated after BPV calibration	qualified_claim_only	Do not describe the raw response as independently HPV-specific.	6.337612525423442	4
HPVVT-FJ-M03	Heterologous 2vHPV recall	dose_specific_recall	HPV33	FcgR2B	none	1	20	1.3975427278630768	1.4779647791484267	0.3304829714526345	0.7058339190403934	2.08925153668576	2.634524740345117	1.6310872074773446	4.255272541941576	4.228788919804829	19.0	0.000454471753462	0.9455859487181504	standard_continuous_model	HPVVT-FJ-M03|Fc-receptor engagement|dose_specific_recall	0.000867627892973	yes	HPV33|FcgR2B|dose1	mixedlm_powell	1.3975427278630783	0.36021607910696	0.0001045705700104	0.0001937631150192	1.5543122344752194e-15	yes	cross_reactive_non_booster_target	fc_gamma_receptor_binding	Fc-receptor engagement						0.969257362639568	0.0962568282544668	attenuated_after_bpv_calibration						True	increased	heterologous_2vHPV_recall	cross_reactive_type	not_required	attenuated_after_bpv_calibration	not_applicable	B2_attenuated_after_bpv_calibration	Raw effect attenuated after BPV calibration	qualified_claim_only	Do not describe the raw response as independently HPV-specific.	5.4592092223614745	4
HPVVT-FJ-M03	Heterologous 2vHPV recall	dose_specific_recall	HPV18	IgG	none	3	19	1.3607197046128814	1.3883672837215368	0.3185132992768548	0.6915480940522721	2.0298913151734905	2.56813261740196	1.6150155928022698	4.083740844334572	4.272096982142434	18.0	0.0004586163846572	0.9800862643244188	standard_continuous_model	HPVVT-FJ-M03|Antibody abundance|dose_specific_recall	0.0013758491539716	yes	HPV18|IgG|dose3	mixedlm_powell	1.3607197046128787	0.3719879249135074	0.0002542233667357	0.0005208478733121	-2.664535259100376e-15	yes	vaccine_target_2vHPV_and_4vHPV	antibody_isotype_or_subclass	Antibody abundance						0.0895666553116203	0.8754216028214683	attenuated_after_bpv_calibration						True	increased	heterologous_2vHPV_recall	vaccine_type	not_required	attenuated_after_bpv_calibration	not_applicable	B2_attenuated_after_bpv_calibration	Raw effect attenuated after BPV calibration	qualified_claim_only	Do not describe the raw response as independently HPV-specific.	5.222148883496032	4
HPVVT-FJ-M03	Heterologous 2vHPV recall	dose_specific_recall	HPV33	IgG3	none	1	20	2.6193049367877683	2.9662844191313	0.6632813601776064	1.2310410950954072	4.007568778480129	6.1445396887973125	2.34736322013322	16.084161012398685	3.949010320577076	19.0	0.0008608400409127	0.8830255520658578	standard_continuous_model	HPVVT-FJ-M03|IgG subclass architecture|dose_specific_recall	0.0016816410101551	yes	HPV33|IgG3|dose1	mixedlm_powell	2.619304936787767	0.5124878358560179	3.205254956353904e-07	8.158830797991757e-07	-1.3322676295501878e-15	yes	cross_reactive_non_booster_target	antibody_isotype_or_subclass	IgG subclass architecture						0.208844734106198	0.7772100224756454	attenuated_after_bpv_calibration						True	increased	heterologous_2vHPV_recall	cross_reactive_type	not_required	attenuated_after_bpv_calibration	not_applicable	B2_attenuated_after_bpv_calibration	Raw effect attenuated after BPV calibration	qualified_claim_only	Do not describe the raw response as independently HPV-specific.	6.393571646841179	4
HPVVT-FJ-M03	Heterologous 2vHPV recall	dose_specific_recall	HPV16	IgG3	none	2	21	2.32313607312366	2.7997362138383983	0.6109525298011205	1.048711427943931	3.597560718303389	5.004188286738935	2.068681337996962	12.105247893511924	3.802482123905593	20.0	0.0011160415420908	0.8297696267387539	standard_continuous_model	HPVVT-FJ-M03|IgG subclass architecture|dose_specific_recall	0.0020832775452361	yes	HPV16|IgG3|dose2	mixedlm_lbfgs	2.3231360731236643	0.6025223258656509	0.0001154061885497	0.0001900807811406	4.440892098500626e-15	yes	vaccine_target_2vHPV_and_4vHPV	antibody_isotype_or_subclass	IgG subclass architecture						1.0382970095721515	0.2740336635876244	attenuated_after_bpv_calibration						True	increased	heterologous_2vHPV_recall	vaccine_type	not_required	attenuated_after_bpv_calibration	not_applicable	B2_attenuated_after_bpv_calibration	Raw effect attenuated after BPV calibration	qualified_claim_only	Do not describe the raw response as independently HPV-specific.	6.004388940317098	4
HPVVT-FJ-M03	Heterologous 2vHPV recall	dose_specific_recall	HPV45	IgG3	low	2	21	2.4476105729759827	2.9819497783137443	0.6507147894133105	1.0902433076645308	3.804977838287434	5.455118639259311	2.129099403032612	13.9769516284715	3.761418386053232	20.0	0.0012282280925498	0.8208087844994078	continuous_model_plus_floor_summary	HPVVT-FJ-M03|IgG subclass architecture|dose_specific_recall	0.0021951310590253	yes	HPV45|IgG3|dose2	mixedlm_powell	2.4476105729759845	0.6068051600652219	5.492829618639452e-05	9.816972084376894e-05	1.7763568394002505e-15	yes	cross_reactive_non_booster_target	antibody_isotype_or_subclass	IgG subclass architecture						1.1627715094244746	0.1008368648311886	attenuated_after_bpv_calibration						True	increased	heterologous_2vHPV_recall	cross_reactive_type	not_required	attenuated_after_bpv_calibration	not_applicable	B2_attenuated_after_bpv_calibration	Raw effect attenuated after BPV calibration	qualified_claim_only	Do not describe the raw response as independently HPV-specific.	6.106150118323891	4
HPVVT-FJ-M01	Primary 2vHPV induction	primary_induction	HPV31	IgA1	low	0	20	2.418953322766768	2.8153041451932905	0.6295211445989135	1.101350424362619	3.736556221170916	5.347828954133434	2.1455543161784183	13.329550460231586	3.842529108864094	19.0	0.0010978395596517	0.8592156292941804	continuous_model_plus_floor_summary	HPVVT-FJ-M01|Antibody abundance|primary_induction	0.0025616256391874	yes	HPV31|IgA1|dose0	mixedlm_lbfgs	2.4189533227668045	0.5580101734727551	1.4578479883708636e-05	3.71088578858038e-05	3.6415315207705135e-14	yes	cross_reactive_non_booster_target	antibody_isotype_or_subclass	Antibody abundance						1.4223522927063228	0.1127397035596211	attenuated_after_bpv_calibration						True	increased	primary_2vHPV_induction	cross_reactive_type	not_required	attenuated_after_bpv_calibration	not_applicable	B2_attenuated_after_bpv_calibration	Raw effect attenuated after BPV calibration	qualified_claim_only	Do not describe the raw response as independently HPV-specific.	6.01043766133728	4
HPVVT-FJ-M03	Heterologous 2vHPV recall	dose_specific_recall	HPV18	IgG	none	2	21	1.1678656504228988	1.3893438146851274	0.303179676053014	0.535443928222414	1.8002873726233837	2.2467905661274274	1.4493880736644495	3.482895947443745	3.8520578477651175	20.0	0.0009940829029446	0.8405879366063014	standard_continuous_model	HPVVT-FJ-M03|Antibody abundance|dose_specific_recall	0.0026936439950757	yes	HPV18|IgG|dose2	mixedlm_powell	1.167865650422894	0.3538310943123439	0.000964678882242	0.0019293577644839	-4.884981308350689e-15	yes	vaccine_target_2vHPV_and_4vHPV	antibody_isotype_or_subclass	Antibody abundance						0.5465461493127712	0.2577343229464807	attenuated_after_bpv_calibration						True	increased	heterologous_2vHPV_recall	vaccine_type	not_required	attenuated_after_bpv_calibration	not_applicable	B2_attenuated_after_bpv_calibration	Raw effect attenuated after BPV calibration	qualified_claim_only	Do not describe the raw response as independently HPV-specific.	4.737525453687294	4
HPVVT-FJ-M03	Heterologous 2vHPV recall	dose_specific_recall	HPV58	IgG2	none	2	21	1.7791270129782335	2.2280713083864323	0.4862050202114344	0.7649211129400344	2.793332913016433	3.432184273413621	1.6992770786830351	6.932294347074564	3.659211523987454	20.0	0.0015583679180821	0.7985054186917726	standard_continuous_model	HPVVT-FJ-M03|IgG subclass architecture|dose_specific_recall	0.0027271438566437	yes	HPV58|IgG2|dose2	mixedlm_lbfgs	1.7791270129782308	0.5433483336480562	0.0010589541761902	0.0016173118327268	-2.664535259100376e-15	yes	cross_reactive_non_booster_target	antibody_isotype_or_subclass	IgG subclass architecture						0.8946262017408476	0.3103275103250557	attenuated_after_bpv_calibration						True	increased	heterologous_2vHPV_recall	cross_reactive_type	not_required	attenuated_after_bpv_calibration	not_applicable	B2_attenuated_after_bpv_calibration	Raw effect attenuated after BPV calibration	qualified_claim_only	Do not describe the raw response as independently HPV-specific.	5.34341896542945	4
HPVVT-FJ-M03	Heterologous 2vHPV recall	dose_specific_recall	HPV18	FcgR3A	low	2	21	2.615614350216618	3.3270006027978285	0.726011052356417	1.1011818326901284	4.130046867743108	6.128841308645342	2.1453036038338724	17.509268021285777	3.6027197405977605	20.0	0.0017770794511931	0.786177900904805	continuous_model_plus_floor_summary	HPVVT-FJ-M03|Fc-receptor engagement|dose_specific_recall	0.0028706668057734	yes	HPV18|FcgR3A|dose2	mixedlm_lbfgs	2.6156143502166205	0.6667003085451577	8.737201027336926e-05	0.0001720136452256	2.664535259100376e-15	yes	vaccine_target_2vHPV_and_4vHPV	fc_gamma_receptor_binding	Fc-receptor engagement						1.432437778790107	0.1522203671276487	attenuated_after_bpv_calibration						True	increased	heterologous_2vHPV_recall	vaccine_type	not_required	attenuated_after_bpv_calibration	not_applicable	B2_attenuated_after_bpv_calibration	Raw effect attenuated after BPV calibration	qualified_claim_only	Do not describe the raw response as independently HPV-specific.	6.157631562739795	4
HPVVT-FJ-M03	Heterologous 2vHPV recall	dose_specific_recall	HPV18	IgA1	none	3	19	1.6779006065487532	1.9100398344441576	0.4381931903410127	0.7572908750778174	2.598510338019689	3.1996200701828625	1.6903135342017146	6.056609254064742	3.8291343716294857	18.0	0.0012289518322357	0.8784636719563708	standard_continuous_model	HPVVT-FJ-M03|Antibody abundance|dose_specific_recall	0.0031089067534575	yes	HPV18|IgA1|dose3	mixedlm_lbfgs	1.6779006065487536	0.4215310071435002	6.877291332762884e-05	0.0001863524103071	4.440892098500626e-16	yes	vaccine_target_2vHPV_and_4vHPV	antibody_isotype_or_subclass	Antibody abundance						0.5251433261466975	0.6128256340638656	attenuated_after_bpv_calibration						True	increased	heterologous_2vHPV_recall	vaccine_type	not_required	attenuated_after_bpv_calibration	not_applicable	B2_attenuated_after_bpv_calibration	Raw effect attenuated after BPV calibration	qualified_claim_only	Do not describe the raw response as independently HPV-specific.	5.185292910258591	4
HPVVT-FJ-M03	Heterologous 2vHPV recall	dose_specific_recall	HPV58	IgA1	none	2	21	1.197066638482191	1.4688875837787096	0.3205375495260345	0.5284370266947204	1.8656962502696617	2.292730270855089	1.4423657322284	3.644437729932744	3.734559773893085	20.0	0.0013075870649727	0.8149477548191538	standard_continuous_model	HPVVT-FJ-M03|Antibody abundance|dose_specific_recall	0.0031382089559346	yes	HPV58|IgA1|dose2	mixedlm_lbfgs	1.197066638482192	0.2777864711785552	1.637683596986684e-05	4.743635246444189e-05	8.881784197001252e-16	yes	cross_reactive_non_booster_target	antibody_isotype_or_subclass	Antibody abundance						0.6102849765638692	0.4348826029572866	attenuated_after_bpv_calibration						True	increased	heterologous_2vHPV_recall	cross_reactive_type	not_required	attenuated_after_bpv_calibration	not_applicable	B2_attenuated_after_bpv_calibration	Raw effect attenuated after BPV calibration	qualified_claim_only	Do not describe the raw response as independently HPV-specific.	4.700384781006903	4
HPVVT-FJ-M01	Primary 2vHPV induction	primary_induction	HPV45	IgA1	none	0	20	1.307348981957548	1.594932798815799	0.3566378157696123	0.5608974548401271	2.053800509074969	2.474863544218852	1.4751865987325878	4.151982920510375	3.665760960139164	19.0	0.0016430734978153	0.8196890696136067	standard_continuous_model	HPVVT-FJ-M01|Antibody abundance|primary_induction	0.0032861469956307	yes	HPV45|IgA1|dose0	mixedlm_powell	1.3073489819575548	0.5272605780744767	0.0131562267037298	0.0193881235633912	6.8833827526759706e-15	yes	cross_reactive_non_booster_target	antibody_isotype_or_subclass	Antibody abundance						0.3107479518971028	0.6128256340638656	attenuated_after_bpv_calibration						True	increased	primary_2vHPV_induction	cross_reactive_type	not_required	attenuated_after_bpv_calibration	not_applicable	B2_attenuated_after_bpv_calibration	Raw effect attenuated after BPV calibration	qualified_claim_only	Do not describe the raw response as independently HPV-specific.	4.790661995602441	4
HPVVT-FJ-M03	Heterologous 2vHPV recall	dose_specific_recall	HPV58	IgG3	low	3	19	2.6067853068324798	3.2114589871568264	0.7367592203337943	1.0589116224824653	4.154658991182494	6.091448398779106	2.083359230381118	17.81053553025545	3.538178057210408	18.0	0.0023488471021662	0.8117137155596442	continuous_model_plus_floor_summary	HPVVT-FJ-M03|IgG subclass architecture|dose_specific_recall	0.0038686893447444	yes	HPV58|IgG3|dose3	mixedlm_powell	2.606785306832476	0.7130062615723464	0.0002561331489666	0.0004059468776074	-3.996802888650564e-15	yes	cross_reactive_non_booster_target	antibody_isotype_or_subclass	IgG subclass architecture						1.7289220857604275	0.0632091483606387	attenuated_after_bpv_calibration						True	increased	heterologous_2vHPV_recall	cross_reactive_type	not_required	attenuated_after_bpv_calibration	not_applicable	B2_attenuated_after_bpv_calibration	Raw effect attenuated after BPV calibration	qualified_claim_only	Do not describe the raw response as independently HPV-specific.	6.019221449502034	4
HPVVT-FJ-M03	Heterologous 2vHPV recall	dose_specific_recall	HPV18	IgM	none	2	21	0.6485369508997606	0.8283521689192742	0.1807612626739724	0.2714755642802357	1.0255983375192854	1.5675776958156722	1.2070417386082934	2.03580353008506	3.5878093641638555	20.0	0.0018396959321363	0.7829241900167738	standard_continuous_model	HPVVT-FJ-M03|Antibody abundance|dose_specific_recall	0.0040666962710381	yes	HPV18|IgM|dose2	mixedlm_lbfgs	0.6485369508997584	0.207175134851259	0.0017458015987035	0.0034104031230486	-2.220446049250313e-15	yes	vaccine_target_2vHPV_and_4vHPV	antibody_isotype_or_subclass	Antibody abundance						0.4119197918335879	0.12312417381248	attenuated_after_bpv_calibration						True	increased	heterologous_2vHPV_recall	vaccine_type	not_required	attenuated_after_bpv_calibration	not_applicable	B2_attenuated_after_bpv_calibration	Raw effect attenuated after BPV calibration	qualified_claim_only	Do not describe the raw response as independently HPV-specific.	4.039295213395079	4
HPVVT-FJ-M03	Heterologous 2vHPV recall	dose_specific_recall	HPV18	FcgR2B	none	1	20	1.710886797289525	2.290921762157261	0.512265679131724	0.6387024086190416	2.7830711859600084	3.27361984797324	1.5569281942159907	6.883160667817952	3.3398427163604443	19.0	0.0034418539782671	0.7468115347939502	standard_continuous_model	HPVVT-FJ-M03|Fc-receptor engagement|dose_specific_recall	0.0049281091052461	yes	HPV18|FcgR2B|dose1	mixedlm_powell	1.7108867972895287	0.4504655975712296	0.0001458442181259	0.0002625195926266	3.774758283725532e-15	yes	vaccine_target_2vHPV_and_4vHPV	fc_gamma_receptor_binding	Fc-receptor engagement						1.282601432066016	0.1066488857412325	attenuated_after_bpv_calibration						True	increased	heterologous_2vHPV_recall	vaccine_type	not_required	attenuated_after_bpv_calibration	not_applicable	B2_attenuated_after_bpv_calibration	Raw effect attenuated after BPV calibration	qualified_claim_only	Do not describe the raw response as independently HPV-specific.	5.018206483019155	4
HPVVT-FJ-M03	Heterologous 2vHPV recall	dose_specific_recall	HPV45	IgA1	none	2	21	2.757085696599544	3.6571702115981135	0.7980599678088584	1.0923617750241152	4.421809618174972	6.760292627164962	2.132228089734916	21.433709003703573	3.4547349921201507	20.0	0.0025040655702509	0.753884981304917	standard_continuous_model	HPVVT-FJ-M03|Antibody abundance|dose_specific_recall	0.005130280680514	yes	HPV45|IgA1|dose2	mixedlm_powell	2.7570856965995505	0.514553636605767	8.405118606557806e-08	3.209227104322072e-07	6.661338147750939e-15	yes	cross_reactive_non_booster_target	antibody_isotype_or_subclass	Antibody abundance						2.170304034681222	0.1169394368087171	attenuated_after_bpv_calibration						True	increased	heterologous_2vHPV_recall	cross_reactive_type	not_required	attenuated_after_bpv_calibration	not_applicable	B2_attenuated_after_bpv_calibration	Raw effect attenuated after BPV calibration	qualified_claim_only	Do not describe the raw response as independently HPV-specific.	6.046944570344688	4
HPVVT-FJ-M03	Heterologous 2vHPV recall	dose_specific_recall	HPV16	IgA1	none	1	20	2.696090617603188	3.4616638339017847	0.7740515647856931	1.0759820731543763	4.316199162052	6.480434821043122	2.108156650585399	19.920737606537266	3.4830891638978057	19.0	0.0024890333630638	0.77884241421684	standard_continuous_model	HPVVT-FJ-M03|Antibody abundance|dose_specific_recall	0.005130280680514	yes	HPV16|IgA1|dose1	mixedlm_powell	2.6960906176031862	0.4965307449525075	5.6399431018550666e-08	2.2559772407420266e-07	-1.7763568394002505e-15	yes	vaccine_target_2vHPV_and_4vHPV	antibody_isotype_or_subclass	Antibody abundance						2.421983011950466	0.0702674101879602	attenuated_after_bpv_calibration						True	increased	heterologous_2vHPV_recall	vaccine_type	not_required	attenuated_after_bpv_calibration	not_applicable	B2_attenuated_after_bpv_calibration	Raw effect attenuated after BPV calibration	qualified_claim_only	Do not describe the raw response as independently HPV-specific.	5.985949491348332	4
HPVVT-FJ-M03	Heterologous 2vHPV recall	dose_specific_recall	HPV18	FcgR2A	low	2	21	1.0063717069827915	1.407939401983646	0.307237565880996	0.3654853749281045	1.6472580390374785	2.008852595952285	1.2883149924877768	3.13237738891137	3.275549017246787	20.0	0.0037826802123993	0.7147833959081722	continuous_model_plus_floor_summary	HPVVT-FJ-M03|Fc-receptor engagement|dose_specific_recall	0.0052016851713717	yes	HPV18|FcgR2A|dose2	mixedlm_powell	1.0063717069827935	0.8412911963515232	0.2316096273426404	0.2702112318997471	1.9984014443252818e-15	yes	vaccine_target_2vHPV_and_4vHPV	fc_gamma_receptor_binding	Fc-receptor engagement						0.7251047864629447	0.1107463216808214	attenuated_after_bpv_calibration						True	increased	heterologous_2vHPV_recall	vaccine_type	not_required	attenuated_after_bpv_calibration	not_applicable	B2_attenuated_after_bpv_calibration	Raw effect attenuated after BPV calibration	qualified_claim_only	Do not describe the raw response as independently HPV-specific.	4.290227643719945	4
HPVVT-FJ-M03	Heterologous 2vHPV recall	dose_specific_recall	HPV45	IgA1	none	1	20	1.6264471622331702	2.1351427807379237	0.4774324399397925	0.6271695810843562	2.6257247433819844	3.087517175432209	1.5445318069652194	6.171943022215502	3.4066540648940324	19.0	0.0029595813024704	0.7617510064929037	standard_continuous_model	HPVVT-FJ-M03|Antibody abundance|dose_specific_recall	0.0059191626049409	yes	HPV45|IgA1|dose1	mixedlm_powell	1.6264471622331709	0.5272605780744761	0.0020374917503344	0.0038897569779111	6.661338147750939e-16	yes	cross_reactive_non_booster_target	antibody_isotype_or_subclass	Antibody abundance						1.3523395565804484	0.3054140138083879	attenuated_after_bpv_calibration						True	increased	heterologous_2vHPV_recall	cross_reactive_type	not_required	attenuated_after_bpv_calibration	not_applicable	B2_attenuated_after_bpv_calibration	Raw effect attenuated after BPV calibration	qualified_claim_only	Do not describe the raw response as independently HPV-specific.	4.8541868916212465	4
HPVVT-FJ-M03	Heterologous 2vHPV recall	dose_specific_recall	HPV58	IgA1	none	1	20	1.2622898395453075	1.7248992022538376	0.3856991870574739	0.4550121632683026	2.069567515822313	2.398761693912021	1.370794362009328	4.19760820707294	3.2727313976869	19.0	0.0040037465836696	0.7318049877325806	standard_continuous_model	HPVVT-FJ-M03|Antibody abundance|dose_specific_recall	0.0076435162051874	yes	HPV58|IgA1|dose1	mixedlm_lbfgs	1.262289839545309	0.2846464293616311	9.22482332851602e-06	2.7674469985548055e-05	1.5543122344752194e-15	yes	cross_reactive_non_booster_target	antibody_isotype_or_subclass	Antibody abundance						0.988182233892586	0.2845953490385087	attenuated_after_bpv_calibration						True	increased	heterologous_2vHPV_recall	cross_reactive_type	not_required	attenuated_after_bpv_calibration	not_applicable	B2_attenuated_after_bpv_calibration	Raw effect attenuated after BPV calibration	qualified_claim_only	Do not describe the raw response as independently HPV-specific.	4.378996648873839	4
HPVVT-FJ-M01	Primary 2vHPV induction	primary_induction	HPV31	IgA2	high	0	20	3.4641104511711225	4.925092593806912	1.1012841835233014	1.1590961643174889	5.769124738024756	11.035732225992556	2.2331747735589658	54.53553712221122	3.1455191157731064	19.0	0.0053256096665855	0.7033594567393697	two_part_floor_sensitivity_required	HPVVT-FJ-M01|Antibody abundance|primary_induction	0.0093198169165247	yes	HPV31|IgA2|dose0	mixedlm_powell	3.464110451171125	1.042824619638267	0.0008942168045082	0.0017884336090164	2.664535259100376e-15	yes	cross_reactive_non_booster_target	antibody_isotype_or_subclass	Antibody abundance	sensitivity_supported	0.4	0.0401785714285714	0.2290397149736211	0.8889100673645908	2.52758455940032	0.0583307440539583	attenuated_after_bpv_calibration						True	increased	primary_2vHPV_induction	cross_reactive_type	supported	attenuated_after_bpv_calibration	not_applicable	B2_attenuated_after_bpv_calibration	Raw effect attenuated after BPV calibration	qualified_claim_only	Do not describe the raw response as independently HPV-specific.	6.494703070246759	4
HPVVT-FJ-M01	Primary 2vHPV induction	primary_induction	HPV52	IgA1	moderate	0	20	1.0713536639138437	1.5586170861145805	0.3485173755444845	0.3418984135199994	1.8008089143076875	2.101404165508292	1.2674232740654676	3.48415525986901	3.074032283871301	19.0	0.0062461031384765	0.6873745151765158	above_floor_binary_sensitivity_required	HPVVT-FJ-M01|Antibody abundance|primary_induction	0.0102876992869025	yes	HPV52|IgA1|dose0	mixedlm_lbfgs	1.071353663913834	0.5418580625468647	0.0480207161402906	0.0611172750876425	-9.769962616701378e-15	yes	cross_reactive_non_booster_target	antibody_isotype_or_subclass	Antibody abundance	sensitivity_supported	0.0	1.0	1.1277406988566774	0.031040188088384	0.0747526338533984	0.8925017852407109	attenuated_after_bpv_calibration						True	increased	primary_2vHPV_induction	cross_reactive_type	supported	attenuated_after_bpv_calibration	not_applicable	B2_attenuated_after_bpv_calibration	Raw effect attenuated after BPV calibration	qualified_claim_only	Do not describe the raw response as independently HPV-specific.	4.059035402729846	4
HPVVT-FJ-M03	Heterologous 2vHPV recall	dose_specific_recall	HPV45	IgG4	none	2	21	1.6210638922484726	2.4998388753668523	0.5455095653124704	0.4831508788727838	2.758976905624161	3.076017886303477	1.397793147183259	6.769160412558812	2.9716507194881534	20.0	0.0075416106105573	0.6484673505249736	standard_continuous_model	HPVVT-FJ-M03|IgG subclass architecture|dose_specific_recall	0.011312415915836	yes	HPV45|IgG4|dose2	mixedlm_lbfgs	1.6210638922484726	0.449187795105774	0.0003075243365515	0.0004783711901912	0.0	yes	cross_reactive_non_booster_target	antibody_isotype_or_subclass	IgG subclass architecture						1.3464223622063505	0.061990887648024	attenuated_after_bpv_calibration						True	increased	heterologous_2vHPV_recall	cross_reactive_type	not_required	attenuated_after_bpv_calibration	not_applicable	B2_attenuated_after_bpv_calibration	Raw effect attenuated after BPV calibration	qualified_claim_only	Do not describe the raw response as independently HPV-specific.	4.567508528094807	4
HPVVT-FJ-M03	Heterologous 2vHPV recall	dose_specific_recall	HPV16	IgG1	none	1	20	1.335368246756956	2.06336755210547	0.4613830109075171	0.3696825066322124	2.3010539868816995	2.523398831003319	1.292068454317142	4.928176706917715	2.89427268708996	19.0	0.0092949028051278	0.6471790473754128	standard_continuous_model	HPVVT-FJ-M03|IgG subclass architecture|dose_specific_recall	0.0134615833729437	yes	HPV16|IgG1|dose1	mixedlm_powell	1.3353682467569552	0.3234024248961673	3.6415027320755314e-05	6.797471766540991e-05	-8.881784197001252e-16	yes	vaccine_target_2vHPV_and_4vHPV	antibody_isotype_or_subclass	IgG subclass architecture						0.1384688621093958	0.8248690424572769	attenuated_after_bpv_calibration						True	increased	heterologous_2vHPV_recall	vaccine_type	not_required	attenuated_after_bpv_calibration	not_applicable	B2_attenuated_after_bpv_calibration	Raw effect attenuated after BPV calibration	qualified_claim_only	Do not describe the raw response as independently HPV-specific.	4.206272101453738	4
HPVVT-FJ-M03	Heterologous 2vHPV recall	dose_specific_recall	HPV31	FcgR2A	low	3	19	2.343158703535253	3.679310706200245	0.844091765800744	0.569787708778559	4.116529698291946	5.074123745119195	1.484305140450001	17.345983032152496	2.7759525663805347	18.0	0.0124620013571214	0.6368471952060596	continuous_model_plus_floor_summary	HPVVT-FJ-M03|Fc-receptor engagement|dose_specific_recall	0.0159308795213074	yes	HPV31|FcgR2A|dose3	mixedlm_powell	2.343158703535246	1.06850196622114	0.0283118370457317	0.0349734457623744	-7.105427357601002e-15	yes	cross_reactive_non_booster_target	fc_gamma_receptor_binding	Fc-receptor engagement						1.607589029400134	0.1379506081498339	attenuated_after_bpv_calibration						True	increased	heterologous_2vHPV_recall	cross_reactive_type	not_required	attenuated_after_bpv_calibration	not_applicable	B2_attenuated_after_bpv_calibration	Raw effect attenuated after BPV calibration	qualified_claim_only	Do not describe the raw response as independently HPV-specific.	5.140918950288655	4
HPVVT-FJ-M03	Heterologous 2vHPV recall	dose_specific_recall	HPV18	FcgR3A	low	1	20	2.1475669673991558	3.488226612704072	0.7799911826930136	0.5150266597963278	3.780107275001983	4.430799263848144	1.4290205466002277	13.73806847160005	2.7533221080582235	19.0	0.0126435551756408	0.6156615397571209	continuous_model_plus_floor_summary	HPVVT-FJ-M03|Fc-receptor engagement|dose_specific_recall	0.0159308795213074	yes	HPV18|FcgR3A|dose1	mixedlm_lbfgs	2.1475669673991566	0.6831645237312305	0.0016690761644107	0.0023367066301749	8.881784197001252e-16	yes	vaccine_target_2vHPV_and_4vHPV	fc_gamma_receptor_binding	Fc-receptor engagement						1.5148495505169142	0.1091959593515855	attenuated_after_bpv_calibration						True	increased	heterologous_2vHPV_recall	vaccine_type	not_required	attenuated_after_bpv_calibration	not_applicable	B2_attenuated_after_bpv_calibration	Raw effect attenuated after BPV calibration	qualified_claim_only	Do not describe the raw response as independently HPV-specific.	4.945327214152558	4
HPVVT-FJ-M03	Heterologous 2vHPV recall	dose_specific_recall	HPV31	IgM	none	2	21	0.938587594592861	1.4850241620733824	0.3240588395971259	0.2626127004298735	1.6145624887558483	1.916650909353686	1.1996492865658464	3.0621872154338816	2.896349304218101	20.0	0.0089264584362469	0.6320352345529586	standard_continuous_model	HPVVT-FJ-M03|Antibody abundance|dose_specific_recall	0.0159536703966967	yes	HPV31|IgM|dose2	mixedlm_powell	0.9385875945928602	0.3394618451485945	0.0056935343716533	0.0099636851503932	-7.771561172376097e-16	yes	cross_reactive_non_booster_target	antibody_isotype_or_subclass	Antibody abundance						0.7019704355266886	0.0942423078969238	attenuated_after_bpv_calibration						True	increased	heterologous_2vHPV_recall	cross_reactive_type	not_required	attenuated_after_bpv_calibration	not_applicable	B2_attenuated_after_bpv_calibration	Raw effect attenuated after BPV calibration	qualified_claim_only	Do not describe the raw response as independently HPV-specific.	3.735726979321835	4
HPVVT-FJ-M03	Heterologous 2vHPV recall	dose_specific_recall	HPV33	IgA1	none	1	20	1.4773909378778434	2.3074176172977823	0.5159542644758436	0.39748625135538	2.5572956244003064	2.7844472039503705	1.3172108049282365	5.8860329740534105	2.863414530314466	19.0	0.0099458267762537	0.6402789537543778	standard_continuous_model	HPVVT-FJ-M03|Antibody abundance|dose_specific_recall	0.0171409079622039	yes	HPV33|IgA1|dose1	mixedlm_lbfgs	1.4773909378778458	0.5073900882795342	0.0035941504587707	0.0065632312725378	2.4424906541753444e-15	yes	cross_reactive_non_booster_target	antibody_isotype_or_subclass	Antibody abundance						1.2032833322251215	0.1547424853899927	attenuated_after_bpv_calibration						True	increased	heterologous_2vHPV_recall	cross_reactive_type	not_required	attenuated_after_bpv_calibration	not_applicable	B2_attenuated_after_bpv_calibration	Raw effect attenuated after BPV calibration	qualified_claim_only	Do not describe the raw response as independently HPV-specific.	4.243357114892122	4
HPVVT-FJ-M01	Primary 2vHPV induction	primary_induction	HPV33	IgA1	none	0	20	1.3008390024516268	2.1403258141731225	0.4785914014488684	0.2991356869861834	2.3025423179170703	2.463721192591599	1.2304070603877797	4.933263397327998	2.718057613474707	19.0	0.0136466800092741	0.6077761590490293	standard_continuous_model	HPVVT-FJ-M01|Antibody abundance|primary_induction	0.0201108968557723	yes	HPV33|IgA1|dose0	mixedlm_lbfgs	1.300839002451624	0.5073900882795328	0.0103537714221745	0.0161058666567158	-2.664535259100376e-15	yes	cross_reactive_non_booster_target	antibody_isotype_or_subclass	Antibody abundance						0.3042379723911817	0.7154182969123338	attenuated_after_bpv_calibration						True	increased	primary_2vHPV_induction	cross_reactive_type	not_required	attenuated_after_bpv_calibration	not_applicable	B2_attenuated_after_bpv_calibration	Raw effect attenuated after BPV calibration	qualified_claim_only	Do not describe the raw response as independently HPV-specific.	3.9974075638375863	4
HPVVT-FJ-M03	Heterologous 2vHPV recall	dose_specific_recall	HPV16	FcgR3A	low	1	20	1.1909848145645874	2.060757270396212	0.4607993341732844	0.2265207238845915	2.155448905244583	2.283085382959958	1.1700098892203183	4.4550724860615984	2.5846061967544323	19.0	0.0181719173743006	0.5779355151010107	continuous_model_plus_floor_summary	HPVVT-FJ-M03|Fc-receptor engagement|dose_specific_recall	0.0220159768188643	yes	HPV16|FcgR3A|dose1	mixedlm_powell	1.190984814564592	0.5093125568339275	0.0193656599422175	0.0248987056399939	4.6629367034256575e-15	yes	vaccine_target_2vHPV_and_4vHPV	fc_gamma_receptor_binding	Fc-receptor engagement						0.5582673976823457	0.4200625412856884	attenuated_after_bpv_calibration						True	increased	heterologous_2vHPV_recall	vaccine_type	not_required	attenuated_after_bpv_calibration	not_applicable	B2_attenuated_after_bpv_calibration	Raw effect attenuated after BPV calibration	qualified_claim_only	Do not describe the raw response as independently HPV-specific.	3.848246855287723	4
HPVVT-FJ-M03	Heterologous 2vHPV recall	dose_specific_recall	HPV33	FcgR2B	none	3	19	1.189212519716112	1.98927445612316	0.4563708592214573	0.230412923054048	2.148012116378176	2.2802824232185475	1.1731706819321257	4.432166614559399	2.605802924719692	18.0	0.0178798373157569	0.5978121902966242	standard_continuous_model	HPVVT-FJ-M03|Fc-receptor engagement|dose_specific_recall	0.0220159768188643	yes	HPV33|FcgR2B|dose3	mixedlm_powell	1.189212519716112	0.3695738992367344	0.0012918075000213	0.0018926481977056	0.0	yes	cross_reactive_non_booster_target	fc_gamma_receptor_binding	Fc-receptor engagement						0.2238761630152444	0.7680469213201528	attenuated_after_bpv_calibration						True	increased	heterologous_2vHPV_recall	cross_reactive_type	not_required	attenuated_after_bpv_calibration	not_applicable	B2_attenuated_after_bpv_calibration	Raw effect attenuated after BPV calibration	qualified_claim_only	Do not describe the raw response as independently HPV-specific.	3.8464745604392476	4
HPVVT-FJ-M03	Heterologous 2vHPV recall	dose_specific_recall	HPV16	FcgR2A	low	2	21	0.3647268484301326	0.6816955955546783	0.1487581746451102	0.0544227336384451	0.6750309632218201	1.2876378125018062	1.0384435071842046	1.596631039352562	2.4518104588218765	20.0	0.0235267742588855	0.5350289055826504	continuous_model_plus_floor_summary	HPVVT-FJ-M03|Fc-receptor engagement|dose_specific_recall	0.027965788269996	yes	HPV16|FcgR2A|dose2	mixedlm_powell_convergence_repair	0.3647268484301356	0.8460562637967173	0.6664025416091223	0.6917305847530353	3.0531133177191805e-15	yes	vaccine_target_2vHPV_and_4vHPV	fc_gamma_receptor_binding	Fc-receptor engagement						0.0834599279102856	0.8871459514164345	attenuated_after_bpv_calibration	0.3647268484301288	0.1494150715628635	0.0146453902332522	yes	no	True	increased	heterologous_2vHPV_recall	vaccine_type	not_required	attenuated_after_bpv_calibration	nominal_significance_method_sensitive	B2_attenuated_after_bpv_calibration	Raw effect attenuated after BPV calibration	qualified_claim_only	Do not describe the raw response as independently HPV-specific.	2.9180997831608346	4
HPVVT-FJ-M01	Primary 2vHPV induction	primary_induction	HPV58	IgG1	none	0	20	0.6841035895221591	1.0347924999886016	0.2313866372581463	0.1998057918722195	1.1684013871720986	1.606703355148297	1.148543733586493	2.2476250541924974	2.9565388806741653	19.0	0.0081041086428162	0.6611021915308573	standard_continuous_model	HPVVT-FJ-M01|IgG subclass architecture|primary_induction	0.0324164345712648	yes	HPV58|IgG1|dose0	mixedlm_lbfgs	0.6841035895221794	0.2992879211761634	0.022267671090064	0.089070684360256	2.0317081350640365e-14	yes	cross_reactive_non_booster_target	antibody_isotype_or_subclass	IgG subclass architecture						0.5358802534579662	0.1655950584917822	attenuated_after_bpv_calibration						True	increased	primary_2vHPV_induction	cross_reactive_type	not_required	attenuated_after_bpv_calibration	not_applicable	B2_attenuated_after_bpv_calibration	Raw effect attenuated after BPV calibration	qualified_claim_only	Do not describe the raw response as independently HPV-specific.	3.1733383436974383	4
HPVVT-FJ-M01	Primary 2vHPV induction	primary_induction	HPV45	FcgR3A	high	0	20	1.279967226680486	2.085175956336475	0.4662595183416491	0.3040748391946037	2.2558596141663685	2.428334604332203	1.234626650967339	4.776187964172848	2.745181977695514	19.0	0.0128686593213688	0.6138413512734481	two_part_floor_sensitivity_required	HPVVT-FJ-M01|Fc-receptor engagement|primary_induction	0.0355261867803397	yes	HPV45|FcgR3A|dose0	mixedlm_powell	1.2799672266804871	0.6146640517652189	0.0373073137036891	0.0870503986419412	1.1102230246251563e-15	yes	cross_reactive_non_booster_target	fc_gamma_receptor_binding	Fc-receptor engagement	sensitivity_supported	0.1	0.8695652173913043	1.3995013182203415	0.0463634420919835	0.9117466883332244	0.1358953796417277	attenuated_after_bpv_calibration						True	increased	primary_2vHPV_induction	cross_reactive_type	supported	attenuated_after_bpv_calibration	not_applicable	B2_attenuated_after_bpv_calibration	Raw effect attenuated after BPV calibration	qualified_claim_only	Do not describe the raw response as independently HPV-specific.	3.729418631888332	4
HPVVT-FJ-M01	Primary 2vHPV induction	primary_induction	HPV33	FcgR2B	none	0	20	0.9672134974712734	1.5891507250107857	0.3553449047617192	0.2234680641935817	1.710958930748965	1.9550608314251572	1.1675368329644655	3.273783530124536	2.721900566211439	19.0	0.0135337854401294	0.6086354694043945	standard_continuous_model	HPVVT-FJ-M01|Fc-receptor engagement|primary_induction	0.0355261867803397	yes	HPV33|FcgR2B|dose0	mixedlm_powell	0.9672134974712844	0.3602160791069604	0.0072509732349797	0.0217529197049391	1.0991207943789051e-14	yes	cross_reactive_non_booster_target	fc_gamma_receptor_binding	Fc-receptor engagement						1.047213110982402	0.1379506081498339	attenuated_after_bpv_calibration						True	increased	primary_2vHPV_induction	cross_reactive_type	not_required	attenuated_after_bpv_calibration	not_applicable	B2_attenuated_after_bpv_calibration	Raw effect attenuated after BPV calibration	qualified_claim_only	Do not describe the raw response as independently HPV-specific.	3.416664902679119	4
HPVVT-FJ-M03	Heterologous 2vHPV recall	dose_specific_recall	HPV45	IgM	none	2	21	0.7148673178675794	1.3419943845013842	0.2928471832944412	0.1039987978806166	1.325735837854542	1.6413322602303866	1.074748277325789	2.506607030974904	2.44109337103926	20.0	0.0240672817808292	0.5326902452972537	standard_continuous_model	HPVVT-FJ-M03|Antibody abundance|dose_specific_recall	0.0381443711243331	yes	HPV45|IgM|dose2	mixedlm_powell	0.7148673178675784	0.2760471373041416	0.0096071687736174	0.0161400435396772	-9.992007221626409e-16	yes	cross_reactive_non_booster_target	antibody_isotype_or_subclass	Antibody abundance						0.4782501588014067	0.1375274697523851	attenuated_after_bpv_calibration						True	increased	heterologous_2vHPV_recall	cross_reactive_type	not_required	attenuated_after_bpv_calibration	not_applicable	B2_attenuated_after_bpv_calibration	Raw effect attenuated after BPV calibration	qualified_claim_only	Do not describe the raw response as independently HPV-specific.	3.1334368586698327	4
HPVVT-FJ-M03	Heterologous 2vHPV recall	dose_specific_recall	HPV45	FcgR2A	moderate	1	20	2.790458247698408	5.44037239693717	1.216504250246498	0.2442855896425988	5.336630905754218	6.91849504452303	1.18450606832215	40.40973276641057	2.293833537476736	19.0	0.0333714360752337	0.5129167718866791	above_floor_binary_sensitivity_required	HPVVT-FJ-M03|Fc-receptor engagement|dose_specific_recall	0.0382254631407222	yes	HPV45|FcgR2A|dose1	mixedlm_powell	2.79045824769841	1.0201708611656657	0.0062326251083711	0.0083543698261144	1.7763568394002505e-15	yes	cross_reactive_non_booster_target	fc_gamma_receptor_binding	Fc-receptor engagement	sensitivity_supported	0.05	1.0	3.9296760486149056	0.0078900821758755	1.4778022660904562	0.2299008380111476	attenuated_after_bpv_calibration						True	increased	heterologous_2vHPV_recall	cross_reactive_type	supported	attenuated_after_bpv_calibration	not_applicable	B2_attenuated_after_bpv_calibration	Raw effect attenuated after BPV calibration	qualified_claim_only	Do not describe the raw response as independently HPV-specific.	5.208105491658746	4
HPVVT-FJ-M03	Heterologous 2vHPV recall	dose_specific_recall	HPV52	IgG4	none	1	20	1.1113698544706156	2.1977333861042423	0.4914281247749877	0.082798968303821	2.1399407406374102	2.160506923972363	1.0590707486609596	4.407439422186157	2.261510480254836	19.0	0.0356484883622276	0.5056891165678008	standard_continuous_model	HPVVT-FJ-M03|IgG subclass architecture|dose_specific_recall	0.0467886409754237	yes	HPV52|IgG4|dose1	mixedlm_powell	1.1113698544706163	0.4434755810939818	0.0122090008859944	0.0162786678479925	6.661338147750939e-16	yes	cross_reactive_non_booster_target	antibody_isotype_or_subclass	IgG subclass architecture						1.2846139849051492	0.0599390971922571	attenuated_after_bpv_calibration						True	increased	heterologous_2vHPV_recall	cross_reactive_type	not_required	attenuated_after_bpv_calibration	not_applicable	B2_attenuated_after_bpv_calibration	Raw effect attenuated after BPV calibration	qualified_claim_only	Do not describe the raw response as independently HPV-specific.	3.4412294236286365	4
HPVVT-FJ-M03	Heterologous 2vHPV recall	dose_specific_recall	HPV16	FcgR3A	low	2	21	1.267304236298509	2.690974645528845	0.5872188098258521	0.042387263454833	2.492221209142185	2.407113611880221	1.0298164805623973	5.626435437637155	2.158146529186192	20.0	0.0432516033645405	0.4709461824191403	continuous_model_plus_floor_summary	HPVVT-FJ-M03|Fc-receptor engagement|dose_specific_recall	0.0486580537851081	yes	HPV16|FcgR3A|dose2	mixedlm_powell	1.2673042362985123	0.4970381613678339	0.0107811895335741	0.014150311262816	3.3306690738754696e-15	yes	vaccine_target_2vHPV_and_4vHPV	fc_gamma_receptor_binding	Fc-receptor engagement						0.0841276648719982	0.9290011901073172	attenuated_after_bpv_calibration						True	increased	heterologous_2vHPV_recall	vaccine_type	not_required	attenuated_after_bpv_calibration	not_applicable	B2_attenuated_after_bpv_calibration	Raw effect attenuated after BPV calibration	qualified_claim_only	Do not describe the raw response as independently HPV-specific.	3.5801495021782594	4
HPVVT-FJ-M03	Heterologous 2vHPV recall	dose_specific_recall	HPV18	FcgR2A	low	3	19	0.9214509603575736	1.855475499407931	0.4256752733755175	0.0271403965373527	1.8157615241777945	1.8940192060760024	1.0189903553110728	3.5204540791651096	2.164680492363713	18.0	0.0440971978456532	0.4966117637509101	continuous_model_plus_floor_summary	HPVVT-FJ-M03|Fc-receptor engagement|dose_specific_recall	0.0487390081451956	yes	HPV18|FcgR2A|dose3	mixedlm_powell	0.9214509603575752	0.8844620255520812	0.2974947555147734	0.3288099929373811	1.6653345369377348e-15	yes	vaccine_target_2vHPV_and_4vHPV	fc_gamma_receptor_binding	Fc-receptor engagement						0.1858812862224551	0.8319437446681878	attenuated_after_bpv_calibration						True	increased	heterologous_2vHPV_recall	vaccine_type	not_required	attenuated_after_bpv_calibration	not_applicable	B2_attenuated_after_bpv_calibration	Raw effect attenuated after BPV calibration	qualified_claim_only	Do not describe the raw response as independently HPV-specific.	3.233574273454116	4
HPVVT-FJ-M03	Heterologous 2vHPV recall	dose_specific_recall	HPV33	FcgR2B	none	2	21	2.0267299116392694	1.531186633983712	0.3341323168254763	1.3297421121910782	2.7237177110874606	4.074801867381405	2.5135773963471477	6.605728664868142	6.065650670652936	20.0	6.273313057468793e-06	1.323633492258416	standard_continuous_model	HPVVT-FJ-M03|Fc-receptor engagement|dose_specific_recall	2.3248160154149052e-05	yes	HPV33|FcgR2B|dose2	mixedlm_powell	2.0267299116392685	0.3515348978777169	8.147729650961487e-09	2.4443188952884464e-08	-8.881784197001252e-16	yes	cross_reactive_non_booster_target	fc_gamma_receptor_binding	Fc-receptor engagement						-0.5263821814944921	0.4933953511606591	direction_changed_after_bpv_calibration						True	increased	heterologous_2vHPV_recall	cross_reactive_type	not_required	direction_changed_after_bpv_calibration	not_applicable	B3_direction_changed_after_bpv_calibration	Effect direction changed after BPV calibration	qualified_claim_only	Do not interpret the raw direction without explicit BPV context.	6.660341322865657	5
HPVVT-FJ-M03	Heterologous 2vHPV recall	dose_specific_recall	HPV16	FcgR3A	low	3	19	0.357786652055498	0.4045689343136957	0.0928144789668076	0.1627906675406509	0.5527826365703451	1.2814584061225582	1.119450446620232	1.4669123153954609	3.854858164785368	18.0	0.0011604804529608	0.884365114841162	continuous_model_plus_floor_summary	HPVVT-FJ-M03|Fc-receptor engagement|dose_specific_recall	0.0019239544351719	yes	HPV16|FcgR3A|dose3	mixedlm_powell	0.3577866520555055	0.5225436577567495	0.4935320296084031	0.5269918282259219	7.549516567451064e-15	yes	vaccine_target_2vHPV_and_4vHPV	fc_gamma_receptor_binding	Fc-receptor engagement						-0.7971032026152367	0.1321148866189267	direction_changed_after_bpv_calibration						True	increased	heterologous_2vHPV_recall	vaccine_type	not_required	direction_changed_after_bpv_calibration	not_applicable	B3_direction_changed_after_bpv_calibration	Effect direction changed after BPV calibration	qualified_claim_only	Do not interpret the raw direction without explicit BPV context.	3.073591869586415	5
HPVVT-FJ-M03	Heterologous 2vHPV recall	dose_specific_recall	HPV16	IgA1	none	3	19	1.0141594395570053	1.1066284022022863	0.2538779670132447	0.480781623127312	1.547537255986699	2.019725793016179	1.3954995151217344	2.923177138201286	3.9946729189937815	18.0	0.0008498530130477	0.9164408192838174	standard_continuous_model	HPVVT-FJ-M03|Antibody abundance|dose_specific_recall	0.0023795884365336	yes	HPV16|IgA1|dose3	mixedlm_powell	1.0141594395570015	0.5094297954659878	0.0465057718325001	0.0685348216478948	-3.774758283725532e-15	yes	vaccine_target_2vHPV_and_4vHPV	antibody_isotype_or_subclass	Antibody abundance						-0.1385978408450502	0.8925017852407109	direction_changed_after_bpv_calibration						True	increased	heterologous_2vHPV_recall	vaccine_type	not_required	direction_changed_after_bpv_calibration	not_applicable	B3_direction_changed_after_bpv_calibration	Effect direction changed after BPV calibration	qualified_claim_only	Do not interpret the raw direction without explicit BPV context.	3.6376575897267753	5
HPVVT-FJ-M01	Primary 2vHPV induction	primary_induction	HPV58	IgA1	none	0	20	0.8254815685332485	0.957664443633976	0.2141402795600086	0.3772808123964404	1.2736823246700566	1.7721264715330969	1.298891399960728	2.417778908385486	3.854863597961837	19.0	0.001067351388148	0.8619737049032088	standard_continuous_model	HPVVT-FJ-M01|Antibody abundance|primary_induction	0.0025616256391874	yes	HPV58|IgA1|dose0	mixedlm_lbfgs	0.8254815685332445	0.2846464293616309	0.0037313370470403	0.0065298398323205	-3.996802888650564e-15	yes	cross_reactive_non_booster_target	antibody_isotype_or_subclass	Antibody abundance						-0.1711194615271967	0.7324914380845962	direction_changed_after_bpv_calibration						True	increased	primary_2vHPV_induction	cross_reactive_type	not_required	direction_changed_after_bpv_calibration	not_applicable	B3_direction_changed_after_bpv_calibration	Effect direction changed after BPV calibration	qualified_claim_only	Do not interpret the raw direction without explicit BPV context.	3.4169659071037595	5
HPVVT-FJ-M03	Heterologous 2vHPV recall	dose_specific_recall	HPV58	IgA1	none	3	19	0.7242248619989885	0.8343166482339379	0.1914053661350162	0.3220971096655423	1.1263526143324347	1.6520127965856624	1.250146448724432	2.183061258836854	3.7837228737261457	18.0	0.0013598296443885	0.8680455598387146	standard_continuous_model	HPVVT-FJ-M03|Antibody abundance|dose_specific_recall	0.0031729358369065	yes	HPV58|IgA1|dose3	mixedlm_lbfgs	0.7242248619989894	0.2920410745233694	0.013142907624851	0.020830268688443	8.881784197001252e-16	yes	cross_reactive_non_booster_target	antibody_isotype_or_subclass	Antibody abundance						-0.428532418403067	0.6148383222982845	direction_changed_after_bpv_calibration						True	increased	heterologous_2vHPV_recall	cross_reactive_type	not_required	direction_changed_after_bpv_calibration	not_applicable	B3_direction_changed_after_bpv_calibration	Effect direction changed after BPV calibration	qualified_claim_only	Do not interpret the raw direction without explicit BPV context.	3.2227635721107406	5
HPVVT-FJ-M03	Heterologous 2vHPV recall	dose_specific_recall	HPV16	FcgR2A	low	3	19	0.3793262679368998	0.4643355857725385	0.106525889172224	0.1555236795187083	0.6031288563550912	1.300734276556858	1.1138258491423214	1.519007356053653	3.5608833766562595	18.0	0.0022332543564454	0.8169226730830798	continuous_model_plus_floor_summary	HPVVT-FJ-M03|Fc-receptor engagement|dose_specific_recall	0.0034315859623429	yes	HPV16|FcgR2A|dose3	mixedlm_powell_convergence_repair	0.3793262679368973	0.8894716122715738	0.6697708836497642	0.6917305847530353	-2.4424906541753444e-15	yes	vaccine_target_2vHPV_and_4vHPV	fc_gamma_receptor_binding	Fc-receptor engagement						-0.3562434061982184	0.5351912401290054	direction_changed_after_bpv_calibration	0.3793262679368923	0.106714353104859	0.0003785622361546	yes	no	True	increased	heterologous_2vHPV_recall	vaccine_type	not_required	direction_changed_after_bpv_calibration	nominal_significance_method_sensitive	B3_direction_changed_after_bpv_calibration	Effect direction changed after BPV calibration	qualified_claim_only	Do not interpret the raw direction without explicit BPV context.	2.843831385356117	5
HPVVT-FJ-M03	Heterologous 2vHPV recall	dose_specific_recall	HPV18	FcgR2B	none	2	21	1.8169470483435015	2.423590613456589	0.5288708304642514	0.7137418276699461	2.9201522690170574	3.5233481756598586	1.6400523064381878	7.569260027984069	3.4355213857201314	20.0	0.0026177275807206	0.7496922286524802	standard_continuous_model	HPVVT-FJ-M03|Fc-receptor engagement|dose_specific_recall	0.0039265913710809	yes	HPV18|FcgR2B|dose2	mixedlm_powell	1.8169470483435024	0.4396094095305676	3.579121328981588e-05	7.273698184704517e-05	8.881784197001252e-16	yes	vaccine_target_2vHPV_and_4vHPV	fc_gamma_receptor_binding	Fc-receptor engagement						-0.7361650447902603	0.3894566331601651	direction_changed_after_bpv_calibration						True	increased	heterologous_2vHPV_recall	vaccine_type	not_required	direction_changed_after_bpv_calibration	not_applicable	B3_direction_changed_after_bpv_calibration	Effect direction changed after BPV calibration	qualified_claim_only	Do not interpret the raw direction without explicit BPV context.	4.222931340482439	5
HPVVT-FJ-M03	Heterologous 2vHPV recall	dose_specific_recall	HPV45	IgA1	none	3	19	1.0130246791644233	1.5340221038726942	0.3519288067336172	0.2736496925020656	1.7523996658267809	2.018137790250921	1.208862110758064	3.369185041199457	2.878493205960273	18.0	0.0099988629779522	0.6603716312868021	standard_continuous_model	HPVVT-FJ-M03|Antibody abundance|dose_specific_recall	0.0171409079622039	yes	HPV45|IgA1|dose3	mixedlm_powell	1.0130246791644244	0.5409579390123167	0.0611167844837877	0.0855634982773027	1.1102230246251563e-15	yes	cross_reactive_non_booster_target	antibody_isotype_or_subclass	Antibody abundance						-0.1397326012376321	0.8925017852407109	direction_changed_after_bpv_calibration						True	increased	heterologous_2vHPV_recall	cross_reactive_type	not_required	direction_changed_after_bpv_calibration	not_applicable	B3_direction_changed_after_bpv_calibration	Effect direction changed after BPV calibration	qualified_claim_only	Do not interpret the raw direction without explicit BPV context.	2.7789908561787025	5
HPVVT-FJ-M03	Heterologous 2vHPV recall	dose_specific_recall	HPV16	IgG1	none	2	21	0.1323914496668569	0.2236339942054493	0.0488009384005612	0.0305944759710143	0.2341884233626995	1.09610913584226	1.0214329299853442	1.1762448638640473	2.7128873748324107	20.0	0.013394589093299	0.5920005593837886	standard_continuous_model	HPVVT-FJ-M03|IgG subclass architecture|dose_specific_recall	0.0185987181317366	yes	HPV16|IgG1|dose2	mixedlm_powell	0.132391449666855	0.3156084500479021	0.6748653288919464	0.6962400934945973	-1.887379141862766e-15	yes	vaccine_target_2vHPV_and_4vHPV	antibody_isotype_or_subclass	IgG subclass architecture						-0.3689917677850901	0.1045695310986084	direction_changed_after_bpv_calibration						True	increased	heterologous_2vHPV_recall	vaccine_type	not_required	direction_changed_after_bpv_calibration	not_applicable	B3_direction_changed_after_bpv_calibration	Effect direction changed after BPV calibration	qualified_claim_only	Do not interpret the raw direction without explicit BPV context.	1.8629084370348394	5
HPVVT-FJ-M03	Heterologous 2vHPV recall	dose_specific_recall	HPV16	IgG1	none	3	19	0.2128784086785853	0.3500247365920854	0.0803011818181233	0.0441718859394933	0.3815849314176772	1.1589982666241163	1.0310911580019655	1.302772283141958	2.650999697124512	18.0	0.0162545032236648	0.6081810410064568	standard_continuous_model	HPVVT-FJ-M03|IgG subclass architecture|dose_specific_recall	0.0220222301739975	yes	HPV16|IgG1|dose3	mixedlm_powell	0.2128784086785815	0.3318038869553125	0.521146566436065	0.5685235270211619	-3.802513859341161e-15	yes	vaccine_target_2vHPV_and_4vHPV	antibody_isotype_or_subclass	IgG subclass architecture						-0.6514529929035499	0.0035852020531836	direction_changed_after_bpv_calibration						True	increased	heterologous_2vHPV_recall	vaccine_type	not_required	direction_changed_after_bpv_calibration	not_applicable	B3_direction_changed_after_bpv_calibration	Effect direction changed after BPV calibration	qualified_claim_only	Do not interpret the raw direction without explicit BPV context.	1.8700171111538024	5
HPVVT-FJ-M03	Heterologous 2vHPV recall	dose_specific_recall	HPV33	IgA1	none	3	19	0.859958871055299	1.4849238024088682	0.3406648838714955	0.1442485081935469	1.575669233917051	1.81498656751182	1.105154834368811	2.980737302868288	2.5243543193600484	18.0	0.0212052607160421	0.5791265987253079	standard_continuous_model	HPVVT-FJ-M03|Antibody abundance|dose_specific_recall	0.0342546519259142	yes	HPV33|IgA1|dose3	mixedlm_lbfgs	0.8599588710553008	0.5205712466373774	0.0985442740236485	0.1313923653648646	1.7763568394002505e-15	yes	cross_reactive_non_booster_target	antibody_isotype_or_subclass	Antibody abundance						-0.2927984093467565	0.7508965549957496	direction_changed_after_bpv_calibration						True	increased	heterologous_2vHPV_recall	cross_reactive_type	not_required	direction_changed_after_bpv_calibration	not_applicable	B3_direction_changed_after_bpv_calibration	Effect direction changed after BPV calibration	qualified_claim_only	Do not interpret the raw direction without explicit BPV context.	2.3252393122030437	5
HPVVT-FJ-M03	Heterologous 2vHPV recall	dose_specific_recall	HPV16	FcgR2B	moderate	2	21	0.1402537704033843	0.2812175130975903	0.0613666924055687	0.012245093165762	0.2682624476410067	1.1020989582984912	1.0085237740454558	1.204356451618834	2.2855031761603803	20.0	0.0333329254299364	0.4987376812293778	above_floor_binary_sensitivity_required	HPVVT-FJ-M03|Fc-receptor engagement|dose_specific_recall	0.0382254631407222	yes	HPV16|FcgR2B|dose2	mixedlm_powell	0.1402537704033823	0.5031399851757596	0.7804313500936566	0.793018952514522	-1.9984014443252818e-15	yes	vaccine_target_2vHPV_and_4vHPV	fc_gamma_receptor_binding	Fc-receptor engagement	sensitivity_supported	0.0	1.0	0.1402537704033843	0.0463762440764333	-2.412858322730377	0.0025492208342598	direction_changed_after_bpv_calibration						True	increased	heterologous_2vHPV_recall	vaccine_type	supported	direction_changed_after_bpv_calibration	not_applicable	B3_direction_changed_after_bpv_calibration	Effect direction changed after BPV calibration	qualified_claim_only	Do not interpret the raw direction without explicit BPV context.	1.5579010143637229	5
HPVVT-FJ-M03	Heterologous 2vHPV recall	dose_specific_recall	HPV31	IgA2	high	2	21	4.901327733755285	5.2120611081214205	1.137364978795325	2.528825961787954	7.273829505722617	29.88454627074185	5.771018523850643	154.7536370082919	4.309371068332592	20.0	0.0003413101737285	0.9403818627755628	two_part_floor_sensitivity_required	HPVVT-FJ-M03|Antibody abundance|dose_specific_recall	0.0010618538738222	yes	HPV31|IgA2|dose2	mixedlm_powell	4.901327733755285	1.01769262237751	1.463779996359214e-06	4.729135372852845e-06	0.0	yes	cross_reactive_non_booster_target	antibody_isotype_or_subclass	Antibody abundance	not_supported_after_floor_sensitivity	0.3809523809523809	0.0703125	3.857512364866463	0.061907058282366	4.121789525258099	0.0081235241015641	bpv_calibrated_supported						True	increased	heterologous_2vHPV_recall	cross_reactive_type	not_supported	bpv_calibrated_supported	not_applicable	B4_not_supported_after_floor_sensitivity	Raw effect not supported after floor sensitivity	qualified_claim_only	Do not promote without explicit assay-floor qualification.	7.875262977988274	6
HPVVT-FJ-M03	Heterologous 2vHPV recall	dose_specific_recall	HPV31	IgA2	high	3	19	4.571850710320103	4.511106671544155	1.0349188476206894	2.3975668934930208	6.746134527147184	23.78286657916652	5.269137739790539	107.3467369150461	4.417593438201391	18.0	0.000332282200939	1.01346544056675	two_part_floor_sensitivity_required	HPVVT-FJ-M03|Antibody abundance|dose_specific_recall	0.0010618538738222	yes	HPV31|IgA2|dose3	mixedlm_powell	4.571850710320104	1.0699154847702954	1.927781098661665e-05	5.397787076252662e-05	8.881784197001252e-16	yes	cross_reactive_non_booster_target	antibody_isotype_or_subclass	Antibody abundance	not_supported_after_floor_sensitivity	0.3684210526315789	0.05625	3.3096786298786607	0.061907058282366	4.5979063751814975	0.0008287727469807	bpv_calibrated_supported						True	increased	heterologous_2vHPV_recall	cross_reactive_type	not_supported	bpv_calibrated_supported	not_applicable	B4_not_supported_after_floor_sensitivity	Raw effect not supported after floor sensitivity	qualified_claim_only	Do not promote without explicit assay-floor qualification.	7.545785954553091	6
HPVVT-FJ-M03	Heterologous 2vHPV recall	dose_specific_recall	HPV31	IgA2	high	1	20	4.103218683831435	4.409832811637369	0.986068593623018	2.039353398081932	6.167083969580938	17.186676506307215	4.110612557043325	71.8583532827317	4.161189911500344	19.0	0.0005302546872546	0.93047035094011	two_part_floor_sensitivity_required	HPVVT-FJ-M03|Antibody abundance|dose_specific_recall	0.0015359101285996	yes	HPV31|IgA2|dose1	mixedlm_powell	4.103218683831434	1.0428246196382656	8.32951406893249e-05	0.0002186497443094	-8.881784197001252e-16	yes	cross_reactive_non_booster_target	antibody_isotype_or_subclass	Antibody abundance	not_supported_after_floor_sensitivity	0.3	0.158203125	4.012724468289907	0.061907058282366	3.983461576028098	0.0220444082138618	bpv_calibrated_supported						True	increased	heterologous_2vHPV_recall	cross_reactive_type	not_supported	bpv_calibrated_supported	not_applicable	B4_not_supported_after_floor_sensitivity	Raw effect not supported after floor sensitivity	qualified_claim_only	Do not promote without explicit assay-floor qualification.	6.916852879460917	6
HPVVT-FJ-M03	Heterologous 2vHPV recall	dose_specific_recall	HPV18	IgA2	high	2	21	3.404783419719778	4.159581918714264	0.907695190565608	1.5113644309409224	5.298202408498634	10.591121203403608	2.8507952604340754	39.34756378404589	3.751020667629815	20.0	0.0012583670192566	0.8185398163217817	two_part_floor_sensitivity_required	HPVVT-FJ-M03|Antibody abundance|dose_specific_recall	0.0031089067534575	yes	HPV18|IgA2|dose2	mixedlm_powell	3.4047834197197795	0.8684715218395394	8.839042839580434e-05	0.0002249938177347	1.3322676295501878e-15	yes	vaccine_target_2vHPV_and_4vHPV	antibody_isotype_or_subclass	Antibody abundance	not_supported_after_floor_sensitivity	0.238095238095238	0.15	1.7431079487175016	0.061907058282366	2.625245211222591	0.0671637168800154	attenuated_after_bpv_calibration						True	increased	heterologous_2vHPV_recall	vaccine_type	not_supported	attenuated_after_bpv_calibration	not_applicable	B4_not_supported_after_floor_sensitivity	Raw effect not supported after floor sensitivity	qualified_claim_only	Do not promote without explicit assay-floor qualification.	5.912175723429616	6
HPVVT-FJ-M03	Heterologous 2vHPV recall	dose_specific_recall	HPV18	IgA2	high	3	19	3.500751592338076	4.261812574742962	0.9777268594534448	1.4466236839767577	5.554879500699394	11.319604070621772	2.7256941452538905	47.00946969371055	3.580500585096963	18.0	0.0021379389475095	0.8214231693539956	two_part_floor_sensitivity_required	HPVVT-FJ-M03|Antibody abundance|dose_specific_recall	0.0046047915792512	yes	HPV18|IgA2|dose3	mixedlm_powell	3.5007515923380725	0.9130371085204414	0.0001259821957275	0.0002936333107432	-3.552713678800501e-15	yes	vaccine_target_2vHPV_and_4vHPV	antibody_isotype_or_subclass	Antibody abundance	not_supported_after_floor_sensitivity	0.2631578947368421	0.15	1.5504530874508111	0.0742899326923627	3.526807257199471	0.0124210859568679	bpv_calibrated_supported						True	increased	heterologous_2vHPV_recall	vaccine_type	not_supported	bpv_calibrated_supported	not_applicable	B4_not_supported_after_floor_sensitivity	Raw effect not supported after floor sensitivity	qualified_claim_only	Do not promote without explicit assay-floor qualification.	5.837541614271993	6
HPVVT-FJ-M03	Heterologous 2vHPV recall	dose_specific_recall	HPV33	FcgR2A	moderate	1	20	3.0410379055636256	4.125992851007803	0.9226000489531608	1.110013810506419	4.9720620006208325	8.230829918240403	2.1584771353933565	31.386276941337776	3.296160572519128	19.0	0.0037980558394142	0.7370439104907394	above_floor_binary_sensitivity_required	HPVVT-FJ-M03|Fc-receptor engagement|dose_specific_recall	0.0052016851713717	yes	HPV33|FcgR2A|dose1	mixedlm_powell	3.041037905563627	0.8023454821047056	0.0001505350542084	0.0002634363448647	1.3322676295501878e-15	yes	cross_reactive_non_booster_target	fc_gamma_receptor_binding	Fc-receptor engagement	not_supported_after_floor_sensitivity	0.3	0.2368421052631578	1.0116930509378257	0.282302080475961	1.7283819239556737	0.0876722424750985	attenuated_after_bpv_calibration						True	increased	heterologous_2vHPV_recall	cross_reactive_type	not_supported	attenuated_after_bpv_calibration	not_applicable	B4_not_supported_after_floor_sensitivity	Raw effect not supported after floor sensitivity	qualified_claim_only	Do not promote without explicit assay-floor qualification.	5.324893842300778	6
HPVVT-FJ-M03	Heterologous 2vHPV recall	dose_specific_recall	HPV58	IgA2	high	1	20	3.151005691198407	4.477225580942479	1.001138074958837	1.0555996185255785	5.246411763871236	8.882745709953971	2.078581935400272	37.96009673898726	3.147423687115251	19.0	0.0053029871458644	0.703785331838273	two_part_floor_sensitivity_required	HPVVT-FJ-M03|Antibody abundance|dose_specific_recall	0.0096837156576655	yes	HPV58|IgA2|dose1	mixedlm_lbfgs	3.1510056911984083	0.8476149121841052	0.0002012065651348	0.000422533786783	1.3322676295501878e-15	yes	cross_reactive_non_booster_target	antibody_isotype_or_subclass	Antibody abundance	not_supported_after_floor_sensitivity	0.3	0.0865384615384615	1.3913501583257637	0.3908080609011461	3.0312485833950693	0.0833725964928663	attenuated_after_bpv_calibration						True	increased	heterologous_2vHPV_recall	cross_reactive_type	not_supported	attenuated_after_bpv_calibration	not_applicable	B4_not_supported_after_floor_sensitivity	Raw effect not supported after floor sensitivity	qualified_claim_only	Do not promote without explicit assay-floor qualification.	5.164963662403084	6
HPVVT-FJ-M01	Primary 2vHPV induction	primary_induction	HPV58	IgA2	high	0	20	2.17634614762424	3.2130830719459853	0.718467216622507	0.6725769809295803	3.6801153143188983	4.52007323500782	1.5939175248642456	12.818142551995702	3.029151640147449	19.0	0.0069011097437843	0.6773388981524676	two_part_floor_sensitivity_required	HPVVT-FJ-M01|Antibody abundance|primary_induction	0.0107350596014423	yes	HPV58|IgA2|dose0	mixedlm_lbfgs	2.1763461476242494	0.8476149121841062	0.0102401728259095	0.0161058666567158	9.325873406851317e-15	yes	cross_reactive_non_booster_target	antibody_isotype_or_subclass	Antibody abundance	not_supported_after_floor_sensitivity	0.15	0.5192307692307693	1.899017945750043	0.061907058282366	1.239820255853437	0.1690091834995591	attenuated_after_bpv_calibration						True	increased	primary_2vHPV_induction	cross_reactive_type	not_supported	attenuated_after_bpv_calibration	not_applicable	B4_not_supported_after_floor_sensitivity	Raw effect not supported after floor sensitivity	qualified_claim_only	Do not promote without explicit assay-floor qualification.	4.145541687626482	6
HPVVT-FJ-M03	Heterologous 2vHPV recall	dose_specific_recall	HPV45	IgG2	high	1	20	1.9789670754065696	2.973271959351385	0.6648438216703687	0.5874329642257703	3.3705011865873686	3.942107381576022	1.5025707926971954	10.34241493539259	2.9765894047636148	19.0	0.0077530378224644	0.6655856250157078	two_part_floor_sensitivity_required	HPVVT-FJ-M03|IgG subclass architecture|dose_specific_recall	0.0114255294225792	yes	HPV45|IgG2|dose1	mixedlm_lbfgs	1.9789670754065685	0.6432124669903873	0.0020931099146971	0.003031400566113	-1.1102230246251563e-15	yes	cross_reactive_non_booster_target	antibody_isotype_or_subclass	IgG subclass architecture	not_supported_after_floor_sensitivity	0.2	0.25	2.943614813767608	0.2139499776998914	2.630233542154876	0.0131621033275609	bpv_calibrated_supported						True	increased	heterologous_2vHPV_recall	cross_reactive_type	not_supported	bpv_calibrated_supported	not_applicable	B4_not_supported_after_floor_sensitivity	Raw effect not supported after floor sensitivity	qualified_claim_only	Do not promote without explicit assay-floor qualification.	3.921090742377797	6
HPVVT-FJ-M03	Heterologous 2vHPV recall	dose_specific_recall	HPV33	FcgR2A	moderate	2	21	2.5539314034723497	4.086083740107937	0.8916565730939471	0.6939683844840576	4.413894422460642	5.872323323265394	1.617727245127356	21.316437191024708	2.8642545577951584	20.0	0.0095882276484982	0.6250315867008848	above_floor_binary_sensitivity_required	HPVVT-FJ-M03|Fc-receptor engagement|dose_specific_recall	0.0125845487886539	yes	HPV33|FcgR2A|dose2	mixedlm_powell	2.5539314034723497	0.7830090145159081	0.0011075081838852	0.0016612622758277	0.0	yes	cross_reactive_non_booster_target	fc_gamma_receptor_binding	Fc-receptor engagement	not_supported_after_floor_sensitivity	0.1904761904761904	0.5161290322580645	1.186543908047562	0.1178623805515121	2.272664482952503	0.0261796280063911	bpv_calibrated_supported						True	increased	heterologous_2vHPV_recall	cross_reactive_type	not_supported	bpv_calibrated_supported	not_applicable	B4_not_supported_after_floor_sensitivity	Raw effect not supported after floor sensitivity	qualified_claim_only	Do not promote without explicit assay-floor qualification.	4.454093754673446	6
HPVVT-FJ-M03	Heterologous 2vHPV recall	dose_specific_recall	HPV18	IgG4	high	2	21	1.8101030181419635	3.0274899529405936	0.6606524702413602	0.4320061138726052	3.1881999224113216	3.506673276412374	1.3491082515968251	9.11473000995292	2.73987171724442	20.0	0.0126243964990341	0.5978890256543427	two_part_floor_sensitivity_required	HPVVT-FJ-M03|IgG subclass architecture|dose_specific_recall	0.0179737170494724	yes	HPV18|IgG4|dose2	mixedlm_powell	1.8101030181419648	0.6311574947221896	0.0041319278931481	0.0057846990504073	1.3322676295501878e-15	yes	vaccine_target_2vHPV_and_4vHPV	antibody_isotype_or_subclass	IgG subclass architecture	not_supported_after_floor_sensitivity	0.1904761904761904	0.25	0.9546154177560808	0.2811009824442051	1.5354614880998416	0.0608896926454388	attenuated_after_bpv_calibration						True	increased	heterologous_2vHPV_recall	vaccine_type	not_supported	attenuated_after_bpv_calibration	not_applicable	B4_not_supported_after_floor_sensitivity	Raw effect not supported after floor sensitivity	qualified_claim_only	Do not promote without explicit assay-floor qualification.	3.55546511759718	6
HPVVT-FJ-M03	Heterologous 2vHPV recall	dose_specific_recall	HPV33	IgG2	high	1	20	1.6303759364159691	2.677811633615592	0.5987768843704224	0.3771215142050399	2.883630358626898	3.0959366188786577	1.2987479880669195	7.380048813303681	2.7228438154058177	19.0	0.0135062119766182	0.6088463863362297	two_part_floor_sensitivity_required	HPVVT-FJ-M03|IgG subclass architecture|dose_specific_recall	0.0185987181317366	yes	HPV33|IgG2|dose1	mixedlm_lbfgs	1.6303759364159696	0.592341007834764	0.0059155164612456	0.0081459570941742	4.440892098500626e-16	yes	cross_reactive_non_booster_target	antibody_isotype_or_subclass	IgG subclass architecture	not_supported_after_floor_sensitivity	0.15	0.625	1.3608251943088328	0.0696257147578657	2.281642403164276	0.038004366403813	bpv_calibrated_supported						True	increased	heterologous_2vHPV_recall	cross_reactive_type	not_supported	bpv_calibrated_supported	not_applicable	B4_not_supported_after_floor_sensitivity	Raw effect not supported after floor sensitivity	qualified_claim_only	Do not promote without explicit assay-floor qualification.	3.3608929237839513	6
HPVVT-FJ-M03	Heterologous 2vHPV recall	dose_specific_recall	HPV16	IgA2	high	2	21	1.7438883408538173	3.1043367172086973	0.6774218090114085	0.3308112088753205	3.156965472832314	3.349366711671018	1.2577203757333493	8.919516281756037	2.574302034058736	20.0	0.018104275012871	0.5617587587025211	two_part_floor_sensitivity_required	HPVVT-FJ-M03|Antibody abundance|dose_specific_recall	0.0304151820216233	yes	HPV16|IgA2|dose2	mixedlm_powell	1.743888340853819	0.6995583707363828	0.0126725298328606	0.0204710097300055	1.7763568394002505e-15	yes	vaccine_target_2vHPV_and_4vHPV	antibody_isotype_or_subclass	Antibody abundance	not_supported_after_floor_sensitivity	0.0476190476190476	1.0	1.3727629656222182	0.061907058282366	0.9643501323566308	0.4232748779066172	attenuated_after_bpv_calibration						True	increased	heterologous_2vHPV_recall	vaccine_type	not_supported	attenuated_after_bpv_calibration	not_applicable	B4_not_supported_after_floor_sensitivity	Raw effect not supported after floor sensitivity	qualified_claim_only	Do not promote without explicit assay-floor qualification.	3.2607979209836917	6
HPVVT-FJ-M03	Heterologous 2vHPV recall	dose_specific_recall	HPV52	IgA1	moderate	1	20	2.050698106177875	3.61914316262034	0.8092650131922655	0.3568869671754431	3.744509245180307	4.143063998996063	1.2806595197956383	13.403234063739566	2.5340254091655257	19.0	0.0202325112982141	0.5666253071605833	above_floor_binary_sensitivity_required	HPVVT-FJ-M03|Antibody abundance|dose_specific_recall	0.0333241362558821	yes	HPV52|IgA1|dose1	mixedlm_lbfgs	2.050698106177875	0.5418580625468671	0.0001539764647067	0.0003316416162913	0.0	yes	cross_reactive_non_booster_target	antibody_isotype_or_subclass	Antibody abundance	not_supported_after_floor_sensitivity	0.2	0.2142857142857142	0.5175436077324822	0.3683136832575697	1.7765905005251532	0.2222182957621466	attenuated_after_bpv_calibration						True	increased	heterologous_2vHPV_recall	cross_reactive_type	not_supported	attenuated_after_bpv_calibration	not_applicable	B4_not_supported_after_floor_sensitivity	Raw effect not supported after floor sensitivity	qualified_claim_only	Do not promote without explicit assay-floor qualification.	3.527939204631081	6
HPVVT-FJ-M03	Heterologous 2vHPV recall	dose_specific_recall	HPV18	IgG4	high	3	19	1.9345140694584284	3.514785137462272	0.8063470117082504	0.2404418604781295	3.628586278438728	3.8224935559492144	1.1813544245794645	12.36839400713687	2.399108623668301	18.0	0.027477089494661	0.5503932655340568	two_part_floor_sensitivity_required	HPVVT-FJ-M03|IgG subclass architecture|dose_specific_recall	0.0366361193262146	yes	HPV18|IgG4|dose3	mixedlm_powell	1.9345140694584289	0.6635453201522785	0.0035520883624513	0.0050572105499306	4.440892098500626e-16	yes	vaccine_target_2vHPV_and_4vHPV	antibody_isotype_or_subclass	IgG subclass architecture	not_supported_after_floor_sensitivity	0.2105263157894736	0.4166666666666667	1.3296865242572578	0.2139499776998914	2.675848734068948	0.0292115779289303	bpv_calibrated_supported						True	increased	heterologous_2vHPV_recall	vaccine_type	not_supported	bpv_calibrated_supported	not_applicable	B4_not_supported_after_floor_sensitivity	Raw effect not supported after floor sensitivity	qualified_claim_only	Do not promote without explicit assay-floor qualification.	3.3706046045845692	6
HPVVT-FJ-M03	Heterologous 2vHPV recall	dose_specific_recall	HPV52	IgA1	moderate	2	21	1.2960559603639987	2.570696496017828	0.5609719657980685	0.1258889447683668	2.4662229759596306	2.455566614387873	1.0911798773912198	5.525951790929572	2.3103756326221414	20.0	0.0316586433798273	0.5041652962034499	above_floor_binary_sensitivity_required	HPVVT-FJ-M03|Antibody abundance|dose_specific_recall	0.0492467785908425	yes	HPV52|IgA1|dose2	mixedlm_lbfgs	1.296055960363998	0.5287993227672385	0.0142483291239441	0.0221640675261352	-6.661338147750939e-16	yes	cross_reactive_non_booster_target	antibody_isotype_or_subclass	Antibody abundance	not_supported_after_floor_sensitivity	0.1428571428571428	0.391304347826087	0.7215186282579399	0.3313859509504933	0.7092742984456768	0.4399670363181867	attenuated_after_bpv_calibration						True	increased	heterologous_2vHPV_recall	cross_reactive_type	not_supported	attenuated_after_bpv_calibration	not_applicable	B4_not_supported_after_floor_sensitivity	Raw effect not supported after floor sensitivity	qualified_claim_only	Do not promote without explicit assay-floor qualification.	2.603678133367489	6
HPVVT-FJ-M03	Heterologous 2vHPV recall	dose_specific_recall	HPV52	IgG4	none	3	19	0.9141729682655536	2.077439381058348	0.4765972801771064	-0.0871207619774252	1.915466698508533	1.8844884702352305	0.9413996606086124	3.772358269338672	1.918124601814432	18.0	0.0710999558967502	0.440047963180437	standard_continuous_model	HPVVT-FJ-M03|IgG subclass architecture|dose_specific_recall	0.0878293572842208	no	HPV52|IgG4|dose3	mixedlm_powell	0.9141729682655542	0.4549963458808095	0.0445172534166834	0.0549919012794324	5.551115123125784e-16	yes	cross_reactive_non_booster_target	antibody_isotype_or_subclass	IgG subclass architecture						1.655507632876074	0.0327067724630203	emerges_after_bpv_calibration						False	increased	heterologous_2vHPV_recall	cross_reactive_type	not_required	emerges_after_bpv_calibration	not_applicable	C1_emerges_after_bpv_calibration	Effect emerges only after BPV calibration	exploratory_only	Treat as exploratory and calibration-dependent.	2.970533263572603	8
HPVVT-FJ-M01	Primary 2vHPV induction	primary_induction	HPV31	IgG3	none	0	20	1.6810237828465269	4.484744457494031	1.0028193468672069	-0.4179012323725208	3.779948798065575	3.2065541772492256	0.7485127352002986	13.736559457312431	1.6762977181264211	19.0	0.1100573765059483	0.3748315648258458	standard_continuous_model	HPVVT-FJ-M01|IgG subclass architecture|primary_induction	0.3081606542166554	no	HPV31|IgG3|dose0	mixedlm_powell	1.6810237828465096	0.8448117887929895	0.0466107166804398	0.1631375083815393	-1.7319479184152442e-14	yes	cross_reactive_non_booster_target	antibody_isotype_or_subclass	IgG subclass architecture						2.9450766367848944	0.0199051519122364	emerges_after_bpv_calibration						False	increased	primary_2vHPV_induction	cross_reactive_type	not_required	emerges_after_bpv_calibration	not_applicable	C1_emerges_after_bpv_calibration	Effect emerges only after BPV calibration	exploratory_only	Treat as exploratory and calibration-dependent.	3.1922465954057797	8
HPVVT-FJ-M03	Heterologous 2vHPV recall	dose_specific_recall	HPV18	FcgR2B	none	3	19	0.7107798963519194	1.5399055591819355	0.3532785639510815	-0.0314308249975833	1.4529906177014222	1.6366886440015604	0.9784494171787742	2.737749821679569	2.011953084281505	18.0	0.0594379521911733	0.4615736933435816	standard_continuous_model	HPVVT-FJ-M03|Fc-receptor engagement|dose_specific_recall	0.0645619135869641	no	HPV18|FcgR2B|dose3	mixedlm_powell	0.7107798963519216	0.4621679514671843	0.1240668217689414	0.147475656064968	2.220446049250313e-15	yes	vaccine_target_2vHPV_and_4vHPV	fc_gamma_receptor_binding	Fc-receptor engagement						-0.2545564603489481	0.7363845555862375	direction_changed_after_bpv_calibration						False	increased	heterologous_2vHPV_recall	vaccine_type	not_required	direction_changed_after_bpv_calibration	not_applicable	C2_direction_changed_without_raw_fdr	Direction changed after calibration without raw FDR support	exploratory_only	Treat as exploratory heterologous-control-sensitive behavior.	1.9008035021480836	9
HPVVT-FJ-M03	Heterologous 2vHPV recall	dose_specific_recall	HPV16	FcgR2A	low	1	20	1.0034217709890243	2.254283365626353	0.5040730846087538	-0.0516153202768689	2.0584588622549176	2.004749211669322	0.9648554190143516	4.165411026860791	1.9906275530816129	19.0	0.0611032703333548	0.4451178526574557	continuous_model_plus_floor_summary	HPVVT-FJ-M03|Fc-receptor engagement|dose_specific_recall	0.0652458649322263	no	HPV16|FcgR2A|dose1	mixedlm_powell_convergence_repair	1.0034217709890187	0.8669496880356687	0.2471022843319904	0.2830444347802799	-5.551115123125783e-15	yes	vaccine_target_2vHPV_and_4vHPV	fc_gamma_receptor_binding	Fc-receptor engagement						-0.309234210618928	0.7510517839706926	direction_changed_after_bpv_calibration	1.0034217709890134	0.5056657365539259	0.04721596196334	yes	no	False	increased	heterologous_2vHPV_recall	vaccine_type	not_required	direction_changed_after_bpv_calibration	nominal_significance_method_sensitive	C2_direction_changed_without_raw_fdr	Direction changed after calibration without raw FDR support	exploratory_only	Treat as exploratory heterologous-control-sensitive behavior.	2.1888687782587413	9
HPVVT-FJ-M03	Heterologous 2vHPV recall	dose_specific_recall	HPV16	IgG	none	1	20	0.9236340941015236	1.9934648308737717	0.4457522872588874	-0.0093361654388297	1.8566043536418768	1.8968874680671604	0.9935495572534988	3.621542619833492	2.072079315131115	19.0	0.0521106003330388	0.4633310203404381	standard_continuous_model	HPVVT-FJ-M03|Antibody abundance|dose_specific_recall	0.0767945689118467	no	HPV16|IgG|dose1	mixedlm_powell	0.9236340941015202	0.3195846801813909	0.0038511005836954	0.0068828180644768	-3.4416913763379853e-15	yes	vaccine_target_2vHPV_and_4vHPV	antibody_isotype_or_subclass	Antibody abundance						-0.0836985527841257	0.8981224275005391	direction_changed_after_bpv_calibration						False	increased	heterologous_2vHPV_recall	vaccine_type	not_required	direction_changed_after_bpv_calibration	not_applicable	C2_direction_changed_without_raw_fdr	Direction changed after calibration without raw FDR support	exploratory_only	Treat as exploratory heterologous-control-sensitive behavior.	2.038303587286415	9
HPVVT-FJ-M03	Heterologous 2vHPV recall	dose_specific_recall	HPV33	IgG2	high	2	21	0.7288561051003166	2.2695107394912704	0.4952478454397119	-0.3042127978240829	1.7619250080247162	1.6573244986164328	0.8098840067590437	3.391503561980345	1.4716996990732845	20.0	0.1566632161258914	0.321151203392717	two_part_floor_sensitivity_required	HPVVT-FJ-M03|IgG subclass architecture|dose_specific_recall	0.1802700021174642	no	HPV33|IgG2|dose2	mixedlm_lbfgs	0.7288561051003162	0.5780656327563538	0.2073616162414893	0.2419218856150708	-4.440892098500626e-16	yes	cross_reactive_non_booster_target	antibody_isotype_or_subclass	IgG subclass architecture	continuous_result_not_fdr_significant	0.0	1.0	0.9141888580655154	0.1745787414673689	-0.1556447061370695	0.8273111408484838	direction_changed_after_bpv_calibration						False	increased	heterologous_2vHPV_recall	cross_reactive_type	not_applicable_raw_not_fdr_significant	direction_changed_after_bpv_calibration	not_applicable	C2_direction_changed_without_raw_fdr	Direction changed after calibration without raw FDR support	exploratory_only	Treat as exploratory heterologous-control-sensitive behavior.	1.4729326412661619	9
HPVVT-FJ-M03	Heterologous 2vHPV recall	dose_specific_recall	HPV16	IgG	none	2	21	0.0063948956471252	0.0207066913964373	0.0045185705102983	-0.0030306772712503	0.0158204685655009	1.0044424424077756	0.9979014995316016	1.011026259188568	1.4152475063851655	20.0	0.1723790193978741	0.30883232500512	standard_continuous_model	HPVVT-FJ-M03|Antibody abundance|dose_specific_recall	0.2129387886679621	no	HPV16|IgG|dose2	mixedlm_powell	0.0063948956471246	0.311882712702253	0.9836411869129218	0.9836411869129216	-6.002143226879754e-16	yes	vaccine_target_2vHPV_and_4vHPV	antibody_isotype_or_subclass	Antibody abundance						-0.6149246054630023	0.0835659302266329	direction_changed_after_bpv_calibration						False	increased	heterologous_2vHPV_recall	vaccine_type	not_required	direction_changed_after_bpv_calibration	not_applicable	C2_direction_changed_without_raw_fdr	Direction changed after calibration without raw FDR support	exploratory_only	Treat as exploratory heterologous-control-sensitive behavior.	0.6781401164536748	9
HPVVT-FJ-M03	Heterologous 2vHPV recall	dose_specific_recall	HPV18	FcgR2A	low	1	20	0.8734429211837551	3.2702550511217985	0.7312512598070391	-0.657083555408724	2.403969397776234	1.83202973716756	0.6341589705241201	5.2925734931925605	1.1944498002153696	19.0	0.2470008479871024	0.2670870948992609	continuous_model_plus_floor_summary	HPVVT-FJ-M03|Fc-receptor engagement|dose_specific_recall	0.2535517980692016	no	HPV18|FcgR2A|dose1	mixedlm_powell	0.8734429211837522	0.8620669468849308	0.3109664737845999	0.3377739284212033	-2.886579864025407e-15	yes	vaccine_target_2vHPV_and_4vHPV	fc_gamma_receptor_binding	Fc-receptor engagement						-0.439213060424197	0.6034847662568286	direction_changed_after_bpv_calibration						False	increased	heterologous_2vHPV_recall	vaccine_type	not_required	direction_changed_after_bpv_calibration	not_applicable	C2_direction_changed_without_raw_fdr	Direction changed after calibration without raw FDR support	exploratory_only	Treat as exploratory heterologous-control-sensitive behavior.	1.4693762264782757	9
HPVVT-FJ-M03	Heterologous 2vHPV recall	dose_specific_recall	HPV16	FcgR2B	moderate	3	19	0.1242531859870659	0.4551532954055736	0.1044193272890742	-0.0951236801416845	0.3436300521158163	1.089943375209467	0.9361919856206862	1.2689454507297324	1.1899443255661248	18.0	0.2495271663538175	0.2729919507148631	above_floor_binary_sensitivity_required	HPVVT-FJ-M03|Fc-receptor engagement|dose_specific_recall	0.2535517980692016	no	HPV16|FcgR2B|dose3	mixedlm_powell	0.1242531859870634	0.5289585964463785	0.8142851585401693	0.8142851585401693	-2.4980018054066026e-15	yes	vaccine_target_2vHPV_and_4vHPV	fc_gamma_receptor_binding	Fc-receptor engagement	continuous_result_not_fdr_significant	0.0	1.0	0.1242531859870659	0.2903588844844422	-0.8410831707138017	0.0876416427633469	direction_changed_after_bpv_calibration						False	increased	heterologous_2vHPV_recall	vaccine_type	not_applicable_raw_not_fdr_significant	direction_changed_after_bpv_calibration	not_applicable	C2_direction_changed_without_raw_fdr	Direction changed after calibration without raw FDR support	exploratory_only	Treat as exploratory heterologous-control-sensitive behavior.	0.7201864912815865	9
HPVVT-FJ-M03	Heterologous 2vHPV recall	dose_specific_recall	HPV16	IgG	none	3	19	0.0615646899746169	0.2116955787725257	0.0485662965612523	-0.0404693128837968	0.1635986928330306	1.0435969913029453	0.9723385913936043	1.1200776045468015	1.267642260862343	18.0	0.2210795319780363	0.2908170795610725	standard_continuous_model	HPVVT-FJ-M03|Antibody abundance|dose_specific_recall	0.2691402997993486	no	HPV16|IgG|dose3	mixedlm_powell	0.061564689974614	0.3278869635241645	0.8510632782735141	0.8718209192070145	-2.9004576518332215e-15	yes	vaccine_target_2vHPV_and_4vHPV	antibody_isotype_or_subclass	Antibody abundance						-1.2095883593266443	0.0002554718376307	direction_changed_after_bpv_calibration						False	increased	heterologous_2vHPV_recall	vaccine_type	not_required	direction_changed_after_bpv_calibration	not_applicable	C2_direction_changed_without_raw_fdr	Direction changed after calibration without raw FDR support	exploratory_only	Treat as exploratory heterologous-control-sensitive behavior.	0.6315859581340082	9
HPVVT-FJ-M03	Heterologous 2vHPV recall	dose_specific_recall	HPV16	IgG2	moderate	2	21	0.4246740794557859	2.167319761821781	0.4729479458915226	-0.5618780481333908	1.4112262070449626	1.3422692352663848	0.6774197490152857	2.659631199948897	0.8979298528409108	20.0	0.3799058199333666	0.1959443580668586	above_floor_binary_sensitivity_required	HPVVT-FJ-M03|IgG subclass architecture|dose_specific_recall	0.4195335679498815	no	HPV16|IgG2|dose2	mixedlm_powell	0.42467407945579	0.6618816033163879	0.5211222937873986	0.5685235270211619	4.107825191113079e-15	yes	vaccine_target_2vHPV_and_4vHPV	antibody_isotype_or_subclass	IgG subclass architecture	continuous_result_not_fdr_significant	0.0	1.0	0.4246740794557859	0.5768586559310871	-0.4598267317815999	0.5377029246355969	direction_changed_after_bpv_calibration						False	increased	heterologous_2vHPV_recall	vaccine_type	not_applicable_raw_not_fdr_significant	direction_changed_after_bpv_calibration	not_applicable	C2_direction_changed_without_raw_fdr	Direction changed after calibration without raw FDR support	exploratory_only	Treat as exploratory heterologous-control-sensitive behavior.	0.8019073638925918	9
HPVVT-FJ-M01	Primary 2vHPV induction	primary_induction	HPV18	IgG2	low	0	20	0.6552732689055487	2.3513249594073136	0.5257722446426687	-0.4451806862717828	1.7557272240828805	1.5749142381679535	0.7344923214590121	3.376964993530652	1.2463063152960707	19.0	0.2278000149038849	0.27868256417893	continuous_model_plus_floor_summary	HPVVT-FJ-M01|IgG subclass architecture|primary_induction	0.5315333681090648	no	HPV18|IgG2|dose0	mixedlm_powell	0.6552732689055465	0.5934977686365871	0.2695553283068641	0.5735209319711766	-2.220446049250313e-15	yes	vaccine_target_2vHPV_and_4vHPV	antibody_isotype_or_subclass	IgG subclass architecture						-0.1287705782011559	0.8273111408484838	direction_changed_after_bpv_calibration						False	increased	primary_2vHPV_induction	vaccine_type	not_required	direction_changed_after_bpv_calibration	not_applicable	C2_direction_changed_without_raw_fdr	Direction changed after calibration without raw FDR support	exploratory_only	Treat as exploratory heterologous-control-sensitive behavior.	0.929742735454024	9
HPVVT-FJ-M03	Heterologous 2vHPV recall	dose_specific_recall	HPV52	IgA1	moderate	3	19	0.2504407937538809	1.538115439073326	0.3528678822326483	-0.4909071173218415	0.9917887048296032	1.1895705148492706	0.7115775414770816	1.9886490611569352	0.7097296363990516	18.0	0.4869649403942416	0.1628231453841753	above_floor_binary_sensitivity_required	HPVVT-FJ-M03|Antibody abundance|dose_specific_recall	0.5527710134204906	no	HPV52|IgA1|dose3	mixedlm_lbfgs	0.2504407937538805	0.555934642075889	0.6523600200076473	0.721029495797926	-3.8857805861880484e-16	yes	cross_reactive_non_booster_target	antibody_isotype_or_subclass	Antibody abundance	continuous_result_not_fdr_significant	0.1052631578947368	0.6206896551724138	-0.0036824131712631	0.9924937136130922	-0.9023164866481748	0.2959927068335131	direction_changed_after_bpv_calibration						False	increased	heterologous_2vHPV_recall	cross_reactive_type	not_applicable_raw_not_fdr_significant	direction_changed_after_bpv_calibration	not_applicable	C2_direction_changed_without_raw_fdr	Direction changed after calibration without raw FDR support	exploratory_only	Treat as exploratory heterologous-control-sensitive behavior.	0.5078955326178258	9
HPVVT-FJ-M03	Heterologous 2vHPV recall	dose_specific_recall	HPV52	IgA2	high	2	21	0.4172285805384668	3.1516399612917767	0.6877442231365363	-1.017380729992587	1.8518378910695208	1.3353598608931732	0.4940124377150269	3.609597293405137	0.606662428418007	20.0	0.5509000878411539	0.1323845952148212	two_part_floor_sensitivity_required	HPVVT-FJ-M03|Antibody abundance|dose_specific_recall	0.6009819140085314	no	HPV52|IgA2|dose2	mixedlm_lbfgs	0.4172285805384668	0.6880372563644827	0.5442464780887382	0.6235549065761912	0.0	yes	cross_reactive_non_booster_target	antibody_isotype_or_subclass	Antibody abundance	continuous_result_not_fdr_significant	-0.4285714285714285	0.03515625	1.4642303638522554	0.2039433096879045	-0.3623096279587203	0.7154182969123338	direction_changed_after_bpv_calibration						False	increased	heterologous_2vHPV_recall	cross_reactive_type	not_applicable_raw_not_fdr_significant	direction_changed_after_bpv_calibration	not_applicable	C2_direction_changed_without_raw_fdr	Direction changed after calibration without raw FDR support	exploratory_only	Treat as exploratory heterologous-control-sensitive behavior.	0.6383671780273787	9
HPVVT-FJ-M03	Heterologous 2vHPV recall	dose_specific_recall	HPV33	IgG3	none	3	19	0.2403816809346365	1.9293401596846496	0.4426209886200006	-0.689530509530366	1.170293871399639	1.1813051474382728	0.6200555993510428	2.250575356185294	0.5430869459762767	18.0	0.5937321244701503	0.1245926902666696	standard_continuous_model	HPVVT-FJ-M03|IgG subclass architecture|dose_specific_recall	0.6234187306936578	no	HPV33|IgG3|dose3	mixedlm_powell	0.2403816809346369	0.5258014252952441	0.6475474334733471	0.6799248051470144	4.163336342344337e-16	yes	cross_reactive_non_booster_target	antibody_isotype_or_subclass	IgG subclass architecture						-0.637481540137415	0.3588653074851488	direction_changed_after_bpv_calibration						False	increased	heterologous_2vHPV_recall	cross_reactive_type	not_required	direction_changed_after_bpv_calibration	not_applicable	C2_direction_changed_without_raw_fdr	Direction changed after calibration without raw FDR support	exploratory_only	Treat as exploratory heterologous-control-sensitive behavior.	0.44560183436581813	9
HPVVT-FJ-M03	Heterologous 2vHPV recall	dose_specific_recall	HPV52	IgM	none	2	21	0.0711384898123578	0.7852249652143882	0.1713501352697143	-0.2862916290443227	0.4285686086690385	1.0505453850383335	0.8200071366828149	1.345897561928463	0.4151644800302145	20.0	0.6824414543542877	0.0905963169331162	standard_continuous_model	HPVVT-FJ-M03|Antibody abundance|dose_specific_recall	0.7140063926963462	no	HPV52|IgM|dose2	mixedlm_lbfgs	0.0711384898123575	0.2297957413089588	0.7568859135958363	0.8151079069493622	-3.05311331771918e-16	yes	cross_reactive_non_booster_target	antibody_isotype_or_subclass	Antibody abundance						-0.1654786692538148	0.4639070989377446	direction_changed_after_bpv_calibration						False	increased	heterologous_2vHPV_recall	cross_reactive_type	not_required	direction_changed_after_bpv_calibration	not_applicable	C2_direction_changed_without_raw_fdr	Direction changed after calibration without raw FDR support	exploratory_only	Treat as exploratory heterologous-control-sensitive behavior.	0.21743638966038636	9
HPVVT-FJ-M01	Primary 2vHPV induction	primary_induction	HPV33	IgG2	high	0	20	0.340542911336152	2.0982874705186894	0.4691913420415875	-0.6414858536769856	1.3225716763492896	1.2662330099153638	0.641052379029516	2.5011154904792874	0.7258081742394288	19.0	0.4768024519129444	0.1622956416224374	two_part_floor_sensitivity_required	HPVVT-FJ-M01|IgG subclass architecture|primary_induction	0.741977992966963	no	HPV33|IgG2|dose0	mixedlm_lbfgs	0.3405429113361492	0.5923410078347611	0.5653520037278765	0.8794364502433635	-2.7755575615628917e-15	yes	cross_reactive_non_booster_target	antibody_isotype_or_subclass	IgG subclass architecture	continuous_result_not_fdr_significant	0.05	1.0	0.5282598387930036	0.6752721082667139	-0.4435009357705526	0.5629644595145209	direction_changed_after_bpv_calibration						False	increased	primary_2vHPV_induction	cross_reactive_type	not_applicable_raw_not_fdr_significant	direction_changed_after_bpv_calibration	not_applicable	C2_direction_changed_without_raw_fdr	Direction changed after calibration without raw FDR support	exploratory_only	Treat as exploratory heterologous-control-sensitive behavior.	0.4701518870203967	9
HPVVT-FJ-M03	Heterologous 2vHPV recall	dose_specific_recall	HPV33	IgM	none	2	21	0.0297463970624993	0.4898975666423318	0.1069044134244361	-0.1932523016922696	0.2527450958172683	1.0208326637209415	0.874631793992129	1.191472039408816	0.2782522826667503	20.0	0.783675091507734	0.0607196260768872	standard_continuous_model	HPVVT-FJ-M03|Antibody abundance|dose_specific_recall	0.8027891181298737	no	HPV33|IgM|dose2	mixedlm_lbfgs	0.0297463970624987	0.1060148854540298	0.7790271997296618	0.8153367865712902	-6.002143226879754e-16	yes	cross_reactive_non_booster_target	antibody_isotype_or_subclass	Antibody abundance						-0.2068707620036733	0.2208876015059189	direction_changed_after_bpv_calibration						False	increased	heterologous_2vHPV_recall	cross_reactive_type	not_required	direction_changed_after_bpv_calibration	not_applicable	C2_direction_changed_without_raw_fdr	Direction changed after calibration without raw FDR support	exploratory_only	Treat as exploratory heterologous-control-sensitive behavior.	0.12514492010327793	9
HPVVT-FJ-M01	Primary 2vHPV induction	primary_induction	HPV52	IgG4	none	0	20	0.0432257821943365	0.6116510835364286	0.1367693401298856	-0.2430357366030595	0.3294873009917326	1.0304152012813816	0.8449654537458392	1.2565667416636424	0.3160487734552666	19.0	0.7554111111091908	0.0706706541651407	standard_continuous_model	HPVVT-FJ-M01|IgG subclass architecture|primary_induction	0.8460604444422937	no	HPV52|IgG4|dose0	mixedlm_powell	0.0432257821943367	0.4434755810939822	0.9223527681853856	0.9565139818218812	1.9428902930940242e-16	yes	cross_reactive_non_booster_target	antibody_isotype_or_subclass	IgG subclass architecture						-0.1558135159067494	0.7043456031725712	direction_changed_after_bpv_calibration						False	increased	primary_2vHPV_induction	cross_reactive_type	not_required	direction_changed_after_bpv_calibration	not_applicable	C2_direction_changed_without_raw_fdr	Direction changed after calibration without raw FDR support	exploratory_only	Treat as exploratory heterologous-control-sensitive behavior.	0.11582439108199885	9
HPVVT-FJ-M03	Heterologous 2vHPV recall	dose_specific_recall	HPV58	IgM	none	3	19	0.042295659475238	0.9478778109798716	0.2174580836255688	-0.4145668212422813	0.4991581401927574	1.029751094399452	0.7502447267842786	1.413388563171824	0.1945002860784198	18.0	0.8479625268290265	0.0446214258687148	standard_continuous_model	HPVVT-FJ-M03|Antibody abundance|dose_specific_recall	0.8581789428149184	no	HPV58|IgM|dose3	mixedlm_lbfgs	0.0422956594752374	0.1559427941487318	0.7862176156223155	0.8153367865712902	-6.03683769639929e-16	yes	cross_reactive_non_booster_target	antibody_isotype_or_subclass	Antibody abundance						-0.0123269205909923	0.9767829973198392	direction_changed_after_bpv_calibration						False	increased	heterologous_2vHPV_recall	cross_reactive_type	not_required	direction_changed_after_bpv_calibration	not_applicable	C2_direction_changed_without_raw_fdr	Direction changed after calibration without raw FDR support	exploratory_only	Treat as exploratory heterologous-control-sensitive behavior.	0.10871780545602654	9
HPVVT-FJ-M01	Primary 2vHPV induction	primary_induction	HPV52	IgG3	low	0	20	-0.1657688498730647	3.940883719292465	0.881208388776015	-2.010159204527613	1.6786215047814832	0.89145331404925	0.2482457278930556	3.201219283305222	-0.1881153788189819	19.0	0.8527807717739152	-0.0420638774652367	continuous_model_plus_floor_summary	HPVVT-FJ-M01|IgG subclass architecture|primary_induction	0.8843652448025787	no	HPV52|IgG3|dose0	mixedlm_powell	-0.1657688498730603	0.8088989288081755	0.8376256642759662	0.9020584076818098	4.413136522884997e-15	yes	cross_reactive_non_booster_target	antibody_isotype_or_subclass	IgG subclass architecture						1.0982840040653026	0.1998257479386516	direction_changed_after_bpv_calibration						False	decreased	primary_2vHPV_induction	cross_reactive_type	not_required	direction_changed_after_bpv_calibration	not_applicable	C2_direction_changed_without_raw_fdr	Direction changed after calibration without raw FDR support	exploratory_only	Treat as exploratory heterologous-control-sensitive behavior.	0.219137183228993	9
HPVVT-FJ-M01	Primary 2vHPV induction	primary_induction	HPV18	FcgR2A	low	0	20	-0.1834267728772605	8.363284204536651	1.8700871996494208	-4.097564265584485	3.730710719829964	0.8806088370426944	0.0584130989124215	13.275651152155929	-0.0980846095902089	19.0	0.922892477127598	-0.0219323854590235	continuous_model_plus_floor_summary	HPVVT-FJ-M01|Fc-receptor engagement|primary_induction	0.922892477127598	no	HPV18|FcgR2A|dose0	mixedlm_powell	-0.1834267728772658	0.8620669468849305	0.8315020316033699	0.8730771331835383	-5.3013149425851225e-15	yes	vaccine_target_2vHPV_and_4vHPV	fc_gamma_receptor_binding	Fc-receptor engagement						0.2231694349546372	0.9290011901073172	direction_changed_after_bpv_calibration						False	decreased	primary_2vHPV_induction	vaccine_type	not_required	direction_changed_after_bpv_calibration	not_applicable	C2_direction_changed_without_raw_fdr	Direction changed after calibration without raw FDR support	exploratory_only	Treat as exploratory heterologous-control-sensitive behavior.	0.2182756669870825	9
HPVVT-FJ-M01	Primary 2vHPV induction	primary_induction	HPV58	FcgR2A	moderate	0	20	-0.1333733058759735	4.859788529549118	1.0866817508345574	-2.407824349859189	2.1410777381072417	0.9116972279451632	0.1884398051082575	4.410914323358488	-0.1227344673576643	19.0	0.9036063158054084	-0.0274442612193966	above_floor_binary_sensitivity_required	HPVVT-FJ-M01|Fc-receptor engagement|primary_induction	0.922892477127598	no	HPV58|FcgR2A|dose0	mixedlm_powell	-0.1333733058759497	0.9159399558879346	0.8842264384908506	0.8842264384908506	2.3814283878209608e-14	yes	cross_reactive_non_booster_target	fc_gamma_receptor_binding	Fc-receptor engagement	continuous_result_not_fdr_significant	0.25	0.2222222222222222	-2.658099045831404	0.0321744270481389	0.2732229019559244	0.8777326533323538	direction_changed_after_bpv_calibration						False	decreased	primary_2vHPV_induction	cross_reactive_type	not_applicable_raw_not_fdr_significant	direction_changed_after_bpv_calibration	not_applicable	C2_direction_changed_without_raw_fdr	Direction changed after calibration without raw FDR support	exploratory_only	Treat as exploratory heterologous-control-sensitive behavior.	0.16822219998579552	9
HPVVT-FJ-M03	Heterologous 2vHPV recall	dose_specific_recall	HPV33	IgG4	none	1	20	-0.0304463704136265	1.546188134221702	0.3457381774123294	-0.7540846922649037	0.6931919514376504	0.9791173114356992	0.5929224416434483	1.6168568470706746	-0.0880619277902771	19.0	0.9307490061641176	-0.0196912456768737	standard_continuous_model	HPVVT-FJ-M03|IgG subclass architecture|dose_specific_recall	0.9307490061641176	no	HPV33|IgG4|dose1	mixedlm_lbfgs	-0.0304463704136263	0.4659803285138683	0.947904634965376	0.947904634965376	2.012279232133096e-16	yes	cross_reactive_non_booster_target	antibody_isotype_or_subclass	IgG subclass architecture						0.142797760020907	0.7668010288576325	direction_changed_after_bpv_calibration						False	decreased	heterologous_2vHPV_recall	cross_reactive_type	not_required	direction_changed_after_bpv_calibration	not_applicable	C2_direction_changed_without_raw_fdr	Direction changed after calibration without raw FDR support	exploratory_only	Treat as exploratory heterologous-control-sensitive behavior.	0.061613789254241574	9
HPVVT-FJ-M01	Primary 2vHPV induction	primary_induction	HPV33	IgM	none	0	20	0.2338538239089255	0.4775269284500856	0.1067782673101069	0.0103643419408361	0.457343305877015	1.1759720929446666	1.0072098813317762	1.3730111161698657	2.190088206149328	19.0	0.0411954850976028	0.4897186105670469	standard_continuous_model	HPVVT-FJ-M01|Antibody abundance|primary_induction	0.0501510253362121	no	HPV33|IgM|dose0	mixedlm_lbfgs	0.2338538239089315	0.1086329311706293	0.0313424712884633	0.041789961717951	5.9952043329758445e-15	yes	cross_reactive_non_booster_target	antibody_isotype_or_subclass	Antibody abundance						0.353573796616878	0.1373998582006979	not_fdr_significant						False	increased	primary_2vHPV_induction	cross_reactive_type	not_required	not_fdr_significant	not_applicable	D1_not_fdr_significant	Not FDR-significant in the primary paired analysis	not_claim_ready	Do not present as a statistically supported trajectory.	1.5335740073240354	10
HPVVT-FJ-M03	Heterologous 2vHPV recall	dose_specific_recall	HPV33	IgA2	high	3	19	1.6722170431620789	3.163639948720136	0.7257887805378562	0.1473913975704874	3.1970426887536703	3.1870398164496283	1.1075650218244943	9.170768841095455	2.3039995767403	18.0	0.0333569546778344	0.5285737537353394	two_part_floor_sensitivity_required	HPVVT-FJ-M03|Antibody abundance|dose_specific_recall	0.0509451671443289	no	HPV33|IgA2|dose3	mixedlm_lbfgs	1.6722170431620782	0.6616779132050576	0.0114963824542539	0.0189352181599476	-6.661338147750939e-16	yes	cross_reactive_non_booster_target	antibody_isotype_or_subclass	Antibody abundance	continuous_result_not_fdr_significant	0.1052631578947368	0.6206896551724138	1.3695911946881043	0.1682750523132023	1.6982727080234743	0.0756782488112247	not_fdr_significant						False	increased	heterologous_2vHPV_recall	cross_reactive_type	not_applicable_raw_not_fdr_significant	not_fdr_significant	not_applicable	D1_not_fdr_significant	Not FDR-significant in the primary paired analysis	not_claim_ready	Do not present as a statistically supported trajectory.	2.9651140517205308	10
HPVVT-FJ-M01	Primary 2vHPV induction	primary_induction	HPV33	IgG1	none	0	20	0.3666587836314151	0.6346751290540412	0.1419176732193288	0.0696216798377085	0.6636958874251215	1.2893632632058072	1.0494414508749603	1.5841356591343627	2.583601994832291	19.0	0.0182108256640254	0.5777109687249063	standard_continuous_model	HPVVT-FJ-M01|IgG subclass architecture|primary_induction	0.0637378898240889	no	HPV33|IgG1|dose0	mixedlm_lbfgs	0.3666587836314181	0.2238764704861861	0.101469107223152	0.2716961427316912	2.997602166487923e-15	yes	cross_reactive_non_booster_target	antibody_isotype_or_subclass	IgG subclass architecture						0.2184354475672222	0.3136121037778164	not_fdr_significant						False	increased	primary_2vHPV_induction	cross_reactive_type	not_required	not_fdr_significant	not_applicable	D1_not_fdr_significant	Not FDR-significant in the primary paired analysis	not_claim_ready	Do not present as a statistically supported trajectory.	1.5622611024812154	10
HPVVT-FJ-M03	Heterologous 2vHPV recall	dose_specific_recall	HPV31	IgG2	high	3	19	1.7857907959200865	3.7365291138414873	0.8572185687806646	-0.0151585885350233	3.586740180375196	3.44807414128078	0.9895478741924194	12.014795437231474	2.083238582267592	18.0	0.0517599543001366	0.4779277081783883	two_part_floor_sensitivity_required	HPVVT-FJ-M03|IgG subclass architecture|dose_specific_recall	0.0668897870955611	no	HPV31|IgG2|dose3	mixedlm_powell	1.7857907959200872	0.6787726195469274	0.0085156169179221	0.0115372874371847	6.661338147750939e-16	yes	cross_reactive_non_booster_target	antibody_isotype_or_subclass	IgG subclass architecture	continuous_result_not_fdr_significant	0.2105263157894736	0.25	0.7036809815797052	0.5768971216548371	1.6506921989701375	0.1727769801849503	not_fdr_significant						False	increased	heterologous_2vHPV_recall	cross_reactive_type	not_applicable_raw_not_fdr_significant	not_fdr_significant	not_applicable	D1_not_fdr_significant	Not FDR-significant in the primary paired analysis	not_claim_ready	Do not present as a statistically supported trajectory.	2.960430982287234	10
HPVVT-FJ-M03	Heterologous 2vHPV recall	dose_specific_recall	HPV45	IgG3	low	3	19	1.242646757018369	2.6371625041195355	0.6050065712185115	-0.028424882945214	2.513718396981952	2.366322579958453	0.9804902008089288	5.710901085805364	2.053939272949747	18.0	0.0547999811722863	0.4712059856293343	continuous_model_plus_floor_summary	HPVVT-FJ-M03|IgG subclass architecture|dose_specific_recall	0.0697454305829098	no	HPV45|IgG3|dose3	mixedlm_powell	1.2426467570183726	0.6379433462685246	0.0514275089667833	0.0626074022204318	3.552713678800501e-15	yes	cross_reactive_non_booster_target	antibody_isotype_or_subclass	IgG subclass architecture						0.3647835359463177	0.6013908744424792	not_fdr_significant						False	increased	heterologous_2vHPV_recall	cross_reactive_type	not_required	not_fdr_significant	not_applicable	D1_not_fdr_significant	Not FDR-significant in the primary paired analysis	not_claim_ready	Do not present as a statistically supported trajectory.	2.3991309972251837	10
HPVVT-FJ-M01	Primary 2vHPV induction	primary_induction	HPV16	IgG4	moderate	0	20	0.819372315259957	1.479559265749001	0.3308395094954443	0.1269172637373611	1.511827366782553	1.7646380705006466	1.0919579219024536	2.851710178021328	2.4766459015416955	19.0	0.0228358253776408	0.5537948592043482	above_floor_binary_sensitivity_required	HPVVT-FJ-M01|IgG subclass architecture|primary_induction	0.0710447900637715	no	HPV16|IgG4|dose0	mixedlm_lbfgs	0.8193723152599542	0.5079705902010955	0.1067377703588787	0.2716961427316912	-2.7755575615628917e-15	yes	vaccine_target_2vHPV_and_4vHPV	antibody_isotype_or_subclass	IgG subclass architecture	continuous_result_not_fdr_significant	-0.65	0.0016276041666666	2.6454788553948987	0.0381030777797204	0.6203330171588711	0.2880464736120048	not_fdr_significant						False	increased	primary_2vHPV_induction	vaccine_type	not_applicable_raw_not_fdr_significant	not_fdr_significant	not_applicable	D1_not_fdr_significant	Not FDR-significant in the primary paired analysis	not_claim_ready	Do not present as a statistically supported trajectory.	1.9678400799988125	10
HPVVT-FJ-M03	Heterologous 2vHPV recall	dose_specific_recall	HPV18	FcgR3A	low	3	19	1.470449160518752	3.312113324395684	0.7598509089787017	-0.1259383614517299	3.066836682489234	2.771081534797251	0.9164077969826472	8.3793403960308	1.93518115612331	18.0	0.0688391848633738	0.4439610051045112	continuous_model_plus_floor_summary	HPVVT-FJ-M03|Fc-receptor engagement|dose_specific_recall	0.0722811441065424	no	HPV18|FcgR3A|dose3	mixedlm_lbfgs	1.4704491605187555	0.7009120122608069	0.035913242589745	0.0435102746760372	3.552713678800501e-15	yes	vaccine_target_2vHPV_and_4vHPV	fc_gamma_receptor_binding	Fc-receptor engagement						0.3155593058480173	0.7933624597369379	not_fdr_significant						False	increased	heterologous_2vHPV_recall	vaccine_type	not_required	not_fdr_significant	not_applicable	D1_not_fdr_significant	Not FDR-significant in the primary paired analysis	not_claim_ready	Do not present as a statistically supported trajectory.	2.6114241423184907	10
HPVVT-FJ-M03	Heterologous 2vHPV recall	dose_specific_recall	HPV16	IgA1	none	2	21	0.6363972359865533	1.3891511230085969	0.3031376272818956	0.0040632259856241	1.2687312459874824	1.5544424835125397	1.0028203834548066	2.409495732649839	2.099367345759261	20.0	0.0486791448366314	0.4581195130219211	standard_continuous_model	HPVVT-FJ-M03|Antibody abundance|dose_specific_recall	0.0730187172549472	no	HPV16|IgA1|dose2	mixedlm_powell	0.6363972359865517	0.4845643902203415	0.1890687950372196	0.2370414743750215	-1.5543122344752194e-15	yes	vaccine_target_2vHPV_and_4vHPV	antibody_isotype_or_subclass	Antibody abundance						0.0496155740682316	0.9738650162013268	not_fdr_significant						False	increased	heterologous_2vHPV_recall	vaccine_type	not_required	not_fdr_significant	not_applicable	D1_not_fdr_significant	Not FDR-significant in the primary paired analysis	not_claim_ready	Do not present as a statistically supported trajectory.	1.7729630367071556	10
HPVVT-FJ-M01	Primary 2vHPV induction	primary_induction	HPV45	FcgR2B	moderate	0	20	0.9364258095148028	1.8138506694313232	0.4055893397881938	0.0875175651265467	1.7853340539030589	1.9137810827655912	1.062540303196163	3.4469826901947336	2.308802815191892	19.0	0.032363069726917	0.5162640041411954	above_floor_binary_sensitivity_required	HPVVT-FJ-M01|Fc-receptor engagement|primary_induction	0.0755138293628063	no	HPV45|FcgR2B|dose0	mixedlm_lbfgs	0.9364258095148182	0.5582073636532842	0.0934332144825848	0.1783725003758437	1.5432100042289676e-14	yes	cross_reactive_non_booster_target	fc_gamma_receptor_binding	Fc-receptor engagement	continuous_result_not_fdr_significant	-0.05	1.0	1.1229968343036834	0.0272017723550537	1.016425423025932	0.0934450325492785	not_fdr_significant						False	increased	primary_2vHPV_induction	cross_reactive_type	not_applicable_raw_not_fdr_significant	not_fdr_significant	not_applicable	D1_not_fdr_significant	Not FDR-significant in the primary paired analysis	not_claim_ready	Do not present as a statistically supported trajectory.	2.0583993152901163	10
HPVVT-FJ-M03	Heterologous 2vHPV recall	dose_specific_recall	HPV33	IgA2	high	2	21	1.221037068962779	2.7351591375196134	0.5968606564492266	-0.0239924435013998	2.466066581426958	2.331142292445562	0.983507225393168	5.525352785746905	2.045765717289576	20.0	0.0541570815217871	0.4464226787440528	two_part_floor_sensitivity_required	HPVVT-FJ-M03|Antibody abundance|dose_specific_recall	0.0784343939281054	no	HPV33|IgA2|dose2	mixedlm_lbfgs	1.2210370689627783	0.6293812364100002	0.0523724549677638	0.0758497623671062	-6.661338147750939e-16	yes	cross_reactive_non_booster_target	antibody_isotype_or_subclass	Antibody abundance	continuous_result_not_fdr_significant	0.1904761904761904	0.2142857142857142	0.9033374241438938	0.6346308036127454	0.441498860465592	0.681214827487068	not_fdr_significant						False	increased	heterologous_2vHPV_recall	cross_reactive_type	not_applicable_raw_not_fdr_significant	not_fdr_significant	not_applicable	D1_not_fdr_significant	Not FDR-significant in the primary paired analysis	not_claim_ready	Do not present as a statistically supported trajectory.	2.326530523909614	10
HPVVT-FJ-M03	Heterologous 2vHPV recall	dose_specific_recall	HPV45	IgG4	none	3	19	1.1130898485610936	2.454570345865105	0.5631170572335616	-0.0699751882165262	2.296154885338713	2.163084235931257	0.9526543818605596	4.911469994602059	1.976658022098276	18.0	0.0636068468851102	0.453476450750809	standard_continuous_model	HPVVT-FJ-M03|IgG subclass architecture|dose_specific_recall	0.0797458975873023	no	HPV45|IgG4|dose3	mixedlm_lbfgs	1.113089848561093	0.4722378515732425	0.0184205961620096	0.0234443951152849	-6.661338147750939e-16	yes	cross_reactive_non_booster_target	antibody_isotype_or_subclass	IgG subclass architecture						1.8544245131716135	0.0677669354431712	not_fdr_significant						False	increased	heterologous_2vHPV_recall	cross_reactive_type	not_required	not_fdr_significant	not_applicable	D1_not_fdr_significant	Not FDR-significant in the primary paired analysis	not_claim_ready	Do not present as a statistically supported trajectory.	2.2113814979105415	10
HPVVT-FJ-M03	Heterologous 2vHPV recall	dose_specific_recall	HPV33	IgA1	none	2	21	1.3237535039340425	3.0333422751281507	0.6619295516421102	-0.0570073454564632	2.704514353324548	2.5031651948372438	0.961256034158086	6.51838404128458	1.9998404673882348	20.0	0.0592840716442083	0.4364009676020215	standard_continuous_model	HPVVT-FJ-M03|Antibody abundance|dose_specific_recall	0.0844044409849746	no	HPV33|IgA1|dose2	mixedlm_lbfgs	1.3237535039340431	0.4951620241653601	0.0075092378901637	0.0128729792402806	6.661338147750939e-16	yes	cross_reactive_non_booster_target	antibody_isotype_or_subclass	Antibody abundance						0.7369718420157207	0.5303462053260649	not_fdr_significant						False	increased	heterologous_2vHPV_recall	cross_reactive_type	not_required	not_fdr_significant	not_applicable	D1_not_fdr_significant	Not FDR-significant in the primary paired analysis	not_claim_ready	Do not present as a statistically supported trajectory.	2.3973882060699028	10
HPVVT-FJ-M03	Heterologous 2vHPV recall	dose_specific_recall	HPV16	IgM	none	3	19	0.7324888793225243	1.593418469343762	0.3655552675074063	-0.0355142391099658	1.5004919977550144	1.661502978542832	0.975683922703414	2.8293918588488016	2.003770549709514	18.0	0.060381949091852	0.4596964911698272	standard_continuous_model	HPVVT-FJ-M03|Antibody abundance|dose_specific_recall	0.0845347287285929	no	HPV16|IgM|dose3	mixedlm_powell	0.7324888793225237	0.3884489976670489	0.0593386542237888	0.0844821517762416	-5.551115123125784e-16	yes	vaccine_target_2vHPV_and_4vHPV	antibody_isotype_or_subclass	Antibody abundance						0.6778662992562938	0.1690091834995591	not_fdr_significant						False	increased	heterologous_2vHPV_recall	vaccine_type	not_required	not_fdr_significant	not_applicable	D1_not_fdr_significant	Not FDR-significant in the primary paired analysis	not_claim_ready	Do not present as a statistically supported trajectory.	1.8054537159745307	10
HPVVT-FJ-M03	Heterologous 2vHPV recall	dose_specific_recall	HPV18	IgG2	low	3	19	1.4787573945043366	3.400399583049833	0.7801051657985296	-0.1601827420276227	3.117697531036296	2.7870857579588733	0.8949117078586598	8.680014971313822	1.895587235332116	18.0	0.0741882841192736	0.4348775367093866	continuous_model_plus_floor_summary	HPVVT-FJ-M03|IgG subclass architecture|dose_specific_recall	0.0903161719712897	no	HPV18|IgG2|dose3	mixedlm_powell	1.478757394504339	0.6089158626319865	0.0151610665439035	0.0198988998388733	2.4424906541753444e-15	yes	vaccine_target_2vHPV_and_4vHPV	antibody_isotype_or_subclass	IgG subclass architecture						1.3436587975543883	0.2330589426175823	not_fdr_significant						False	increased	heterologous_2vHPV_recall	vaccine_type	not_required	not_fdr_significant	not_applicable	D1_not_fdr_significant	Not FDR-significant in the primary paired analysis	not_claim_ready	Do not present as a statistically supported trajectory.	2.5229918726620166	10
HPVVT-FJ-M01	Primary 2vHPV induction	primary_induction	HPV58	IgM	none	0	20	0.283585800684748	0.7022218541548443	0.1570215801176175	-0.0450641435626196	0.6122357449321156	1.217216504310232	0.96924672236679	1.5286262869657	1.8060307409486465	19.0	0.0867816159512192	0.4038407506215486	standard_continuous_model	HPVVT-FJ-M01|Antibody abundance|primary_induction	0.1012452186097557	no	HPV58|IgM|dose0	mixedlm_lbfgs	0.2835858006847494	0.1519942344122575	0.0620739951844642	0.0755683419636955	1.4432899320127037e-15	yes	cross_reactive_non_booster_target	antibody_isotype_or_subclass	Antibody abundance						0.4033057733927004	0.0585398515070346	not_fdr_significant						False	increased	primary_2vHPV_induction	cross_reactive_type	not_required	not_fdr_significant	not_applicable	D1_not_fdr_significant	Not FDR-significant in the primary paired analysis	not_claim_ready	Do not present as a statistically supported trajectory.	1.2782112782343986	10
HPVVT-FJ-M03	Heterologous 2vHPV recall	dose_specific_recall	HPV52	IgA2	high	1	20	1.124350732154068	2.684918347715746	0.6003659939528825	-0.1322297346380407	2.3809311989461768	2.1800341459390045	0.91242018326064	5.208728351970708	1.8727755127355008	19.0	0.076570159352253	0.4187653353073602	two_part_floor_sensitivity_required	HPVVT-FJ-M03|Antibody abundance|dose_specific_recall	0.1054408751735943	no	HPV52|IgA2|dose1	mixedlm_lbfgs	1.1243507321540696	0.7050283891112775	0.1107660234429281	0.1453804057688431	1.5543122344752194e-15	yes	cross_reactive_non_booster_target	antibody_isotype_or_subclass	Antibody abundance	continuous_result_not_fdr_significant	-0.35	0.05625	2.053574462208485	0.061907058282366	1.0045936243507303	0.4232748779066172	not_fdr_significant						False	increased	heterologous_2vHPV_recall	cross_reactive_type	not_applicable_raw_not_fdr_significant	not_fdr_significant	not_applicable	D1_not_fdr_significant	Not FDR-significant in the primary paired analysis	not_claim_ready	Do not present as a statistically supported trajectory.	2.101341730185949	10
HPVVT-FJ-M03	Heterologous 2vHPV recall	dose_specific_recall	HPV33	IgA2	high	1	20	1.2007624138707151	2.9189951753976757	0.6527071638183123	-0.1653693804856071	2.5668942082270374	2.2986111246632124	0.8917001836962467	5.925324676422085	1.8396648304674643	19.0	0.0814958971107507	0.4113615616740876	two_part_floor_sensitivity_required	HPVVT-FJ-M03|Antibody abundance|dose_specific_recall	0.1104137960855332	no	HPV33|IgA2|dose1	mixedlm_lbfgs	1.200762413870714	0.6449238542512052	0.0626218456852538	0.086233361271497	-1.1102230246251563e-15	yes	cross_reactive_non_booster_target	antibody_isotype_or_subclass	Antibody abundance	continuous_result_not_fdr_significant	0.0	1.0	1.892778543616396	0.1856064146368893	1.0810053060673774	0.391095297247607	not_fdr_significant						False	increased	heterologous_2vHPV_recall	cross_reactive_type	not_applicable_raw_not_fdr_significant	not_fdr_significant	not_applicable	D1_not_fdr_significant	Not FDR-significant in the primary paired analysis	not_claim_ready	Do not present as a statistically supported trajectory.	2.15773907245685	10
HPVVT-FJ-M03	Heterologous 2vHPV recall	dose_specific_recall	HPV52	IgG2	high	3	19	1.532312892677406	3.820819923158124	0.8765562066585842	-0.3092633614016236	3.373889146756436	2.8924918466594014	0.8070537348397848	10.36673113798553	1.7481056902426757	18.0	0.0974811912895932	0.4010429498103283	two_part_floor_sensitivity_required	HPVVT-FJ-M03|IgG subclass architecture|dose_specific_recall	0.1169774295475119	no	HPV52|IgG2|dose3	mixedlm_lbfgs	1.5323128926774037	0.6351115556301795	0.0158362670037452	0.0204653296663784	-2.220446049250313e-15	yes	cross_reactive_non_booster_target	antibody_isotype_or_subclass	IgG subclass architecture	continuous_result_not_fdr_significant	0.1578947368421052	0.4347826086956521	0.4508239599469471	0.69633970890526	1.3972142957274574	0.2533490793534343	not_fdr_significant						False	increased	heterologous_2vHPV_recall	cross_reactive_type	not_applicable_raw_not_fdr_significant	not_fdr_significant	not_applicable	D1_not_fdr_significant	Not FDR-significant in the primary paired analysis	not_claim_ready	Do not present as a statistically supported trajectory.	2.464210818696748	10
HPVVT-FJ-M03	Heterologous 2vHPV recall	dose_specific_recall	HPV33	IgM	none	1	20	0.2337468368742762	0.5840960735049006	0.1306078525747671	-0.0396185402593196	0.507112214007872	1.1758848887202322	0.972912158915236	1.4212025811890998	1.789684404622353	19.0	0.0894567893846015	0.400185598700682	standard_continuous_model	HPVVT-FJ-M03|Antibody abundance|dose_specific_recall	0.1192757191794686	no	HPV33|IgM|dose1	mixedlm_lbfgs	0.2337468368742761	0.108632931170629	0.0314200043228765	0.0471300064843147	-8.326672684688674e-17	yes	cross_reactive_non_booster_target	antibody_isotype_or_subclass	Antibody abundance						0.282437411867944	0.1580338878606896	not_fdr_significant						False	increased	heterologous_2vHPV_recall	cross_reactive_type	not_required	not_fdr_significant	not_applicable	D1_not_fdr_significant	Not FDR-significant in the primary paired analysis	not_claim_ready	Do not present as a statistically supported trajectory.	1.1571947930331001	10
HPVVT-FJ-M01	Primary 2vHPV induction	primary_induction	HPV33	IgG	none	0	20	0.4341235130326776	1.1486684360437474	0.2568500706602188	-0.1034698632356225	0.9717168893009778	1.3510897500397925	0.9307916261692848	1.9611731147338367	1.6901825719447423	19.0	0.1073339338412855	0.3779363125253873	standard_continuous_model	HPVVT-FJ-M01|Antibody abundance|primary_induction	0.1202140059022397	no	HPV33|IgG|dose0	mixedlm_powell	0.4341235130326843	0.2930556637410172	0.1385083275930785	0.1551293269042479	6.716849298982197e-15	yes	cross_reactive_non_booster_target	antibody_isotype_or_subclass	Antibody abundance						0.5093806975110114	0.1061056628892734	not_fdr_significant						False	increased	primary_2vHPV_induction	cross_reactive_type	not_required	not_fdr_significant	not_applicable	D1_not_fdr_significant	Not FDR-significant in the primary paired analysis	not_claim_ready	Do not present as a statistically supported trajectory.	1.354168443604709	10
HPVVT-FJ-M01	Primary 2vHPV induction	primary_induction	HPV58	FcgR3A	high	0	20	0.8332113437185569	1.8585996194969183	0.4155955092150352	-0.0366400539725628	1.7030627414096766	1.7816467796364823	0.9749228394840664	3.2559143337629504	2.0048612779582298	19.0	0.0594378782309519	0.4483006102971702	two_part_floor_sensitivity_required	HPVVT-FJ-M01|Fc-receptor engagement|primary_induction	0.1248195442849991	no	HPV58|FcgR3A|dose0	mixedlm_lbfgs	0.8332113437185299	0.5985495768052922	0.163907052534269	0.2868373419349707	-2.6978419498391304e-14	yes	cross_reactive_non_booster_target	fc_gamma_receptor_binding	Fc-receptor engagement	continuous_result_not_fdr_significant	-0.1	0.7619047619047619	1.4457729791599727	0.0054625566614109	0.4649908053712955	0.3525637546985462	not_fdr_significant						False	increased	primary_2vHPV_induction	cross_reactive_type	not_applicable_raw_not_fdr_significant	not_fdr_significant	not_applicable	D1_not_fdr_significant	Not FDR-significant in the primary paired analysis	not_claim_ready	Do not present as a statistically supported trajectory.	1.736928751075932	10
HPVVT-FJ-M03	Heterologous 2vHPV recall	dose_specific_recall	HPV58	IgG2	none	3	19	1.1876474503871235	3.142370492102788	0.7209092325389593	-0.3269266452671715	2.702221546041419	2.277810060784487	0.7972330113217397	6.508032907981447	1.647429935394732	18.0	0.1168153208340084	0.3779463476289146	standard_continuous_model	HPVVT-FJ-M03|IgG subclass architecture|dose_specific_recall	0.1382040415500945	no	HPV58|IgG2|dose3	mixedlm_lbfgs	1.1876474503871224	0.571230234956491	0.0376077307680763	0.0471499908137076	-1.1102230246251563e-15	yes	cross_reactive_non_booster_target	antibody_isotype_or_subclass	IgG subclass architecture						1.0525488534371752	0.2788496280987989	not_fdr_significant						False	increased	heterologous_2vHPV_recall	cross_reactive_type	not_required	not_fdr_significant	not_applicable	D1_not_fdr_significant	Not FDR-significant in the primary paired analysis	not_claim_ready	Do not present as a statistically supported trajectory.	2.0471267069347627	10
HPVVT-FJ-M03	Heterologous 2vHPV recall	dose_specific_recall	HPV45	IgM	none	3	19	0.6257083959784469	1.6291168914390872	0.3737450472104264	-0.1595008111368362	1.41091760309373	1.542968271839593	0.8953348133479014	2.6590623445115256	1.674158361826156	18.0	0.1113867539783714	0.384078269193885	standard_continuous_model	HPVVT-FJ-M03|Antibody abundance|dose_specific_recall	0.1461951145966125	no	HPV45|IgM|dose3	mixedlm_powell	0.6257083959784461	0.2902124867901959	0.0310809008059307	0.0471300064843147	-7.771561172376097e-16	yes	cross_reactive_non_booster_target	antibody_isotype_or_subclass	Antibody abundance						0.5710858159122163	0.2555389215559849	not_fdr_significant						False	increased	heterologous_2vHPV_recall	cross_reactive_type	not_required	not_fdr_significant	not_applicable	D1_not_fdr_significant	Not FDR-significant in the primary paired analysis	not_claim_ready	Do not present as a statistically supported trajectory.	1.4607755359365173	10
HPVVT-FJ-M03	Heterologous 2vHPV recall	dose_specific_recall	HPV58	IgG4	none	1	20	0.7684966264857342	2.165640911557888	0.4842520293098047	-0.2450545192557023	1.7820477722271708	1.7034937171620887	0.8437839090446565	3.439139823958329	1.58697657412207	19.0	0.1290205909989409	0.3548587498436682	standard_continuous_model	HPVVT-FJ-M03|IgG subclass architecture|dose_specific_recall	0.1505240228320977	no	HPV58|IgG4|dose1	mixedlm_lbfgs	0.7684966264857341	0.4122959658798409	0.0623295570745889	0.0747954684895066	-1.1102230246251563e-16	yes	cross_reactive_non_booster_target	antibody_isotype_or_subclass	IgG subclass architecture						0.9417407569202678	0.1655950584917822	not_fdr_significant						False	increased	heterologous_2vHPV_recall	cross_reactive_type	not_required	not_fdr_significant	not_applicable	D1_not_fdr_significant	Not FDR-significant in the primary paired analysis	not_claim_ready	Do not present as a statistically supported trajectory.	1.590890809938921	10
HPVVT-FJ-M03	Heterologous 2vHPV recall	dose_specific_recall	HPV45	IgM	none	1	20	0.4155491733817995	1.153494659765827	0.2579292470919381	-0.1243029451170394	0.9554012918806384	1.3338063044840804	0.9174472114223036	1.9391189332010328	1.611097531850191	19.0	0.1236464684093386	0.3602523599599159	standard_continuous_model	HPVVT-FJ-M03|Antibody abundance|dose_specific_recall	0.1597892822520683	no	HPV45|IgM|dose1	mixedlm_powell	0.415549173381798	0.2828641425039628	0.1418119365110436	0.1804879191958736	-1.4988010832439613e-15	yes	cross_reactive_non_booster_target	antibody_isotype_or_subclass	Antibody abundance						0.4642397483754673	0.2458950195085602	not_fdr_significant						False	increased	heterologous_2vHPV_recall	cross_reactive_type	not_required	not_fdr_significant	not_applicable	D1_not_fdr_significant	Not FDR-significant in the primary paired analysis	not_claim_ready	Do not present as a statistically supported trajectory.	1.212001527408117	10
HPVVT-FJ-M03	Heterologous 2vHPV recall	dose_specific_recall	HPV58	IgA2	high	2	21	1.2663463789881335	3.6555213111454616	0.7977001482308713	-0.3976269721000032	2.9303197300762704	2.4055159726946265	0.7591058779873763	7.622793160594131	1.58749673269664	20.0	0.1280846138181927	0.3464201877655919	two_part_floor_sensitivity_required	HPVVT-FJ-M03|Antibody abundance|dose_specific_recall	0.1630167812231543	no	HPV58|IgA2|dose2	mixedlm_lbfgs	1.2663463789881335	0.827187454632733	0.1257925838400851	0.1625627237318022	0.0	yes	cross_reactive_non_booster_target	antibody_isotype_or_subclass	Antibody abundance	continuous_result_not_fdr_significant	0.1904761904761904	0.3579545454545454	-0.5024859803441954	0.6346308036127454	0.4868081704909465	0.7166634964636999	not_fdr_significant						False	increased	heterologous_2vHPV_recall	cross_reactive_type	not_applicable_raw_not_fdr_significant	not_fdr_significant	not_applicable	D1_not_fdr_significant	Not FDR-significant in the primary paired analysis	not_claim_ready	Do not present as a statistically supported trajectory.	2.054114065274461	10
HPVVT-FJ-M03	Heterologous 2vHPV recall	dose_specific_recall	HPV45	IgG2	high	3	19	1.0121173061502902	3.1065987868349816	0.7127026405231441	-0.4852153794627134	2.5094499917632938	2.016868895594003	0.7143904108024235	5.6940295957298055	1.4201116266489024	18.0	0.1726644501166166	0.3257959510057751	two_part_floor_sensitivity_required	HPVVT-FJ-M03|IgG subclass architecture|dose_specific_recall	0.1959974839161593	no	HPV45|IgG2|dose3	mixedlm_lbfgs	1.0121173061502904	0.6599220669234243	0.1251054012239554	0.1480120239832711	2.220446049250313e-16	yes	cross_reactive_non_booster_target	antibody_isotype_or_subclass	IgG subclass architecture	continuous_result_not_fdr_significant	0.0526315789473684	1.0	0.7642033825956573	0.5658364492966405	0.8770187092003418	0.3725092428354931	not_fdr_significant						False	increased	heterologous_2vHPV_recall	cross_reactive_type	not_applicable_raw_not_fdr_significant	not_fdr_significant	not_applicable	D1_not_fdr_significant	Not FDR-significant in the primary paired analysis	not_claim_ready	Do not present as a statistically supported trajectory.	1.7198668099384151	10
HPVVT-FJ-M01	Primary 2vHPV induction	primary_induction	HPV45	FcgR2A	moderate	0	20	-2.152278205103205	5.679081386187924	1.2698812029269932	-4.810170109070302	0.505613698863892	0.2249570981948715	0.0356446629886954	1.4197271564695786	-1.694865787557407	19.0	0.106428438537465	-0.3789835113717079	above_floor_binary_sensitivity_required	HPVVT-FJ-M01|Fc-receptor engagement|primary_induction	0.1994193883136976	no	HPV45|FcgR2A|dose0	mixedlm_powell	-2.152278205103175	1.0201708611656646	0.0348821989346692	0.0870503986419412	3.0198066269804264e-14	yes	cross_reactive_non_booster_target	fc_gamma_receptor_binding	Fc-receptor engagement	continuous_result_not_fdr_significant	-0.2	0.6875	-1.995389602470385	0.4020733268492294	-1.7456819972713074	0.2299008380111476	not_fdr_significant						False	decreased	primary_2vHPV_induction	cross_reactive_type	not_applicable_raw_not_fdr_significant	not_fdr_significant	not_applicable	D1_not_fdr_significant	Not FDR-significant in the primary paired analysis	not_claim_ready	Do not present as a statistically supported trajectory.	2.852510825308535	10
HPVVT-FJ-M01	Primary 2vHPV induction	primary_induction	HPV58	FcgR2B	low	0	20	1.0686274371236375	2.88427274447682	0.6449429922300051	-0.2812537593358046	2.4185086335830794	2.097436941187786	0.82287559484717	5.34618081980695	1.656933170835252	19.0	0.1139539361792558	0.3705015204161895	continuous_model_plus_floor_summary	HPVVT-FJ-M01|Fc-receptor engagement|primary_induction	0.1994193883136976	no	HPV58|FcgR2B|dose0	mixedlm_powell	1.068627437123657	0.5386579198330131	0.0472703030758356	0.0992676364592547	1.9539925233402755e-14	yes	cross_reactive_non_booster_target	fc_gamma_receptor_binding	Fc-receptor engagement						1.1486270506347669	0.1921638115247902	not_fdr_significant						False	increased	primary_2vHPV_induction	cross_reactive_type	not_required	not_fdr_significant	not_applicable	D1_not_fdr_significant	Not FDR-significant in the primary paired analysis	not_claim_ready	Do not present as a statistically supported trajectory.	1.7688600573289675	10
HPVVT-FJ-M03	Heterologous 2vHPV recall	dose_specific_recall	HPV52	IgA2	high	3	19	-1.2764390407390132	3.869531427714537	0.8877313922243331	-3.141493488476907	0.5886154069988807	0.4128131861034509	0.1133225213679776	1.5038028148660465	-1.437866286941503	18.0	0.1676308742213428	-0.3298691494264247	two_part_floor_sensitivity_required	HPVVT-FJ-M03|Antibody abundance|dose_specific_recall	0.2101640811133253	no	HPV52|IgA2|dose3	mixedlm_lbfgs	-1.2764390407390145	0.7233438648336393	0.07762486423743	0.1051691709023245	-1.3322676295501878e-15	yes	cross_reactive_non_booster_target	antibody_isotype_or_subclass	Antibody abundance	continuous_result_not_fdr_significant	-0.3684210526315789	0.05625	-0.6497110804256855	0.657828400096035	-1.2503833758776175	0.2845953490385087	not_fdr_significant						False	decreased	heterologous_2vHPV_recall	cross_reactive_type	not_applicable_raw_not_fdr_significant	not_fdr_significant	not_applicable	D1_not_fdr_significant	Not FDR-significant in the primary paired analysis	not_claim_ready	Do not present as a statistically supported trajectory.	1.953880547444687	10
HPVVT-FJ-M03	Heterologous 2vHPV recall	dose_specific_recall	HPV16	IgG2	moderate	3	19	0.6422621513234879	2.364631084695118	0.542483575628473	-0.4974535491830949	1.7819778518300706	1.5607745420666796	0.7083559728897418	3.438973149652017	1.1839292103533643	18.0	0.251840577630726	0.2716119886440118	above_floor_binary_sensitivity_required	HPVVT-FJ-M03|IgG subclass architecture|dose_specific_recall	0.2820614469464131	no	HPV16|IgG2|dose3	mixedlm_powell	0.6422621513234869	0.695846035336694	0.3560100056507678	0.4073697847285852	-9.992007221626409e-16	yes	vaccine_target_2vHPV_and_4vHPV	antibody_isotype_or_subclass	IgG subclass architecture	continuous_result_not_fdr_significant	0.0	1.0	0.6422621513234879	0.4270340229390572	0.5071635543735393	0.5967804639422187	not_fdr_significant						False	increased	heterologous_2vHPV_recall	vaccine_type	not_applicable_raw_not_fdr_significant	not_fdr_significant	not_applicable	D1_not_fdr_significant	Not FDR-significant in the primary paired analysis	not_claim_ready	Do not present as a statistically supported trajectory.	1.1919184218595438	10
HPVVT-FJ-M01	Primary 2vHPV induction	primary_induction	HPV45	IgA2	high	0	20	-1.4188406596585104	5.971427762910472	1.3352518400597313	-4.213554879596423	1.375873560279402	0.3740127456365753	0.0539005991632937	2.5952500727277914	-1.0626015385944272	19.0	0.3012826970317405	-0.2376049273293005	two_part_floor_sensitivity_required	HPVVT-FJ-M01|Antibody abundance|primary_induction	0.3124413154403235	no	HPV45|IgA2|dose0	mixedlm_powell	-1.4188406596585117	1.246163705549723	0.2548838699742805	0.2643240133066612	-1.3322676295501878e-15	yes	cross_reactive_non_booster_target	antibody_isotype_or_subclass	Antibody abundance	continuous_result_not_fdr_significant	-0.2	0.515625	-0.1196730791736397	0.7793986503071596	-2.355366551429313	0.1872431384446399	not_fdr_significant						False	decreased	primary_2vHPV_induction	cross_reactive_type	not_applicable_raw_not_fdr_significant	not_fdr_significant	not_applicable	D1_not_fdr_significant	Not FDR-significant in the primary paired analysis	not_claim_ready	Do not present as a statistically supported trajectory.	1.9240722020545484	10
HPVVT-FJ-M01	Primary 2vHPV induction	primary_induction	HPV52	IgG	none	0	20	0.5977975761374935	2.4976327553611064	0.5584876623817536	-0.5711305353177577	1.7667256875927446	1.5134044330078131	0.673089130652407	3.4028078504665267	1.0703863601714976	19.0	0.2978551987635214	0.2393456663532042	standard_continuous_model	HPVVT-FJ-M01|Antibody abundance|primary_induction	0.3124413154403235	no	HPV52|IgG|dose0	mixedlm_powell	0.5977975761375143	0.4216537380739991	0.1562651595626277	0.1682855564520606	2.0761170560490427e-14	yes	cross_reactive_non_booster_target	antibody_isotype_or_subclass	Antibody abundance						0.6730547606158274	0.241183311296267	not_fdr_significant						False	increased	primary_2vHPV_induction	cross_reactive_type	not_required	not_fdr_significant	not_applicable	D1_not_fdr_significant	Not FDR-significant in the primary paired analysis	not_claim_ready	Do not present as a statistically supported trajectory.	1.1030291185335317	10
HPVVT-FJ-M01	Primary 2vHPV induction	primary_induction	HPV33	FcgR3A	high	0	20	0.6679077505291314	2.3132380734128124	0.5172557580291697	-0.4147209933071006	1.7505364943653636	1.5887672072595755	0.7501645569664814	3.364836708722532	1.2912524223489958	19.0	0.2121056459505672	0.2887328192483623	two_part_floor_sensitivity_required	HPVVT-FJ-M01|Fc-receptor engagement|primary_induction	0.3426321973047624	no	HPV33|FcgR3A|dose0	mixedlm_powell	0.6679077505291221	0.528142165863833	0.2060017369475111	0.3327720366075179	-9.325873406851317e-15	yes	cross_reactive_non_booster_target	fc_gamma_receptor_binding	Fc-receptor engagement	continuous_result_not_fdr_significant	0.15	0.7272727272727273	-0.1007012819557148	0.6110140897704843	0.2996872121818701	0.6887851976681132	not_fdr_significant						False	increased	primary_2vHPV_induction	cross_reactive_type	not_applicable_raw_not_fdr_significant	not_fdr_significant	not_applicable	D1_not_fdr_significant	Not FDR-significant in the primary paired analysis	not_claim_ready	Do not present as a statistically supported trajectory.	1.1330795791303165	10
HPVVT-FJ-M03	Heterologous 2vHPV recall	dose_specific_recall	HPV16	FcgR2B	moderate	1	20	0.567756456232795	2.6390064599172085	0.5900997837435952	-0.6673365856436637	1.8028494981092535	1.4822167731849425	0.6296680691407455	3.489086822695006	0.9621363570597264	19.0	0.3480671116967098	0.2151402298009558	above_floor_binary_sensitivity_required	HPVVT-FJ-M03|Fc-receptor engagement|dose_specific_recall	0.3480671116967098	no	HPV16|FcgR2B|dose1	mixedlm_powell	0.5677564562327939	0.5155650656481651	0.2707959443814752	0.3046454374291595	-1.1102230246251563e-15	yes	vaccine_target_2vHPV_and_4vHPV	fc_gamma_receptor_binding	Fc-receptor engagement	continuous_result_not_fdr_significant	0.0	1.0	0.4006555506309077	0.0322875360306	0.1394710910092861	0.8981215484967761	not_fdr_significant						False	increased	heterologous_2vHPV_recall	vaccine_type	not_applicable_raw_not_fdr_significant	not_fdr_significant	not_applicable	D1_not_fdr_significant	Not FDR-significant in the primary paired analysis	not_claim_ready	Do not present as a statistically supported trajectory.	1.026093466799169	10
HPVVT-FJ-M03	Heterologous 2vHPV recall	dose_specific_recall	HPV58	IgM	none	1	20	0.1508563528680278	0.6289482084136016	0.1406370948339518	-0.1435004695615293	0.4452131752975851	1.110228284244143	0.9053198739206276	1.3615152816624911	1.0726640296867749	19.0	0.2968577289156369	0.2398549687398481	standard_continuous_model	HPVVT-FJ-M03|Antibody abundance|dose_specific_recall	0.3562292746987642	no	HPV58|IgM|dose1	mixedlm_lbfgs	0.1508563528680298	0.1519942344122567	0.3209470225778487	0.3907181144425984	2.0261570199409107e-15	yes	cross_reactive_non_booster_target	antibody_isotype_or_subclass	Antibody abundance						0.1995469278616957	0.3863968844039697	not_fdr_significant						False	increased	heterologous_2vHPV_recall	cross_reactive_type	not_required	not_fdr_significant	not_applicable	D1_not_fdr_significant	Not FDR-significant in the primary paired analysis	not_claim_ready	Do not present as a statistically supported trajectory.	0.5991267462256131	10
HPVVT-FJ-M03	Heterologous 2vHPV recall	dose_specific_recall	HPV52	IgM	none	1	20	0.2960263287674475	1.3072859229141345	0.2923180189664554	-0.3158023164663145	0.9078549740012096	1.2277580899408338	0.8034040746816224	1.876253774307184	1.0126858748362604	19.0	0.3239335709652978	0.2264434455987722	standard_continuous_model	HPVVT-FJ-M03|Antibody abundance|dose_specific_recall	0.3832453515645777	no	HPV52|IgM|dose1	mixedlm_lbfgs	0.2960263287674459	0.2354705647420089	0.2086923931896095	0.2577964857048117	-1.609823385706477e-15	yes	cross_reactive_non_booster_target	antibody_isotype_or_subclass	Antibody abundance						0.3447169037611152	0.2379152789063376	not_fdr_significant						False	increased	heterologous_2vHPV_recall	cross_reactive_type	not_required	not_fdr_significant	not_applicable	D1_not_fdr_significant	Not FDR-significant in the primary paired analysis	not_claim_ready	Do not present as a statistically supported trajectory.	0.7125494328264136	10
HPVVT-FJ-M03	Heterologous 2vHPV recall	dose_specific_recall	HPV33	IgM	none	3	19	0.0951967815635113	0.4260273725485737	0.0977373823221782	-0.1101418391126101	0.3005354022396328	1.0682111005950972	0.9264969685100508	1.23160139128098	0.974005844045504	18.0	0.3429622921800408	0.2234522655059152	standard_continuous_model	HPVVT-FJ-M03|Antibody abundance|dose_specific_recall	0.4001226742100476	no	HPV33|IgM|dose3	mixedlm_lbfgs	0.0951967815635112	0.1114550357046219	0.3930344946198834	0.47164139354386	-9.714451465470121e-17	yes	cross_reactive_non_booster_target	antibody_isotype_or_subclass	Antibody abundance						0.0405742014972809	0.8901467596399848	not_fdr_significant						False	increased	heterologous_2vHPV_recall	cross_reactive_type	not_required	not_fdr_significant	not_applicable	D1_not_fdr_significant	Not FDR-significant in the primary paired analysis	not_claim_ready	Do not present as a statistically supported trajectory.	0.4930036188241386	10
HPVVT-FJ-M03	Heterologous 2vHPV recall	dose_specific_recall	HPV16	IgG4	moderate	2	21	0.407349399496561	2.099791340909364	0.4582120363490469	-0.5484641594247955	1.3631629584179177	1.3262469188831494	0.6837476338889069	2.572485523412915	0.8889975975800408	20.0	0.3845724372873914	0.1939951801687822	above_floor_binary_sensitivity_required	HPVVT-FJ-M03|IgG subclass architecture|dose_specific_recall	0.4195335679498815	no	HPV16|IgG4|dose2	mixedlm_lbfgs	0.4073493994965617	0.4957285360329589	0.411237023745822	0.4605854665953206	6.661338147750939e-16	yes	vaccine_target_2vHPV_and_4vHPV	antibody_isotype_or_subclass	IgG subclass architecture	continuous_result_not_fdr_significant	0.0	1.0	0.407349399496561	0.5768586559310871	0.132707869454439	0.8273111408484838	not_fdr_significant						False	increased	heterologous_2vHPV_recall	vaccine_type	not_applicable_raw_not_fdr_significant	not_fdr_significant	not_applicable	D1_not_fdr_significant	Not FDR-significant in the primary paired analysis	not_claim_ready	Do not present as a statistically supported trajectory.	0.7845826839333668	10
HPVVT-FJ-M01	Primary 2vHPV induction	primary_induction	HPV52	IgM	none	0	20	0.1728144156751016	1.024032466625804	0.2289806206542082	-0.3064475313474898	0.652076362697693	1.1272553957824494	0.8086304681630454	1.571428207753894	0.7547119716129811	19.0	0.4596749782058678	0.1687587271959517	standard_continuous_model	HPVVT-FJ-M01|Antibody abundance|primary_induction	0.4596749782058677	no	HPV52|IgM|dose0	mixedlm_lbfgs	0.1728144156750921	0.2354705647420086	0.4630030393353865	0.4630030393353865	-9.520162436160716e-15	yes	cross_reactive_non_booster_target	antibody_isotype_or_subclass	Antibody abundance						0.2925343883830541	0.3054140138083879	not_fdr_significant						False	increased	primary_2vHPV_induction	cross_reactive_type	not_required	not_fdr_significant	not_applicable	D1_not_fdr_significant	Not FDR-significant in the primary paired analysis	not_claim_ready	Do not present as a statistically supported trajectory.	0.510363551522082	10
HPVVT-FJ-M03	Heterologous 2vHPV recall	dose_specific_recall	HPV16	IgM	none	2	21	0.2461409948139601	1.378371089050802	0.3007852310149532	-0.3812860025606426	0.8735679921885628	1.1860304046857053	0.7677529189905299	1.8321885674996556	0.8183280608007097	20.0	0.4228133066079693	0.1785738229488418	standard_continuous_model	HPVVT-FJ-M03|Antibody abundance|dose_specific_recall	0.4865249007543756	no	HPV16|IgM|dose2	mixedlm_powell	0.2461409948139588	0.3694886976802353	0.5053046788891142	0.5895221253706332	-1.304512053934559e-15	yes	vaccine_target_2vHPV_and_4vHPV	antibody_isotype_or_subclass	Antibody abundance						0.0095238357477875	0.9767829973198392	not_fdr_significant						False	increased	heterologous_2vHPV_recall	vaccine_type	not_required	not_fdr_significant	not_applicable	D1_not_fdr_significant	Not FDR-significant in the primary paired analysis	not_claim_ready	Do not present as a statistically supported trajectory.	0.5590359220832289	10
HPVVT-FJ-M01	Primary 2vHPV induction	primary_induction	HPV16	IgG2	moderate	0	20	1.2912135836911287	4.313373546779242	0.9644996462947754	-0.7275073764720976	3.309934543854355	2.447338371491546	0.6039464844732393	9.917211638045863	1.338739302447086	19.0	0.196454633474947	0.2993512084422334	above_floor_binary_sensitivity_required	HPVVT-FJ-M01|IgG subclass architecture|primary_induction	0.5000663397544107	no	HPV16|IgG2|dose0	mixedlm_powell	1.2912135836911325	0.6782268202077477	0.056935206252694	0.1771317527861591	3.774758283725532e-15	yes	vaccine_target_2vHPV_and_4vHPV	antibody_isotype_or_subclass	IgG subclass architecture	continuous_result_not_fdr_significant	0.45	0.046875	2.0247113975685336	0.3417518366002328	0.5071697365844242	0.7023462601119903	not_fdr_significant						False	increased	primary_2vHPV_induction	vaccine_type	not_applicable_raw_not_fdr_significant	not_fdr_significant	not_applicable	D1_not_fdr_significant	Not FDR-significant in the primary paired analysis	not_claim_ready	Do not present as a statistically supported trajectory.	1.592185961198857	10
HPVVT-FJ-M03	Heterologous 2vHPV recall	dose_specific_recall	HPV33	IgG4	none	2	21	0.4172396897708764	2.6613553024270247	0.5807553392639968	-0.7941947197382907	1.6286740992800437	1.3353701436485317	0.5766649651312696	3.0922867321096503	0.7184431404447402	20.0	0.4807938035380386	0.156777146362372	standard_continuous_model	HPVVT-FJ-M03|IgG subclass architecture|dose_specific_recall	0.5177779422717338	no	HPV33|IgG4|dose2	mixedlm_lbfgs	0.4172396897708766	0.4547502365892655	0.358873381784706	0.4073697847285852	2.220446049250313e-16	yes	cross_reactive_non_booster_target	antibody_isotype_or_subclass	IgG subclass architecture						0.1425981597287545	0.8273111408484838	not_fdr_significant						False	increased	heterologous_2vHPV_recall	cross_reactive_type	not_required	not_fdr_significant	not_applicable	D1_not_fdr_significant	Not FDR-significant in the primary paired analysis	not_claim_ready	Do not present as a statistically supported trajectory.	0.7030961445482581	10
HPVVT-FJ-M01	Primary 2vHPV induction	primary_induction	HPV52	FcgR2A	high	0	20	-1.1713866022990291	5.42400864302347	1.2128452036346868	-3.709900787780117	1.3671275831820584	0.4439944037796349	0.0764202724955956	2.5795646122433644	-0.9658170711221732	19.0	0.3462691245038858	-0.2159632624858928	two_part_floor_sensitivity_required	HPVVT-FJ-M01|Fc-receptor engagement|primary_induction	0.5194036867558287	no	HPV52|FcgR2A|dose0	mixedlm_powell	-1.171386602299043	1.0114008590667751	0.2467896381435431	0.3701844572153146	-1.376676550535194e-14	yes	cross_reactive_non_booster_target	fc_gamma_receptor_binding	Fc-receptor engagement	continuous_result_not_fdr_significant	0.0	1.0	-2.1629555086668275	0.405403531551837	-0.7647903944671314	0.5676259527770163	not_fdr_significant						False	decreased	primary_2vHPV_induction	cross_reactive_type	not_applicable_raw_not_fdr_significant	not_fdr_significant	not_applicable	D1_not_fdr_significant	Not FDR-significant in the primary paired analysis	not_claim_ready	Do not present as a statistically supported trajectory.	1.4558815743487756	10
HPVVT-FJ-M01	Primary 2vHPV induction	primary_induction	HPV58	IgG2	none	0	20	-0.5930982554460169	2.2531085466439524	0.5038103870981633	-1.647585514503211	0.4613890036111772	0.662917730278081	0.3191738775166143	1.3768668054426445	-1.1772251438921937	19.0	0.2536427727983888	-0.2632355446564915	standard_continuous_model	HPVVT-FJ-M01|IgG subclass architecture|primary_induction	0.5331987688891412	no	HPV58|IgG2|dose0	mixedlm_lbfgs	-0.5930982554460152	0.5567663623657815	0.2867604659855883	0.5735209319711766	1.6653345369377348e-15	yes	cross_reactive_non_booster_target	antibody_isotype_or_subclass	IgG subclass architecture						-1.3771421025527215	0.1008368648311886	not_fdr_significant						False	decreased	primary_2vHPV_induction	cross_reactive_type	not_required	not_fdr_significant	not_applicable	D1_not_fdr_significant	Not FDR-significant in the primary paired analysis	not_claim_ready	Do not present as a statistically supported trajectory.	0.8662091174522633	10
HPVVT-FJ-M01	Primary 2vHPV induction	primary_induction	HPV33	IgG3	none	0	20	0.4986502998228532	1.9483473558384936	0.4356637131436843	-0.4132043314196995	1.410504931065406	1.4128911264760762	0.7509535970679952	2.658301848568259	1.144576159957567	19.0	0.2665993844445706	0.2559350099090792	standard_continuous_model	HPVVT-FJ-M01|IgG subclass architecture|primary_induction	0.5331987688891412	no	HPV33|IgG3|dose0	mixedlm_powell	0.4986502998228552	0.5124878358560156	0.3305536555528096	0.6170334903652446	1.9984014443252818e-15	yes	cross_reactive_non_booster_target	antibody_isotype_or_subclass	IgG subclass architecture						1.7627031537612208	0.1580271898370927	not_fdr_significant						False	increased	primary_2vHPV_induction	cross_reactive_type	not_required	not_fdr_significant	not_applicable	D1_not_fdr_significant	Not FDR-significant in the primary paired analysis	not_claim_ready	Do not present as a statistically supported trajectory.	0.7717611618290996	10
HPVVT-FJ-M03	Heterologous 2vHPV recall	dose_specific_recall	HPV45	IgG4	none	1	20	0.289984359919485	1.9282243477582697	0.4311640717457685	-0.6124524136410185	1.1924211334799886	1.2226270232701764	0.654083889893679	2.285359509884082	0.6725615117821584	19.0	0.5093238239448874	0.1503893259394932	standard_continuous_model	HPVVT-FJ-M03|IgG subclass architecture|dose_specific_recall	0.5415595090046904	no	HPV45|IgG4|dose1	mixedlm_lbfgs	0.289984359919485	0.4602805221118815	0.5286837372152762	0.5693517170010666	0.0	yes	cross_reactive_non_booster_target	antibody_isotype_or_subclass	IgG subclass architecture						0.4632284903540187	0.4760999030133208	not_fdr_significant						False	increased	heterologous_2vHPV_recall	cross_reactive_type	not_required	not_fdr_significant	not_applicable	D1_not_fdr_significant	Not FDR-significant in the primary paired analysis	not_claim_ready	Do not present as a statistically supported trajectory.	0.5563381740969139	10
HPVVT-FJ-M01	Primary 2vHPV induction	primary_induction	HPV52	IgG1	none	0	20	0.520554669309383	2.147264782139508	0.4801430018555216	-0.484396183130015	1.525505521748781	1.4345066631529726	0.7147961737475247	2.8788757441742003	1.084165899112743	19.0	0.2918575398215692	0.2424268649303272	standard_continuous_model	HPVVT-FJ-M01|IgG subclass architecture|primary_induction	0.5448007410002627	no	HPV52|IgG1|dose0	mixedlm_powell	0.5205546693093737	0.4010610978938834	0.1943067299767229	0.4533823699456867	-9.325873406851317e-15	yes	cross_reactive_non_booster_target	antibody_isotype_or_subclass	IgG subclass architecture						0.3723313332451902	0.4577234897265861	not_fdr_significant						False	increased	primary_2vHPV_induction	cross_reactive_type	not_required	not_fdr_significant	not_applicable	D1_not_fdr_significant	Not FDR-significant in the primary paired analysis	not_claim_ready	Do not present as a statistically supported trajectory.	0.7843169797069554	10
HPVVT-FJ-M01	Primary 2vHPV induction	primary_induction	HPV52	FcgR2B	high	0	20	0.7677191859783923	4.07041447094071	0.9101723453622268	-1.1372934265219337	2.6727317984787184	1.7025759845790296	0.4546116540479765	6.376354317919305	0.8434877085535469	19.0	0.4094498906549496	0.1886095854511261	two_part_floor_sensitivity_required	HPVVT-FJ-M01|Fc-receptor engagement|primary_induction	0.5732298469169295	no	HPV52|FcgR2B|dose0	mixedlm_powell	0.7677191859783866	0.8102201729411078	0.3433616951840516	0.4506622249290677	-5.6621374255882976e-15	yes	cross_reactive_non_booster_target	fc_gamma_receptor_binding	Fc-receptor engagement	continuous_result_not_fdr_significant	0.05	1.0	2.2640639377980043	0.1202088649216673	0.8477187994895214	0.5021009127287018	not_fdr_significant						False	increased	primary_2vHPV_induction	cross_reactive_type	not_applicable_raw_not_fdr_significant	not_fdr_significant	not_applicable	D1_not_fdr_significant	Not FDR-significant in the primary paired analysis	not_claim_ready	Do not present as a statistically supported trajectory.	1.0093903908304462	10
HPVVT-FJ-M03	Heterologous 2vHPV recall	dose_specific_recall	HPV45	IgA2	high	1	20	0.9263233621139648	6.332373120133142	1.4159616755510147	-2.037318484934538	3.889965209162467	1.900426674972174	0.2436161218380685	14.82505147728456	0.6542008714702611	19.0	0.5208230787924495	0.1462837619547106	two_part_floor_sensitivity_required	HPVVT-FJ-M03|Antibody abundance|dose_specific_recall	0.5833218482475434	no	HPV45|IgA2|dose1	mixedlm_powell	0.926323362113966	1.2461637055497234	0.4572758439947417	0.5410024069796944	1.2212453270876722e-15	yes	cross_reactive_non_booster_target	antibody_isotype_or_subclass	Antibody abundance	continuous_result_not_fdr_significant	0.1	0.871875	-0.0003471956800563	0.6346308036127454	0.8065662543106271	0.6930578463499202	not_fdr_significant						False	increased	heterologous_2vHPV_recall	cross_reactive_type	not_applicable_raw_not_fdr_significant	not_fdr_significant	not_applicable	D1_not_fdr_significant	Not FDR-significant in the primary paired analysis	not_claim_ready	Do not present as a statistically supported trajectory.	1.1604151189333092	10
HPVVT-FJ-M03	Heterologous 2vHPV recall	dose_specific_recall	HPV58	IgM	none	2	21	-0.058912619225241	0.4419220057421581	0.0964352877419118	-0.2600731044814324	0.1422478660309502	0.9599874035433242	0.8350456047874633	1.1036233346757316	-0.6109031310499942	20.0	0.5481444483065314	-0.1333099923962917	standard_continuous_model	HPVVT-FJ-M03|Antibody abundance|dose_specific_recall	0.6009819140085314	no	HPV58|IgM|dose2	mixedlm_lbfgs	-0.0589126192252414	0.1483311844506777	0.6912424874920007	0.7540827136276371	-4.0245584642661925e-16	yes	cross_reactive_non_booster_target	antibody_isotype_or_subclass	Antibody abundance						-0.2955297782914137	0.1291236750336936	not_fdr_significant						False	decreased	heterologous_2vHPV_recall	cross_reactive_type	not_required	not_fdr_significant	not_applicable	D1_not_fdr_significant	Not FDR-significant in the primary paired analysis	not_claim_ready	Do not present as a statistically supported trajectory.	0.28005121671415295	10
HPVVT-FJ-M01	Primary 2vHPV induction	primary_induction	HPV31	FcgR2A	low	0	20	-1.0157618476208328	6.960460208308215	1.5564062180459517	-4.273357500421601	2.241833805179936	0.4945670919421335	0.0517119851659794	4.729979087962287	-0.652632863993636	19.0	0.5218117807075271	-0.1459331448240144	continuous_model_plus_floor_summary	HPVVT-FJ-M01|Fc-receptor engagement|primary_induction	0.629138412349363	no	HPV31|FcgR2A|dose0	mixedlm_powell	-1.0157618476208323	1.041446892178154	0.3293930465522743	0.4506622249290677	4.440892098500626e-16	yes	cross_reactive_non_booster_target	fc_gamma_receptor_binding	Fc-receptor engagement						-0.6091656397889351	0.7796463698156869	not_fdr_significant						False	decreased	primary_2vHPV_induction	cross_reactive_type	not_required	not_fdr_significant	not_applicable	D1_not_fdr_significant	Not FDR-significant in the primary paired analysis	not_claim_ready	Do not present as a statistically supported trajectory.	1.2170156455671524	10
HPVVT-FJ-M01	Primary 2vHPV induction	primary_induction	HPV33	FcgR2A	moderate	0	20	-0.5411164284058568	3.870526680366261	0.865476076602556	-2.352578675249895	1.2703458184381815	0.6872388839810005	0.195795745917395	2.4121937963591424	-0.6252240160467756	19.0	0.539261496299454	-0.1398043401046009	above_floor_binary_sensitivity_required	HPVVT-FJ-M01|Fc-receptor engagement|primary_induction	0.629138412349363	no	HPV33|FcgR2A|dose0	mixedlm_powell	-0.5411164284058422	0.8023454821047008	0.5000454492356761	0.6177032019970116	1.4654943925052066e-14	yes	cross_reactive_non_booster_target	fc_gamma_receptor_binding	Fc-receptor engagement	continuous_result_not_fdr_significant	0.1	0.9361702127659576	-1.45482860332298	0.2538883734157434	-0.134520220573959	0.9204648360017303	not_fdr_significant						False	decreased	primary_2vHPV_induction	cross_reactive_type	not_applicable_raw_not_fdr_significant	not_fdr_significant	not_applicable	D1_not_fdr_significant	Not FDR-significant in the primary paired analysis	not_claim_ready	Do not present as a statistically supported trajectory.	0.7423702263521765	10
HPVVT-FJ-M01	Primary 2vHPV induction	primary_induction	HPV52	FcgR3A	moderate	0	20	0.3772928197263262	2.5545257291727714	0.5712093180702534	-0.8182620230968548	1.5728476625495071	1.29890221047992	0.5671247315963311	2.9749133804139967	0.6605158700858635	19.0	0.5168517546460797	0.147695838572941	above_floor_binary_sensitivity_required	HPVVT-FJ-M01|Fc-receptor engagement|primary_induction	0.629138412349363	no	HPV52|FcgR3A|dose0	mixedlm_powell	0.377292819726305	0.6539742399380788	0.5639914319885077	0.6579900039865922	-2.1205259770340493e-14	yes	cross_reactive_non_booster_target	fc_gamma_receptor_binding	Fc-receptor engagement	continuous_result_not_fdr_significant	0.0	1.0	0.4438739055603837	0.5361624819218498	0.0090722813790647	0.9928107052993256	not_fdr_significant						False	increased	primary_2vHPV_induction	cross_reactive_type	not_applicable_raw_not_fdr_significant	not_fdr_significant	not_applicable	D1_not_fdr_significant	Not FDR-significant in the primary paired analysis	not_claim_ready	Do not present as a statistically supported trajectory.	0.5785466176726459	10
HPVVT-FJ-M03	Heterologous 2vHPV recall	dose_specific_recall	HPV52	IgM	none	3	19	0.1446569501266268	1.1543998297149964	0.2648374841141174	-0.4117459573306875	0.7010598575839412	1.1054677594617488	0.7517130957563924	1.625698652994349	0.5462102564918444	18.0	0.5916279250654369	0.1253092268407042	standard_continuous_model	HPVVT-FJ-M03|Antibody abundance|dose_specific_recall	0.6371377654550859	no	HPV52|IgM|dose3	mixedlm_lbfgs	0.1446569501266265	0.2415877019785668	0.549322179602835	0.6235549065761912	-3.05311331771918e-16	yes	cross_reactive_non_booster_target	antibody_isotype_or_subclass	Antibody abundance						0.0900343700603963	0.8458316475034908	not_fdr_significant						False	increased	heterologous_2vHPV_recall	cross_reactive_type	not_required	not_fdr_significant	not_applicable	D1_not_fdr_significant	Not FDR-significant in the primary paired analysis	not_claim_ready	Do not present as a statistically supported trajectory.	0.34042360208012484	10
HPVVT-FJ-M03	Heterologous 2vHPV recall	dose_specific_recall	HPV58	IgA2	high	3	19	0.4554803152402348	4.118012499282176	0.9447368596109664	-1.529338175344474	2.440298805824944	1.3712392545184986	0.3464362554045228	5.427541326287815	0.4821240016270744	18.0	0.6355281794961839	0.1106068316498871	two_part_floor_sensitivity_required	HPVVT-FJ-M03|Antibody abundance|dose_specific_recall	0.6757514819959424	no	HPV58|IgA2|dose3	mixedlm_lbfgs	0.4554803152402349	0.8696345508054509	0.6004450595810876	0.6724984667308181	1.1102230246251563e-16	yes	cross_reactive_non_booster_target	antibody_isotype_or_subclass	Antibody abundance	continuous_result_not_fdr_significant	0.0	1.0	0.5175853809889783	0.7496270561192516	0.4815359801016303	0.7205302982736229	not_fdr_significant						False	increased	heterologous_2vHPV_recall	cross_reactive_type	not_applicable_raw_not_fdr_significant	not_fdr_significant	not_applicable	D1_not_fdr_significant	Not FDR-significant in the primary paired analysis	not_claim_ready	Do not present as a statistically supported trajectory.	0.6256933084137497	10
HPVVT-FJ-M03	Heterologous 2vHPV recall	dose_specific_recall	HPV16	IgG4	moderate	3	19	0.2778355873951089	2.658217992952449	0.6098370316411179	-1.0033844733348394	1.5590556481250577	1.2123746463873215	0.4988284057063278	2.9466090270491154	0.4555898920198929	18.0	0.6541329516028667	0.1045194894217537	above_floor_binary_sensitivity_required	HPVVT-FJ-M03|IgG subclass architecture|dose_specific_recall	0.6783600979585285	no	HPV16|IgG4|dose3	mixedlm_lbfgs	0.2778355873951071	0.5211668290422435	0.5939622993166663	0.6315548499063287	-1.7763568394002505e-15	yes	vaccine_target_2vHPV_and_4vHPV	antibody_isotype_or_subclass	IgG subclass architecture	continuous_result_not_fdr_significant	0.0	1.0	0.2778355873951089	0.7503289738974059	1.019170252005629	0.1400017479774131	not_fdr_significant						False	increased	heterologous_2vHPV_recall	vaccine_type	not_applicable_raw_not_fdr_significant	not_fdr_significant	not_applicable	D1_not_fdr_significant	Not FDR-significant in the primary paired analysis	not_claim_ready	Do not present as a statistically supported trajectory.	0.44637529317310554	10
HPVVT-FJ-M03	Heterologous 2vHPV recall	dose_specific_recall	HPV45	IgA2	high	2	21	-0.3327411514153591	3.748699773247244	0.8180333556461566	-2.039128829937456	1.3736465271067375	0.7940263824977895	0.2433106153918416	2.591246974930245	-0.4067574373572213	20.0	0.6885061643857624	-0.0887617498178916	two_part_floor_sensitivity_required	HPVVT-FJ-M03|Antibody abundance|dose_specific_recall	0.7140063926963462	no	HPV45|IgA2|dose2	mixedlm_powell	-0.3327411514153593	1.2161312511517892	0.7843872049632743	0.8153367865712902	-2.220446049250313e-16	yes	cross_reactive_non_booster_target	antibody_isotype_or_subclass	Antibody abundance	continuous_result_not_fdr_significant	-0.0476190476190476	1.0	0.2552597591839376	0.6845218767647	-1.112279359912546	0.3197429055785069	not_fdr_significant						False	decreased	heterologous_2vHPV_recall	cross_reactive_type	not_applicable_raw_not_fdr_significant	not_fdr_significant	not_applicable	D1_not_fdr_significant	Not FDR-significant in the primary paired analysis	not_claim_ready	Do not present as a statistically supported trajectory.	0.47903905126338764	10
HPVVT-FJ-M01	Primary 2vHPV induction	primary_induction	HPV45	IgG3	low	0	20	0.4596471759649523	2.93821689686906	0.6570052714037707	-0.9154806609561692	1.8347750128860736	1.3752054581603037	0.5301672060914439	3.567157738963764	0.6996095708377816	19.0	0.4926484568257088	0.1564374558102734	continuous_model_plus_floor_summary	HPVVT-FJ-M01|IgG subclass architecture|primary_induction	0.741977992966963	no	HPV45|IgG3|dose0	mixedlm_powell	0.4596471759649349	0.621790259971853	0.4597662122412076	0.8045908714221133	-1.7430501486614958e-14	yes	cross_reactive_non_booster_target	antibody_isotype_or_subclass	IgG subclass architecture						1.7237000299033198	0.061990887648024	not_fdr_significant						False	increased	primary_2vHPV_induction	cross_reactive_type	not_required	not_fdr_significant	not_applicable	D1_not_fdr_significant	Not FDR-significant in the primary paired analysis	not_claim_ready	Do not present as a statistically supported trajectory.	0.589256151649197	10
HPVVT-FJ-M01	Primary 2vHPV induction	primary_induction	HPV45	IgG2	high	0	20	-0.4077212150045193	2.850221354693216	0.6373288700015569	-1.7416658704866148	0.9262234404775762	0.7538131068221844	0.2990241954567756	1.9002950552175404	-0.6397344200075595	19.0	0.5299842806906878	-0.1430489650683304	two_part_floor_sensitivity_required	HPVVT-FJ-M01|IgG subclass architecture|primary_induction	0.741977992966963	no	HPV45|IgG2|dose0	mixedlm_lbfgs	-0.4077212150045192	0.643212466990388	0.5261574174248798	0.866612216935096	1.1102230246251563e-16	yes	cross_reactive_non_booster_target	antibody_isotype_or_subclass	IgG subclass architecture	continuous_result_not_fdr_significant	0.05	1.0	-0.6813464314192637	0.6752721082667139	-1.1917650621112243	0.2306338307743181	not_fdr_significant						False	decreased	primary_2vHPV_induction	cross_reactive_type	not_applicable_raw_not_fdr_significant	not_fdr_significant	not_applicable	D1_not_fdr_significant	Not FDR-significant in the primary paired analysis	not_claim_ready	Do not present as a statistically supported trajectory.	0.537330190688764	10
HPVVT-FJ-M01	Primary 2vHPV induction	primary_induction	HPV45	IgG4	none	0	20	0.2063514707150085	1.355248285544459	0.3030427292867456	-0.4279242511956814	0.8406271926256985	1.1537666525349524	0.7433305198120083	1.7908285117075111	0.6809319306247216	19.0	0.5041294648792303	0.1522610084927048	standard_continuous_model	HPVVT-FJ-M01|IgG subclass architecture|primary_induction	0.741977992966963	no	HPV45|IgG4|dose0	mixedlm_lbfgs	0.2063514707150071	0.4602805221118791	0.6539246091786862	0.894369027124296	-1.4155343563970746e-15	yes	cross_reactive_non_booster_target	antibody_isotype_or_subclass	IgG subclass architecture						0.0073121726139225	0.986224069038421	not_fdr_significant						False	increased	primary_2vHPV_induction	cross_reactive_type	not_required	not_fdr_significant	not_applicable	D1_not_fdr_significant	Not FDR-significant in the primary paired analysis	not_claim_ready	Do not present as a statistically supported trajectory.	0.33596044639925315	10
HPVVT-FJ-M01	Primary 2vHPV induction	primary_induction	HPV58	IgG4	none	0	20	-0.1987342704400951	1.2839910652426996	0.2871091304385043	-0.7996605866881243	0.402192045807934	0.8713146645456413	0.5744843167234465	1.3215143086625862	-0.6921907016212494	19.0	0.4971905767869459	-0.1547785462218387	standard_continuous_model	HPVVT-FJ-M01|IgG subclass architecture|primary_induction	0.741977992966963	no	HPV58|IgG4|dose0	mixedlm_lbfgs	-0.1987342704400893	0.4122959658798386	0.6297928259648087	0.894369027124296	5.800915303666443e-15	yes	cross_reactive_non_booster_target	antibody_isotype_or_subclass	IgG subclass architecture						-0.397773568541181	0.3473270195803228	not_fdr_significant						False	decreased	primary_2vHPV_induction	cross_reactive_type	not_required	not_fdr_significant	not_applicable	D1_not_fdr_significant	Not FDR-significant in the primary paired analysis	not_claim_ready	Do not present as a statistically supported trajectory.	0.32834324612433974	10
HPVVT-FJ-M03	Heterologous 2vHPV recall	dose_specific_recall	HPV33	IgG4	none	3	19	0.1974126465005825	2.6996658426403	0.6193458204946128	-1.1037846383076708	1.498609931308836	1.1466401062888694	0.4652942815647672	2.8257031849361693	0.3187438099492264	18.0	0.7535897520845724	0.0731248450762006	standard_continuous_model	HPVVT-FJ-M03|IgG subclass architecture|dose_specific_recall	0.7719699899402936	no	HPV33|IgG4|dose3	mixedlm_lbfgs	0.1974126465005828	0.4780857295527572	0.6796629484113925	0.6962400934945973	3.05311331771918e-16	yes	cross_reactive_non_booster_target	antibody_isotype_or_subclass	IgG subclass architecture						0.9387473111111028	0.3881767190233004	not_fdr_significant						False	increased	heterologous_2vHPV_recall	cross_reactive_type	not_required	not_fdr_significant	not_applicable	D1_not_fdr_significant	Not FDR-significant in the primary paired analysis	not_claim_ready	Do not present as a statistically supported trajectory.	0.30981222888072635	10
HPVVT-FJ-M03	Heterologous 2vHPV recall	dose_specific_recall	HPV33	IgG2	high	3	19	-0.2428932821603634	3.6398873630099033	0.8350474305911005	-1.99726283373579	1.511476269415063	0.8450488913555422	0.2504747650033833	2.8510162641397625	-0.2908736357507596	18.0	0.7744729476498486	-0.0667309886093589	two_part_floor_sensitivity_required	HPVVT-FJ-M03|IgG subclass architecture|dose_specific_recall	0.7838039470191239	no	HPV33|IgG2|dose3	mixedlm_lbfgs	-0.2428932821603632	0.6077290510907705	0.6893969095369029	0.6977028963987933	1.9428902930940242e-16	yes	cross_reactive_non_booster_target	antibody_isotype_or_subclass	IgG subclass architecture	continuous_result_not_fdr_significant	-0.0526315789473684	1.0	-0.3036092823181147	0.7713136897373399	-0.377991879110312	0.7668010288576325	not_fdr_significant						False	decreased	heterologous_2vHPV_recall	cross_reactive_type	not_applicable_raw_not_fdr_significant	not_fdr_significant	not_applicable	D1_not_fdr_significant	Not FDR-significant in the primary paired analysis	not_claim_ready	Do not present as a statistically supported trajectory.	0.3486858360263053	10
HPVVT-FJ-M01	Primary 2vHPV induction	primary_induction	HPV18	IgG4	high	0	20	-0.2462005357836608	2.2292764715362545	0.498481373099594	-1.289534040355571	0.7971329687882496	0.8431139085859541	0.409083133047633	1.7376445163001026	-0.493901174787671	19.0	0.6270372310194168	-0.1104396600992237	two_part_floor_sensitivity_required	HPVVT-FJ-M01|IgG subclass architecture|primary_induction	0.7980473849338032	no	HPV18|IgG4|dose0	mixedlm_powell	-0.2462005357836676	0.6467439773984647	0.7034429619154197	0.894369027124296	-6.800116025829084e-15	yes	vaccine_target_2vHPV_and_4vHPV	antibody_isotype_or_subclass	IgG subclass architecture	continuous_result_not_fdr_significant	0.65	0.0016276041666666	-2.104882950476839	0.1470607778223797	-0.4452398338847468	0.5246431711029095	not_fdr_significant						False	decreased	primary_2vHPV_induction	vaccine_type	not_applicable_raw_not_fdr_significant	not_fdr_significant	not_applicable	D1_not_fdr_significant	Not FDR-significant in the primary paired analysis	not_claim_ready	Do not present as a statistically supported trajectory.	0.3441718569588546	10
HPVVT-FJ-M01	Primary 2vHPV induction	primary_induction	HPV33	IgG4	none	0	20	-0.1383134481543283	1.238700629465619	0.2769818811256903	-0.7180431879856483	0.4414162916769916	0.9085806915784878	0.6079214428074774	1.3579367579088284	-0.4993591912662463	19.0	0.6232593422977792	-0.1116601096860646	standard_continuous_model	HPVVT-FJ-M01|IgG subclass architecture|primary_induction	0.7980473849338032	no	HPV33|IgG4|dose0	mixedlm_lbfgs	-0.1383134481543315	0.4659803285138688	0.7666020232493966	0.894369027124296	-3.191891195797325e-15	yes	cross_reactive_non_booster_target	antibody_isotype_or_subclass	IgG subclass architecture						-0.3373527462554143	0.5246431711029095	not_fdr_significant						False	decreased	primary_2vHPV_induction	cross_reactive_type	not_required	not_fdr_significant	not_applicable	D1_not_fdr_significant	Not FDR-significant in the primary paired analysis	not_claim_ready	Do not present as a statistically supported trajectory.	0.2362847693295221	10
HPVVT-FJ-M01	Primary 2vHPV induction	primary_induction	HPV31	IgG2	high	0	20	-0.2352294580608573	2.474131318017737	0.553232581234881	-1.3931585582678363	0.922699642146122	0.8495498690086111	0.3807303387568175	1.89565922770746	-0.4251908980772556	19.0	0.6754742693416995	-0.0950755751514928	two_part_floor_sensitivity_required	HPVVT-FJ-M01|IgG subclass architecture|primary_induction	0.8223165018072863	no	HPV31|IgG2|dose0	mixedlm_powell	-0.2352294580608522	0.6615857129611137	0.7221745849108884	0.894369027124296	5.10702591327572e-15	yes	cross_reactive_non_booster_target	antibody_isotype_or_subclass	IgG subclass architecture	continuous_result_not_fdr_significant	-0.1	0.7407407407407407	0.5483258264770766	0.6427217212935341	-1.019273305167562	0.2535610282244482	not_fdr_significant						False	decreased	primary_2vHPV_induction	cross_reactive_type	not_applicable_raw_not_fdr_significant	not_fdr_significant	not_applicable	D1_not_fdr_significant	Not FDR-significant in the primary paired analysis	not_claim_ready	Do not present as a statistically supported trajectory.	0.3201904525251098	10
HPVVT-FJ-M01	Primary 2vHPV induction	primary_induction	HPV52	IgG2	high	0	20	-0.1840817662334134	2.4092349542929368	0.5387213131567605	-1.3116384332929198	0.9434749008260932	0.8802091253869778	0.4028630979975799	1.9231548093272184	-0.3417012873590322	19.0	0.7363259906995169	-0.0764067306533985	two_part_floor_sensitivity_required	HPVVT-FJ-M01|IgG subclass architecture|primary_induction	0.8460604444422937	no	HPV52|IgG2|dose0	mixedlm_lbfgs	-0.184081766233414	0.6190301718739063	0.7661831026546388	0.894369027124296	-5.828670879282072e-16	yes	cross_reactive_non_booster_target	antibody_isotype_or_subclass	IgG subclass architecture	continuous_result_not_fdr_significant	0.0	1.0	0.0355598351474155	0.9826570563855772	-0.9681256133401182	0.2788496280987989	not_fdr_significant						False	decreased	primary_2vHPV_induction	cross_reactive_type	not_applicable_raw_not_fdr_significant	not_fdr_significant	not_applicable	D1_not_fdr_significant	Not FDR-significant in the primary paired analysis	not_claim_ready	Do not present as a statistically supported trajectory.	0.2566803751210758	10
HPVVT-FJ-M01	Primary 2vHPV induction	primary_induction	HPV58	IgG3	low	0	20	0.1571756362506112	3.3889571427893768	0.7577938544110507	-1.4289051293144712	1.7432564018156935	1.1151019649536165	0.3714126532161622	3.347899920683981	0.2074121284247764	19.0	0.8378948697010953	0.0463787618515716	continuous_model_plus_floor_summary	HPVVT-FJ-M01|IgG subclass architecture|primary_induction	0.8843652448025787	no	HPV58|IgG3|dose0	mixedlm_powell	0.157175636250603	0.6949525398106782	0.8210711942963986	0.9020584076818098	-8.215650382226158e-15	yes	cross_reactive_non_booster_target	antibody_isotype_or_subclass	IgG subclass architecture						1.421228490188979	0.061990887648024	not_fdr_significant						False	increased	primary_2vHPV_induction	cross_reactive_type	not_required	not_fdr_significant	not_applicable	D1_not_fdr_significant	Not FDR-significant in the primary paired analysis	not_claim_ready	Do not present as a statistically supported trajectory.	0.21054396960653948	10
HPVVT-FJ-M01	Primary 2vHPV induction	primary_induction	HPV16	FcgR2A	low	0	20	-0.4252620581827211	9.81287023436013	2.1942244898413543	-5.017826696192375	4.167302579826933	0.7447034476987028	0.030866234505305	17.96731068439907	-0.1938097310241343	19.0	0.8483818665969707	-0.0433371733270914	continuous_model_plus_floor_summary	HPVVT-FJ-M01|Fc-receptor engagement|primary_induction	0.922892477127598	no	HPV16|FcgR2A|dose0	mixedlm_powell_convergence_repair	-0.4252620581827027	0.8669496880356731	0.6237611686562525	0.6894202390411212	1.837419105754634e-14	yes	vaccine_target_2vHPV_and_4vHPV	fc_gamma_receptor_binding	Fc-receptor engagement						-0.0186658503508234	0.9928107052993256	not_fdr_significant	-0.425262058182721	2.20115728591516	0.8468028828883155	yes	yes	False	decreased	primary_2vHPV_induction	vaccine_type	not_required	not_fdr_significant	boundary_solution_confirmed	D1_not_fdr_significant	Not FDR-significant in the primary paired analysis	not_claim_ready	Do not present as a statistically supported trajectory.	0.4601109522925431	10
HPVVT-FJ-M01	Primary 2vHPV induction	primary_induction	HPV31	IgG4	high	0	20	-0.0070546159617299	0.4903101567457128	0.109636684054199	-0.2365268329327274	0.2224176010092676	0.9951220488712176	0.8487862362324547	1.1666870289334526	-0.0643453970045506	19.0	0.9493673769450394	-0.0143880681741386	two_part_floor_sensitivity_required	HPVVT-FJ-M01|IgG subclass architecture|primary_induction	0.9493673769450394	no	HPV31|IgG4|dose0	mixedlm_lbfgs	-0.0070546159617307	0.4137689862130284	0.9863970073816262	0.9863970073816262	-7.997075224253082e-16	yes	cross_reactive_non_booster_target	antibody_isotype_or_subclass	IgG subclass architecture	continuous_result_not_fdr_significant	-0.9	0.00030517578125	1.0605415419350503		-0.2060939140628159	0.6013908744424792	not_fdr_significant						False	decreased	primary_2vHPV_induction	cross_reactive_type	not_applicable_raw_not_fdr_significant	not_fdr_significant	not_applicable	D1_not_fdr_significant	Not FDR-significant in the primary paired analysis	not_claim_ready	Do not present as a statistically supported trajectory.	0.029620311958551013	10
HPVVT-FJ-M03	Heterologous 2vHPV recall	dose_specific_recall	HPV45	IgA2	high	3	19	-0.0691334701849868	6.515972919467217	1.4948667092002783	-3.2097318867663254	3.071464946396352	0.9532103554461387	0.1080872391884367	8.406265055449381	-0.0462472471689276	18.0	0.963622421246938	-0.0106098461487528	two_part_floor_sensitivity_required	HPVVT-FJ-M03|Antibody abundance|dose_specific_recall	0.963622421246938	no	HPV45|IgA2|dose3	mixedlm_powell	-0.0691334701849877	1.2785369850482344	0.9568775396825414	0.9684061847389576	-8.881784197001252e-16	yes	cross_reactive_non_booster_target	antibody_isotype_or_subclass	Antibody abundance	continuous_result_not_fdr_significant	-0.0526315789473684	1.0	0.8553653780246854	0.3613686841540715	-0.0430778053235916	0.9767829973198392	not_fdr_significant						False	decreased	heterologous_2vHPV_recall	cross_reactive_type	not_applicable_raw_not_fdr_significant	not_fdr_significant	not_applicable	D1_not_fdr_significant	Not FDR-significant in the primary paired analysis	not_claim_ready	Do not present as a statistically supported trajectory.	0.08522657372113632	10
HPVVT-FJ-M06	Heterologous BPV control	bpv_within_dose_change	BPV	IgG1	none	1	20	1.1968993846475602	0.9535282879857558	0.2132154070405146	0.7506344089413142	1.6431643603538062	2.2924644865475567	1.6825325426445517	3.123501797963141	5.6135689313489845	19.0	2.0580680919477635e-05	1.2552321726877178	standard_continuous_model	HPVVT-FJ-M06|IgG subclass architecture|bpv_within_dose_change	0.0002698180235847	yes	BPV|IgG1|dose1	mixedlm_lbfgs	1.196899384647562	0.1869873619350711	1.5439891097546624e-10	2.4703825756074602e-09	1.7763568394002505e-15	yes	heterologous_control_antigen	antibody_isotype_or_subclass	IgG subclass architecture														True	increased	heterologous_bpv_control	heterologous_control	not_required	heterologous_control	not_applicable	CTRL_heterologous_bpv_control	Heterologous BPV control trajectory	exploratory_only	Use only to characterize heterologous-control movement.	4.76582842788863	11
HPVVT-FJ-M06	Heterologous BPV control	bpv_within_dose_change	BPV	IgG1	none	3	19	0.8643314015821352	0.6883492163931509	0.1579181406380608	0.5325576993617616	1.1961051038025088	1.8204957863533693	1.4464913533754318	2.291202709505712	5.473287603880369	18.0	3.3727252948091025e-05	1.2556582923288635	standard_continuous_model	HPVVT-FJ-M06|IgG subclass architecture|bpv_within_dose_change	0.0002698180235847	yes	BPV|IgG1|dose3	mixedlm_lbfgs	0.8643314015821358	0.1918449854588946	6.6259410008865e-06	5.3007528007092e-05	6.661338147750939e-16	yes	heterologous_control_antigen	antibody_isotype_or_subclass	IgG subclass architecture														True	increased	heterologous_bpv_control	heterologous_control	not_required	heterologous_control	not_applicable	CTRL_heterologous_bpv_control	Heterologous BPV control trajectory	exploratory_only	Use only to characterize heterologous-control movement.	4.433260444823206	11
HPVVT-FJ-M06	Heterologous BPV control	bpv_within_dose_change	BPV	IgG	none	3	19	1.271153049301261	1.0030245624564773	0.2301096160861518	0.7877106851944788	1.7545954134080433	2.413543868331398	1.7263328875351716	3.374316764988009	5.52411963881313	18.0	3.0296760494940408e-05	1.2673199609270966	standard_continuous_model	HPVVT-FJ-M06|Antibody abundance|bpv_within_dose_change	0.000484748167919	yes	BPV|IgG|dose3	mixedlm_powell	1.2711530493012615	0.2491636233742783	3.3665180000546813e-07	5.38642880008749e-06	4.440892098500626e-16	yes	heterologous_control_antigen	antibody_isotype_or_subclass	Antibody abundance														True	increased	heterologous_bpv_control	heterologous_control	not_required	heterologous_control	not_applicable	CTRL_heterologous_bpv_control	Heterologous BPV control trajectory	exploratory_only	Use only to characterize heterologous-control movement.	4.585636872941281	11
HPVVT-FJ-M06	Heterologous BPV control	bpv_within_dose_change	BPV	FcgR2B	high	2	21	2.5531120931337616	2.7803267842002444	0.6067170450147986	1.2875225143997506	3.818701671867773	5.868989362053742	2.441084971109109	14.110543688386992	4.208077083233236	20.0	0.0004324737709018	0.9182777030535852	two_part_floor_sensitivity_required	HPVVT-FJ-M06|Fc-receptor engagement|bpv_within_dose_change	0.005189685250822	yes	BPV|FcgR2B|dose2	mixedlm_powell	2.553112093133762	0.4455719296279369	1.0045065248631516e-08	1.205407829835782e-07	4.440892098500626e-16	yes	heterologous_control_antigen	fc_gamma_receptor_binding	Fc-receptor engagement	not_supported_after_floor_sensitivity	0.4285714285714285	0.125	2.054954404868293	0.0818654664614186									True	increased	heterologous_bpv_control	heterologous_control	not_supported	heterologous_control	not_applicable	CTRL_heterologous_bpv_control	Heterologous BPV control trajectory	exploratory_only	Use only to characterize heterologous-control movement.	4.837971074009056	11
HPVVT-FJ-M06	Heterologous BPV control	bpv_within_dose_change	BPV	FcgR3A	high	2	21	1.183176571426511	1.4336437393951484	0.3128467121608482	0.5305897652616852	1.835763377591337	2.270762105828971	1.4445195859652002	3.569602372558654	3.781969013688046	20.0	0.0011707506013852	0.8252932991049025	two_part_floor_sensitivity_required	HPVVT-FJ-M06|Fc-receptor engagement|bpv_within_dose_change	0.0070245036083113	yes	BPV|FcgR3A|dose2	mixedlm_lbfgs	1.183176571426511	0.3437205088292229	0.0005768679760561	0.0034612078563365	0.0	yes	heterologous_control_antigen	fc_gamma_receptor_binding	Fc-receptor engagement	sensitivity_supported	0.0952380952380952	0.7619047619047619	1.354520913557387	0.0018217611084897									True	increased	heterologous_bpv_control	heterologous_control	supported	heterologous_control	not_applicable	CTRL_heterologous_bpv_control	Heterologous BPV control trajectory	exploratory_only	Use only to characterize heterologous-control movement.	3.336560931502511	11
HPVVT-FJ-M06	Heterologous BPV control	bpv_within_dose_change	BPV	IgG	none	1	20	1.0073326468856494	1.1892452635500863	0.2659233251217646	0.4507487307775669	1.563916562993732	2.0101910837098758	1.3667493891810731	2.956553867895184	3.7880567506607337	19.0	0.0012432020759923	0.8470352397104371	standard_continuous_model	HPVVT-FJ-M06|Antibody abundance|bpv_within_dose_change	0.0099456166079385	yes	BPV|IgG|dose1	mixedlm_powell	1.007332646885648	0.2428546595236526	3.3556420471576775e-05	0.0002684513637726	-1.3322676295501878e-15	yes	heterologous_control_antigen	antibody_isotype_or_subclass	Antibody abundance														True	increased	heterologous_bpv_control	heterologous_control	not_required	heterologous_control	not_applicable	CTRL_heterologous_bpv_control	Heterologous BPV control trajectory	exploratory_only	Use only to characterize heterologous-control movement.	3.0097009332186775	11
HPVVT-FJ-M06	Heterologous BPV control	bpv_within_dose_change	BPV	IgG3	low	1	20	2.4104602026815707	3.091314324913523	0.6912388970325508	0.9636805638498054	3.857239841513336	5.31643886714971	1.9502790517383777	14.492552849268709	3.48715937865988	19.0	0.0024661590755216	0.779752541905942	continuous_model_plus_floor_summary	HPVVT-FJ-M06|IgG subclass architecture|bpv_within_dose_change	0.013152848402782	yes	BPV|IgG3|dose1	mixedlm_powell	2.410460202681573	0.6773783648748456	0.0003729593172146	0.0019891163584778	2.220446049250313e-15	yes	heterologous_control_antigen	antibody_isotype_or_subclass	IgG subclass architecture														True	increased	heterologous_bpv_control	heterologous_control	not_required	heterologous_control	not_applicable	CTRL_heterologous_bpv_control	Heterologous BPV control trajectory	exploratory_only	Use only to characterize heterologous-control movement.	4.291440388133173	11
HPVVT-FJ-M06	Heterologous BPV control	bpv_within_dose_change	BPV	IgA1	low	0	20	0.9966010300604454	1.34885841170892	0.3016139100603543	0.3653158611599935	1.6278861989608973	1.9952935734547037	1.288163626957863	3.090598399887803	3.304227679224148	19.0	0.0037296580103515	0.7388477703881564	continuous_model_plus_floor_summary	HPVVT-FJ-M06|Antibody abundance|bpv_within_dose_change	0.0198915093885416	yes	BPV|IgA1|dose0	mixedlm_powell	0.9966010300604478	0.5461657307144857	0.0680428794937451	0.2177372143799843	2.3314683517128287e-15	yes	heterologous_control_antigen	antibody_isotype_or_subclass	Antibody abundance														True	increased	heterologous_bpv_control	heterologous_control	not_required	heterologous_control	not_applicable	CTRL_heterologous_bpv_control	Heterologous BPV control trajectory	exploratory_only	Use only to characterize heterologous-control movement.	2.69793329096601	11
HPVVT-FJ-M06	Heterologous BPV control	bpv_within_dose_change	BPV	FcgR2A	moderate	1	20	1.3126559816079524	2.154555144973725	0.4817731765433163	0.3042931343341124	2.321018828881792	2.483984173556079	1.2348134772753931	4.9968497170046495	2.7246348396275466	19.0	0.0134540033389772	0.6092468715271431	above_floor_binary_sensitivity_required	HPVVT-FJ-M06|Fc-receptor engagement|bpv_within_dose_change	0.0459988434520598	yes	BPV|FcgR2A|dose1	mixedlm_powell	1.3126559816079526	0.4839044854763612	0.0066750694922363	0.0200252084767089	2.220446049250313e-16	yes	heterologous_control_antigen	fc_gamma_receptor_binding	Fc-receptor engagement	sensitivity_supported	0.15	0.7619047619047619	1.3306738818437127	0.0254257155610919									True	increased	heterologous_bpv_control	heterologous_control	supported	heterologous_control	not_applicable	CTRL_heterologous_bpv_control	Heterologous BPV control trajectory	exploratory_only	Use only to characterize heterologous-control movement.	2.649909069246006	11
HPVVT-FJ-M06	Heterologous BPV control	bpv_within_dose_change	BPV	FcgR3A	high	3	19	1.154889854670735	1.8793741296857864	0.4311579951792129	0.2490605197726205	2.060719189568849	2.226673230314882	1.188432957715873	4.171942255901552	2.6785769197917784	18.0	0.0153329478173532	0.6145076897827797	two_part_floor_sensitivity_required	HPVVT-FJ-M06|Fc-receptor engagement|bpv_within_dose_change	0.0459988434520598	yes	BPV|FcgR3A|dose3	mixedlm_lbfgs	1.1548898546707342	0.3613585150793146	0.0013936309655699	0.0055745238622796	-6.661338147750939e-16	yes	heterologous_control_antigen	fc_gamma_receptor_binding	Fc-receptor engagement	not_supported_after_floor_sensitivity	0.1052631578947368	0.7619047619047619	1.2073698988193131	0.0655697135307004									True	increased	heterologous_bpv_control	heterologous_control	not_supported	heterologous_control	not_applicable	CTRL_heterologous_bpv_control	Heterologous BPV control trajectory	exploratory_only	Use only to characterize heterologous-control movement.	2.4921429423087886	11
HPVVT-FJ-M06	Heterologous BPV control	bpv_within_dose_change	BPV	IgG1	none	2	21	0.501383217451947	0.8926457476281238	0.1947912717755393	0.0950557446817466	0.9077106902221476	1.4155701227575588	1.068106678111763	1.8760661397476772	2.5739511472038537	20.0	0.0181179763068703	0.5616821889133373	standard_continuous_model	HPVVT-FJ-M06|IgG subclass architecture|bpv_within_dose_change	0.0724719052274815	no	BPV|IgG1|dose2	mixedlm_lbfgs	0.5013832174519467	0.1824809801528898	0.0060034727468282	0.0240138909873128	-3.3306690738754696e-16	yes	heterologous_control_antigen	antibody_isotype_or_subclass	IgG subclass architecture														False	increased	heterologous_bpv_control	heterologous_control	not_required	heterologous_control	not_applicable	CTRL_heterologous_bpv_control	Heterologous BPV control trajectory	exploratory_only	Use only to characterize heterologous-control movement.	1.641213538734667	11
HPVVT-FJ-M06	Heterologous BPV control	bpv_within_dose_change	BPV	FcgR2B	high	3	19	0.9653363567008676	1.8201646652305417	0.41757441243913	0.0880450701668302	1.842627643234905	1.9525186878721	1.062928880013454	3.586626817818265	2.3117708555516074	18.0	0.0328358148455719	0.5303566073669485	two_part_floor_sensitivity_required	HPVVT-FJ-M06|Fc-receptor engagement|bpv_within_dose_change	0.0788059556293726	no	BPV|FcgR2B|dose3	mixedlm_powell	0.965336356700868	0.4684364380810758	0.0393256809803567	0.094381634352856	4.440892098500626e-16	yes	heterologous_control_antigen	fc_gamma_receptor_binding	Fc-receptor engagement	continuous_result_not_fdr_significant	0.1052631578947368	0.7619047619047619	1.0857636000438065	0.0818654664614186									False	increased	heterologous_bpv_control	heterologous_control	not_applicable_raw_not_fdr_significant	heterologous_control	not_applicable	CTRL_heterologous_bpv_control	Heterologous BPV control trajectory	exploratory_only	Use only to characterize heterologous-control movement.	2.0687773168859924	11
HPVVT-FJ-M06	Heterologous BPV control	bpv_within_dose_change	BPV	IgG3	low	2	21	1.284839063551508	2.442901498548329	0.5330848110675606	0.1728436333719625	2.396834493731053	2.4365487087352204	1.1272782253749951	5.266463483816844	2.4101963456405326	20.0	0.0256910290282272	0.5259479616001757	continuous_model_plus_floor_summary	HPVVT-FJ-M06|IgG subclass architecture|bpv_within_dose_change	0.0822112928903272	no	BPV|IgG3|dose2	mixedlm_powell	1.284839063551507	0.66105359569512	0.0519409136097269	0.1187220882508043	-8.881784197001252e-16	yes	heterologous_control_antigen	antibody_isotype_or_subclass	IgG subclass architecture														False	increased	heterologous_bpv_control	heterologous_control	not_required	heterologous_control	not_applicable	CTRL_heterologous_bpv_control	Heterologous BPV control trajectory	exploratory_only	Use only to characterize heterologous-control movement.	2.369907585389911	11
HPVVT-FJ-M06	Heterologous BPV control	bpv_within_dose_change	BPV	FcgR2A	moderate	3	19	0.7355696741351183	1.7495354893075763	0.40137096821209	-0.1076794392945154	1.578818787564752	1.6650548165314183	0.9280796689202492	2.987251671270811	1.8326429472757308	18.0	0.083451413718027	0.420437126671971	above_floor_binary_sensitivity_required	HPVVT-FJ-M06|Fc-receptor engagement|bpv_within_dose_change	0.1430595663737606	no	BPV|FcgR2A|dose3	mixedlm_powell	0.7355696741351188	0.4964755265756514	0.1384512990770031	0.2373450841320053	4.440892098500626e-16	yes	heterologous_control_antigen	fc_gamma_receptor_binding	Fc-receptor engagement	continuous_result_not_fdr_significant	-0.0526315789473684	1.0	1.0844267898355613	0.0056002804760533									False	increased	heterologous_bpv_control	heterologous_control	not_applicable_raw_not_fdr_significant	heterologous_control	not_applicable	CTRL_heterologous_bpv_control	Heterologous BPV control trajectory	exploratory_only	Use only to characterize heterologous-control movement.	1.5800527698098215	11
HPVVT-FJ-M06	Heterologous BPV control	bpv_within_dose_change	BPV	FcgR3A	high	1	20	0.6327174168822417	1.502563211381068	0.3359833481138453	-0.0705038126006617	1.335938646365145	1.5504826872830118	0.9523053794238684	2.5243967066727424	1.8831808791543156	19.0	0.0750772601320697	0.4210920459716866	two_part_floor_sensitivity_required	HPVVT-FJ-M06|Fc-receptor engagement|bpv_within_dose_change	0.1430595663737606	no	BPV|FcgR3A|dose1	mixedlm_lbfgs	0.6327174168822416	0.3522087131223628	0.0724265540151029	0.1448531080302058	-1.1102230246251563e-16	yes	heterologous_control_antigen	fc_gamma_receptor_binding	Fc-receptor engagement	continuous_result_not_fdr_significant	0.1	0.8695652173913043	0.5615390799007551	0.0921559245848779									False	increased	heterologous_bpv_control	heterologous_control	not_applicable_raw_not_fdr_significant	heterologous_control	not_applicable	CTRL_heterologous_bpv_control	Heterologous BPV control trajectory	exploratory_only	Use only to characterize heterologous-control movement.	1.4772005125569447	11
HPVVT-FJ-M06	Heterologous BPV control	bpv_within_dose_change	BPV	IgA1	low	3	19	1.1527572804020554	2.358119519021665	0.5409897200108514	0.0161800540874716	2.289334506716639	2.2233842205045	1.0112782845336907	4.88830568953418	2.1308302870874014	18.0	0.0471467961843282	0.4888459940657759	continuous_model_plus_floor_summary	HPVVT-FJ-M06|Antibody abundance|bpv_within_dose_change	0.1508697477898502	no	BPV|IgA1|dose3	mixedlm_powell	1.1527572804020574	0.5603542163638355	0.0396675772855551	0.1586703091422204	1.9984014443252818e-15	yes	heterologous_control_antigen	antibody_isotype_or_subclass	Antibody abundance														False	increased	heterologous_bpv_control	heterologous_control	not_required	heterologous_control	not_applicable	CTRL_heterologous_bpv_control	Heterologous BPV control trajectory	exploratory_only	Use only to characterize heterologous-control movement.	1.9741551160743769	11
HPVVT-FJ-M06	Heterologous BPV control	bpv_within_dose_change	BPV	IgG	none	2	21	0.6213195011101276	1.285569053829369	0.2805341666793258	0.0361354837078723	1.206503518512383	1.5382814633533697	1.0253635254099378	2.307776512286742	2.214773011304352	20.0	0.0385489615692856	0.4833030938784515	standard_continuous_model	HPVVT-FJ-M06|Antibody abundance|bpv_within_dose_change	0.1508697477898502	no	BPV|IgG|dose2	mixedlm_powell	0.6213195011101275	0.2370018799450238	0.0087523095916355	0.0466789844887226	-1.1102230246251563e-16	yes	heterologous_control_antigen	antibody_isotype_or_subclass	Antibody abundance														False	increased	heterologous_bpv_control	heterologous_control	not_required	heterologous_control	not_applicable	CTRL_heterologous_bpv_control	Heterologous BPV control trajectory	exploratory_only	Use only to characterize heterologous-control movement.	1.442717336782449	11
HPVVT-FJ-M06	Heterologous BPV control	bpv_within_dose_change	BPV	IgA2	high	0	20	0.9365258917708024	2.0658728269991364	0.4619432074039731	-0.0303323530962186	1.9033841366378232	1.913913849682059	0.9791946949003836	3.740896721644773	2.027361538735221	19.0	0.0568881398434386	0.4533318215580527	two_part_floor_sensitivity_required	HPVVT-FJ-M06|Antibody abundance|bpv_within_dose_change	0.1517017062491697	no	BPV|IgA2|dose0	mixedlm_lbfgs	0.9365258917708116	0.5402757492941604	0.0830206829219945	0.2213884877919853	9.214851104388801e-15	yes	heterologous_control_antigen	antibody_isotype_or_subclass	Antibody abundance	continuous_result_not_fdr_significant	-0.2	0.2142857142857142	1.3062776773036475	0.061907058282366									False	increased	heterologous_bpv_control	heterologous_control	not_applicable_raw_not_fdr_significant	heterologous_control	not_applicable	CTRL_heterologous_bpv_control	Heterologous BPV control trajectory	exploratory_only	Use only to characterize heterologous-control movement.	1.7555354262745668	11
HPVVT-FJ-M06	Heterologous BPV control	bpv_within_dose_change	BPV	IgG2	high	2	21	0.884500811237386	2.095518592156361	0.4572796461306581	-0.0693678157698233	1.8383694382445956	1.846125730600128	0.9530555323613258	3.5760562710754358	1.9342667418541923	20.0	0.0673550934777377	0.4220916075610687	two_part_floor_sensitivity_required	HPVVT-FJ-M06|IgG subclass architecture|bpv_within_dose_change	0.1796135826073007	no	BPV|IgG2|dose2	mixedlm_lbfgs	0.8845008112373859	0.4316153425027236	0.0404347155313832	0.1078259080836885	-1.1102230246251563e-16	yes	heterologous_control_antigen	antibody_isotype_or_subclass	IgG subclass architecture	continuous_result_not_fdr_significant	0.0952380952380952	0.7407407407407407	0.9500359749232652	0.4111682724077123									False	increased	heterologous_bpv_control	heterologous_control	not_applicable_raw_not_fdr_significant	heterologous_control	not_applicable	CTRL_heterologous_bpv_control	Heterologous BPV control trajectory	exploratory_only	Use only to characterize heterologous-control movement.	1.6301616357638085	11
HPVVT-FJ-M06	Heterologous BPV control	bpv_within_dose_change	BPV	IgG2	high	0	20	0.7840438471067046	2.186587235566576	0.4889357697460209	-0.2393104800323371	1.8073981742457463	1.7219507102667158	0.8471501015437766	3.5001049320358537	1.6035722800849248	19.0	0.1253024787231431	0.3585696625104224	two_part_floor_sensitivity_required	HPVVT-FJ-M06|IgG subclass architecture|bpv_within_dose_change	0.2795135431606533	no	BPV|IgG2|dose0	mixedlm_lbfgs	0.7840438471067124	0.4422741164458217	0.0762692396284608	0.1355897593394858	7.771561172376096e-15	yes	heterologous_control_antigen	antibody_isotype_or_subclass	IgG subclass architecture	continuous_result_not_fdr_significant	0.15	0.4347826086956521	0.0637790692860028	0.9329902150148872									False	increased	heterologous_bpv_control	heterologous_control	not_applicable_raw_not_fdr_significant	heterologous_control	not_applicable	CTRL_heterologous_bpv_control	Heterologous BPV control trajectory	exploratory_only	Use only to characterize heterologous-control movement.	1.3376409916733696	11
HPVVT-FJ-M06	Heterologous BPV control	bpv_within_dose_change	BPV	IgG4	high	3	19	-0.74133466461052	2.0915833114618154	0.4798421203504321	-1.749445551090698	0.2667762218696582	0.5981857032866499	0.2974160581522895	1.2031163947217738	-1.5449553783838692	18.0	0.1397567715803266	-0.3544370719292068	two_part_floor_sensitivity_required	HPVVT-FJ-M06|IgG subclass architecture|bpv_within_dose_change	0.2795135431606533	no	BPV|IgG4|dose3	mixedlm_lbfgs	-0.7413346646105198	0.3393773332549458	0.0289331239657629	0.0925859966904412	2.220446049250313e-16	yes	heterologous_control_antigen	antibody_isotype_or_subclass	IgG subclass architecture	continuous_result_not_fdr_significant	0.5789473684210527	0.01953125	-2.1421163118016016	0.1839265784980931									False	decreased	heterologous_bpv_control	heterologous_control	not_applicable_raw_not_fdr_significant	heterologous_control	not_applicable	CTRL_heterologous_bpv_control	Heterologous BPV control trajectory	exploratory_only	Use only to characterize heterologous-control movement.	1.2949318091771849	11
HPVVT-FJ-M06	Heterologous BPV control	bpv_within_dose_change	BPV	IgG3	low	0	20	-1.2640528539383673	3.8628969807181335	0.8637700238964441	-3.071944291430425	0.5438385835536903	0.4163726311170237	0.1189193764339146	1.4578462580457217	-1.4634136621646787	19.0	0.1597020351197693	-0.3272292427802133	continuous_model_plus_floor_summary	HPVVT-FJ-M06|IgG subclass architecture|bpv_within_dose_change	0.2839147291018121	no	BPV|IgG3|dose0	mixedlm_powell	-1.2640528539383429	0.6773783648748452	0.0620279774898541	0.1240559549797082	2.4424906541753444e-14	yes	heterologous_control_antigen	antibody_isotype_or_subclass	IgG subclass architecture														False	decreased	heterologous_bpv_control	heterologous_control	not_required	heterologous_control	not_applicable	CTRL_heterologous_bpv_control	Heterologous BPV control trajectory	exploratory_only	Use only to characterize heterologous-control movement.	1.8108649302335393	11
HPVVT-FJ-M06	Heterologous BPV control	bpv_within_dose_change	BPV	IgG3	low	3	19	0.8778632210720517	2.883912935616705	0.6616150025433125	-0.5121383199252724	2.267864762069376	1.8376515347640447	0.7011823954886055	4.816098043744352	1.3268490250333804	18.0	0.2011459636265412	0.3044000428134723	continuous_model_plus_floor_summary	HPVVT-FJ-M06|IgG subclass architecture|bpv_within_dose_change	0.321833541802466	no	BPV|IgG3|dose3	mixedlm_powell	0.8778632210720514	0.6949755385324304	0.2065327602470318	0.3004112876320462	-3.3306690738754696e-16	yes	heterologous_control_antigen	antibody_isotype_or_subclass	IgG subclass architecture														False	increased	heterologous_bpv_control	heterologous_control	not_required	heterologous_control	not_applicable	CTRL_heterologous_bpv_control	Heterologous BPV control trajectory	exploratory_only	Use only to characterize heterologous-control movement.	1.370231916359994	11
HPVVT-FJ-M06	Heterologous BPV control	bpv_within_dose_change	BPV	IgG2	high	1	20	-0.6512664667483063	2.3400735162463087	0.5232563454673704	-1.7464545844332728	0.4439216509366601	0.6367211239803429	0.2980332948074789	1.360296976163945	-1.2446413166124106	19.0	0.2283981582924311	-0.2783102591550188	two_part_floor_sensitivity_required	HPVVT-FJ-M06|IgG subclass architecture|bpv_within_dose_change	0.3322155029708089	no	BPV|IgG2|dose1	mixedlm_lbfgs	-0.6512664667483066	0.4422741164458197	0.1408750286604876	0.2254000458567801	-2.220446049250313e-16	yes	heterologous_control_antigen	antibody_isotype_or_subclass	IgG subclass architecture	continuous_result_not_fdr_significant	0.05	1.0	-1.419117439607935	0.2811009824442051									False	decreased	heterologous_bpv_control	heterologous_control	not_applicable_raw_not_fdr_significant	heterologous_control	not_applicable	CTRL_heterologous_bpv_control	Heterologous BPV control trajectory	exploratory_only	Use only to characterize heterologous-control movement.	1.129846571632397	11
HPVVT-FJ-M06	Heterologous BPV control	bpv_within_dose_change	BPV	IgG4	high	2	21	0.274641530042122	1.0700003504138242	0.2334932190190773	-0.2124167900161094	0.7616998501003533	1.2096934763833591	0.863090178541714	1.6954871497633797	1.176229147878092	20.0	0.2533145196066954	0.2566742430840363	two_part_floor_sensitivity_required	HPVVT-FJ-M06|IgG subclass architecture|bpv_within_dose_change	0.3377526928089272	no	BPV|IgG4|dose2	mixedlm_lbfgs	0.2746415300421218	0.3228122343979939	0.3948927142518432	0.5265236190024576	-2.220446049250313e-16	yes	heterologous_control_antigen	antibody_isotype_or_subclass	IgG subclass architecture	continuous_result_not_fdr_significant	0.7142857142857143	0.001220703125	-0.013420795945064	0.9826570563855772									False	increased	heterologous_bpv_control	heterologous_control	not_applicable_raw_not_fdr_significant	heterologous_control	not_applicable	CTRL_heterologous_bpv_control	Heterologous BPV control trajectory	exploratory_only	Use only to characterize heterologous-control movement.	0.7460427098243055	11
HPVVT-FJ-M06	Heterologous BPV control	bpv_within_dose_change	BPV	IgA2	high	2	21	0.7795382084971871	2.4180829575349208	0.5276689614088792	-0.321159957258462	1.8802363742528363	1.7165813253073292	0.8004260593592487	3.681353713986647	1.4773243558154634	20.0	0.155163446175211	0.322378604120297	two_part_floor_sensitivity_required	HPVVT-FJ-M06|Antibody abundance|bpv_within_dose_change	0.3546593055433394	no	BPV|IgA2|dose2	mixedlm_lbfgs	0.7795382084971864	0.5272551431484923	0.1392783194610399	0.3122109804450358	-7.771561172376097e-16	yes	heterologous_control_antigen	antibody_isotype_or_subclass	Antibody abundance	continuous_result_not_fdr_significant	-0.2857142857142857	0.0865384615384615	1.1463124488252543	0.2721014461341589									False	increased	heterologous_bpv_control	heterologous_control	not_applicable_raw_not_fdr_significant	heterologous_control	not_applicable	CTRL_heterologous_bpv_control	Heterologous BPV control trajectory	exploratory_only	Use only to characterize heterologous-control movement.	1.2297268491537354	11
HPVVT-FJ-M06	Heterologous BPV control	bpv_within_dose_change	BPV	IgM	none	2	21	0.2366171590661726	0.8529502810741416	0.1861290108121959	-0.1516411539638156	0.624875472096161	1.178226706059413	0.9002258179229703	1.5420777134281212	1.2712535140742744	20.0	0.2182250375093421	0.2774102597963797	standard_continuous_model	HPVVT-FJ-M06|Antibody abundance|bpv_within_dose_change	0.4364500750186842	no	BPV|IgM|dose2	mixedlm_lbfgs	0.236617159066172	0.1668324544905924	0.1561054902225179	0.3122109804450358	-5.828670879282072e-16	yes	heterologous_control_antigen	antibody_isotype_or_subclass	Antibody abundance														False	increased	heterologous_bpv_control	heterologous_control	not_required	heterologous_control	not_applicable	CTRL_heterologous_bpv_control	Heterologous BPV control trajectory	exploratory_only	Use only to characterize heterologous-control movement.	0.5966825865891752	11
HPVVT-FJ-M06	Heterologous BPV control	bpv_within_dose_change	BPV	FcgR2B	high	1	20	0.4282853652235089	1.9784283624250016	0.4423900306995895	-0.4976476104611418	1.3542183409081596	1.34563334861075	0.7082606961912371	2.5565856168933405	0.9681171262974084	19.0	0.3451488237458134	0.2164775704582754	two_part_floor_sensitivity_required	HPVVT-FJ-M06|Fc-receptor engagement|bpv_within_dose_change	0.4601984316610846	no	BPV|FcgR2B|dose1	mixedlm_powell	0.4282853652235093	0.4565753625591085	0.3482245158854452	0.4642993545139269	3.8857805861880484e-16	yes	heterologous_control_antigen	fc_gamma_receptor_binding	Fc-receptor engagement	continuous_result_not_fdr_significant	0.1	0.8695652173913043	0.6685640174786163	0.408530529467313									False	increased	heterologous_bpv_control	heterologous_control	not_applicable_raw_not_fdr_significant	heterologous_control	not_applicable	CTRL_heterologous_bpv_control	Heterologous BPV control trajectory	exploratory_only	Use only to characterize heterologous-control movement.	0.765340230947593	11
HPVVT-FJ-M06	Heterologous BPV control	bpv_within_dose_change	BPV	FcgR3A	high	0	20	0.3682205383472614	1.636775379731523	0.3659941012977716	-0.3978139194405091	1.134254996135032	1.2907597880551558	0.7590075178857941	2.195051815956952	1.0060832593793043	19.0	0.3270173807402508	0.2249670558996677	two_part_floor_sensitivity_required	HPVVT-FJ-M06|Fc-receptor engagement|bpv_within_dose_change	0.4601984316610846	no	BPV|FcgR3A|dose0	mixedlm_lbfgs	0.3682205383472616	0.3522087131223621	0.2958098713566193	0.4437148070349289	2.220446049250313e-16	yes	heterologous_control_antigen	fc_gamma_receptor_binding	Fc-receptor engagement	continuous_result_not_fdr_significant	0.05	1.0	0.30310649880301	0.5280893879787836									False	increased	heterologous_bpv_control	heterologous_control	not_applicable_raw_not_fdr_significant	heterologous_control	not_applicable	CTRL_heterologous_bpv_control	Heterologous BPV control trajectory	exploratory_only	Use only to characterize heterologous-control movement.	0.7052754040713454	11
HPVVT-FJ-M06	Heterologous BPV control	bpv_within_dose_change	BPV	IgG1	none	0	20	0.1482233360641928	0.864580233104458	0.1933260173224182	-0.256412668534577	0.5528593406629626	1.108203889827583	0.8371669899851449	1.4669903091267107	0.7667014410015717	19.0	0.4526809008969037	0.1714396540526558	standard_continuous_model	HPVVT-FJ-M06|IgG subclass architecture|bpv_within_dose_change	0.5571457241808045	no	BPV|IgG1|dose0	mixedlm_lbfgs	0.1482233360641874	0.1869873619350704	0.4279574477581204	0.5267168587792251	-5.412337245047638e-15	yes	heterologous_control_antigen	antibody_isotype_or_subclass	IgG subclass architecture														False	increased	heterologous_bpv_control	heterologous_control	not_required	heterologous_control	not_applicable	CTRL_heterologous_bpv_control	Heterologous BPV control trajectory	exploratory_only	Use only to characterize heterologous-control movement.	0.4022545341932597	11
HPVVT-FJ-M06	Heterologous BPV control	bpv_within_dose_change	BPV	IgA1	low	2	21	0.5867816619183217	2.671704917256462	0.5830138103768318	-0.6293638357789249	1.8029271596155685	1.5018926126730503	0.6464614131528866	3.4892746482742	1.006462714046267	20.0	0.3262154428581963	0.2196281700603672	continuous_model_plus_floor_summary	HPVVT-FJ-M06|Antibody abundance|bpv_within_dose_change	0.579938565081238	no	BPV|IgA1|dose2	mixedlm_powell	0.5867816619183206	0.5330031764462588	0.2709414356430879	0.4816736633654896	-1.1102230246251563e-15	yes	heterologous_control_antigen	antibody_isotype_or_subclass	Antibody abundance														False	increased	heterologous_bpv_control	heterologous_control	not_required	heterologous_control	not_applicable	CTRL_heterologous_bpv_control	Heterologous BPV control trajectory	exploratory_only	Use only to characterize heterologous-control movement.	0.8233996722508365	11
HPVVT-FJ-M06	Heterologous BPV control	bpv_within_dose_change	BPV	IgG4	high	0	20	0.199039298101086	1.31992875627172	0.2951450424480317	-0.4187063752819923	0.8167849714841643	1.1479336824171116	0.7480951198563307	1.761476186986462	0.6743779141610764	19.0	0.5081940667417336	0.1507954858588684	two_part_floor_sensitivity_required	HPVVT-FJ-M06|IgG subclass architecture|bpv_within_dose_change	0.5807932191334099	no	BPV|IgG4|dose0	mixedlm_lbfgs	0.199039298101086	0.3307841072525654	0.547360766000931	0.6255551611439211	0.0	yes	heterologous_control_antigen	antibody_isotype_or_subclass	IgG subclass architecture	continuous_result_not_fdr_significant	0.7	0.001220703125	-0.2309227087040159	0.8490646316974693									False	increased	heterologous_bpv_control	heterologous_control	not_applicable_raw_not_fdr_significant	heterologous_control	not_applicable	CTRL_heterologous_bpv_control	Heterologous BPV control trajectory	exploratory_only	Use only to characterize heterologous-control movement.	0.4350177608466066	11
HPVVT-FJ-M06	Heterologous BPV control	bpv_within_dose_change	BPV	FcgR2A	moderate	0	20	-0.4065962078318978	2.7226593890725344	0.6088051473544235	-1.6808400256922733	0.8676476100284776	0.7544011561776113	0.3119009764317616	1.824685228475488	-0.6678593464571889	19.0	0.5122550450829726	-0.1493378898086858	above_floor_binary_sensitivity_required	HPVVT-FJ-M06|Fc-receptor engagement|bpv_within_dose_change	0.6015559675106739	no	BPV|FcgR2A|dose0	mixedlm_powell	-0.4065962078318939	0.4839044854763616	0.4007734841006912	0.4809281809208294	3.941291737419306e-15	yes	heterologous_control_antigen	fc_gamma_receptor_binding	Fc-receptor engagement	continuous_result_not_fdr_significant	-0.25	0.4423076923076923	0.3835013191326794	0.5633562403408543									False	decreased	heterologous_bpv_control	heterologous_control	not_applicable_raw_not_fdr_significant	heterologous_control	not_applicable	CTRL_heterologous_bpv_control	Heterologous BPV control trajectory	exploratory_only	Use only to characterize heterologous-control movement.	0.6273201684248473	11
HPVVT-FJ-M06	Heterologous BPV control	bpv_within_dose_change	BPV	FcgR2A	moderate	2	21	0.281266920519847	2.1274550546571995	0.4642487535991919	-0.6871390099267913	1.2496728509664852	1.2152616129841007	0.6210842938425166	2.3778749561604497	0.6058539055608927	20.0	0.5514263035514511	0.1322081610627341	above_floor_binary_sensitivity_required	HPVVT-FJ-M06|Fc-receptor engagement|bpv_within_dose_change	0.6015559675106739	no	BPV|FcgR2A|dose2	mixedlm_powell	0.281266920519848	0.4722424226765032	0.5514434196379667	0.6015746396050546	9.992007221626409e-16	yes	heterologous_control_antigen	fc_gamma_receptor_binding	Fc-receptor engagement	continuous_result_not_fdr_significant	0.0	1.0	0.2995795669212371	0.4825185741467616									False	increased	heterologous_bpv_control	heterologous_control	not_applicable_raw_not_fdr_significant	heterologous_control	not_applicable	CTRL_heterologous_bpv_control	Heterologous BPV control trajectory	exploratory_only	Use only to characterize heterologous-control movement.	0.5019908811127964	11
HPVVT-FJ-M06	Heterologous BPV control	bpv_within_dose_change	BPV	IgG4	high	1	20	-0.1732441304345336	1.45681564484098	0.3257538812549622	-0.8550548397180224	0.5085665788489553	0.8868462218242122	0.5528443115450034	1.4226360021068185	-0.5318252226715245	19.0	0.6010108146243498	-0.1189197350042491	two_part_floor_sensitivity_required	HPVVT-FJ-M06|IgG subclass architecture|bpv_within_dose_change	0.6410782022659731	no	BPV|IgG4|dose1	mixedlm_lbfgs	-0.1732441304345335	0.3307841072525653	0.6004609420738447	0.6404916715454344	1.1102230246251563e-16	yes	heterologous_control_antigen	antibody_isotype_or_subclass	IgG subclass architecture	continuous_result_not_fdr_significant	0.7	0.001220703125	-1.2953851889804864	0.3417518366002328									False	decreased	heterologous_bpv_control	heterologous_control	not_applicable_raw_not_fdr_significant	heterologous_control	not_applicable	CTRL_heterologous_bpv_control	Heterologous BPV control trajectory	exploratory_only	Use only to characterize heterologous-control movement.	0.3663331200404988	11
HPVVT-FJ-M06	Heterologous BPV control	bpv_within_dose_change	BPV	IgG2	high	3	19	0.1350985969499484	1.2966287035190498	0.2974670255754578	-0.4898564333264523	0.7600536272263492	1.098167862427873	0.7120959569602427	1.6935535755846662	0.4541632696551713	18.0	0.6551400319900031	0.1041921998049949	two_part_floor_sensitivity_required	HPVVT-FJ-M06|IgG subclass architecture|bpv_within_dose_change	0.6551400319900031	no	BPV|IgG2|dose3	mixedlm_lbfgs	0.1350985969499483	0.4537636691609996	0.7659100187631983	0.7659100187631983	-1.1102230246251563e-16	yes	heterologous_control_antigen	antibody_isotype_or_subclass	IgG subclass architecture	continuous_result_not_fdr_significant	-0.0526315789473684	1.0	0.383006337424047	0.6752721082667139									False	increased	heterologous_bpv_control	heterologous_control	not_applicable_raw_not_fdr_significant	heterologous_control	not_applicable	CTRL_heterologous_bpv_control	Heterologous BPV control trajectory	exploratory_only	Use only to characterize heterologous-control movement.	0.31876445936936576	11
HPVVT-FJ-M06	Heterologous BPV control	bpv_within_dose_change	BPV	FcgR2B	high	0	20	-0.0799996135111291	1.5377706112208136	0.343855962049114	-0.7996984133316195	0.6396991863093614	0.946057900168486	0.574469254268843	1.5580042688452505	-0.2326544319150194	19.0	0.8185175594598537	-0.052023112502858	two_part_floor_sensitivity_required	HPVVT-FJ-M06|Fc-receptor engagement|bpv_within_dose_change	0.8185175594598538	no	BPV|FcgR2B|dose0	mixedlm_powell	-0.079999613511128	0.4565753625591052	0.860909388118696	0.8609093881186961	1.0963452368173419e-15	yes	heterologous_control_antigen	fc_gamma_receptor_binding	Fc-receptor engagement	continuous_result_not_fdr_significant	0.0	1.0	-0.8003141458182099	0.4825185741467616									False	decreased	heterologous_bpv_control	heterologous_control	not_applicable_raw_not_fdr_significant	heterologous_control	not_applicable	CTRL_heterologous_bpv_control	Heterologous BPV control trajectory	exploratory_only	Use only to characterize heterologous-control movement.	0.16697161284842232	11
HPVVT-FJ-M06	Heterologous BPV control	bpv_within_dose_change	BPV	IgM	none	0	20	-0.1197199727079525	0.8357227275214795	0.1868732829079562	-0.5108502489605454	0.2714103035446404	0.9203662765007028	0.7018087066393192	1.206987138954241	-0.6406478809863908	19.0	0.5294032036938789	-0.1432532211526765	standard_continuous_model	HPVVT-FJ-M06|Antibody abundance|bpv_within_dose_change	0.8470451259102063	no	BPV|IgM|dose0	mixedlm_lbfgs	-0.1197199727079543	0.1709523947329293	0.4837326281105185	0.7739722049768296	-1.8041124150158798e-15	yes	heterologous_control_antigen	antibody_isotype_or_subclass	Antibody abundance														False	decreased	heterologous_bpv_control	heterologous_control	not_required	heterologous_control	not_applicable	CTRL_heterologous_bpv_control	Heterologous BPV control trajectory	exploratory_only	Use only to characterize heterologous-control movement.	0.19181342493716402	11
HPVVT-FJ-M06	Heterologous BPV control	bpv_within_dose_change	BPV	IgA1	low	1	20	0.2741076056527217	3.2432360040990846	0.725209617224034	-1.2437735676853905	1.791988778990834	1.2092458659528778	0.4222667136605786	3.4629193280423105	0.3779701746123474	19.0	0.7096423363939056	0.0845167003900674	continuous_model_plus_floor_summary	HPVVT-FJ-M06|Antibody abundance|bpv_within_dose_change	0.8726851809011726	no	BPV|IgA1|dose1	mixedlm_powell	0.2741076056527221	0.5461657307144889	0.6157545766503691	0.8795511131220441	3.8857805861880484e-16	yes	heterologous_control_antigen	antibody_isotype_or_subclass	Antibody abundance														False	increased	heterologous_bpv_control	heterologous_control	not_required	heterologous_control	not_applicable	CTRL_heterologous_bpv_control	Heterologous BPV control trajectory	exploratory_only	Use only to characterize heterologous-control movement.	0.33325000439379304	11
HPVVT-FJ-M06	Heterologous BPV control	bpv_within_dose_change	BPV	IgG	none	0	20	-0.0752571844783338	0.927102927370796	0.207306516774015	-0.5091547107219373	0.3586403417652696	0.9491728999508872	0.7026339974898463	1.2822169112507202	-0.3630237276157207	19.0	0.7205944848435355	-0.0811745732394119	standard_continuous_model	HPVVT-FJ-M06|Antibody abundance|bpv_within_dose_change	0.8726851809011726	no	BPV|IgG|dose0	mixedlm_powell	-0.0752571844783207	0.2428546595236524	0.7566478829213126	0.8795511131220441	1.3100631690576847e-14	yes	heterologous_control_antigen	antibody_isotype_or_subclass	Antibody abundance														False	decreased	heterologous_bpv_control	heterologous_control	not_required	heterologous_control	not_applicable	CTRL_heterologous_bpv_control	Heterologous BPV control trajectory	exploratory_only	Use only to characterize heterologous-control movement.	0.13439958321940512	11
HPVVT-FJ-M06	Heterologous BPV control	bpv_within_dose_change	BPV	IgM	none	3	19	0.0546225800662304	0.7797321536517833	0.1788828242524974	-0.3211962880263916	0.4304414481588525	1.03858736544526	0.8004059028282906	1.3476458779863965	0.3053539672938601	18.0	0.763599533288526	0.0700530044970084	standard_continuous_model	HPVVT-FJ-M06|Antibody abundance|bpv_within_dose_change	0.8726851809011726	no	BPV|IgM|dose3	mixedlm_lbfgs	0.0546225800662301	0.1753934562331018	0.7554746344748045	0.8795511131220441	-2.983724378680108e-16	yes	heterologous_control_antigen	antibody_isotype_or_subclass	Antibody abundance														False	increased	heterologous_bpv_control	heterologous_control	not_required	heterologous_control	not_applicable	CTRL_heterologous_bpv_control	Heterologous BPV control trajectory	exploratory_only	Use only to characterize heterologous-control movement.	0.11376497880730174	11
HPVVT-FJ-M06	Heterologous BPV control	bpv_within_dose_change	BPV	IgM	none	1	20	-0.0486905749936678	0.6486895717410134	0.1450513978708132	-0.3522866398628234	0.2549054898754878	0.966813434142955	0.7833415343609779	1.1932575708523	-0.3356780817585293	19.0	0.7407919431709972	-0.0750599009368803	standard_continuous_model	HPVVT-FJ-M06|Antibody abundance|bpv_within_dose_change	0.8726851809011726	no	BPV|IgM|dose1	mixedlm_lbfgs	-0.0486905749936692	0.1709523947329295	0.7757824345650643	0.8795511131220441	-1.4016565685892601e-15	yes	heterologous_control_antigen	antibody_isotype_or_subclass	Antibody abundance														False	decreased	heterologous_bpv_control	heterologous_control	not_required	heterologous_control	not_applicable	CTRL_heterologous_bpv_control	Heterologous BPV control trajectory	exploratory_only	Use only to characterize heterologous-control movement.	0.10783297373473913	11
HPVVT-FJ-M06	Heterologous BPV control	bpv_within_dose_change	BPV	IgA2	high	1	20	0.1197571078033375	3.1109163376827347	0.6956220403373286	-1.336196555399246	1.575710771005921	1.0865519152006664	0.3960634413820751	2.980823123453442	0.1721582998509702	19.0	0.8651335948773705	0.0384957661357561	two_part_floor_sensitivity_required	HPVVT-FJ-M06|Antibody abundance|bpv_within_dose_change	0.9228091678691952	no	BPV|IgA2|dose1	mixedlm_lbfgs	0.1197571078033373	0.5402757492941579	0.8245791685519164	0.8795511131220441	-1.9428902930940242e-16	yes	heterologous_control_antigen	antibody_isotype_or_subclass	Antibody abundance	continuous_result_not_fdr_significant	-0.6	0.0087890625	2.1679614879140603	0.061907058282366									False	increased	heterologous_bpv_control	heterologous_control	not_applicable_raw_not_fdr_significant	heterologous_control	not_applicable	CTRL_heterologous_bpv_control	Heterologous BPV control trajectory	exploratory_only	Use only to characterize heterologous-control movement.	0.15464520733006798	11
HPVVT-FJ-M06	Heterologous BPV control	bpv_within_dose_change	BPV	IgA2	high	3	19	-0.0260556648613954	2.174690703588427	0.4989082637052273	-1.0742230321380564	1.0221117024152655	0.9821017011775308	0.4749267648872575	2.030889439732393	-0.0522253623700049	18.0	0.958924353605132	-0.0119813198347707	two_part_floor_sensitivity_required	HPVVT-FJ-M06|Antibody abundance|bpv_within_dose_change	0.958924353605132	no	BPV|IgA2|dose3	mixedlm_lbfgs	-0.0260556648613954	0.5543112229323921	0.9625088602978352	0.9625088602978352	0.0	yes	heterologous_control_antigen	antibody_isotype_or_subclass	Antibody abundance	continuous_result_not_fdr_significant	-0.4210526315789473	0.0401785714285714	0.6428870474222165	0.4669602522743974									False	decreased	heterologous_bpv_control	heterologous_control	not_applicable_raw_not_fdr_significant	heterologous_control	not_applicable	CTRL_heterologous_bpv_control	Heterologous BPV control trajectory	exploratory_only	Use only to characterize heterologous-control movement.	0.0442713164057039	11
