antigen_target	antigen_class	feature	assay_family	outcome_family	maximum_floor_severity	fit_method	coefficient	estimate	standard_error	test_statistic	p_value
BPV	heterologous_control_antigen	FcgR2A	fc_gamma_receptor_binding	Fc-receptor engagement	moderate	mixedlm_powell	dose1	-0.1574642496667518	0.5197586757720442	-0.3029564623098519	0.7619230412812584
BPV	heterologous_control_antigen	FcgR2A	fc_gamma_receptor_binding	Fc-receptor engagement	moderate	mixedlm_powell	dose2	1.5841420211498765	0.5135337964176834	3.084786302674834	0.0020369845276709
BPV	heterologous_control_antigen	FcgR2A	fc_gamma_receptor_binding	Fc-receptor engagement	moderate	mixedlm_powell	dose3	1.2243849557198638	0.5265531952077348	2.3252825485881283	0.0200568568257038
BPV	heterologous_control_antigen	FcgR2A	fc_gamma_receptor_binding	Fc-receptor engagement	moderate	mixedlm_powell	intercept	1.7913192039209778	0.3675248842189529	4.874007940245481	1.0935659137746376e-06
BPV	heterologous_control_antigen	FcgR2A	fc_gamma_receptor_binding	Fc-receptor engagement	moderate	mixedlm_powell	visit_v2	-0.4065962078318939	0.4839044854763616	-0.8402406260641198	0.4007734841006912
BPV	heterologous_control_antigen	FcgR2A	fc_gamma_receptor_binding	Fc-receptor engagement	moderate	mixedlm_powell	visit_v2_dose1	1.7192521894398465	0.6843442862538447	2.51226206453943	0.0119959968714095
BPV	heterologous_control_antigen	FcgR2A	fc_gamma_receptor_binding	Fc-receptor engagement	moderate	mixedlm_powell	visit_v2_dose2	0.6878631283517419	0.6761482506370295	1.0173259010929558	0.3089984189899796
BPV	heterologous_control_antigen	FcgR2A	fc_gamma_receptor_binding	Fc-receptor engagement	moderate	mixedlm_powell	visit_v2_dose3	1.1421658819670126	0.6932903428958987	1.6474567887331946	0.0994641910285148
BPV	heterologous_control_antigen	FcgR2B	fc_gamma_receptor_binding	Fc-receptor engagement	high	mixedlm_powell	dose1	-0.2680580667997062	0.6161279282422948	-0.4350688461151711	0.6635124558316632
BPV	heterologous_control_antigen	FcgR2B	fc_gamma_receptor_binding	Fc-receptor engagement	high	mixedlm_powell	dose2	-0.5427056520771427	0.6087488844688289	-0.8915098917194517	0.3726556872665986
BPV	heterologous_control_antigen	FcgR2B	fc_gamma_receptor_binding	Fc-receptor engagement	high	mixedlm_powell	dose3	0.3816527264318262	0.6241822299373956	0.6114443957658091	0.5409054191252618
BPV	heterologous_control_antigen	FcgR2B	fc_gamma_receptor_binding	Fc-receptor engagement	high	mixedlm_powell	intercept	1.036768080528241	0.4356682361385453	2.379719232499985	0.0173258334695977
BPV	heterologous_control_antigen	FcgR2B	fc_gamma_receptor_binding	Fc-receptor engagement	high	mixedlm_powell	visit_v2	-0.079999613511128	0.4565753625591052	-0.1752166675458136	0.860909388118696
BPV	heterologous_control_antigen	FcgR2B	fc_gamma_receptor_binding	Fc-receptor engagement	high	mixedlm_powell	visit_v2_dose1	0.5082849787346374	0.645695069976502	0.787190428375324	0.4311703995201125
BPV	heterologous_control_antigen	FcgR2B	fc_gamma_receptor_binding	Fc-receptor engagement	high	mixedlm_powell	visit_v2_dose2	2.63311170664489	0.6379619159231541	4.127380711801083	3.669186571619349e-05
BPV	heterologous_control_antigen	FcgR2B	fc_gamma_receptor_binding	Fc-receptor engagement	high	mixedlm_powell	visit_v2_dose3	1.045335970211996	0.6541358866612227	1.59804100574194	0.110033851471174
BPV	heterologous_control_antigen	FcgR3A	fc_gamma_receptor_binding	Fc-receptor engagement	high	mixedlm_lbfgs	dose1	-0.061763943783871	0.6141312732871933	-0.100571240173577	0.919890827939284
BPV	heterologous_control_antigen	FcgR3A	fc_gamma_receptor_binding	Fc-receptor engagement	high	mixedlm_lbfgs	dose2	-0.1869108250097403	0.6067761424117457	-0.30803917943581	0.7580525199920098
BPV	heterologous_control_antigen	FcgR3A	fc_gamma_receptor_binding	Fc-receptor engagement	high	mixedlm_lbfgs	dose3	-0.1288128537584752	0.6221594738097093	-0.2070415370671881	0.8359774193476238
BPV	heterologous_control_antigen	FcgR3A	fc_gamma_receptor_binding	Fc-receptor engagement	high	mixedlm_lbfgs	intercept	2.0505565695954098	0.4342563878801034	4.721995178022714	2.335422208567688e-06
BPV	heterologous_control_antigen	FcgR3A	fc_gamma_receptor_binding	Fc-receptor engagement	high	mixedlm_lbfgs	visit_v2	0.3682205383472616	0.3522087131223621	1.045461184315837	0.2958098713566193
BPV	heterologous_control_antigen	FcgR3A	fc_gamma_receptor_binding	Fc-receptor engagement	high	mixedlm_lbfgs	visit_v2_dose1	0.26449687853498	0.4980983388836197	0.5310133720337089	0.5954095128091386
BPV	heterologous_control_antigen	FcgR3A	fc_gamma_receptor_binding	Fc-receptor engagement	high	mixedlm_lbfgs	visit_v2_dose2	0.8149560330792495	0.4921328741195108	1.6559674753232263	0.0977284056147043
BPV	heterologous_control_antigen	FcgR3A	fc_gamma_receptor_binding	Fc-receptor engagement	high	mixedlm_lbfgs	visit_v2_dose3	0.7866693163234726	0.5046097046427443	1.558965888062779	0.1190044541058561
BPV	heterologous_control_antigen	IgA1	antibody_isotype_or_subclass	Antibody abundance	low	mixedlm_powell	dose1	-0.7053999892603272	0.7313341894445884	-0.9645385098104644	0.3347760109616332
BPV	heterologous_control_antigen	IgA1	antibody_isotype_or_subclass	Antibody abundance	low	mixedlm_powell	dose2	-0.2690815682512892	0.7225753801947965	-0.3723923837243784	0.7096007237376449
BPV	heterologous_control_antigen	IgA1	antibody_isotype_or_subclass	Antibody abundance	low	mixedlm_powell	dose3	-1.0421581670993807	0.7408945192587764	-1.4066215095530763	0.1595396514276906
BPV	heterologous_control_antigen	IgA1	antibody_isotype_or_subclass	Antibody abundance	low	mixedlm_powell	intercept	7.025031197990379	0.517131364669836	13.584616362373476	4.941141546419671e-42
BPV	heterologous_control_antigen	IgA1	antibody_isotype_or_subclass	Antibody abundance	low	mixedlm_powell	visit_v2	0.9966010300604478	0.5461657307144857	1.8247227425944677	0.0680428794937451
BPV	heterologous_control_antigen	IgA1	antibody_isotype_or_subclass	Antibody abundance	low	mixedlm_powell	visit_v2_dose1	-0.7224934244077257	0.7723949836798397	-0.9353937294693794	0.349585427250378
BPV	heterologous_control_antigen	IgA1	antibody_isotype_or_subclass	Antibody abundance	low	mixedlm_powell	visit_v2_dose2	-0.4098193681421271	0.7631444106515424	-0.537014177686553	0.5912578208396662
BPV	heterologous_control_antigen	IgA1	antibody_isotype_or_subclass	Antibody abundance	low	mixedlm_powell	visit_v2_dose3	0.1561562503416095	0.7824920786842614	0.1995627235028141	0.8418225836245862
BPV	heterologous_control_antigen	IgA2	antibody_isotype_or_subclass	Antibody abundance	high	mixedlm_lbfgs	dose1	-1.0299930524525875	1.000293778014021	-1.0296905520071626	0.3031552921330935
BPV	heterologous_control_antigen	IgA2	antibody_isotype_or_subclass	Antibody abundance	high	mixedlm_lbfgs	dose2	-0.684601143853938	0.9883137796468828	-0.6926961436261072	0.4885002597143822
BPV	heterologous_control_antigen	IgA2	antibody_isotype_or_subclass	Antibody abundance	high	mixedlm_lbfgs	dose3	-0.3490391578820461	1.0133700686714522	-0.3444340509678198	0.7305198846876999
BPV	heterologous_control_antigen	IgA2	antibody_isotype_or_subclass	Antibody abundance	high	mixedlm_lbfgs	intercept	3.810598852948804	0.7073145136124243	5.387417873679935	7.147711836679903e-08
BPV	heterologous_control_antigen	IgA2	antibody_isotype_or_subclass	Antibody abundance	high	mixedlm_lbfgs	visit_v2	0.9365258917708116	0.5402757492941604	1.733422040493821	0.0830206829219945
BPV	heterologous_control_antigen	IgA2	antibody_isotype_or_subclass	Antibody abundance	high	mixedlm_lbfgs	visit_v2_dose1	-0.8167687839674743	0.764065292073086	-1.0689777332397752	0.285079702963081
BPV	heterologous_control_antigen	IgA2	antibody_isotype_or_subclass	Antibody abundance	high	mixedlm_lbfgs	visit_v2_dose2	-0.1569876832736253	0.7549144794292288	-0.2079542617758764	0.8352646803891398
BPV	heterologous_control_antigen	IgA2	antibody_isotype_or_subclass	Antibody abundance	high	mixedlm_lbfgs	visit_v2_dose3	-0.9625815566322072	0.7740534975983059	-1.2435594692341765	0.2136617409980733
BPV	heterologous_control_antigen	IgG	antibody_isotype_or_subclass	Antibody abundance	none	mixedlm_powell	dose1	-0.2131428223580071	0.319060911224558	-0.6680317608946941	0.5041133188443125
BPV	heterologous_control_antigen	IgG	antibody_isotype_or_subclass	Antibody abundance	none	mixedlm_powell	dose2	0.407163714571919	0.3152396846214327	1.2916004374921153	0.1964955524697414
BPV	heterologous_control_antigen	IgG	antibody_isotype_or_subclass	Antibody abundance	none	mixedlm_powell	dose3	0.3645057967084761	0.3232318191161181	1.1276915673253405	0.2594502002086321
BPV	heterologous_control_antigen	IgG	antibody_isotype_or_subclass	Antibody abundance	none	mixedlm_powell	intercept	8.147854291914916	0.225610133938444	36.114753134883536	1.3308215426209475e-285
BPV	heterologous_control_antigen	IgG	antibody_isotype_or_subclass	Antibody abundance	none	mixedlm_powell	visit_v2	-0.0752571844783207	0.2428546595236524	-0.3098856930558137	0.7566478829213126
BPV	heterologous_control_antigen	IgG	antibody_isotype_or_subclass	Antibody abundance	none	mixedlm_powell	visit_v2_dose1	1.0825898313639688	0.3434483531838498	3.1521182772550738	0.0016209060137331
BPV	heterologous_control_antigen	IgG	antibody_isotype_or_subclass	Antibody abundance	none	mixedlm_powell	visit_v2_dose2	0.6965766855884482	0.3393350508712954	2.0527696263615542	0.040094925647987
BPV	heterologous_control_antigen	IgG	antibody_isotype_or_subclass	Antibody abundance	none	mixedlm_powell	visit_v2_dose3	1.3464102337795825	0.3479380646973659	3.8696836316276015	0.000108976674199
BPV	heterologous_control_antigen	IgG1	antibody_isotype_or_subclass	IgG subclass architecture	none	mixedlm_lbfgs	dose1	-0.7704340409282932	0.2955883964114609	-2.606442100845678	0.0091488290047673
BPV	heterologous_control_antigen	IgG1	antibody_isotype_or_subclass	IgG subclass architecture	none	mixedlm_lbfgs	dose2	-0.0849792130848685	0.2920482879111512	-0.290976583676195	0.7710692285346983
BPV	heterologous_control_antigen	IgG1	antibody_isotype_or_subclass	IgG subclass architecture	none	mixedlm_lbfgs	dose3	0.1362754633479578	0.2994524610206742	0.4550821285070332	0.6490501546892797
BPV	heterologous_control_antigen	IgG1	antibody_isotype_or_subclass	IgG subclass architecture	none	mixedlm_lbfgs	intercept	7.6364165687458465	0.2090125595426012	36.535682762113545	3.010063621442268e-292
BPV	heterologous_control_antigen	IgG1	antibody_isotype_or_subclass	IgG subclass architecture	none	mixedlm_lbfgs	visit_v2	0.1482233360641874	0.1869873619350704	0.7926917334426943	0.4279574477581204
BPV	heterologous_control_antigen	IgG1	antibody_isotype_or_subclass	IgG subclass architecture	none	mixedlm_lbfgs	visit_v2_dose1	1.0486760485833746	0.2644400632409437	3.965647397489376	7.319700204716601e-05
BPV	heterologous_control_antigen	IgG1	antibody_isotype_or_subclass	IgG subclass architecture	none	mixedlm_lbfgs	visit_v2_dose2	0.3531598813877592	0.2612730021280354	1.3516891470275034	0.1764747783929638
BPV	heterologous_control_antigen	IgG1	antibody_isotype_or_subclass	IgG subclass architecture	none	mixedlm_lbfgs	visit_v2_dose3	0.7161080655179484	0.2678969428141362	2.6730729286999586	0.00751599088678
BPV	heterologous_control_antigen	IgG2	antibody_isotype_or_subclass	IgG subclass architecture	high	mixedlm_lbfgs	dose1	-0.1693054357798963	0.892862236316126	-0.1896210063474475	0.8496061251685042
BPV	heterologous_control_antigen	IgG2	antibody_isotype_or_subclass	IgG subclass architecture	high	mixedlm_lbfgs	dose2	-0.9878994842632476	0.8821688896531253	-1.1198530075705757	0.2627764063447442
BPV	heterologous_control_antigen	IgG2	antibody_isotype_or_subclass	IgG subclass architecture	high	mixedlm_lbfgs	dose3	-1.6760426042745618	0.9045341334884686	-1.8529346126615007	0.0638917312810641
BPV	heterologous_control_antigen	IgG2	antibody_isotype_or_subclass	IgG subclass architecture	high	mixedlm_lbfgs	intercept	3.523011509253448	0.6313489419645186	5.580133702752668	2.4033377052063057e-08
BPV	heterologous_control_antigen	IgG2	antibody_isotype_or_subclass	IgG subclass architecture	high	mixedlm_lbfgs	visit_v2	0.7840438471067124	0.4422741164458217	1.7727554427272418	0.0762692396284608
BPV	heterologous_control_antigen	IgG2	antibody_isotype_or_subclass	IgG subclass architecture	high	mixedlm_lbfgs	visit_v2_dose1	-1.435310313855019	0.6254700537642571	-2.2947706372462	0.0217462722245625
BPV	heterologous_control_antigen	IgG2	antibody_isotype_or_subclass	IgG subclass architecture	high	mixedlm_lbfgs	visit_v2_dose2	0.1004569641306735	0.6179791242118747	0.1625572130106967	0.8708670778604947
BPV	heterologous_control_antigen	IgG2	antibody_isotype_or_subclass	IgG subclass architecture	high	mixedlm_lbfgs	visit_v2_dose3	-0.6489452501567641	0.6336464799305567	-1.0241440151737038	0.3057672573708153
BPV	heterologous_control_antigen	IgG3	antibody_isotype_or_subclass	IgG subclass architecture	low	mixedlm_powell	dose1	-1.9286430381554096	0.7156254757076714	-2.69504524870108	0.0070379072897354
BPV	heterologous_control_antigen	IgG3	antibody_isotype_or_subclass	IgG subclass architecture	low	mixedlm_powell	dose2	-0.7788828892166673	0.7070548015528431	-1.1015877234778328	0.2706409478928823
BPV	heterologous_control_antigen	IgG3	antibody_isotype_or_subclass	IgG subclass architecture	low	mixedlm_powell	dose3	-1.18857592052154	0.7249804541429014	-1.6394592622868962	0.1011176481799673
BPV	heterologous_control_antigen	IgG3	antibody_isotype_or_subclass	IgG subclass architecture	low	mixedlm_powell	intercept	7.641480912135298	0.5060236266627435	15.10103582026659	1.5940939580927026e-51
BPV	heterologous_control_antigen	IgG3	antibody_isotype_or_subclass	IgG subclass architecture	low	mixedlm_powell	visit_v2	-1.2640528539383429	0.6773783648748452	-1.8660956999592	0.0620279774898541
BPV	heterologous_control_antigen	IgG3	antibody_isotype_or_subclass	IgG subclass architecture	low	mixedlm_powell	visit_v2_dose1	3.674513056619916	0.9579576704641172	3.8357781036814127	0.0001251673805177
BPV	heterologous_control_antigen	IgG3	antibody_isotype_or_subclass	IgG subclass architecture	low	mixedlm_powell	visit_v2_dose2	2.5488919174898497	0.9464847096398156	2.6930090803683764	0.0070810340459851
BPV	heterologous_control_antigen	IgG3	antibody_isotype_or_subclass	IgG subclass architecture	low	mixedlm_powell	visit_v2_dose3	2.141916075010394	0.9704805244614446	2.2070675516121483	0.0273093403204416
BPV	heterologous_control_antigen	IgG4	antibody_isotype_or_subclass	IgG subclass architecture	high	mixedlm_lbfgs	dose1	0.2140411167330675	0.6014061672701243	0.3559011004237507	0.7219146316709331
BPV	heterologous_control_antigen	IgG4	antibody_isotype_or_subclass	IgG subclass architecture	high	mixedlm_lbfgs	dose2	-0.412610291845893	0.5942034383716326	-0.6943922993387901	0.4874362216804637
BPV	heterologous_control_antigen	IgG4	antibody_isotype_or_subclass	IgG subclass architecture	high	mixedlm_lbfgs	dose3	0.2529933800989131	0.6092680194771921	0.4152415226323625	0.6779651048816838
BPV	heterologous_control_antigen	IgG4	antibody_isotype_or_subclass	IgG subclass architecture	high	mixedlm_lbfgs	intercept	1.1668562162599394	0.4252583791241152	2.743875896492054	0.0060718487781743
BPV	heterologous_control_antigen	IgG4	antibody_isotype_or_subclass	IgG subclass architecture	high	mixedlm_lbfgs	visit_v2	0.199039298101086	0.3307841072525654	0.6017196525984014	0.547360766000931
BPV	heterologous_control_antigen	IgG4	antibody_isotype_or_subclass	IgG subclass architecture	high	mixedlm_lbfgs	visit_v2_dose1	-0.3722834285356196	0.4677993706940545	-0.795818574923002	0.426137493704826
BPV	heterologous_control_antigen	IgG4	antibody_isotype_or_subclass	IgG subclass architecture	high	mixedlm_lbfgs	visit_v2_dose2	0.0756022319410357	0.4621967809146902	0.1635715242140338	0.870068463117762
BPV	heterologous_control_antigen	IgG4	antibody_isotype_or_subclass	IgG subclass architecture	high	mixedlm_lbfgs	visit_v2_dose3	-0.9403739627116058	0.4739146546986232	-1.9842685880005508	0.0472259059956906
BPV	heterologous_control_antigen	IgM	antibody_isotype_or_subclass	Antibody abundance	none	mixedlm_lbfgs	dose1	-0.4326262593319807	0.3174342170385709	-1.3628847682775578	0.172918829856475
BPV	heterologous_control_antigen	IgM	antibody_isotype_or_subclass	Antibody abundance	none	mixedlm_lbfgs	dose2	-0.4349222510801077	0.3136324725057337	-1.3867258310510453	0.1655253808323672
BPV	heterologous_control_antigen	IgM	antibody_isotype_or_subclass	Antibody abundance	none	mixedlm_lbfgs	dose3	-0.6774023159829302	0.3215838600512982	-2.106456200491134	0.0351647438918654
BPV	heterologous_control_antigen	IgM	antibody_isotype_or_subclass	Antibody abundance	none	mixedlm_lbfgs	intercept	9.691258040247297	0.2244598874486162	43.17590171859032	0.0
BPV	heterologous_control_antigen	IgM	antibody_isotype_or_subclass	Antibody abundance	none	mixedlm_lbfgs	visit_v2	-0.1197199727079543	0.1709523947329293	-0.7003117616163674	0.4837326281105185
BPV	heterologous_control_antigen	IgM	antibody_isotype_or_subclass	Antibody abundance	none	mixedlm_lbfgs	visit_v2_dose1	0.0710293977142851	0.2417631951514677	0.2937973981928239	0.768912723338073
BPV	heterologous_control_antigen	IgM	antibody_isotype_or_subclass	Antibody abundance	none	mixedlm_lbfgs	visit_v2_dose2	0.3563371317741264	0.2388677230943496	1.491775980270796	0.1357578828098204
BPV	heterologous_control_antigen	IgM	antibody_isotype_or_subclass	Antibody abundance	none	mixedlm_lbfgs	visit_v2_dose3	0.1743425527741845	0.2449236324945314	0.7118241347252483	0.4765736855436079
HPV16	vaccine_target_2vHPV_and_4vHPV	ADCP	antibody_dependent_cellular_phagocytosis	Phagocytic function	none	mixedlm_powell	dose1	0.8076008381940848	0.2276092010576123	3.5481906462545223	0.0003878873510232
HPV16	vaccine_target_2vHPV_and_4vHPV	ADCP	antibody_dependent_cellular_phagocytosis	Phagocytic function	none	mixedlm_powell	dose2	1.6948487518022883	0.2248832440268392	7.536571962649259	4.82486762806336e-14
HPV16	vaccine_target_2vHPV_and_4vHPV	ADCP	antibody_dependent_cellular_phagocytosis	Phagocytic function	none	mixedlm_powell	dose3	1.268065401559244	0.2305846110169186	5.499349657233641	3.8119456457936384e-08
HPV16	vaccine_target_2vHPV_and_4vHPV	ADCP	antibody_dependent_cellular_phagocytosis	Phagocytic function	none	mixedlm_powell	intercept	4.233294382377519	0.1609440095282899	26.30290120635656	1.7766283317411574e-152
HPV16	vaccine_target_2vHPV_and_4vHPV	ADCP	antibody_dependent_cellular_phagocytosis	Phagocytic function	none	mixedlm_powell	visit_v2	1.5838570278059942	0.1951582637893647	8.115756909558586	4.827662204758573e-16
HPV16	vaccine_target_2vHPV_and_4vHPV	ADCP	antibody_dependent_cellular_phagocytosis	Phagocytic function	none	mixedlm_powell	visit_v2_dose1	0.1782452799025269	0.2759954634601058	0.6458268468180518	0.5183914993503963
HPV16	vaccine_target_2vHPV_and_4vHPV	ADCP	antibody_dependent_cellular_phagocytosis	Phagocytic function	none	mixedlm_powell	visit_v2_dose2	-0.530402576255921	0.2726900093282665	-1.945075206687965	0.0517659274189615
HPV16	vaccine_target_2vHPV_and_4vHPV	ADCP	antibody_dependent_cellular_phagocytosis	Phagocytic function	none	mixedlm_powell	visit_v2_dose3	-0.1052966689082129	0.2796034004278854	-0.3765929482512528	0.7064761290830561
HPV16	vaccine_target_2vHPV_and_4vHPV	FcgR2A	fc_gamma_receptor_binding	Fc-receptor engagement	low	mixedlm_powell_convergence_repair	dose1	3.982651506345646	0.8669496880813272	4.5938669349541765	4.351068874457131e-06
HPV16	vaccine_target_2vHPV_and_4vHPV	FcgR2A	fc_gamma_receptor_binding	Fc-receptor engagement	low	mixedlm_powell_convergence_repair	dose2	5.0480369663510505	0.8565666825324717	5.893337984412771	3.784711702426884e-09
HPV16	vaccine_target_2vHPV_and_4vHPV	FcgR2A	fc_gamma_receptor_binding	Fc-receptor engagement	low	mixedlm_powell_convergence_repair	dose3	4.991788734765602	0.8782828447557874	5.683577636260905	1.3190580309241398e-08
HPV16	vaccine_target_2vHPV_and_4vHPV	FcgR2A	fc_gamma_receptor_binding	Fc-receptor engagement	low	mixedlm_powell_convergence_repair	intercept	6.971249731287132	0.6130260033898692	11.371866271149988	5.7739651494890736e-30
HPV16	vaccine_target_2vHPV_and_4vHPV	FcgR2A	fc_gamma_receptor_binding	Fc-receptor engagement	low	mixedlm_powell_convergence_repair	visit_v2	-0.42526205818270274	0.8669496880356731	-0.49052680224876455	0.6237611686562525
HPV16	vaccine_target_2vHPV_and_4vHPV	FcgR2A	fc_gamma_receptor_binding	Fc-receptor engagement	low	mixedlm_powell_convergence_repair	visit_v2_dose1	1.4286838291717214	1.2260520067151695	1.1652718003369547	0.24390899006723565
HPV16	vaccine_target_2vHPV_and_4vHPV	FcgR2A	fc_gamma_receptor_binding	Fc-receptor engagement	low	mixedlm_powell_convergence_repair	visit_v2_dose2	0.7899889066128384	1.2113682194505564	0.6521459733945768	0.5143070088225182
HPV16	vaccine_target_2vHPV_and_4vHPV	FcgR2A	fc_gamma_receptor_binding	Fc-receptor engagement	low	mixedlm_powell_convergence_repair	visit_v2_dose3	0.8045883261196001	1.2420795105878462	0.647775218302094	0.5171303460062762
HPV16	vaccine_target_2vHPV_and_4vHPV	FcgR2B	fc_gamma_receptor_binding	Fc-receptor engagement	moderate	mixedlm_powell	dose1	7.658861544292583	0.5798575534238269	13.20817759304862	7.870694888369724e-40
HPV16	vaccine_target_2vHPV_and_4vHPV	FcgR2B	fc_gamma_receptor_binding	Fc-receptor engagement	moderate	mixedlm_powell	dose2	8.461896033698192	0.5729129010668141	14.769951973400142	2.288759852086171e-49
HPV16	vaccine_target_2vHPV_and_4vHPV	FcgR2B	fc_gamma_receptor_binding	Fc-receptor engagement	moderate	mixedlm_powell	dose3	8.29201434722121	0.5874377124482395	14.115563525301994	3.045714902698901e-45
HPV16	vaccine_target_2vHPV_and_4vHPV	FcgR2B	fc_gamma_receptor_binding	Fc-receptor engagement	moderate	mixedlm_powell	intercept	2.9442028235894524	0.4100212081482287	7.180611063721074	6.940052464998638e-13
HPV16	vaccine_target_2vHPV_and_4vHPV	FcgR2B	fc_gamma_receptor_binding	Fc-receptor engagement	moderate	mixedlm_powell	visit_v2	7.72852973993451	0.5155650656481651	14.990406167683709	8.48328508407147e-51
HPV16	vaccine_target_2vHPV_and_4vHPV	FcgR2B	fc_gamma_receptor_binding	Fc-receptor engagement	moderate	mixedlm_powell	visit_v2_dose1	-7.160773283701716	0.7291191081254101	-9.82112963972691	9.131447879179112e-23
HPV16	vaccine_target_2vHPV_and_4vHPV	FcgR2B	fc_gamma_receptor_binding	Fc-receptor engagement	moderate	mixedlm_powell	visit_v2_dose2	-7.588275969531128	0.7203868277526042	-10.533612882962236	6.046814365717083e-26
HPV16	vaccine_target_2vHPV_and_4vHPV	FcgR2B	fc_gamma_receptor_binding	Fc-receptor engagement	moderate	mixedlm_powell	visit_v2_dose3	-7.604276553947447	0.7386504813992335	-10.294823797505126	7.435558160242191e-25
HPV16	vaccine_target_2vHPV_and_4vHPV	FcgR3A	fc_gamma_receptor_binding	Fc-receptor engagement	low	mixedlm_powell	dose1	7.277377487629935	0.5613157472360604	12.964855383915404	1.935951744417729e-38
HPV16	vaccine_target_2vHPV_and_4vHPV	FcgR3A	fc_gamma_receptor_binding	Fc-receptor engagement	low	mixedlm_powell	dose2	7.504073984391261	0.5545931604489189	13.53077268085499	1.0293595893845842e-41
HPV16	vaccine_target_2vHPV_and_4vHPV	FcgR3A	fc_gamma_receptor_binding	Fc-receptor engagement	low	mixedlm_powell	dose3	8.436250829825175	0.5686535194213722	14.835485127058387	8.637721143926042e-50
HPV16	vaccine_target_2vHPV_and_4vHPV	FcgR3A	fc_gamma_receptor_binding	Fc-receptor engagement	low	mixedlm_powell	intercept	2.9670683872279677	0.3969101712574129	7.475415351106482	7.696038518717605e-14
HPV16	vaccine_target_2vHPV_and_4vHPV	FcgR3A	fc_gamma_receptor_binding	Fc-receptor engagement	low	mixedlm_powell	visit_v2	6.662738455416506	0.5093125568339286	13.081826407019106	4.182678638412597e-39
HPV16	vaccine_target_2vHPV_and_4vHPV	FcgR3A	fc_gamma_receptor_binding	Fc-receptor engagement	low	mixedlm_powell	visit_v2_dose1	-5.471753640851914	0.7202767253614589	-7.59673809827189	3.0368827878498246e-14
HPV16	vaccine_target_2vHPV_and_4vHPV	FcgR3A	fc_gamma_receptor_binding	Fc-receptor engagement	low	mixedlm_powell	visit_v2_dose2	-5.395434219117994	0.711650345608453	-7.581580269598491	3.413711324044465e-14
HPV16	vaccine_target_2vHPV_and_4vHPV	FcgR3A	fc_gamma_receptor_binding	Fc-receptor engagement	low	mixedlm_powell	visit_v2_dose3	-6.304951803361001	0.72969250702643	-8.640559883305244	5.5938211087324195e-18
HPV16	vaccine_target_2vHPV_and_4vHPV	IgA1	antibody_isotype_or_subclass	Antibody abundance	none	mixedlm_powell	dose1	3.2019278650174496	0.6087019494047248	5.260255644242227	1.438552582963804e-07
HPV16	vaccine_target_2vHPV_and_4vHPV	IgA1	antibody_isotype_or_subclass	Antibody abundance	none	mixedlm_powell	dose2	5.839614472539137	0.6014118427178468	9.709842836066	2.737589016718269e-22
HPV16	vaccine_target_2vHPV_and_4vHPV	IgA1	antibody_isotype_or_subclass	Antibody abundance	none	mixedlm_powell	dose3	5.079581574316702	0.6166591753608474	8.237259376452656	1.7620021928907574e-16
HPV16	vaccine_target_2vHPV_and_4vHPV	IgA1	antibody_isotype_or_subclass	Antibody abundance	none	mixedlm_powell	intercept	7.145697124682632	0.4304172761455513	16.601789753128358	6.764352523579579e-62
HPV16	vaccine_target_2vHPV_and_4vHPV	IgA1	antibody_isotype_or_subclass	Antibody abundance	none	mixedlm_powell	visit_v2	5.513085080474381	0.496530744952508	11.103209894891192	1.2101795697561575e-28
HPV16	vaccine_target_2vHPV_and_4vHPV	IgA1	antibody_isotype_or_subclass	Antibody abundance	none	mixedlm_powell	visit_v2_dose1	-2.816994462871195	0.7022005136470526	-4.011666764868108	6.029156451537527e-05
HPV16	vaccine_target_2vHPV_and_4vHPV	IgA1	antibody_isotype_or_subclass	Antibody abundance	none	mixedlm_powell	visit_v2_dose2	-4.876687844487829	0.6937906232810472	-7.02904836249471	2.0794689889910056e-12
HPV16	vaccine_target_2vHPV_and_4vHPV	IgA1	antibody_isotype_or_subclass	Antibody abundance	none	mixedlm_powell	visit_v2_dose3	-4.49892564091738	0.711379994933517	-6.324222880821709	2.5451015169644474e-10
HPV16	vaccine_target_2vHPV_and_4vHPV	IgA2	antibody_isotype_or_subclass	Antibody abundance	high	mixedlm_powell	dose1	5.33348721310467	1.0120554187939288	5.2699556902334574	1.36456695640399e-07
HPV16	vaccine_target_2vHPV_and_4vHPV	IgA2	antibody_isotype_or_subclass	Antibody abundance	high	mixedlm_powell	dose2	8.830969114884157	0.999934557371921	8.831547074534717	1.0323773137192606e-18
HPV16	vaccine_target_2vHPV_and_4vHPV	IgA2	antibody_isotype_or_subclass	Antibody abundance	high	mixedlm_powell	dose3	7.760215712420543	1.0252854629154189	7.568834235057055	3.765883200006029e-14
HPV16	vaccine_target_2vHPV_and_4vHPV	IgA2	antibody_isotype_or_subclass	Antibody abundance	high	mixedlm_powell	intercept	0.7844125154566057	0.7156312495657784	1.096112719969344	0.2730294487629334
HPV16	vaccine_target_2vHPV_and_4vHPV	IgA2	antibody_isotype_or_subclass	Antibody abundance	high	mixedlm_powell	visit_v2	9.63914231602742	0.7168340182850658	13.446826001767946	3.2137343617765347e-41
HPV16	vaccine_target_2vHPV_and_4vHPV	IgA2	antibody_isotype_or_subclass	Antibody abundance	high	mixedlm_powell	visit_v2_dose1	-5.115737047670176	1.0137563906291411	-5.046317927027152	4.5040569920382253e-07
HPV16	vaccine_target_2vHPV_and_4vHPV	IgA2	antibody_isotype_or_subclass	Antibody abundance	high	mixedlm_powell	visit_v2_dose2	-7.895253975173602	1.001615157552069	-7.882522459493796	3.2083732330753588e-15
HPV16	vaccine_target_2vHPV_and_4vHPV	IgA2	antibody_isotype_or_subclass	Antibody abundance	high	mixedlm_powell	visit_v2_dose3	-7.439035805208607	1.0270086706203387	-7.243401168867683	4.375701361142933e-13
HPV16	vaccine_target_2vHPV_and_4vHPV	IgG	antibody_isotype_or_subclass	Antibody abundance	none	mixedlm_powell	dose1	6.4704522997000415	0.3455614135967443	18.724464147640013	3.128031928330989e-78
HPV16	vaccine_target_2vHPV_and_4vHPV	IgG	antibody_isotype_or_subclass	Antibody abundance	none	mixedlm_powell	dose2	7.399191541674795	0.3414228042585416	21.671638359785057	3.799924957924869e-104
HPV16	vaccine_target_2vHPV_and_4vHPV	IgG	antibody_isotype_or_subclass	Antibody abundance	none	mixedlm_powell	dose3	7.342849335196641	0.3500787479874022	20.974850308425115	1.1131630759948321e-97
HPV16	vaccine_target_2vHPV_and_4vHPV	IgG	antibody_isotype_or_subclass	Antibody abundance	none	mixedlm_powell	intercept	7.590463628588436	0.2443488188706673	31.06404877940512	7.371345763646545e-212
HPV16	vaccine_target_2vHPV_and_4vHPV	IgG	antibody_isotype_or_subclass	Antibody abundance	none	mixedlm_powell	visit_v2	6.454572587157935	0.3195846801813926	20.1967521831597	1.0455145455924746e-90
HPV16	vaccine_target_2vHPV_and_4vHPV	IgG	antibody_isotype_or_subclass	Antibody abundance	none	mixedlm_powell	visit_v2_dose1	-5.530938493056414	0.4519609890391923	-12.237645786231324	1.956247902475418e-34
HPV16	vaccine_target_2vHPV_and_4vHPV	IgG	antibody_isotype_or_subclass	Antibody abundance	none	mixedlm_powell	visit_v2_dose2	-6.44817769151081	0.4465480873200098	-14.44005220179087	2.8962269630508124e-47
HPV16	vaccine_target_2vHPV_and_4vHPV	IgG	antibody_isotype_or_subclass	Antibody abundance	none	mixedlm_powell	visit_v2_dose3	-6.39300789718332	0.4578692265873956	-13.962519265231856	2.6393661196434325e-44
HPV16	vaccine_target_2vHPV_and_4vHPV	IgG1	antibody_isotype_or_subclass	IgG subclass architecture	none	mixedlm_powell	dose1	6.373748500785254	0.3834994999999703	16.619965608262195	4.99612802862666e-62
HPV16	vaccine_target_2vHPV_and_4vHPV	IgG1	antibody_isotype_or_subclass	IgG subclass architecture	none	mixedlm_powell	dose2	7.618396904402134	0.3789065259309728	20.10626997168693	6.503436278136003e-90
HPV16	vaccine_target_2vHPV_and_4vHPV	IgG1	antibody_isotype_or_subclass	IgG subclass architecture	none	mixedlm_powell	dose3	7.606288163388966	0.3885127781380543	19.57796137321935	2.383712456317858e-85
HPV16	vaccine_target_2vHPV_and_4vHPV	IgG1	antibody_isotype_or_subclass	IgG subclass architecture	none	mixedlm_powell	intercept	7.09461210127317	0.2711750970316294	26.162476491879588	7.107764164313221e-151
HPV16	vaccine_target_2vHPV_and_4vHPV	IgG1	antibody_isotype_or_subclass	IgG subclass architecture	none	mixedlm_powell	visit_v2	6.354073737640918	0.3234024248961695	19.647576049192995	6.064041192975623e-86
HPV16	vaccine_target_2vHPV_and_4vHPV	IgG1	antibody_isotype_or_subclass	IgG subclass architecture	none	mixedlm_powell	visit_v2_dose1	-5.018705490883963	0.4573600953925076	-10.97320369976068	5.1417636195892175e-28
HPV16	vaccine_target_2vHPV_and_4vHPV	IgG1	antibody_isotype_or_subclass	IgG subclass architecture	none	mixedlm_powell	visit_v2_dose2	-6.221682287974063	0.4518825313843873	-13.76836203186106	3.950690751600214e-43
HPV16	vaccine_target_2vHPV_and_4vHPV	IgG1	antibody_isotype_or_subclass	IgG subclass architecture	none	mixedlm_powell	visit_v2_dose3	-6.141195328962336	0.4633389124899574	-13.25421880920792	4.265352436541896e-40
HPV16	vaccine_target_2vHPV_and_4vHPV	IgG2	antibody_isotype_or_subclass	IgG subclass architecture	moderate	mixedlm_powell	dose1	6.450902544861928	0.8762855148717122	7.361644618542321	1.8165806444108058e-13
HPV16	vaccine_target_2vHPV_and_4vHPV	IgG2	antibody_isotype_or_subclass	IgG subclass architecture	moderate	mixedlm_powell	dose2	9.030294179926829	0.8657906989805723	10.43011225525935	1.8067472032286378e-25
HPV16	vaccine_target_2vHPV_and_4vHPV	IgG2	antibody_isotype_or_subclass	IgG subclass architecture	moderate	mixedlm_powell	dose3	8.151436885659706	0.8877407136775161	9.182227152669295	4.2226594680366535e-20
HPV16	vaccine_target_2vHPV_and_4vHPV	IgG2	antibody_isotype_or_subclass	IgG subclass architecture	moderate	mixedlm_powell	intercept	2.1306014310886545	0.6196274298213328	3.4385201954390645	0.0005849029076903
HPV16	vaccine_target_2vHPV_and_4vHPV	IgG2	antibody_isotype_or_subclass	IgG subclass architecture	moderate	mixedlm_powell	visit_v2	1.2912135836911325	0.6782268202077477	1.9038079079438648	0.056935206252694
HPV16	vaccine_target_2vHPV_and_4vHPV	IgG2	antibody_isotype_or_subclass	IgG subclass architecture	moderate	mixedlm_powell	visit_v2_dose1	1.20004433582978	0.9591575675029722	1.2511441044602525	0.2108819068697282
HPV16	vaccine_target_2vHPV_and_4vHPV	IgG2	antibody_isotype_or_subclass	IgG subclass architecture	moderate	mixedlm_powell	visit_v2_dose2	-0.8665395042353422	0.9476702361358538	-0.9143892793010744	0.360512333054843
HPV16	vaccine_target_2vHPV_and_4vHPV	IgG2	antibody_isotype_or_subclass	IgG subclass architecture	moderate	mixedlm_powell	visit_v2_dose3	-0.6489514323676454	0.9716961070946556	-0.6678543092119534	0.5042265954946263
HPV16	vaccine_target_2vHPV_and_4vHPV	IgG3	antibody_isotype_or_subclass	IgG subclass architecture	none	mixedlm_lbfgs	dose1	4.7564015807260684	0.7648566506597144	6.218683692720084	5.013427882881246e-10
HPV16	vaccine_target_2vHPV_and_4vHPV	IgG3	antibody_isotype_or_subclass	IgG subclass architecture	none	mixedlm_lbfgs	dose2	6.113178784753091	0.7556963603256184	8.089464374446653	5.992767892371938e-16
HPV16	vaccine_target_2vHPV_and_4vHPV	IgG3	antibody_isotype_or_subclass	IgG subclass architecture	none	mixedlm_lbfgs	dose3	4.707839528427522	0.7748552011806948	6.075766828762194	1.2339660539714002e-09
HPV16	vaccine_target_2vHPV_and_4vHPV	IgG3	antibody_isotype_or_subclass	IgG subclass architecture	none	mixedlm_lbfgs	intercept	5.953363029272155	0.5408353243171146	11.007718544991796	3.5077387597385795e-28
HPV16	vaccine_target_2vHPV_and_4vHPV	IgG3	antibody_isotype_or_subclass	IgG subclass architecture	none	mixedlm_lbfgs	visit_v2	6.048283248858066	0.6174016608536814	9.796350791306754	1.1672664960322504e-22
HPV16	vaccine_target_2vHPV_and_4vHPV	IgG3	antibody_isotype_or_subclass	IgG subclass architecture	none	mixedlm_lbfgs	visit_v2_dose1	-2.141099281284055	0.8731378022109485	-2.4521894205730077	0.01419898947443
HPV16	vaccine_target_2vHPV_and_4vHPV	IgG3	antibody_isotype_or_subclass	IgG subclass architecture	none	mixedlm_lbfgs	visit_v2_dose2	-3.725147175734402	0.8626806848373493	-4.318106619527184	1.5737340843860462e-05
HPV16	vaccine_target_2vHPV_and_4vHPV	IgG3	antibody_isotype_or_subclass	IgG subclass architecture	none	mixedlm_lbfgs	visit_v2_dose3	-2.5909139484929065	0.8845518526995649	-2.9290696080571115	0.0033997827753768
HPV16	vaccine_target_2vHPV_and_4vHPV	IgG4	antibody_isotype_or_subclass	IgG subclass architecture	moderate	mixedlm_lbfgs	dose1	4.310832315612894	0.7311738298966777	5.895769431767079	3.7293942868933495e-09
HPV16	vaccine_target_2vHPV_and_4vHPV	IgG4	antibody_isotype_or_subclass	IgG subclass architecture	moderate	mixedlm_lbfgs	dose2	7.583807627139866	0.7224169411897946	10.49782638631039	8.839201587562068e-26
HPV16	vaccine_target_2vHPV_and_4vHPV	IgG4	antibody_isotype_or_subclass	IgG subclass architecture	moderate	mixedlm_lbfgs	dose3	6.162375536234737	0.7407320634186523	8.319304429450412	8.848102104087878e-17
HPV16	vaccine_target_2vHPV_and_4vHPV	IgG4	antibody_isotype_or_subclass	IgG subclass architecture	moderate	mixedlm_lbfgs	intercept	0.0794881743492502	0.5170179733460791	0.1537435417086415	0.8778119515841298
HPV16	vaccine_target_2vHPV_and_4vHPV	IgG4	antibody_isotype_or_subclass	IgG subclass architecture	moderate	mixedlm_lbfgs	visit_v2	0.8193723152599542	0.5079705902010955	1.6130310121607256	0.1067377703588787
HPV16	vaccine_target_2vHPV_and_4vHPV	IgG4	antibody_isotype_or_subclass	IgG subclass architecture	moderate	mixedlm_lbfgs	visit_v2_dose1	1.6689169797853802	0.7183788979490552	2.32317094022399	0.0201699712238375
HPV16	vaccine_target_2vHPV_and_4vHPV	IgG4	antibody_isotype_or_subclass	IgG subclass architecture	moderate	mixedlm_lbfgs	visit_v2_dose2	-0.4120229157633925	0.7097752474879847	-0.580497724063514	0.5615790211097856
HPV16	vaccine_target_2vHPV_and_4vHPV	IgG4	antibody_isotype_or_subclass	IgG subclass architecture	moderate	mixedlm_lbfgs	visit_v2_dose3	-0.5415367278648471	0.7277698703595776	-0.7441043521041669	0.4568133465864762
HPV16	vaccine_target_2vHPV_and_4vHPV	IgM	antibody_isotype_or_subclass	Antibody abundance	none	mixedlm_powell	dose1	1.0547558496574878	0.46329498042508	2.276639925366197	0.0228077366411419
HPV16	vaccine_target_2vHPV_and_4vHPV	IgM	antibody_isotype_or_subclass	Antibody abundance	none	mixedlm_powell	dose2	1.8622461337779417	0.4577463373854169	4.068292811286773	4.735884517075132e-05
HPV16	vaccine_target_2vHPV_and_4vHPV	IgM	antibody_isotype_or_subclass	Antibody abundance	none	mixedlm_powell	dose3	2.010737831185096	0.4693513810119106	4.284077798705933	1.83498700372384e-05
HPV16	vaccine_target_2vHPV_and_4vHPV	IgM	antibody_isotype_or_subclass	Antibody abundance	none	mixedlm_powell	intercept	9.234732878829284	0.3275990223482629	28.189134426085232	7.946717568899193e-175
HPV16	vaccine_target_2vHPV_and_4vHPV	IgM	antibody_isotype_or_subclass	Antibody abundance	none	mixedlm_powell	visit_v2	3.971182214883761	0.3786132493707893	10.488756591279884	9.73003865290456e-26
HPV16	vaccine_target_2vHPV_and_4vHPV	IgM	antibody_isotype_or_subclass	Antibody abundance	none	mixedlm_powell	visit_v2_dose1	-2.50756091298854	0.5354399921543176	-4.6831782267504645	2.824607106989621e-06
HPV16	vaccine_target_2vHPV_and_4vHPV	IgM	antibody_isotype_or_subclass	Antibody abundance	none	mixedlm_powell	visit_v2_dose2	-3.7250412200698015	0.5290273058288617	-7.041302365732401	1.904512093999596e-12
HPV16	vaccine_target_2vHPV_and_4vHPV	IgM	antibody_isotype_or_subclass	Antibody abundance	none	mixedlm_powell	visit_v2_dose3	-3.238693335561237	0.5424395048184106	-5.970607425883253	2.3637188282399037e-09
HPV16	vaccine_target_2vHPV_and_4vHPV	nAb	neutralizing_antibody	Neutralization	moderate	mixedlm_powell	dose1	4.200000000000048	0.5634655580343334	7.45387174089553	9.064011785543924e-14
HPV16	vaccine_target_2vHPV_and_4vHPV	nAb	neutralizing_antibody	Neutralization	moderate	mixedlm_powell	dose2	6.280952380952429	0.5567172240812902	11.282123328081733	1.608168276651888e-29
HPV16	vaccine_target_2vHPV_and_4vHPV	nAb	neutralizing_antibody	Neutralization	moderate	mixedlm_powell	dose3	6.005263157894789	0.5708314335143718	10.52020404854526	6.972242485625889e-26
HPV16	vaccine_target_2vHPV_and_4vHPV	nAb	neutralizing_antibody	Neutralization	moderate	mixedlm_powell	intercept	5.743856189774673	0.3984303170511393	14.416212682523952	4.0918834794351694e-47
HPV16	vaccine_target_2vHPV_and_4vHPV	nAb	neutralizing_antibody	Neutralization	moderate	mixedlm_powell	visit_v2	5.100000000000003	0.4824887229617435	10.57019523418868	4.096409556925897e-26
HPV16	vaccine_target_2vHPV_and_4vHPV	nAb	neutralizing_antibody	Neutralization	moderate	mixedlm_powell	visit_v2_dose1	0.6499999999999966	0.6823420957045728	0.9526013477577102	0.3407920941058424
HPV16	vaccine_target_2vHPV_and_4vHPV	nAb	neutralizing_antibody	Neutralization	moderate	mixedlm_powell	visit_v2_dose2	-1.62380952380953	0.6741700392827085	-2.4086052912366176	0.0160136063755348
HPV16	vaccine_target_2vHPV_and_4vHPV	nAb	neutralizing_antibody	Neutralization	moderate	mixedlm_powell	visit_v2_dose3	-1.3631578947368463	0.6912619788102622	-1.9719844813148717	0.0486113781072703
HPV18	vaccine_target_2vHPV_and_4vHPV	ADCP	antibody_dependent_cellular_phagocytosis	Phagocytic function	none	mixedlm_powell	dose1	-0.0422121226483267	0.1212427185078983	-0.3481621260874057	0.7277184294739732
HPV18	vaccine_target_2vHPV_and_4vHPV	ADCP	antibody_dependent_cellular_phagocytosis	Phagocytic function	none	mixedlm_powell	dose2	0.3599902225789788	0.119790657521739	3.0051610870709955	0.0026544022832168
HPV18	vaccine_target_2vHPV_and_4vHPV	ADCP	antibody_dependent_cellular_phagocytosis	Phagocytic function	none	mixedlm_powell	dose3	0.2503178115738386	0.1228276579148534	2.037959656833674	0.0415539676437458
HPV18	vaccine_target_2vHPV_and_4vHPV	ADCP	antibody_dependent_cellular_phagocytosis	Phagocytic function	none	mixedlm_powell	intercept	5.031283724519218	0.0857315484264266	58.68649075943125	0.0
HPV18	vaccine_target_2vHPV_and_4vHPV	ADCP	antibody_dependent_cellular_phagocytosis	Phagocytic function	none	mixedlm_powell	visit_v2	0.6181995887552567	0.0892827457407771	6.924065603337657	4.388625127070326e-12
HPV18	vaccine_target_2vHPV_and_4vHPV	ADCP	antibody_dependent_cellular_phagocytosis	Phagocytic function	none	mixedlm_powell	visit_v2_dose1	0.2871322107373374	0.1262648699125157	2.2740466998958677	0.0229631788410673
HPV18	vaccine_target_2vHPV_and_4vHPV	ADCP	antibody_dependent_cellular_phagocytosis	Phagocytic function	none	mixedlm_powell	visit_v2_dose2	-0.0519030423407724	0.1247526612308002	-0.4160475762897641	0.6773751897145981
HPV18	vaccine_target_2vHPV_and_4vHPV	ADCP	antibody_dependent_cellular_phagocytosis	Phagocytic function	none	mixedlm_powell	visit_v2_dose3	-0.0137522809111391	0.1279154611439006	-0.1075107011158586	0.914383836265951
HPV18	vaccine_target_2vHPV_and_4vHPV	FcgR2A	fc_gamma_receptor_binding	Fc-receptor engagement	low	mixedlm_powell	dose1	3.285214835601032	0.862066946929505	3.8108581326569264	0.0001384852282098
HPV18	vaccine_target_2vHPV_and_4vHPV	FcgR2A	fc_gamma_receptor_binding	Fc-receptor engagement	low	mixedlm_powell	dose2	4.40340666668649	0.8517424194321094	5.169880666061481	2.342435257059285e-07
HPV18	vaccine_target_2vHPV_and_4vHPV	FcgR2A	fc_gamma_receptor_binding	Fc-receptor engagement	low	mixedlm_powell	dose3	4.363182780742191	0.8733362742131305	4.995993994035557	5.853348213984852e-07
HPV18	vaccine_target_2vHPV_and_4vHPV	FcgR2A	fc_gamma_receptor_binding	Fc-receptor engagement	low	mixedlm_powell	intercept	5.7014493945008455	0.6095733840106365	9.35317968935691	8.505157741159089e-21
HPV18	vaccine_target_2vHPV_and_4vHPV	FcgR2A	fc_gamma_receptor_binding	Fc-receptor engagement	low	mixedlm_powell	visit_v2	-0.1834267728772658	0.8620669468849305	-0.2127755547757358	0.8315020316033699
HPV18	vaccine_target_2vHPV_and_4vHPV	FcgR2A	fc_gamma_receptor_binding	Fc-receptor engagement	low	mixedlm_powell	visit_v2_dose1	1.056869694061018	1.2191467679582355	0.8668929138294065	0.3860006864946145
HPV18	vaccine_target_2vHPV_and_4vHPV	FcgR2A	fc_gamma_receptor_binding	Fc-receptor engagement	low	mixedlm_powell	visit_v2_dose2	1.1897984798600594	1.2045456811470796	0.9877570427441352	0.3232716504220376
HPV18	vaccine_target_2vHPV_and_4vHPV	FcgR2A	fc_gamma_receptor_binding	Fc-receptor engagement	low	mixedlm_powell	visit_v2_dose3	1.104877733234841	1.2350840034407358	0.8945769924611102	0.3710132553739957
HPV18	vaccine_target_2vHPV_and_4vHPV	FcgR2B	fc_gamma_receptor_binding	Fc-receptor engagement	none	mixedlm_powell	dose1	2.4461983640809746	0.5564644471321784	4.395965234954037	1.102815850969365e-05
HPV18	vaccine_target_2vHPV_and_4vHPV	FcgR2B	fc_gamma_receptor_binding	Fc-receptor engagement	none	mixedlm_powell	dose2	2.373536514428598	0.5497999618434168	4.31709108612958	1.580989287865815e-05
HPV18	vaccine_target_2vHPV_and_4vHPV	FcgR2B	fc_gamma_receptor_binding	Fc-receptor engagement	none	mixedlm_powell	dose3	3.304185290193354	0.5637388009381908	5.861198989131901	4.59536888524066e-09
HPV18	vaccine_target_2vHPV_and_4vHPV	FcgR2B	fc_gamma_receptor_binding	Fc-receptor engagement	none	mixedlm_powell	intercept	6.127091490380877	0.3934797840563866	15.571553453691154	1.1361404529860347e-54
HPV18	vaccine_target_2vHPV_and_4vHPV	FcgR2B	fc_gamma_receptor_binding	Fc-receptor engagement	none	mixedlm_powell	visit_v2	2.768739693389393	0.4504655975712306	6.146395436893673	7.926353252397717e-10
HPV18	vaccine_target_2vHPV_and_4vHPV	FcgR2B	fc_gamma_receptor_binding	Fc-receptor engagement	none	mixedlm_powell	visit_v2_dose1	-1.0578528960998648	0.6370545574677343	-1.6605373648134416	0.0968063975894899
HPV18	vaccine_target_2vHPV_and_4vHPV	FcgR2B	fc_gamma_receptor_binding	Fc-receptor engagement	none	mixedlm_powell	visit_v2_dose2	-0.9517926450458912	0.6294248863391247	-1.5121623972984752	0.1304925543971166
HPV18	vaccine_target_2vHPV_and_4vHPV	FcgR2B	fc_gamma_receptor_binding	Fc-receptor engagement	none	mixedlm_powell	visit_v2_dose3	-2.057959797037472	0.6453824214824723	-3.1887447326350262	0.0014289199802412
HPV18	vaccine_target_2vHPV_and_4vHPV	FcgR3A	fc_gamma_receptor_binding	Fc-receptor engagement	low	mixedlm_lbfgs	dose1	4.622523852826619	0.7782832971211164	5.939384630153848	2.860939262795744e-09
HPV18	vaccine_target_2vHPV_and_4vHPV	FcgR3A	fc_gamma_receptor_binding	Fc-receptor engagement	low	mixedlm_lbfgs	dose2	5.0232428170684	0.7689622028250053	6.53249639398928	6.468235490874434e-11
HPV18	vaccine_target_2vHPV_and_4vHPV	FcgR3A	fc_gamma_receptor_binding	Fc-receptor engagement	low	mixedlm_lbfgs	dose3	5.411427690258188	0.7884573668101081	6.8633104566597005	6.7282781030807286e-12
HPV18	vaccine_target_2vHPV_and_4vHPV	FcgR3A	fc_gamma_receptor_binding	Fc-receptor engagement	low	mixedlm_lbfgs	intercept	2.856023170443754	0.5503293970785657	5.1896612930456	2.1067694603018666e-07
HPV18	vaccine_target_2vHPV_and_4vHPV	FcgR3A	fc_gamma_receptor_binding	Fc-receptor engagement	low	mixedlm_lbfgs	visit_v2	3.8067782894436615	0.6831645237312282	5.57227162302317	2.5143898647451624e-08
HPV18	vaccine_target_2vHPV_and_4vHPV	FcgR3A	fc_gamma_receptor_binding	Fc-receptor engagement	low	mixedlm_lbfgs	visit_v2_dose1	-1.6592113220445046	0.9661405347928608	-1.7173602206849106	0.0859133751532519
HPV18	vaccine_target_2vHPV_and_4vHPV	FcgR3A	fc_gamma_receptor_binding	Fc-receptor engagement	low	mixedlm_lbfgs	visit_v2_dose2	-1.191163939227041	0.9545695720580688	-1.247854503322236	0.2120843446359406
HPV18	vaccine_target_2vHPV_and_4vHPV	FcgR3A	fc_gamma_receptor_binding	Fc-receptor engagement	low	mixedlm_lbfgs	visit_v2_dose3	-2.336329128924906	0.9787703588771012	-2.3870043751685235	0.016986289125001
HPV18	vaccine_target_2vHPV_and_4vHPV	IgA1	antibody_isotype_or_subclass	Antibody abundance	none	mixedlm_lbfgs	dose1	1.5173335521447642	0.5976846678640099	2.5386857547599004	0.0111269716885306
HPV18	vaccine_target_2vHPV_and_4vHPV	IgA1	antibody_isotype_or_subclass	Antibody abundance	none	mixedlm_lbfgs	dose2	2.485711812837901	0.5905265094285047	4.209314523819607	2.561466133522241e-05
HPV18	vaccine_target_2vHPV_and_4vHPV	IgA1	antibody_isotype_or_subclass	Antibody abundance	none	mixedlm_lbfgs	dose3	2.262882887927576	0.6054978709552025	3.737226828490359	0.0001860610604193
HPV18	vaccine_target_2vHPV_and_4vHPV	IgA1	antibody_isotype_or_subclass	Antibody abundance	none	mixedlm_lbfgs	intercept	7.305476226424755	0.4226268816578707	17.285876841924978	6.010042540331417e-67
HPV18	vaccine_target_2vHPV_and_4vHPV	IgA1	antibody_isotype_or_subclass	Antibody abundance	none	mixedlm_lbfgs	visit_v2	3.803630646224328	0.4108576036587911	9.257783262015923	2.0872030606218555e-20
HPV18	vaccine_target_2vHPV_and_4vHPV	IgA1	antibody_isotype_or_subclass	Antibody abundance	none	mixedlm_lbfgs	visit_v2_dose1	-1.4169067186998816	0.581040395298371	-2.438568351125197	0.0147455698079933
HPV18	vaccine_target_2vHPV_and_4vHPV	IgA1	antibody_isotype_or_subclass	Antibody abundance	none	mixedlm_lbfgs	visit_v2_dose2	-1.923512037433734	0.574081576659375	-3.3505900827314457	0.0008063957605459
HPV18	vaccine_target_2vHPV_and_4vHPV	IgA1	antibody_isotype_or_subclass	Antibody abundance	none	mixedlm_lbfgs	visit_v2_dose3	-2.1257300396755747	0.5886360169643529	-3.6112809587122263	0.0003046883611911
HPV18	vaccine_target_2vHPV_and_4vHPV	IgA2	antibody_isotype_or_subclass	Antibody abundance	high	mixedlm_powell	dose1	0.0377585449038205	1.221888780577419	0.0309017854194366	0.9753478660457144
HPV18	vaccine_target_2vHPV_and_4vHPV	IgA2	antibody_isotype_or_subclass	Antibody abundance	high	mixedlm_powell	dose2	2.217306956377389	1.2072548541071328	1.8366519288234924	0.0662612960379996
HPV18	vaccine_target_2vHPV_and_4vHPV	IgA2	antibody_isotype_or_subclass	Antibody abundance	high	mixedlm_powell	dose3	2.467540853901099	1.2378618608834933	1.9933895145133176	0.0462188111613485
HPV18	vaccine_target_2vHPV_and_4vHPV	IgA2	antibody_isotype_or_subclass	Antibody abundance	high	mixedlm_powell	intercept	2.85388376397948	0.8640058426020538	3.30308387196165	0.000956277815345
HPV18	vaccine_target_2vHPV_and_4vHPV	IgA2	antibody_isotype_or_subclass	Antibody abundance	high	mixedlm_powell	visit_v2	5.806649541396872	0.8899184925927813	6.524922888700935	6.80365276991003e-11
HPV18	vaccine_target_2vHPV_and_4vHPV	IgA2	antibody_isotype_or_subclass	Antibody abundance	high	mixedlm_powell	visit_v2_dose1	-1.054223651945417	1.258534801631329	-0.8376595153180655	0.4022219569334193
HPV18	vaccine_target_2vHPV_and_4vHPV	IgA2	antibody_isotype_or_subclass	Antibody abundance	high	mixedlm_powell	visit_v2_dose2	-2.401866121677093	1.243461984824986	-1.9315959401968763	0.0534093973390592
HPV18	vaccine_target_2vHPV_and_4vHPV	IgA2	antibody_isotype_or_subclass	Antibody abundance	high	mixedlm_powell	visit_v2_dose3	-2.3058979490588	1.2749869352248189	-1.808565943189214	0.0705184634450287
HPV18	vaccine_target_2vHPV_and_4vHPV	IgG	antibody_isotype_or_subclass	Antibody abundance	none	mixedlm_powell	dose1	3.944681315197344	0.3867971161063544	10.198321422108812	2.017287560164108e-24
HPV18	vaccine_target_2vHPV_and_4vHPV	IgG	antibody_isotype_or_subclass	Antibody abundance	none	mixedlm_powell	dose2	5.404244783442525	0.3821646482042069	14.14114259086258	2.1181706336520037e-45
HPV18	vaccine_target_2vHPV_and_4vHPV	IgG	antibody_isotype_or_subclass	Antibody abundance	none	mixedlm_powell	dose3	5.216055247589653	0.3918535021669622	13.311238048772571	1.991540249139889e-40
HPV18	vaccine_target_2vHPV_and_4vHPV	IgG	antibody_isotype_or_subclass	Antibody abundance	none	mixedlm_powell	intercept	8.355845572939419	0.2735068637422037	30.550771043227986	5.522819804990066e-205
HPV18	vaccine_target_2vHPV_and_4vHPV	IgG	antibody_isotype_or_subclass	Antibody abundance	none	mixedlm_powell	visit_v2	3.750673700139008	0.3625689802884219	10.344717568379306	4.42218269607393e-25
HPV18	vaccine_target_2vHPV_and_4vHPV	IgG	antibody_isotype_or_subclass	Antibody abundance	none	mixedlm_powell	visit_v2_dose1	-1.2044361593521316	0.512749969219668	-2.348973635600819	0.018825239705924
HPV18	vaccine_target_2vHPV_and_4vHPV	IgG	antibody_isotype_or_subclass	Antibody abundance	none	mixedlm_powell	visit_v2_dose2	-2.582808049716114	0.5066090294987418	-5.0982274284997295	3.4284875740119977e-07
HPV18	vaccine_target_2vHPV_and_4vHPV	IgG	antibody_isotype_or_subclass	Antibody abundance	none	mixedlm_powell	visit_v2_dose3	-2.3899539955261293	0.519452867687573	-4.60090634625888	4.2065654272184444e-06
HPV18	vaccine_target_2vHPV_and_4vHPV	IgG1	antibody_isotype_or_subclass	IgG subclass architecture	none	mixedlm_lbfgs	dose1	3.665143577383715	0.3890749496262056	9.420147919841442	4.504529882176933e-21
HPV18	vaccine_target_2vHPV_and_4vHPV	IgG1	antibody_isotype_or_subclass	IgG subclass architecture	none	mixedlm_lbfgs	dose2	4.956953738902284	0.3844152012965995	12.894791158577767	4.815659318978016e-38
HPV18	vaccine_target_2vHPV_and_4vHPV	IgG1	antibody_isotype_or_subclass	IgG subclass architecture	none	mixedlm_lbfgs	dose3	4.876609404057105	0.3941611125521999	12.37212208094547	3.6991727564063015e-35
HPV18	vaccine_target_2vHPV_and_4vHPV	IgG1	antibody_isotype_or_subclass	IgG subclass architecture	none	mixedlm_lbfgs	intercept	7.738345496735956	0.2751175352705046	28.127416484475848	4.527776569842924e-174
HPV18	vaccine_target_2vHPV_and_4vHPV	IgG1	antibody_isotype_or_subclass	IgG subclass architecture	none	mixedlm_lbfgs	visit_v2	3.767649968659156	0.3113318306981839	12.101717836592329	1.0342397591398326e-33
HPV18	vaccine_target_2vHPV_and_4vHPV	IgG1	antibody_isotype_or_subclass	IgG subclass architecture	none	mixedlm_lbfgs	visit_v2_dose1	-1.1294812195206017	0.4402896973718143	-2.565313761059417	0.0103082543216246
HPV18	vaccine_target_2vHPV_and_4vHPV	IgG1	antibody_isotype_or_subclass	IgG subclass architecture	none	mixedlm_lbfgs	visit_v2_dose2	-2.37969933316582	0.4350165766431676	-5.47036471926867	4.491104021550736e-08
HPV18	vaccine_target_2vHPV_and_4vHPV	IgG1	antibody_isotype_or_subclass	IgG subclass architecture	none	mixedlm_lbfgs	visit_v2_dose3	-2.056626935240061	0.4460453625402379	-4.61080219179396	4.011180825001809e-06
HPV18	vaccine_target_2vHPV_and_4vHPV	IgG2	antibody_isotype_or_subclass	IgG subclass architecture	low	mixedlm_powell	dose1	3.8304104833250703	0.7026945277248573	5.451032179981459	5.0078306704926784e-08
HPV18	vaccine_target_2vHPV_and_4vHPV	IgG2	antibody_isotype_or_subclass	IgG subclass architecture	low	mixedlm_powell	dose2	5.280061828719453	0.6942787208091589	7.6051039308330175	2.8467502821462935e-14
HPV18	vaccine_target_2vHPV_and_4vHPV	IgG2	antibody_isotype_or_subclass	IgG subclass architecture	low	mixedlm_powell	dose3	5.885163002239673	0.7118804669857809	8.26706627751485	1.3729564331997235e-16
HPV18	vaccine_target_2vHPV_and_4vHPV	IgG2	antibody_isotype_or_subclass	IgG subclass architecture	low	mixedlm_powell	intercept	2.7571964404360187	0.496880065656925	5.54901802468314	2.8727856309536992e-08
HPV18	vaccine_target_2vHPV_and_4vHPV	IgG2	antibody_isotype_or_subclass	IgG subclass architecture	low	mixedlm_powell	visit_v2	0.6552732689055465	0.5934977686365871	1.1040871651647035	0.2695553283068641
HPV18	vaccine_target_2vHPV_and_4vHPV	IgG2	antibody_isotype_or_subclass	IgG subclass architecture	low	mixedlm_powell	visit_v2_dose1	2.224722273873279	0.8393325936440341	2.6505848703128008	0.0080352536438233
HPV18	vaccine_target_2vHPV_and_4vHPV	IgG2	antibody_isotype_or_subclass	IgG subclass architecture	low	mixedlm_powell	visit_v2_dose2	1.879704648302297	0.8292803436727256	2.266669724712684	0.0234104092098966
HPV18	vaccine_target_2vHPV_and_4vHPV	IgG2	antibody_isotype_or_subclass	IgG subclass architecture	low	mixedlm_powell	visit_v2_dose3	0.8234841255987926	0.8503047272251661	0.968457659039603	0.3328158552232252
HPV18	vaccine_target_2vHPV_and_4vHPV	IgG3	antibody_isotype_or_subclass	IgG subclass architecture	none	mixedlm_powell	dose1	0.8862825137450457	0.7394335361771179	1.1985965883115597	0.2306848454349349
HPV18	vaccine_target_2vHPV_and_4vHPV	IgG3	antibody_isotype_or_subclass	IgG subclass architecture	none	mixedlm_powell	dose2	1.7173253651291782	0.7305777252636516	2.3506401930190632	0.0187411462917123
HPV18	vaccine_target_2vHPV_and_4vHPV	IgG3	antibody_isotype_or_subclass	IgG subclass architecture	none	mixedlm_powell	dose3	1.9058155288388816	0.7490997442985969	2.544141208622825	0.0109546789031396
HPV18	vaccine_target_2vHPV_and_4vHPV	IgG3	antibody_isotype_or_subclass	IgG subclass architecture	none	mixedlm_powell	intercept	6.090468065713153	0.522858467667589	11.648406676632826	2.33789086023768e-31
HPV18	vaccine_target_2vHPV_and_4vHPV	IgG3	antibody_isotype_or_subclass	IgG subclass architecture	none	mixedlm_powell	visit_v2	3.758988151268617	0.5379220739516555	6.987978990440998	2.7887413644998174e-12
HPV18	vaccine_target_2vHPV_and_4vHPV	IgG3	antibody_isotype_or_subclass	IgG subclass architecture	none	mixedlm_powell	visit_v2_dose1	0.2210519728511103	0.7607366924822938	0.290576194149141	0.7713754691378973
HPV18	vaccine_target_2vHPV_and_4vHPV	IgG3	antibody_isotype_or_subclass	IgG subclass architecture	none	mixedlm_powell	visit_v2_dose2	-0.1995990071131713	0.751625744744666	-0.2655563736457389	0.7905808882212488
HPV18	vaccine_target_2vHPV_and_4vHPV	IgG3	antibody_isotype_or_subclass	IgG subclass architecture	none	mixedlm_powell	visit_v2_dose3	-1.5053250658310988	0.7706813850549311	-1.9532391660449997	0.050791262150153
HPV18	vaccine_target_2vHPV_and_4vHPV	IgG4	antibody_isotype_or_subclass	IgG subclass architecture	high	mixedlm_powell	dose1	1.7173190614440907	0.913304337099014	1.880336040994746	0.060062294323364
HPV18	vaccine_target_2vHPV_and_4vHPV	IgG4	antibody_isotype_or_subclass	IgG subclass architecture	high	mixedlm_powell	dose2	3.000256796898828	0.9023661660260424	3.324877316834417	0.0008845744986213
HPV18	vaccine_target_2vHPV_and_4vHPV	IgG4	antibody_isotype_or_subclass	IgG subclass architecture	high	mixedlm_powell	dose3	2.9913097291154003	0.9252434626170292	3.2329974217321693	0.001224986682606
HPV18	vaccine_target_2vHPV_and_4vHPV	IgG4	antibody_isotype_or_subclass	IgG subclass architecture	high	mixedlm_powell	intercept	1.1921352555058211	0.6458036900497978	1.845971575996873	0.0648963326797475
HPV18	vaccine_target_2vHPV_and_4vHPV	IgG4	antibody_isotype_or_subclass	IgG subclass architecture	high	mixedlm_powell	visit_v2	-0.2462005357836676	0.6467439773984647	-0.3806769670651008	0.7034429619154197
HPV18	vaccine_target_2vHPV_and_4vHPV	IgG4	antibody_isotype_or_subclass	IgG subclass architecture	high	mixedlm_powell	visit_v2_dose1	2.2586071145452347	0.9146341042200296	2.469410558959314	0.0135335845887022
HPV18	vaccine_target_2vHPV_and_4vHPV	IgG4	antibody_isotype_or_subclass	IgG subclass architecture	high	mixedlm_powell	visit_v2_dose2	2.056303553925632	0.9036800072178076	2.27547753353142	0.0228772989096035
HPV18	vaccine_target_2vHPV_and_4vHPV	IgG4	antibody_isotype_or_subclass	IgG subclass architecture	high	mixedlm_powell	visit_v2_dose3	2.1807146052420965	0.9265906130525904	2.3534822979243	0.0185984934009818
HPV18	vaccine_target_2vHPV_and_4vHPV	IgM	antibody_isotype_or_subclass	Antibody abundance	none	mixedlm_lbfgs	dose1	0.0017080819168383	0.3042191020360275	0.005614643871495	0.995520185877652
HPV18	vaccine_target_2vHPV_and_4vHPV	IgM	antibody_isotype_or_subclass	Antibody abundance	none	mixedlm_lbfgs	dose2	-0.2930667478408502	0.3005756280629316	-0.975018333088173	0.3295511661436028
HPV18	vaccine_target_2vHPV_and_4vHPV	IgM	antibody_isotype_or_subclass	Antibody abundance	none	mixedlm_lbfgs	dose3	-0.0495600306476434	0.3081959911152176	-0.1608068634128197	0.8722455193706223
HPV18	vaccine_target_2vHPV_and_4vHPV	IgM	antibody_isotype_or_subclass	Antibody abundance	none	mixedlm_lbfgs	intercept	10.936603037227991	0.2151153900161572	50.84063504896861	0.0
HPV18	vaccine_target_2vHPV_and_4vHPV	IgM	antibody_isotype_or_subclass	Antibody abundance	none	mixedlm_lbfgs	visit_v2	1.2226119047871449	0.212291340675188	5.7591228210187655	8.455216551083864e-09
HPV18	vaccine_target_2vHPV_and_4vHPV	IgM	antibody_isotype_or_subclass	Antibody abundance	none	mixedlm_lbfgs	visit_v2_dose1	-0.4012257194893305	0.3002252931572187	-1.3364154474460652	0.1814135200089343
HPV18	vaccine_target_2vHPV_and_4vHPV	IgM	antibody_isotype_or_subclass	Antibody abundance	none	mixedlm_lbfgs	visit_v2_dose2	-0.5740749538873863	0.2966296509560466	-1.9353255887842795	0.0529503541652443
HPV18	vaccine_target_2vHPV_and_4vHPV	IgM	antibody_isotype_or_subclass	Antibody abundance	none	mixedlm_lbfgs	visit_v2_dose3	-0.3973899924677763	0.304149973368497	-1.3065593531593478	0.1913624088706512
HPV18	vaccine_target_2vHPV_and_4vHPV	nAb	neutralizing_antibody	Neutralization	high	mixedlm_powell	dose1	2.5500000000000265	0.5389542622833746	4.731384791719621	2.2299336340286723e-06
HPV18	vaccine_target_2vHPV_and_4vHPV	nAb	neutralizing_antibody	Neutralization	high	mixedlm_powell	dose2	3.8547619047619386	0.5324994873722119	7.238996461357151	4.520168223261533e-13
HPV18	vaccine_target_2vHPV_and_4vHPV	nAb	neutralizing_antibody	Neutralization	high	mixedlm_powell	dose3	4.055263157894768	0.5459997150689261	7.427225776817189	1.1089897704530457e-13
HPV18	vaccine_target_2vHPV_and_4vHPV	nAb	neutralizing_antibody	Neutralization	high	mixedlm_powell	intercept	5.693856189774701	0.3810982136099674	14.940653055912884	1.7921030390014073e-50
HPV18	vaccine_target_2vHPV_and_4vHPV	nAb	neutralizing_antibody	Neutralization	high	mixedlm_powell	visit_v2	3.900000000000021	0.409218563964937	9.530359429965117	1.567396003320929e-21
HPV18	vaccine_target_2vHPV_and_4vHPV	nAb	neutralizing_antibody	Neutralization	high	mixedlm_powell	visit_v2_dose1	2.19999999999998	0.5787224431340561	3.801476901579863	0.000143836149752
HPV18	vaccine_target_2vHPV_and_4vHPV	nAb	neutralizing_antibody	Neutralization	high	mixedlm_powell	visit_v2_dose2	1.3380952380952127	0.5717913854026594	2.3401808286302126	0.0192744051139022
HPV18	vaccine_target_2vHPV_and_4vHPV	nAb	neutralizing_antibody	Neutralization	high	mixedlm_powell	visit_v2_dose3	1.257894736842082	0.5862877634856674	2.14552445946253	0.0319109379389682
HPV31	cross_reactive_non_booster_target	FcgR2A	fc_gamma_receptor_binding	Fc-receptor engagement	low	mixedlm_powell	dose1	0.7760682104746688	1.041446892629644	0.7451827029942004	0.4561612779456847
HPV31	cross_reactive_non_booster_target	FcgR2A	fc_gamma_receptor_binding	Fc-receptor engagement	low	mixedlm_powell	dose2	3.694579748935381	1.0289740248108168	3.590547146819038	0.0003299845322824
HPV31	cross_reactive_non_booster_target	FcgR2A	fc_gamma_receptor_binding	Fc-receptor engagement	low	mixedlm_powell	dose3	3.595910466675038	1.0550611553308886	3.4082483735715656	0.0006538135415017
HPV31	cross_reactive_non_booster_target	FcgR2A	fc_gamma_receptor_binding	Fc-receptor engagement	low	mixedlm_powell	intercept	4.752766671989046	0.7364141600240803	6.453931673222624	1.0898496295248731e-10
HPV31	cross_reactive_non_booster_target	FcgR2A	fc_gamma_receptor_binding	Fc-receptor engagement	low	mixedlm_powell	visit_v2	-1.0157618476208323	1.041446892178154	-0.9753371537711328	0.3293930465522743
HPV31	cross_reactive_non_booster_target	FcgR2A	fc_gamma_receptor_binding	Fc-receptor engagement	low	mixedlm_powell	visit_v2_dose1	4.751731070667724	1.4728283194096503	3.2262627001715627	0.0012541818457577
HPV31	cross_reactive_non_booster_target	FcgR2A	fc_gamma_receptor_binding	Fc-receptor engagement	low	mixedlm_powell	visit_v2_dose2	3.345815747608183	1.4551890205862257	2.2992310279116284	0.0214918239901796
HPV31	cross_reactive_non_booster_target	FcgR2A	fc_gamma_receptor_binding	Fc-receptor engagement	low	mixedlm_powell	visit_v2_dose3	3.358920551156078	1.492081794355114	2.2511638194793617	0.0243751635210363
HPV31	cross_reactive_non_booster_target	FcgR2B	fc_gamma_receptor_binding	Fc-receptor engagement	moderate	mixedlm_powell	dose1	1.6039961089531949	0.9082690275302722	1.765992300006877	0.0773971406938312
HPV31	cross_reactive_non_booster_target	FcgR2B	fc_gamma_receptor_binding	Fc-receptor engagement	moderate	mixedlm_powell	dose2	2.830305672412209	0.8973911617413455	3.153926395842961	0.0016108970900094
HPV31	cross_reactive_non_booster_target	FcgR2B	fc_gamma_receptor_binding	Fc-receptor engagement	moderate	mixedlm_powell	dose3	3.624018055478933	0.9201423292144116	3.9385407457268102	8.197867396269316e-05
HPV31	cross_reactive_non_booster_target	FcgR2B	fc_gamma_receptor_binding	Fc-receptor engagement	moderate	mixedlm_powell	intercept	3.674320321969446	0.6422431885083664	5.721073244082497	1.0585324892123184e-08
HPV31	cross_reactive_non_booster_target	FcgR2B	fc_gamma_receptor_binding	Fc-receptor engagement	moderate	mixedlm_powell	visit_v2	2.3336024071487675	0.7077415419134527	3.2972522721213045	0.0009763576220353
HPV31	cross_reactive_non_booster_target	FcgR2B	fc_gamma_receptor_binding	Fc-receptor engagement	moderate	mixedlm_powell	visit_v2_dose1	2.7466914826745192	1.0008976872288549	2.744228024224108	0.0060653390865507
HPV31	cross_reactive_non_booster_target	FcgR2B	fc_gamma_receptor_binding	Fc-receptor engagement	moderate	mixedlm_powell	visit_v2_dose2	1.0113138014348084	0.9889104561551192	1.0226545741732709	0.3064711964059685
HPV31	cross_reactive_non_booster_target	FcgR2B	fc_gamma_receptor_binding	Fc-receptor engagement	moderate	mixedlm_powell	visit_v2_dose3	0.380165616150604	1.0139818724594578	0.3749234838178079	0.7077173733351441
HPV31	cross_reactive_non_booster_target	FcgR3A	fc_gamma_receptor_binding	Fc-receptor engagement	moderate	mixedlm_powell	dose1	2.0197066284533958	0.799314642132298	2.526797986667064	0.011510769199372
HPV31	cross_reactive_non_booster_target	FcgR3A	fc_gamma_receptor_binding	Fc-receptor engagement	moderate	mixedlm_powell	dose2	3.6667588708245593	0.7897416663545355	4.642985202680767	3.434109543133175e-06
HPV31	cross_reactive_non_booster_target	FcgR3A	fc_gamma_receptor_binding	Fc-receptor engagement	moderate	mixedlm_powell	dose3	4.234663392344705	0.8097636430328273	5.229505459746893	1.6996408239955037e-07
HPV31	cross_reactive_non_booster_target	FcgR3A	fc_gamma_receptor_binding	Fc-receptor engagement	moderate	mixedlm_powell	intercept	2.621114728386843	0.565200803753446	4.637492924603546	3.526606786910151e-06
HPV31	cross_reactive_non_booster_target	FcgR3A	fc_gamma_receptor_binding	Fc-receptor engagement	moderate	mixedlm_powell	visit_v2	2.016036329411983	0.6702726009377462	3.0077856779337893	0.0026315865544592
HPV31	cross_reactive_non_booster_target	FcgR3A	fc_gamma_receptor_binding	Fc-receptor engagement	moderate	mixedlm_powell	visit_v2_dose1	3.383539024000498	0.9479086027332496	3.5694781271572213	0.0003576930794579
HPV31	cross_reactive_non_booster_target	FcgR3A	fc_gamma_receptor_binding	Fc-receptor engagement	moderate	mixedlm_powell	visit_v2_dose2	2.094344003448143	0.9365559943670488	2.236218673570672	0.0253374505985323
HPV31	cross_reactive_non_booster_target	FcgR3A	fc_gamma_receptor_binding	Fc-receptor engagement	moderate	mixedlm_powell	visit_v2_dose3	1.5590752718294412	0.9603000907925164	1.6235292350568953	0.1044763190100895
HPV31	cross_reactive_non_booster_target	IgA1	antibody_isotype_or_subclass	Antibody abundance	low	mixedlm_lbfgs	dose1	0.9641210576032164	0.8071532410991265	1.1944708990951234	0.2322938175579679
HPV31	cross_reactive_non_booster_target	IgA1	antibody_isotype_or_subclass	Antibody abundance	low	mixedlm_lbfgs	dose2	1.6908502020505825	0.7974863864980751	2.12022453383242	0.0339871143662655
HPV31	cross_reactive_non_booster_target	IgA1	antibody_isotype_or_subclass	Antibody abundance	low	mixedlm_lbfgs	dose3	1.9743922885317324	0.8177047116947497	2.4145541297416124	0.0157544818684668
HPV31	cross_reactive_non_booster_target	IgA1	antibody_isotype_or_subclass	Antibody abundance	low	mixedlm_lbfgs	intercept	6.767870413212738	0.5707435302378921	11.857988842014231	1.9561740995561227e-32
HPV31	cross_reactive_non_booster_target	IgA1	antibody_isotype_or_subclass	Antibody abundance	low	mixedlm_lbfgs	visit_v2	2.4189533227668045	0.5580101734727551	4.334962761901886	1.4578479883708636e-05
HPV31	cross_reactive_non_booster_target	IgA1	antibody_isotype_or_subclass	Antibody abundance	low	mixedlm_lbfgs	visit_v2_dose1	1.0975084990016315	0.7891455552673319	1.390755471758107	0.1642995900227218
HPV31	cross_reactive_non_booster_target	IgA1	antibody_isotype_or_subclass	Antibody abundance	low	mixedlm_lbfgs	visit_v2_dose2	0.8106258206536948	0.7796943693544225	1.0396712513454256	0.2984926614276115
HPV31	cross_reactive_non_booster_target	IgA1	antibody_isotype_or_subclass	Antibody abundance	low	mixedlm_lbfgs	visit_v2_dose3	0.9623555996318834	0.79946162128564	1.2037545943534955	0.2286844441228661
HPV31	cross_reactive_non_booster_target	IgA2	antibody_isotype_or_subclass	Antibody abundance	high	mixedlm_powell	dose1	1.180452806904014	1.4005568542840716	0.8428453320500372	0.3993149511888523
HPV31	cross_reactive_non_booster_target	IgA2	antibody_isotype_or_subclass	Antibody abundance	high	mixedlm_powell	dose2	1.272627826329293	1.3837831132130038	0.9196728982870592	0.3577437193416373
HPV31	cross_reactive_non_booster_target	IgA2	antibody_isotype_or_subclass	Antibody abundance	high	mixedlm_powell	dose3	2.9211723858061247	1.4188655640965395	2.0588084309919643	0.0395125936975002
HPV31	cross_reactive_non_booster_target	IgA2	antibody_isotype_or_subclass	Antibody abundance	high	mixedlm_powell	intercept	1.815012370090924	0.9903432491015663	1.8327103978721448	0.0668456501682862
HPV31	cross_reactive_non_booster_target	IgA2	antibody_isotype_or_subclass	Antibody abundance	high	mixedlm_powell	visit_v2	3.464110451171125	1.042824619638267	3.3218533451701107	0.0008942168045082
HPV31	cross_reactive_non_booster_target	IgA2	antibody_isotype_or_subclass	Antibody abundance	high	mixedlm_powell	visit_v2_dose1	0.639108232660309	1.4747767202690003	0.4333593172963397	0.6647537510956538
HPV31	cross_reactive_non_booster_target	IgA2	antibody_isotype_or_subclass	Antibody abundance	high	mixedlm_powell	visit_v2_dose2	1.43721728258416	1.4571140864617669	0.9863450610611274	0.3239638146155136
HPV31	cross_reactive_non_booster_target	IgA2	antibody_isotype_or_subclass	Antibody abundance	high	mixedlm_powell	visit_v2_dose3	1.107740259148979	1.4940556655877826	0.741431718150326	0.4584317187757478
HPV31	cross_reactive_non_booster_target	IgG	antibody_isotype_or_subclass	Antibody abundance	none	mixedlm_powell	dose1	2.0395927368196727	0.5668341883384246	3.5982175718765	0.0003204055351208
HPV31	cross_reactive_non_booster_target	IgG	antibody_isotype_or_subclass	Antibody abundance	none	mixedlm_powell	dose2	3.978461103701541	0.5600455100521171	7.103817515350333	1.2135707613931357e-12
HPV31	cross_reactive_non_booster_target	IgG	antibody_isotype_or_subclass	Antibody abundance	none	mixedlm_powell	dose3	3.838224251199627	0.5742441000705543	6.683959401111906	2.3257126212553636e-11
HPV31	cross_reactive_non_booster_target	IgG	antibody_isotype_or_subclass	Antibody abundance	none	mixedlm_powell	intercept	7.408559897377393	0.4008122983824729	18.48386371195581	2.785041861200368e-76
HPV31	cross_reactive_non_booster_target	IgG	antibody_isotype_or_subclass	Antibody abundance	none	mixedlm_powell	visit_v2	2.032957307307011	0.4747668100205618	4.282012272970313	1.8521076409917104e-05
HPV31	cross_reactive_non_booster_target	IgG	antibody_isotype_or_subclass	Antibody abundance	none	mixedlm_powell	visit_v2_dose1	3.0086956663163944	0.6714216616956905	4.4810822139962925	7.426549417409429e-06
HPV31	cross_reactive_non_booster_target	IgG	antibody_isotype_or_subclass	Antibody abundance	none	mixedlm_powell	visit_v2_dose2	1.0489519633589277	0.6633803936326766	1.581222438026632	0.1138271866820664
HPV31	cross_reactive_non_booster_target	IgG	antibody_isotype_or_subclass	Antibody abundance	none	mixedlm_powell	visit_v2_dose3	1.2731231416571978	0.6801987879709928	1.871692752430324	0.0612491228107263
HPV31	cross_reactive_non_booster_target	IgG1	antibody_isotype_or_subclass	IgG subclass architecture	none	mixedlm_powell	dose1	2.105876488593053	0.566667034178451	3.716250216754068	0.0002022013449633
HPV31	cross_reactive_non_booster_target	IgG1	antibody_isotype_or_subclass	IgG subclass architecture	none	mixedlm_powell	dose2	3.910986273788187	0.5598803578105873	6.985396467706249	2.840526702754073e-12
HPV31	cross_reactive_non_booster_target	IgG1	antibody_isotype_or_subclass	IgG subclass architecture	none	mixedlm_powell	dose3	3.849501094708824	0.5740747607961387	6.705574530693975	2.0061546482186414e-11
HPV31	cross_reactive_non_booster_target	IgG1	antibody_isotype_or_subclass	IgG subclass architecture	none	mixedlm_powell	intercept	6.505945700416319	0.4006941025424522	16.236689432500533	2.7750143837472925e-59
HPV31	cross_reactive_non_booster_target	IgG1	antibody_isotype_or_subclass	IgG subclass architecture	none	mixedlm_powell	visit_v2	1.9731375636557504	0.4585077391053434	4.303389878447431	1.6820447072816008e-05
HPV31	cross_reactive_non_booster_target	IgG1	antibody_isotype_or_subclass	IgG subclass architecture	none	mixedlm_powell	visit_v2_dose1	2.7033129818176773	0.6484278630957998	4.16902655742029	3.059033472519474e-05
HPV31	cross_reactive_non_booster_target	IgG1	antibody_isotype_or_subclass	IgG subclass architecture	none	mixedlm_powell	visit_v2_dose2	0.7330992021390362	0.6406619798004768	1.1442839207772988	0.2525059093992613
HPV31	cross_reactive_non_booster_target	IgG1	antibody_isotype_or_subclass	IgG subclass architecture	none	mixedlm_powell	visit_v2_dose3	1.2109513762490391	0.6569044040826405	1.843421004217682	0.0652675656944648
HPV31	cross_reactive_non_booster_target	IgG2	antibody_isotype_or_subclass	IgG subclass architecture	high	mixedlm_powell	dose1	-0.0722937998492227	0.8088217431738793	-0.0893816226620419	0.9287786279998412
HPV31	cross_reactive_non_booster_target	IgG2	antibody_isotype_or_subclass	IgG subclass architecture	high	mixedlm_powell	dose2	0.440486191228894	0.7991349057911987	0.551203793047661	0.5814939801901808
HPV31	cross_reactive_non_booster_target	IgG2	antibody_isotype_or_subclass	IgG subclass architecture	high	mixedlm_powell	dose3	2.3161730188324	0.8193950251798816	2.826686698914154	0.0047032318479668
HPV31	cross_reactive_non_booster_target	IgG2	antibody_isotype_or_subclass	IgG subclass architecture	high	mixedlm_powell	intercept	2.0480732013769045	0.5719233393693738	3.5810274916131144	0.0003422456363624
HPV31	cross_reactive_non_booster_target	IgG2	antibody_isotype_or_subclass	IgG subclass architecture	high	mixedlm_powell	visit_v2	-0.2352294580608522	0.6615857129611137	-0.3555540173442022	0.7221745849108884
HPV31	cross_reactive_non_booster_target	IgG2	antibody_isotype_or_subclass	IgG subclass architecture	high	mixedlm_powell	visit_v2_dose1	3.752642401026966	0.935623487941882	4.010846723484637	6.050138006758127e-05
HPV31	cross_reactive_non_booster_target	IgG2	antibody_isotype_or_subclass	IgG subclass architecture	high	mixedlm_powell	visit_v2_dose2	4.029437368249522	0.9244180120065488	4.358891016741652	1.307231878810631e-05
HPV31	cross_reactive_non_booster_target	IgG2	antibody_isotype_or_subclass	IgG subclass architecture	high	mixedlm_powell	visit_v2_dose3	2.0210202539809394	0.9478543794491128	2.1322054292301145	0.0329899623413496
HPV31	cross_reactive_non_booster_target	IgG3	antibody_isotype_or_subclass	IgG subclass architecture	none	mixedlm_powell	dose1	0.9185723840647614	1.0918605693693235	0.8412909210517088	0.4001849755624092
HPV31	cross_reactive_non_booster_target	IgG3	antibody_isotype_or_subclass	IgG subclass architecture	none	mixedlm_powell	dose2	2.2002919047699745	1.078783923162289	2.0396039072589787	0.0413897925806519
HPV31	cross_reactive_non_booster_target	IgG3	antibody_isotype_or_subclass	IgG subclass architecture	none	mixedlm_powell	dose3	2.2098079471244225	1.106133862352119	1.9977762387867009	0.0457409245076662
HPV31	cross_reactive_non_booster_target	IgG3	antibody_isotype_or_subclass	IgG subclass architecture	none	mixedlm_powell	intercept	4.492651426511362	0.7720620127112527	5.819029239289345	5.919038052902988e-09
HPV31	cross_reactive_non_booster_target	IgG3	antibody_isotype_or_subclass	IgG subclass architecture	none	mixedlm_powell	visit_v2	1.6810237828465096	0.8448117887929895	1.989820460777712	0.0466107166804398
HPV31	cross_reactive_non_booster_target	IgG3	antibody_isotype_or_subclass	IgG subclass architecture	none	mixedlm_powell	visit_v2_dose1	5.777050360157835	1.194744289363723	4.835386460172561	1.3288720742402103e-06
HPV31	cross_reactive_non_booster_target	IgG3	antibody_isotype_or_subclass	IgG subclass architecture	none	mixedlm_powell	visit_v2_dose2	4.140516782289358	1.1804354583479568	3.5076181022926014	0.0004521376099912
HPV31	cross_reactive_non_booster_target	IgG3	antibody_isotype_or_subclass	IgG subclass architecture	none	mixedlm_powell	visit_v2_dose3	3.104282299644467	1.2103625246586018	2.5647541429953558	0.0103248935598598
HPV31	cross_reactive_non_booster_target	IgG4	antibody_isotype_or_subclass	IgG subclass architecture	high	mixedlm_lbfgs	dose1	0.7684534473052799	0.5859339224180401	1.3115018910904075	0.1896882552452021
HPV31	cross_reactive_non_booster_target	IgG4	antibody_isotype_or_subclass	IgG subclass architecture	high	mixedlm_lbfgs	dose2	0.9068764008412736	0.5789164965496563	1.5665064067896823	0.1172301098753298
HPV31	cross_reactive_non_booster_target	IgG4	antibody_isotype_or_subclass	IgG subclass architecture	high	mixedlm_lbfgs	dose3	0.7139618544802464	0.5935935144738848	1.2027790686241693	0.229061826775523
HPV31	cross_reactive_non_booster_target	IgG4	antibody_isotype_or_subclass	IgG subclass architecture	high	mixedlm_lbfgs	intercept	0.1504494391613652	0.4143178498690284	0.3631256514990226	0.7165110234629426
HPV31	cross_reactive_non_booster_target	IgG4	antibody_isotype_or_subclass	IgG subclass architecture	high	mixedlm_lbfgs	visit_v2	-0.0070546159617307	0.4137689862130284	-0.0170496489509696	0.9863970073816262
HPV31	cross_reactive_non_booster_target	IgG4	antibody_isotype_or_subclass	IgG subclass architecture	high	mixedlm_lbfgs	visit_v2_dose1	1.996411415943361	0.5851577119918308	3.4117493028464647	0.0006454744710291
HPV31	cross_reactive_non_booster_target	IgG4	antibody_isotype_or_subclass	IgG subclass architecture	high	mixedlm_lbfgs	visit_v2_dose2	1.787362845879304	0.5781495823920462	3.091523198000486	0.0019913242202741
HPV31	cross_reactive_non_booster_target	IgG4	antibody_isotype_or_subclass	IgG subclass architecture	high	mixedlm_lbfgs	visit_v2_dose3	1.958554171612048	0.5928071570754883	3.3038639095962274	0.0009536211247974
HPV31	cross_reactive_non_booster_target	IgM	antibody_isotype_or_subclass	Antibody abundance	none	mixedlm_powell	dose1	-0.4409206738253456	0.471738722030889	-0.9346713619927822	0.3499576899152966
HPV31	cross_reactive_non_booster_target	IgM	antibody_isotype_or_subclass	Antibody abundance	none	mixedlm_powell	dose2	-0.3906079546248215	0.46608895268926	-0.8380545223633279	0.4020000828444302
HPV31	cross_reactive_non_booster_target	IgM	antibody_isotype_or_subclass	Antibody abundance	none	mixedlm_powell	dose3	-0.3080115170250088	0.4779055030098612	-0.6445029719999966	0.5192493310348589
HPV31	cross_reactive_non_booster_target	IgM	antibody_isotype_or_subclass	Antibody abundance	none	mixedlm_powell	intercept	9.052589484434163	0.3335696492963175	27.1385286507063	3.4584392888685108e-162
HPV31	cross_reactive_non_booster_target	IgM	antibody_isotype_or_subclass	Antibody abundance	none	mixedlm_powell	visit_v2	1.5753647784969076	0.3478448814159434	4.528929021707033	5.928340785789522e-06
HPV31	cross_reactive_non_booster_target	IgM	antibody_isotype_or_subclass	Antibody abundance	none	mixedlm_powell	visit_v2_dose1	0.2097941621212282	0.4919269489004891	0.4264742205934057	0.6697623288862339
HPV31	cross_reactive_non_booster_target	IgM	antibody_isotype_or_subclass	Antibody abundance	none	mixedlm_powell	visit_v2_dose2	-0.6367771839040474	0.486035395664719	-1.3101457004652275	0.1901465507707297
HPV31	cross_reactive_non_booster_target	IgM	antibody_isotype_or_subclass	Antibody abundance	none	mixedlm_powell	visit_v2_dose3	-0.2093248643123525	0.4983576394710306	-0.420029408066334	0.6744639704913644
HPV33	cross_reactive_non_booster_target	FcgR2A	fc_gamma_receptor_binding	Fc-receptor engagement	moderate	mixedlm_powell	dose1	-1.0377810984981355	0.8023454822275241	-1.2934342144196784	0.1958609230509124
HPV33	cross_reactive_non_booster_target	FcgR2A	fc_gamma_receptor_binding	Fc-receptor engagement	moderate	mixedlm_powell	dose2	0.5260436055893015	0.792736207654158	0.6635796378545071	0.5069593932492366
HPV33	cross_reactive_non_booster_target	FcgR2A	fc_gamma_receptor_binding	Fc-receptor engagement	moderate	mixedlm_powell	dose3	-0.232000548383801	0.812834103634441	-0.2854217697639069	0.7753210310281808
HPV33	cross_reactive_non_booster_target	FcgR2A	fc_gamma_receptor_binding	Fc-receptor engagement	moderate	mixedlm_powell	intercept	3.5475314023450424	0.5673439313374723	6.252876264987965	4.0296139647075136e-10
HPV33	cross_reactive_non_booster_target	FcgR2A	fc_gamma_receptor_binding	Fc-receptor engagement	moderate	mixedlm_powell	visit_v2	-0.5411164284058422	0.8023454821047008	-0.674418240614247	0.5000454492356761
HPV33	cross_reactive_non_booster_target	FcgR2A	fc_gamma_receptor_binding	Fc-receptor engagement	moderate	mixedlm_powell	visit_v2_dose1	3.582154333969469	1.1346878625012506	3.156951310004447	0.0015942796478106
HPV33	cross_reactive_non_booster_target	FcgR2A	fc_gamma_receptor_binding	Fc-receptor engagement	moderate	mixedlm_powell	visit_v2_dose2	3.095047831878192	1.1210982960771096	2.7607283346234905	0.0057672627389501
HPV33	cross_reactive_non_booster_target	FcgR2A	fc_gamma_receptor_binding	Fc-receptor engagement	moderate	mixedlm_powell	visit_v2_dose3	4.170950339597804	1.1495210131432387	3.6284246150427455	0.0002851559880487
HPV33	cross_reactive_non_booster_target	FcgR2B	fc_gamma_receptor_binding	Fc-receptor engagement	none	mixedlm_powell	dose1	0.6420957494783731	0.506955640854447	1.2665718609939018	0.2053084192856065
HPV33	cross_reactive_non_booster_target	FcgR2B	fc_gamma_receptor_binding	Fc-receptor engagement	none	mixedlm_powell	dose2	0.2345593478974847	0.5008840967909562	0.4682906672426815	0.6395767415631013
HPV33	cross_reactive_non_booster_target	FcgR2B	fc_gamma_receptor_binding	Fc-receptor engagement	none	mixedlm_powell	dose3	0.5420137989885537	0.5135827932530137	1.055358174201007	0.2912615443206438
HPV33	cross_reactive_non_booster_target	FcgR2B	fc_gamma_receptor_binding	Fc-receptor engagement	none	mixedlm_powell	intercept	5.439298219448445	0.3584717714089516	15.173574750585278	5.291467159659061e-52
HPV33	cross_reactive_non_booster_target	FcgR2B	fc_gamma_receptor_binding	Fc-receptor engagement	none	mixedlm_powell	visit_v2	0.9672134974712844	0.3602160791069604	2.6850925141075828	0.0072509732349797
HPV33	cross_reactive_non_booster_target	FcgR2B	fc_gamma_receptor_binding	Fc-receptor engagement	none	mixedlm_powell	visit_v2_dose1	0.430329230391794	0.5094224644579229	0.8447394067116923	0.3982563522933656
HPV33	cross_reactive_non_booster_target	FcgR2B	fc_gamma_receptor_binding	Fc-receptor engagement	none	mixedlm_powell	visit_v2_dose2	1.0595164141679845	0.503321376531028	2.10504950429553	0.0352869990722877
HPV33	cross_reactive_non_booster_target	FcgR2B	fc_gamma_receptor_binding	Fc-receptor engagement	none	mixedlm_powell	visit_v2_dose3	0.2219990222448273	0.5160818642853437	0.4301624172596059	0.6670774985844802
HPV33	cross_reactive_non_booster_target	FcgR3A	fc_gamma_receptor_binding	Fc-receptor engagement	high	mixedlm_powell	dose1	0.8735011143495938	0.706141522294026	1.237005737195386	0.2160849526933562
HPV33	cross_reactive_non_booster_target	FcgR3A	fc_gamma_receptor_binding	Fc-receptor engagement	high	mixedlm_powell	dose2	1.5801170432781078	0.6976844325170143	2.264801921375211	0.0235248374808148
HPV33	cross_reactive_non_booster_target	FcgR3A	fc_gamma_receptor_binding	Fc-receptor engagement	high	mixedlm_powell	dose3	1.1727127928554162	0.7153725222199978	1.6393036584857434	0.1011500344932232
HPV33	cross_reactive_non_booster_target	FcgR3A	fc_gamma_receptor_binding	Fc-receptor engagement	high	mixedlm_powell	intercept	1.7165695069866485	0.4993174588914977	3.437831937215841	0.0005863915218923
HPV33	cross_reactive_non_booster_target	FcgR3A	fc_gamma_receptor_binding	Fc-receptor engagement	high	mixedlm_powell	visit_v2	0.6679077505291221	0.528142165863833	1.2646362924586556	0.2060017369475111
HPV33	cross_reactive_non_booster_target	FcgR3A	fc_gamma_receptor_binding	Fc-receptor engagement	high	mixedlm_powell	visit_v2_dose1	2.906481131193724	0.7469058138257352	3.891362307526303	9.968295295903417e-05
HPV33	cross_reactive_non_booster_target	FcgR3A	fc_gamma_receptor_binding	Fc-receptor engagement	high	mixedlm_powell	visit_v2_dose2	2.124656350539825	0.7379605113288992	2.879092197919645	0.0039882172084705
HPV33	cross_reactive_non_booster_target	FcgR3A	fc_gamma_receptor_binding	Fc-receptor engagement	high	mixedlm_powell	visit_v2_dose3	2.802159411325368	0.7566697029250968	3.703279516138834	0.0002128301600827
HPV33	cross_reactive_non_booster_target	IgA1	antibody_isotype_or_subclass	Antibody abundance	none	mixedlm_lbfgs	dose1	-0.3607156567739407	0.6725380934844561	-0.5363497774602677	0.5917168343206933
HPV33	cross_reactive_non_booster_target	IgA1	antibody_isotype_or_subclass	Antibody abundance	none	mixedlm_lbfgs	dose2	-0.681893431532881	0.664483454498519	-1.026200768305813	0.3047969593048073
HPV33	cross_reactive_non_booster_target	IgA1	antibody_isotype_or_subclass	Antibody abundance	none	mixedlm_lbfgs	dose3	0.4514522228992914	0.6813298142587846	0.6626045322710912	0.5075838667052863
HPV33	cross_reactive_non_booster_target	IgA1	antibody_isotype_or_subclass	Antibody abundance	none	mixedlm_lbfgs	intercept	7.446364120029937	0.4755562465091301	15.658219558024406	2.9195662014295888e-55
HPV33	cross_reactive_non_booster_target	IgA1	antibody_isotype_or_subclass	Antibody abundance	none	mixedlm_lbfgs	visit_v2	1.300839002451624	0.5073900882795328	2.5637848127119147	0.0103537714221745
HPV33	cross_reactive_non_booster_target	IgA1	antibody_isotype_or_subclass	Antibody abundance	none	mixedlm_lbfgs	visit_v2_dose1	0.176551935426222	0.7175579442585983	0.2460455449470921	0.805646976184194
HPV33	cross_reactive_non_booster_target	IgA1	antibody_isotype_or_subclass	Antibody abundance	none	mixedlm_lbfgs	visit_v2_dose2	0.0229145014824195	0.7089641259329338	0.0323211015116824	0.9742159814218108
HPV33	cross_reactive_non_booster_target	IgA1	antibody_isotype_or_subclass	Antibody abundance	none	mixedlm_lbfgs	visit_v2_dose3	-0.440880131396323	0.7269381847928373	-0.6064891632043857	0.5441899762840503
HPV33	cross_reactive_non_booster_target	IgA2	antibody_isotype_or_subclass	Antibody abundance	high	mixedlm_lbfgs	dose1	0.8153131187211988	1.1849925906501584	0.6880322502893195	0.4914324726030664
HPV33	cross_reactive_non_booster_target	IgA2	antibody_isotype_or_subclass	Antibody abundance	high	mixedlm_lbfgs	dose2	0.0728529575660819	1.1708005506584225	0.0622249088669387	0.9503837265149072
HPV33	cross_reactive_non_booster_target	IgA2	antibody_isotype_or_subclass	Antibody abundance	high	mixedlm_lbfgs	dose3	2.805638430410797	1.2004833473486636	2.3370906698599447	0.0194344700514023
HPV33	cross_reactive_non_booster_target	IgA2	antibody_isotype_or_subclass	Antibody abundance	high	mixedlm_lbfgs	intercept	2.1810315478568447	0.837916296504542	2.602922937476276	0.0092432727794562
HPV33	cross_reactive_non_booster_target	IgA2	antibody_isotype_or_subclass	Antibody abundance	high	mixedlm_lbfgs	visit_v2	2.555031063246535	0.644923854251204	3.961756176956863	7.440049743797222e-05
HPV33	cross_reactive_non_booster_target	IgA2	antibody_isotype_or_subclass	Antibody abundance	high	mixedlm_lbfgs	visit_v2_dose1	-1.3542686493758211	0.9120600613799827	-1.4848459073262776	0.1375846478868598
HPV33	cross_reactive_non_booster_target	IgA2	antibody_isotype_or_subclass	Antibody abundance	high	mixedlm_lbfgs	visit_v2_dose2	-1.3339939942837566	0.9011367923502008	-1.4803457206587327	0.1387810075859804
HPV33	cross_reactive_non_booster_target	IgA2	antibody_isotype_or_subclass	Antibody abundance	high	mixedlm_lbfgs	visit_v2_dose3	-0.8828140200844571	0.9239829211655528	-0.9554440886968306	0.3393531671736649
HPV33	cross_reactive_non_booster_target	IgG	antibody_isotype_or_subclass	Antibody abundance	none	mixedlm_powell	dose1	0.4264951575810079	0.3468906575475662	1.229480092073469	0.2188918574629004
HPV33	cross_reactive_non_booster_target	IgG	antibody_isotype_or_subclass	Antibody abundance	none	mixedlm_powell	dose2	0.707127531828119	0.3427361285458501	2.063183519135543	0.0390951953737672
HPV33	cross_reactive_non_booster_target	IgG	antibody_isotype_or_subclass	Antibody abundance	none	mixedlm_powell	dose3	1.488011107869122	0.3514253684136531	4.2342165410142645	2.293498702579093e-05
HPV33	cross_reactive_non_booster_target	IgG	antibody_isotype_or_subclass	Antibody abundance	none	mixedlm_powell	intercept	8.330351857531461	0.2452887362821447	33.96141210475081	8.276258638317344e-253
HPV33	cross_reactive_non_booster_target	IgG	antibody_isotype_or_subclass	Antibody abundance	none	mixedlm_powell	visit_v2	0.4341235130326843	0.2930556637410172	1.4813687867037209	0.1385083275930785
HPV33	cross_reactive_non_booster_target	IgG	antibody_isotype_or_subclass	Antibody abundance	none	mixedlm_powell	visit_v2_dose1	1.7656147477808088	0.4144432941927951	4.2602082661746765	2.042365045815771e-05
HPV33	cross_reactive_non_booster_target	IgG	antibody_isotype_or_subclass	Antibody abundance	none	mixedlm_powell	visit_v2_dose2	1.2077208758465705	0.4094797223933598	2.949403376527626	0.0031838811382922
HPV33	cross_reactive_non_booster_target	IgG	antibody_isotype_or_subclass	Antibody abundance	none	mixedlm_powell	visit_v2_dose3	1.0939128249223815	0.4198610835412881	2.605416095475801	0.0091762745516568
HPV33	cross_reactive_non_booster_target	IgG1	antibody_isotype_or_subclass	IgG subclass architecture	none	mixedlm_lbfgs	dose1	-0.1820365273871024	0.3300764016449706	-0.5514981576383654	0.5812922292838839
HPV33	cross_reactive_non_booster_target	IgG1	antibody_isotype_or_subclass	IgG subclass architecture	none	mixedlm_lbfgs	dose2	0.4125468149248131	0.3261232482417889	1.2650027777809616	0.2058703321133873
HPV33	cross_reactive_non_booster_target	IgG1	antibody_isotype_or_subclass	IgG subclass architecture	none	mixedlm_lbfgs	dose3	0.5897331065980159	0.3343913089871295	1.7636017765662513	0.0777990484063539
HPV33	cross_reactive_non_booster_target	IgG1	antibody_isotype_or_subclass	IgG subclass architecture	none	mixedlm_lbfgs	intercept	7.741239979137526	0.2333992619128131	33.167371291985	3.181915187649073e-241
HPV33	cross_reactive_non_booster_target	IgG1	antibody_isotype_or_subclass	IgG subclass architecture	none	mixedlm_lbfgs	visit_v2	0.3666587836314181	0.2238764704861861	1.63777275403331	0.101469107223152
HPV33	cross_reactive_non_booster_target	IgG1	antibody_isotype_or_subclass	IgG subclass architecture	none	mixedlm_lbfgs	visit_v2_dose1	1.662759903219376	0.3166091408577835	5.251774786774918	1.5064058596943194e-07
HPV33	cross_reactive_non_booster_target	IgG1	antibody_isotype_or_subclass	IgG subclass architecture	none	mixedlm_lbfgs	visit_v2_dose2	0.9825785573032332	0.312817277833275	3.1410622971629034	0.0016833622135534
HPV33	cross_reactive_non_booster_target	IgG1	antibody_isotype_or_subclass	IgG subclass architecture	none	mixedlm_lbfgs	visit_v2_dose3	1.3044126883636644	0.3207479981031776	4.066783568650874	4.766647437536708e-05
HPV33	cross_reactive_non_booster_target	IgG2	antibody_isotype_or_subclass	IgG subclass architecture	high	mixedlm_lbfgs	dose1	0.5775550279131363	0.9941388560966874	0.5809601187713407	0.5612673325530573
HPV33	cross_reactive_non_booster_target	IgG2	antibody_isotype_or_subclass	IgG subclass architecture	high	mixedlm_lbfgs	dose2	0.5703293526266338	0.9822325720284284	0.5806459374981172	0.5614791050749143
HPV33	cross_reactive_non_booster_target	IgG2	antibody_isotype_or_subclass	IgG subclass architecture	high	mixedlm_lbfgs	dose3	3.1388373018091933	1.0071346868435065	3.116601327322689	0.0018294879655588
HPV33	cross_reactive_non_booster_target	IgG2	antibody_isotype_or_subclass	IgG subclass architecture	high	mixedlm_lbfgs	intercept	2.556903689471424	0.7029623265870046	3.637326770960264	0.0002754823468154
HPV33	cross_reactive_non_booster_target	IgG2	antibody_isotype_or_subclass	IgG subclass architecture	high	mixedlm_lbfgs	visit_v2	0.3405429113361492	0.5923410078347611	0.5749102406077999	0.5653520037278765
HPV33	cross_reactive_non_booster_target	IgG2	antibody_isotype_or_subclass	IgG subclass architecture	high	mixedlm_lbfgs	visit_v2_dose1	1.2898330250798204	0.8376966868296689	1.539737527148756	0.1236243454443622
HPV33	cross_reactive_non_booster_target	IgG2	antibody_isotype_or_subclass	IgG subclass architecture	high	mixedlm_lbfgs	visit_v2_dose2	0.388313193764167	0.8276640292635076	0.4691676574487663	0.6389498015060192
HPV33	cross_reactive_non_booster_target	IgG2	antibody_isotype_or_subclass	IgG subclass architecture	high	mixedlm_lbfgs	visit_v2_dose3	-0.5834361934965124	0.8486474351003417	-0.6874894913545913	0.49177432067483
HPV33	cross_reactive_non_booster_target	IgG3	antibody_isotype_or_subclass	IgG subclass architecture	none	mixedlm_powell	dose1	0.0396450392765636	0.6584157146039381	0.0602127780325103	0.9519861687830944
HPV33	cross_reactive_non_booster_target	IgG3	antibody_isotype_or_subclass	IgG subclass architecture	none	mixedlm_powell	dose2	-0.0761692267655283	0.6505302120053776	-0.1170879159181906	0.9067903855666144
HPV33	cross_reactive_non_booster_target	IgG3	antibody_isotype_or_subclass	IgG subclass architecture	none	mixedlm_powell	dose3	1.2757232832594498	0.6670228212828127	1.912563172585294	0.0558039980722742
HPV33	cross_reactive_non_booster_target	IgG3	antibody_isotype_or_subclass	IgG subclass architecture	none	mixedlm_powell	intercept	6.7834649822503055	0.4655702166362306	14.57022966645332	4.3442806370810937e-48
HPV33	cross_reactive_non_booster_target	IgG3	antibody_isotype_or_subclass	IgG subclass architecture	none	mixedlm_powell	visit_v2	0.4986502998228552	0.5124878358560156	0.9729992888318072	0.3305536555528096
HPV33	cross_reactive_non_booster_target	IgG3	antibody_isotype_or_subclass	IgG subclass architecture	none	mixedlm_powell	visit_v2_dose1	2.120654636964912	0.7247672480188155	2.9259802271168	0.0034337276065183
HPV33	cross_reactive_non_booster_target	IgG3	antibody_isotype_or_subclass	IgG subclass architecture	none	mixedlm_powell	visit_v2_dose2	1.949069647134711	0.7160870876112807	2.721833253042457	0.0064920890931038
HPV33	cross_reactive_non_booster_target	IgG3	antibody_isotype_or_subclass	IgG subclass architecture	none	mixedlm_powell	visit_v2_dose3	-0.2582686188882183	0.7342417318178617	-0.3517487602465576	0.7250266890733373
HPV33	cross_reactive_non_booster_target	IgG4	antibody_isotype_or_subclass	IgG subclass architecture	none	mixedlm_lbfgs	dose1	1.0648806030109177	0.6805480763891663	1.564739714879414	0.1176439522448512
HPV33	cross_reactive_non_booster_target	IgG4	antibody_isotype_or_subclass	IgG subclass architecture	none	mixedlm_lbfgs	dose2	1.3499347712052097	0.672397506003646	2.0076439295982307	0.0446811428667582
HPV33	cross_reactive_non_booster_target	IgG4	antibody_isotype_or_subclass	IgG subclass architecture	none	mixedlm_lbfgs	dose3	1.0287144047722134	0.6894445072665916	1.4920916679004512	0.1356751158789778
HPV33	cross_reactive_non_booster_target	IgG4	antibody_isotype_or_subclass	IgG subclass architecture	none	mixedlm_lbfgs	intercept	0.8195760592416755	0.4812201597382401	1.703120791297447	0.0885454657904616
HPV33	cross_reactive_non_booster_target	IgG4	antibody_isotype_or_subclass	IgG subclass architecture	none	mixedlm_lbfgs	visit_v2	-0.1383134481543315	0.4659803285138688	-0.2968225044938028	0.7666020232493966
HPV33	cross_reactive_non_booster_target	IgG4	antibody_isotype_or_subclass	IgG subclass architecture	none	mixedlm_lbfgs	visit_v2_dose1	0.1078670777407052	0.6589957003833832	0.1636840387243065	0.8699798833200393
HPV33	cross_reactive_non_booster_target	IgG4	antibody_isotype_or_subclass	IgG subclass architecture	none	mixedlm_lbfgs	visit_v2_dose2	0.5555531379252082	0.6511032515967695	0.8532489072397755	0.393521287009005
HPV33	cross_reactive_non_booster_target	IgG4	antibody_isotype_or_subclass	IgG subclass architecture	none	mixedlm_lbfgs	visit_v2_dose3	0.3357260946549143	0.6676103888975106	0.5028772772834336	0.6150505577377403
HPV33	cross_reactive_non_booster_target	IgM	antibody_isotype_or_subclass	Antibody abundance	none	mixedlm_lbfgs	dose1	-0.1857045031270177	0.2311869410715857	-0.803265540286358	0.421821270859255
HPV33	cross_reactive_non_booster_target	IgM	antibody_isotype_or_subclass	Antibody abundance	none	mixedlm_lbfgs	dose2	-0.3804108024564051	0.2284181353093025	-1.665414184128981	0.0958301515049715
HPV33	cross_reactive_non_booster_target	IgM	antibody_isotype_or_subclass	Antibody abundance	none	mixedlm_lbfgs	dose3	-0.5263049878113967	0.2342091208592641	-2.247158376584541	0.0246299072300234
HPV33	cross_reactive_non_booster_target	IgM	antibody_isotype_or_subclass	Antibody abundance	none	mixedlm_lbfgs	intercept	11.38763121506833	0.163473853753493	69.66026036334883	0.0
HPV33	cross_reactive_non_booster_target	IgM	antibody_isotype_or_subclass	Antibody abundance	none	mixedlm_lbfgs	visit_v2	0.2338538239089315	0.1086329311706293	2.152697357872248	0.0313424712884633
HPV33	cross_reactive_non_booster_target	IgM	antibody_isotype_or_subclass	Antibody abundance	none	mixedlm_lbfgs	visit_v2_dose1	-0.0001069870346553	0.1536301645818467	-0.0006963934130162	0.9994443584924204
HPV33	cross_reactive_non_booster_target	IgM	antibody_isotype_or_subclass	Antibody abundance	none	mixedlm_lbfgs	visit_v2_dose2	-0.2041074268464328	0.1517902159974541	-1.3446678727294008	0.1787325140853291
HPV33	cross_reactive_non_booster_target	IgM	antibody_isotype_or_subclass	Antibody abundance	none	mixedlm_lbfgs	visit_v2_dose3	-0.1386570423454203	0.1556384872666181	-0.8908917375166493	0.3729872533523716
HPV45	cross_reactive_non_booster_target	FcgR2A	fc_gamma_receptor_binding	Fc-receptor engagement	moderate	mixedlm_powell	dose1	0.1812803155249811	1.0361854266508512	0.174949686477365	0.8611191681131801
HPV45	cross_reactive_non_booster_target	FcgR2A	fc_gamma_receptor_binding	Fc-receptor engagement	moderate	mixedlm_powell	dose2	1.9005896308680823	1.0237755726737776	1.856451434863155	0.0633892392025123
HPV45	cross_reactive_non_booster_target	FcgR2A	fc_gamma_receptor_binding	Fc-receptor engagement	moderate	mixedlm_powell	dose3	1.7094815945795612	1.049730909099799	1.6284950550284685	0.1034199569116615
HPV45	cross_reactive_non_booster_target	FcgR2A	fc_gamma_receptor_binding	Fc-receptor engagement	moderate	mixedlm_powell	intercept	4.37230773411074	0.732693741751493	5.967442445541852	2.4100125540632357e-09
HPV45	cross_reactive_non_booster_target	FcgR2A	fc_gamma_receptor_binding	Fc-receptor engagement	moderate	mixedlm_powell	visit_v2	-2.152278205103175	1.0201708611656646	-2.1097232699274957	0.0348821989346692
HPV45	cross_reactive_non_booster_target	FcgR2A	fc_gamma_receptor_binding	Fc-receptor engagement	moderate	mixedlm_powell	visit_v2_dose1	4.942736452801585	1.4427394677983234	3.4259383368394247	0.0006126794578599
HPV45	cross_reactive_non_booster_target	FcgR2A	fc_gamma_receptor_binding	Fc-receptor engagement	moderate	mixedlm_powell	visit_v2_dose2	5.438383116228255	1.4254605275026584	3.81517622642	0.0001360857807503
HPV45	cross_reactive_non_booster_target	FcgR2A	fc_gamma_receptor_binding	Fc-receptor engagement	moderate	mixedlm_powell	visit_v2_dose3	5.688175002107744	1.461599607727749	3.891746393494705	9.952524692036498e-05
HPV45	cross_reactive_non_booster_target	FcgR2B	fc_gamma_receptor_binding	Fc-receptor engagement	moderate	mixedlm_lbfgs	dose1	-0.8701127327331859	0.8256412262988075	-1.0538629915971318	0.2919456487212576
HPV45	cross_reactive_non_booster_target	FcgR2B	fc_gamma_receptor_binding	Fc-receptor engagement	moderate	mixedlm_lbfgs	dose2	-0.7084767278089156	0.8157529507138692	-0.8684942263327694	0.3851238316705109
HPV45	cross_reactive_non_booster_target	FcgR2B	fc_gamma_receptor_binding	Fc-receptor engagement	moderate	mixedlm_lbfgs	dose3	0.338382357875175	0.836434380161342	0.4045533826693059	0.6858058309313761
HPV45	cross_reactive_non_booster_target	FcgR2B	fc_gamma_receptor_binding	Fc-receptor engagement	moderate	mixedlm_lbfgs	intercept	5.022520064289075	0.5838165099430632	8.602908583004782	7.772088005466675e-18
HPV45	cross_reactive_non_booster_target	FcgR2B	fc_gamma_receptor_binding	Fc-receptor engagement	moderate	mixedlm_lbfgs	visit_v2	0.9364258095148182	0.5582073636532842	1.6775590407590082	0.0934332144825848
HPV45	cross_reactive_non_booster_target	FcgR2B	fc_gamma_receptor_binding	Fc-receptor engagement	moderate	mixedlm_lbfgs	visit_v2_dose1	3.8568223288385752	0.7894244242950028	4.885613125389322	1.031074835859196e-06
HPV45	cross_reactive_non_booster_target	FcgR2B	fc_gamma_receptor_binding	Fc-receptor engagement	moderate	mixedlm_lbfgs	visit_v2_dose2	3.748208730925222	0.7799698985127774	4.805581264190056	1.5430254645224746e-06
HPV45	cross_reactive_non_booster_target	FcgR2B	fc_gamma_receptor_binding	Fc-receptor engagement	moderate	mixedlm_lbfgs	visit_v2_dose3	2.5042423527826743	0.7997441358148039	3.131304426798048	0.0017403165661975
HPV45	cross_reactive_non_booster_target	FcgR3A	fc_gamma_receptor_binding	Fc-receptor engagement	high	mixedlm_powell	dose1	0.0478082438430609	0.7746485186983946	0.0617160462959264	0.9507889612324192
HPV45	cross_reactive_non_booster_target	FcgR3A	fc_gamma_receptor_binding	Fc-receptor engagement	high	mixedlm_powell	dose2	1.0811084582028363	0.7653709562531519	1.412528721360642	0.1577943399727379
HPV45	cross_reactive_non_booster_target	FcgR3A	fc_gamma_receptor_binding	Fc-receptor engagement	high	mixedlm_powell	dose3	1.9373202360958832	0.784775072927253	2.468631207754312	0.0135630919125982
HPV45	cross_reactive_non_booster_target	FcgR3A	fc_gamma_receptor_binding	Fc-receptor engagement	high	mixedlm_powell	intercept	2.409899695181477	0.5477592206077488	4.399560252965983	1.0847045806506754e-05
HPV45	cross_reactive_non_booster_target	FcgR3A	fc_gamma_receptor_binding	Fc-receptor engagement	high	mixedlm_powell	visit_v2	1.2799672266804871	0.6146640517652189	2.082385041071821	0.0373073137036891
HPV45	cross_reactive_non_booster_target	FcgR3A	fc_gamma_receptor_binding	Fc-receptor engagement	high	mixedlm_powell	visit_v2_dose1	4.738695250646585	0.8692662383095706	5.451373862007741	4.998216793057364e-08
HPV45	cross_reactive_non_booster_target	FcgR3A	fc_gamma_receptor_binding	Fc-receptor engagement	high	mixedlm_powell	visit_v2_dose2	4.497203018960608	0.8588554886433748	5.23627441219974	1.6385028935575724e-07
HPV45	cross_reactive_non_booster_target	FcgR3A	fc_gamma_receptor_binding	Fc-receptor engagement	high	mixedlm_powell	visit_v2_dose3	3.0781321345432264	0.8806296779716619	3.495376333026876	0.0004733937685818
HPV45	cross_reactive_non_booster_target	IgA1	antibody_isotype_or_subclass	Antibody abundance	none	mixedlm_powell	dose1	0.3136007420556767	0.6925715957368673	0.4528062426845827	0.6506882680065713
HPV45	cross_reactive_non_booster_target	IgA1	antibody_isotype_or_subclass	Antibody abundance	none	mixedlm_powell	dose2	-0.2369713208593203	0.6842770259130633	-0.3463090413464024	0.729110474523108
HPV45	cross_reactive_non_booster_target	IgA1	antibody_isotype_or_subclass	Antibody abundance	none	mixedlm_powell	dose3	0.964811006392982	0.701625203472903	1.3751088210876157	0.1690977100200025
HPV45	cross_reactive_non_booster_target	IgA1	antibody_isotype_or_subclass	Antibody abundance	none	mixedlm_powell	intercept	8.033152609027105	0.4897220718027278	16.403493065885456	1.805513453519345e-60
HPV45	cross_reactive_non_booster_target	IgA1	antibody_isotype_or_subclass	Antibody abundance	none	mixedlm_powell	visit_v2	1.3073489819575548	0.5272605780744767	2.479512097665092	0.0131562267037298
HPV45	cross_reactive_non_booster_target	IgA1	antibody_isotype_or_subclass	Antibody abundance	none	mixedlm_powell	visit_v2_dose1	0.3190981802756158	0.7456590604176027	0.4279411291494352	0.6686939819456195
HPV45	cross_reactive_non_booster_target	IgA1	antibody_isotype_or_subclass	Antibody abundance	none	mixedlm_powell	visit_v2_dose2	1.4497367146419955	0.73672868963795	1.967802713580272	0.0490907418519387
HPV45	cross_reactive_non_booster_target	IgA1	antibody_isotype_or_subclass	Antibody abundance	none	mixedlm_powell	visit_v2_dose3	-0.2943243027931305	0.7554066513950514	-0.3896236579987553	0.6968148554582162
HPV45	cross_reactive_non_booster_target	IgA2	antibody_isotype_or_subclass	Antibody abundance	high	mixedlm_powell	dose1	-1.3703274756782875	1.4787784291703827	-0.9266617964173728	0.354102158910385
HPV45	cross_reactive_non_booster_target	IgA2	antibody_isotype_or_subclass	Antibody abundance	high	mixedlm_powell	dose2	2.060695765706884	1.4610678689767629	1.4104038624503197	0.158420465561147
HPV45	cross_reactive_non_booster_target	IgA2	antibody_isotype_or_subclass	Antibody abundance	high	mixedlm_powell	dose3	0.3576884391496482	1.498109686629729	0.2387598467201248	0.8112918074804734
HPV45	cross_reactive_non_booster_target	IgA2	antibody_isotype_or_subclass	Antibody abundance	high	mixedlm_powell	intercept	5.448659325218916	1.0456542551387693	5.210765698549012	1.8806283591536634e-07
HPV45	cross_reactive_non_booster_target	IgA2	antibody_isotype_or_subclass	Antibody abundance	high	mixedlm_powell	visit_v2	-1.4188406596585117	1.246163705549723	-1.138566829815201	0.2548838699742805
HPV45	cross_reactive_non_booster_target	IgA2	antibody_isotype_or_subclass	Antibody abundance	high	mixedlm_powell	visit_v2_dose1	2.3451640217724776	1.762341613325531	1.3307090997795616	0.1832847476641199
HPV45	cross_reactive_non_booster_target	IgA2	antibody_isotype_or_subclass	Antibody abundance	high	mixedlm_powell	visit_v2_dose2	1.0860995082431524	1.7412349643449712	0.6237524116406243	0.5327901968109003
HPV45	cross_reactive_non_booster_target	IgA2	antibody_isotype_or_subclass	Antibody abundance	high	mixedlm_powell	visit_v2_dose3	1.349707189473524	1.7853797364050163	0.7559776567147846	0.4496625919564517
HPV45	cross_reactive_non_booster_target	IgG	antibody_isotype_or_subclass	Antibody abundance	none	mixedlm_powell	dose1	1.138335834647283	0.4956511343214245	2.29664729044902	0.0216388985851629
HPV45	cross_reactive_non_booster_target	IgG	antibody_isotype_or_subclass	Antibody abundance	none	mixedlm_powell	dose2	2.122424783198629	0.4897149784536654	4.334000135957538	1.4642408353988354e-05
HPV45	cross_reactive_non_booster_target	IgG	antibody_isotype_or_subclass	Antibody abundance	none	mixedlm_powell	dose3	2.1016421782387837	0.5021305091206363	4.185450077350042	2.8460161596539327e-05
HPV45	cross_reactive_non_booster_target	IgG	antibody_isotype_or_subclass	Antibody abundance	none	mixedlm_powell	intercept	7.611907721571067	0.3504782781814837	21.718629071869294	1.3680066587331501e-104
HPV45	cross_reactive_non_booster_target	IgG	antibody_isotype_or_subclass	Antibody abundance	none	mixedlm_powell	visit_v2	1.167879910523729	0.3934241332505132	2.968500942925329	0.0029925618406022
HPV45	cross_reactive_non_booster_target	IgG	antibody_isotype_or_subclass	Antibody abundance	none	mixedlm_powell	visit_v2_dose1	3.3277219335878456	0.5563857450077562	5.980961883812204	2.2182378182939067e-09
HPV45	cross_reactive_non_booster_target	IgG	antibody_isotype_or_subclass	Antibody abundance	none	mixedlm_powell	visit_v2_dose2	2.5013485928165125	0.5497222022934093	4.550204780489183	5.359373180885095e-06
HPV45	cross_reactive_non_booster_target	IgG	antibody_isotype_or_subclass	Antibody abundance	none	mixedlm_powell	visit_v2_dose3	2.5900797772153417	0.5636590699841622	4.59511771413191	4.325050386637514e-06
HPV45	cross_reactive_non_booster_target	IgG1	antibody_isotype_or_subclass	IgG subclass architecture	none	mixedlm_powell	dose1	0.9990859252880864	0.4845190107640306	2.0620159438380816	0.0392062180519189
HPV45	cross_reactive_non_booster_target	IgG1	antibody_isotype_or_subclass	IgG subclass architecture	none	mixedlm_powell	dose2	1.6718813136796675	0.4787161785507534	3.4924270133110094	0.0004786523856446
HPV45	cross_reactive_non_booster_target	IgG1	antibody_isotype_or_subclass	IgG subclass architecture	none	mixedlm_powell	dose3	1.7293215777659874	0.4908528614317617	3.523095643614573	0.0004265374054111
HPV45	cross_reactive_non_booster_target	IgG1	antibody_isotype_or_subclass	IgG subclass architecture	none	mixedlm_powell	intercept	7.092903746884501	0.342606678125044	20.70275975267401	3.270932396803228e-95
HPV45	cross_reactive_non_booster_target	IgG1	antibody_isotype_or_subclass	IgG subclass architecture	none	mixedlm_powell	visit_v2	1.172515260016768	0.365507554951645	3.2079097795171063	0.0013370343464735
HPV45	cross_reactive_non_booster_target	IgG1	antibody_isotype_or_subclass	IgG subclass architecture	none	mixedlm_powell	visit_v2_dose1	3.136995663340237	0.5169057413624442	6.06879632459071	1.2887245694514144e-09
HPV45	cross_reactive_non_booster_target	IgG1	antibody_isotype_or_subclass	IgG subclass architecture	none	mixedlm_powell	visit_v2_dose2	2.711116397251604	0.510715030119812	5.3084719214462615	1.1054811105804157e-07
HPV45	cross_reactive_non_booster_target	IgG1	antibody_isotype_or_subclass	IgG subclass architecture	none	mixedlm_powell	visit_v2_dose3	2.451877616785557	0.5236629659549732	4.682167302616508	2.838576558108666e-06
HPV45	cross_reactive_non_booster_target	IgG2	antibody_isotype_or_subclass	IgG subclass architecture	high	mixedlm_lbfgs	dose1	-0.3455805945117534	0.9668720288667968	-0.3574212348626779	0.7207764821154196
HPV45	cross_reactive_non_booster_target	IgG2	antibody_isotype_or_subclass	IgG subclass architecture	high	mixedlm_lbfgs	dose2	-0.3251554557206654	0.9552923054079016	-0.3403727360515344	0.7335758477702379
HPV45	cross_reactive_non_booster_target	IgG2	antibody_isotype_or_subclass	IgG subclass architecture	high	mixedlm_lbfgs	dose3	2.7076309633924494	0.9795114153709336	2.7642668792860263	0.0057050856614931
HPV45	cross_reactive_non_booster_target	IgG2	antibody_isotype_or_subclass	IgG subclass architecture	high	mixedlm_lbfgs	intercept	2.1496442092920884	0.6836817681513064	3.144217543060689	0.0016653159040071
HPV45	cross_reactive_non_booster_target	IgG2	antibody_isotype_or_subclass	IgG subclass architecture	high	mixedlm_lbfgs	visit_v2	-0.4077212150045192	0.643212466990388	-0.6338826374312363	0.5261574174248798
HPV45	cross_reactive_non_booster_target	IgG2	antibody_isotype_or_subclass	IgG subclass architecture	high	mixedlm_lbfgs	visit_v2_dose1	2.3866882904110875	0.9096397943052628	2.623772954253744	0.0086961733679029
HPV45	cross_reactive_non_booster_target	IgG2	antibody_isotype_or_subclass	IgG subclass architecture	high	mixedlm_lbfgs	visit_v2_dose2	3.108994702517741	0.8987455115555525	3.4592603384874545	0.0005416610805992
HPV45	cross_reactive_non_booster_target	IgG2	antibody_isotype_or_subclass	IgG subclass architecture	high	mixedlm_lbfgs	visit_v2_dose3	1.4198385211548097	0.9215310152698852	1.5407387246092707	0.1233803879551486
HPV45	cross_reactive_non_booster_target	IgG3	antibody_isotype_or_subclass	IgG subclass architecture	low	mixedlm_powell	dose1	0.0834944653878672	0.784128276071225	0.106480620500265	0.9152010305870178
HPV45	cross_reactive_non_booster_target	IgG3	antibody_isotype_or_subclass	IgG subclass architecture	low	mixedlm_powell	dose2	0.6065363157945012	0.7747371795019644	0.7828930014490976	0.4336899476183847
HPV45	cross_reactive_non_booster_target	IgG3	antibody_isotype_or_subclass	IgG subclass architecture	low	mixedlm_powell	dose3	0.8591121881315147	0.7943787539568068	1.0814893825549463	0.2794794810785912
HPV45	cross_reactive_non_booster_target	IgG3	antibody_isotype_or_subclass	IgG subclass architecture	low	mixedlm_powell	intercept	5.571569204421817	0.55446242133008	10.04859660471918	9.318498595251109e-24
HPV45	cross_reactive_non_booster_target	IgG3	antibody_isotype_or_subclass	IgG subclass architecture	low	mixedlm_powell	visit_v2	0.4596471759649349	0.621790259971853	0.7392318689355829	0.4597662122412076
HPV45	cross_reactive_non_booster_target	IgG3	antibody_isotype_or_subclass	IgG subclass architecture	low	mixedlm_powell	visit_v2_dose1	2.757281455189041	0.8793442186036895	3.135611057484778	0.0017149648130449
HPV45	cross_reactive_non_booster_target	IgG3	antibody_isotype_or_subclass	IgG subclass architecture	low	mixedlm_powell	visit_v2_dose2	1.9879633970110493	0.868812770208659	2.2881378648861355	0.0221294937803373
HPV45	cross_reactive_non_booster_target	IgG3	antibody_isotype_or_subclass	IgG subclass architecture	low	mixedlm_powell	visit_v2_dose3	0.7829995810534378	0.8908394021618864	0.8789458337308125	0.3794306457365406
HPV45	cross_reactive_non_booster_target	IgG4	antibody_isotype_or_subclass	IgG subclass architecture	none	mixedlm_lbfgs	dose1	1.4059833268517847	0.7623559658256024	1.844260935676103	0.0651451216374728
HPV45	cross_reactive_non_booster_target	IgG4	antibody_isotype_or_subclass	IgG subclass architecture	none	mixedlm_lbfgs	dose2	1.1533221291436957	0.75322562489326	1.531177499845592	0.1257255300512104
HPV45	cross_reactive_non_booster_target	IgG4	antibody_isotype_or_subclass	IgG subclass architecture	none	mixedlm_lbfgs	dose3	1.0460508869758935	0.7723218262684758	1.354423572398514	0.1756012813531672
HPV45	cross_reactive_non_booster_target	IgG4	antibody_isotype_or_subclass	IgG subclass architecture	none	mixedlm_lbfgs	intercept	0.8784129935933266	0.539067073113303	1.6295059323883034	0.1032059600565069
HPV45	cross_reactive_non_booster_target	IgG4	antibody_isotype_or_subclass	IgG subclass architecture	none	mixedlm_lbfgs	visit_v2	0.2063514707150071	0.4602805221118791	0.4483167564167528	0.6539246091786862
HPV45	cross_reactive_non_booster_target	IgG4	antibody_isotype_or_subclass	IgG subclass architecture	none	mixedlm_lbfgs	visit_v2_dose1	0.0836328892044778	0.6509349568667904	0.1284811766862795	0.8977681935870772
HPV45	cross_reactive_non_booster_target	IgG4	antibody_isotype_or_subclass	IgG subclass architecture	none	mixedlm_lbfgs	visit_v2_dose2	1.4147124215334654	0.6431390474132097	2.1996991587178947	0.0278282465356406
HPV45	cross_reactive_non_booster_target	IgG4	antibody_isotype_or_subclass	IgG subclass architecture	none	mixedlm_lbfgs	visit_v2_dose3	0.9067383778460858	0.659444271712247	1.3750037975032214	0.1691302673865903
HPV45	cross_reactive_non_booster_target	IgM	antibody_isotype_or_subclass	Antibody abundance	none	mixedlm_powell	dose1	-0.2065784801692895	0.3723750153790562	-0.5547592390402578	0.5790593508735912
HPV45	cross_reactive_non_booster_target	IgM	antibody_isotype_or_subclass	Antibody abundance	none	mixedlm_powell	dose2	-0.7099440715337958	0.367915273476971	-1.929640117477301	0.053651444432382
HPV45	cross_reactive_non_booster_target	IgM	antibody_isotype_or_subclass	Antibody abundance	none	mixedlm_powell	dose3	-0.8282072595742228	0.3772428692452767	-2.1954219074601964	0.0281333470479295
HPV45	cross_reactive_non_booster_target	IgM	antibody_isotype_or_subclass	Antibody abundance	none	mixedlm_powell	intercept	10.283820592581382	0.2633088985189754	39.0561072961242	0.0
HPV45	cross_reactive_non_booster_target	IgM	antibody_isotype_or_subclass	Antibody abundance	none	mixedlm_powell	visit_v2	0.5097683869783122	0.2828641425039632	1.802166872286295	0.0715191550615764
HPV45	cross_reactive_non_booster_target	IgM	antibody_isotype_or_subclass	Antibody abundance	none	mixedlm_powell	visit_v2_dose1	-0.0942192135965142	0.4000303066381403	-0.2355301886707876	0.8137972506228306
HPV45	cross_reactive_non_booster_target	IgM	antibody_isotype_or_subclass	Antibody abundance	none	mixedlm_powell	visit_v2_dose2	0.2050989308892662	0.3952393516950381	0.518923356213574	0.6038141896438565
HPV45	cross_reactive_non_booster_target	IgM	antibody_isotype_or_subclass	Antibody abundance	none	mixedlm_powell	visit_v2_dose3	0.1159400090001339	0.4052596829237421	0.2860881895867011	0.7748105770348935
HPV52	cross_reactive_non_booster_target	FcgR2A	fc_gamma_receptor_binding	Fc-receptor engagement	high	mixedlm_powell	dose1	-0.4302990791391244	1.0971918577318862	-0.3921821658690014	0.6949236203758453
HPV52	cross_reactive_non_booster_target	FcgR2A	fc_gamma_receptor_binding	Fc-receptor engagement	high	mixedlm_powell	dose2	2.9780907544824973	1.08405136145672	2.747186028603494	0.0060109029821469
HPV52	cross_reactive_non_booster_target	FcgR2A	fc_gamma_receptor_binding	Fc-receptor engagement	high	mixedlm_powell	dose3	1.9348090080684768	1.1115348437166177	1.7406642886687145	0.0817424414826163
HPV52	cross_reactive_non_booster_target	FcgR2A	fc_gamma_receptor_binding	Fc-receptor engagement	high	mixedlm_powell	intercept	3.650850853703761	0.7758318028648832	4.705724668958413	2.5296574057816967e-06
HPV52	cross_reactive_non_booster_target	FcgR2A	fc_gamma_receptor_binding	Fc-receptor engagement	high	mixedlm_powell	visit_v2	-1.171386602299043	1.0114008590667751	-1.1581823287948232	0.2467896381435431
HPV52	cross_reactive_non_booster_target	FcgR2A	fc_gamma_receptor_binding	Fc-receptor engagement	high	mixedlm_powell	visit_v2_dose1	6.128114904806277	1.430336811888029	4.284385924960732	1.8324459796049592e-05
HPV52	cross_reactive_non_booster_target	FcgR2A	fc_gamma_receptor_binding	Fc-receptor engagement	high	mixedlm_powell	visit_v2_dose2	3.878218870409029	1.413206411752084	2.7442692292917346	0.0060645777504527
HPV52	cross_reactive_non_booster_target	FcgR2A	fc_gamma_receptor_binding	Fc-receptor engagement	high	mixedlm_powell	visit_v2_dose3	4.902328802591234	1.4490348187149884	3.383168395455566	0.0007165468176455
HPV52	cross_reactive_non_booster_target	FcgR2B	fc_gamma_receptor_binding	Fc-receptor engagement	high	mixedlm_powell	dose1	1.5118106038395818	1.0683465702177666	1.4150937963243722	0.1570409968741947
HPV52	cross_reactive_non_booster_target	FcgR2B	fc_gamma_receptor_binding	Fc-receptor engagement	high	mixedlm_powell	dose2	2.4031795210513542	1.0555515389498955	2.276705051694712	0.0228038446583715
HPV52	cross_reactive_non_booster_target	FcgR2B	fc_gamma_receptor_binding	Fc-receptor engagement	high	mixedlm_powell	dose3	1.7092021918451497	1.0823124776162645	1.5792132375758772	0.1142871546388724
HPV52	cross_reactive_non_booster_target	FcgR2B	fc_gamma_receptor_binding	Fc-receptor engagement	high	mixedlm_powell	intercept	2.249999165328955	0.7554351044583737	2.97841489235815	0.0028974348403283
HPV52	cross_reactive_non_booster_target	FcgR2B	fc_gamma_receptor_binding	Fc-receptor engagement	high	mixedlm_powell	visit_v2	0.7677191859783866	0.8102201729411078	0.9475439042594532	0.3433616951840516
HPV52	cross_reactive_non_booster_target	FcgR2B	fc_gamma_receptor_binding	Fc-receptor engagement	high	mixedlm_powell	visit_v2_dose1	4.30429326232029	1.1458243570815911	3.7565035476146655	0.0001723038300198
HPV52	cross_reactive_non_booster_target	FcgR2B	fc_gamma_receptor_binding	Fc-receptor engagement	high	mixedlm_powell	visit_v2_dose2	3.049309912309204	1.1321014146534996	2.6934953643199018	0.0070707128704906
HPV52	cross_reactive_non_booster_target	FcgR2B	fc_gamma_receptor_binding	Fc-receptor engagement	high	mixedlm_powell	visit_v2_dose3	3.1848377853395804	1.16080308899504	2.7436503361623883	0.0060760219580379
HPV52	cross_reactive_non_booster_target	FcgR3A	fc_gamma_receptor_binding	Fc-receptor engagement	moderate	mixedlm_powell	dose1	-0.0800475624243988	0.808638112869558	-0.0989905881882559	0.9211457429374338
HPV52	cross_reactive_non_booster_target	FcgR3A	fc_gamma_receptor_binding	Fc-receptor engagement	moderate	mixedlm_powell	dose2	0.9548907082047996	0.7989534747315337	1.195176863741239	0.2320179359650918
HPV52	cross_reactive_non_booster_target	FcgR3A	fc_gamma_receptor_binding	Fc-receptor engagement	moderate	mixedlm_powell	dose3	1.13709058524698	0.8192089943775411	1.3880347909399782	0.1651264513072047
HPV52	cross_reactive_non_booster_target	FcgR3A	fc_gamma_receptor_binding	Fc-receptor engagement	moderate	mixedlm_powell	intercept	3.273420397928	0.5717934931359564	5.724829745744716	1.0353752076516328e-08
HPV52	cross_reactive_non_booster_target	FcgR3A	fc_gamma_receptor_binding	Fc-receptor engagement	moderate	mixedlm_powell	visit_v2	0.377292819726305	0.6539742399380788	0.5769230600918299	0.5639914319885077
HPV52	cross_reactive_non_booster_target	FcgR3A	fc_gamma_receptor_binding	Fc-receptor engagement	moderate	mixedlm_powell	visit_v2_dose1	5.31521539990404	0.9248592395630696	5.747053359617301	9.081207819731302e-09
HPV52	cross_reactive_non_booster_target	FcgR3A	fc_gamma_receptor_binding	Fc-receptor engagement	moderate	mixedlm_powell	visit_v2_dose2	4.410575088791001	0.9137826814325212	4.826722128150448	1.3879856800053723e-06
HPV52	cross_reactive_non_booster_target	FcgR3A	fc_gamma_receptor_binding	Fc-receptor engagement	moderate	mixedlm_powell	visit_v2_dose3	3.729069318806668	0.9369494159687934	3.9800113594722286	6.89119752489713e-05
HPV52	cross_reactive_non_booster_target	IgA1	antibody_isotype_or_subclass	Antibody abundance	moderate	mixedlm_lbfgs	dose1	-0.9214273296961366	1.0151997799730887	-0.9076315301413502	0.3640729300108588
HPV52	cross_reactive_non_booster_target	IgA1	antibody_isotype_or_subclass	Antibody abundance	moderate	mixedlm_lbfgs	dose2	-1.164350998595573	1.003041260172493	-1.1608206410126534	0.2457148470600133
HPV52	cross_reactive_non_booster_target	IgA1	antibody_isotype_or_subclass	Antibody abundance	moderate	mixedlm_lbfgs	dose3	-1.3824754199134757	1.02847092859969	-1.3442046648764092	0.1788822136066804
HPV52	cross_reactive_non_booster_target	IgA1	antibody_isotype_or_subclass	Antibody abundance	moderate	mixedlm_lbfgs	intercept	7.665006316076216	0.7178546486780623	10.677657838103318	1.2949765860954936e-26
HPV52	cross_reactive_non_booster_target	IgA1	antibody_isotype_or_subclass	Antibody abundance	moderate	mixedlm_lbfgs	visit_v2	1.071353663913834	0.5418580625468647	1.9771850563193825	0.0480207161402906
HPV52	cross_reactive_non_booster_target	IgA1	antibody_isotype_or_subclass	Antibody abundance	moderate	mixedlm_lbfgs	visit_v2_dose1	0.9793444422640412	0.7663030209349866	1.2780119815645736	0.2012452016526954
HPV52	cross_reactive_non_booster_target	IgA1	antibody_isotype_or_subclass	Antibody abundance	moderate	mixedlm_lbfgs	visit_v2_dose2	0.2247022964501639	0.757125408176302	0.2967834575667026	0.7666318357212432
HPV52	cross_reactive_non_booster_target	IgA1	antibody_isotype_or_subclass	Antibody abundance	moderate	mixedlm_lbfgs	visit_v2_dose3	-0.8209128701599536	0.7763204790594468	-1.057440699174306	0.2903105052462941
HPV52	cross_reactive_non_booster_target	IgA2	antibody_isotype_or_subclass	Antibody abundance	high	mixedlm_lbfgs	dose1	1.5675720038022816	1.158308660752995	1.3533283976166006	0.1759507409126315
HPV52	cross_reactive_non_booster_target	IgA2	antibody_isotype_or_subclass	Antibody abundance	high	mixedlm_lbfgs	dose2	0.6565228407412534	1.1444362003124102	0.5736648670865485	0.5661946070462276
HPV52	cross_reactive_non_booster_target	IgA2	antibody_isotype_or_subclass	Antibody abundance	high	mixedlm_lbfgs	dose3	2.7046253606580777	1.1734505931052062	2.3048480920709657	0.0211750825970389
HPV52	cross_reactive_non_booster_target	IgA2	antibody_isotype_or_subclass	Antibody abundance	high	mixedlm_lbfgs	intercept	2.317350321506044	0.819047908725551	2.8293220662902008	0.0046646730555897
HPV52	cross_reactive_non_booster_target	IgA2	antibody_isotype_or_subclass	Antibody abundance	high	mixedlm_lbfgs	visit_v2	3.571645274820661	0.705028389111275	5.065959513095502	4.0634828236027074e-07
HPV52	cross_reactive_non_booster_target	IgA2	antibody_isotype_or_subclass	Antibody abundance	high	mixedlm_lbfgs	visit_v2_dose1	-2.4472945426665915	0.9970607097392228	-2.4545090572335075	0.0141077110568871
HPV52	cross_reactive_non_booster_target	IgA2	antibody_isotype_or_subclass	Antibody abundance	high	mixedlm_lbfgs	visit_v2_dose2	-3.1544166942821943	0.9851194321494244	-3.202065243398556	0.0013644609061862
HPV52	cross_reactive_non_booster_target	IgA2	antibody_isotype_or_subclass	Antibody abundance	high	mixedlm_lbfgs	visit_v2_dose3	-4.848084315559675	1.0100947362724475	-4.799633283359697	1.5895642110299992e-06
HPV52	cross_reactive_non_booster_target	IgG	antibody_isotype_or_subclass	Antibody abundance	none	mixedlm_powell	dose1	1.103323696660382	0.5614097472471534	1.965273495999096	0.0493825914604486
HPV52	cross_reactive_non_booster_target	IgG	antibody_isotype_or_subclass	Antibody abundance	none	mixedlm_powell	dose2	2.286756057352826	0.5546860346707646	4.122613360385278	3.7459815994947246e-05
HPV52	cross_reactive_non_booster_target	IgG	antibody_isotype_or_subclass	Antibody abundance	none	mixedlm_powell	dose3	1.697742082982417	0.5687487482429346	2.9850475947900383	0.0028353420357754
HPV52	cross_reactive_non_booster_target	IgG	antibody_isotype_or_subclass	Antibody abundance	none	mixedlm_powell	intercept	8.082253901803243	0.3969766393026876	20.359520187384803	3.823091317924151e-92
HPV52	cross_reactive_non_booster_target	IgG	antibody_isotype_or_subclass	Antibody abundance	none	mixedlm_powell	visit_v2	0.5977975761375143	0.4216537380739991	1.4177452306437337	0.1562651595626277
HPV52	cross_reactive_non_booster_target	IgG	antibody_isotype_or_subclass	Antibody abundance	none	mixedlm_powell	visit_v2_dose1	3.8361347169688655	0.596308435009561	6.433138442704335	1.2499570328496113e-10
HPV52	cross_reactive_non_booster_target	IgG	antibody_isotype_or_subclass	Antibody abundance	none	mixedlm_powell	visit_v2_dose2	2.583527158308815	0.5891667589992308	4.385052481061967	1.1595781848327893e-05
HPV52	cross_reactive_non_booster_target	IgG	antibody_isotype_or_subclass	Antibody abundance	none	mixedlm_powell	visit_v2_dose3	3.0244859382425644	0.604103647365219	5.006567915015535	5.54091171216713e-07
HPV52	cross_reactive_non_booster_target	IgG1	antibody_isotype_or_subclass	IgG subclass architecture	none	mixedlm_powell	dose1	0.6403315067003964	0.558143684188835	1.1472520873025862	0.2512774497913245
HPV52	cross_reactive_non_booster_target	IgG1	antibody_isotype_or_subclass	IgG subclass architecture	none	mixedlm_powell	dose2	1.7460643010792087	0.5514590875511489	3.1662626303483625	0.0015441131210003
HPV52	cross_reactive_non_booster_target	IgG1	antibody_isotype_or_subclass	IgG subclass architecture	none	mixedlm_powell	dose3	1.5300790800842965	0.5654399897377438	2.705997290347223	0.0068099601626803
HPV52	cross_reactive_non_booster_target	IgG1	antibody_isotype_or_subclass	IgG subclass architecture	none	mixedlm_powell	intercept	7.452937880983672	0.3946671839663677	18.88410839250012	1.5411834049641328e-79
HPV52	cross_reactive_non_booster_target	IgG1	antibody_isotype_or_subclass	IgG subclass architecture	none	mixedlm_powell	visit_v2	0.5205546693093737	0.4010610978938834	1.2979435603278258	0.1943067299767229
HPV52	cross_reactive_non_booster_target	IgG1	antibody_isotype_or_subclass	IgG subclass architecture	none	mixedlm_powell	visit_v2_dose1	3.650331720166953	0.5671860439817751	6.435863080376227	1.2277367057667382e-10
HPV52	cross_reactive_non_booster_target	IgG1	antibody_isotype_or_subclass	IgG subclass architecture	none	mixedlm_powell	visit_v2_dose2	2.578965625520126	0.5603931517034128	4.602064849795024	4.183229022015263e-06
HPV52	cross_reactive_non_booster_target	IgG1	antibody_isotype_or_subclass	IgG subclass architecture	none	mixedlm_powell	visit_v2_dose3	2.5897694896378303	0.5746005553293007	4.507077944179233	6.572649425550463e-06
HPV52	cross_reactive_non_booster_target	IgG2	antibody_isotype_or_subclass	IgG subclass architecture	high	mixedlm_lbfgs	dose1	0.9534294160491452	0.8823007646738582	1.0806172387276347	0.279867411063612
HPV52	cross_reactive_non_booster_target	IgG2	antibody_isotype_or_subclass	IgG subclass architecture	high	mixedlm_lbfgs	dose2	-0.0113190346022638	0.8717339072641249	-0.0129845065196417	0.9896401538263564
HPV52	cross_reactive_non_booster_target	IgG2	antibody_isotype_or_subclass	IgG subclass architecture	high	mixedlm_lbfgs	dose3	2.199699774112045	0.8938345975334957	2.4609696024097043	0.0138562105280136
HPV52	cross_reactive_non_booster_target	IgG2	antibody_isotype_or_subclass	IgG subclass architecture	high	mixedlm_lbfgs	intercept	2.1243152266341467	0.6238808537469617	3.405001474040655	0.0006616369665903
HPV52	cross_reactive_non_booster_target	IgG2	antibody_isotype_or_subclass	IgG subclass architecture	high	mixedlm_lbfgs	visit_v2	-0.184081766233414	0.6190301718739063	-0.2973712342262222	0.7661831026546388
HPV52	cross_reactive_non_booster_target	IgG2	antibody_isotype_or_subclass	IgG subclass architecture	high	mixedlm_lbfgs	visit_v2_dose1	2.109834109010684	0.8754408645822259	2.41002470225962	0.0159514404538982
HPV52	cross_reactive_non_booster_target	IgG2	antibody_isotype_or_subclass	IgG subclass architecture	high	mixedlm_lbfgs	visit_v2_dose2	3.82744841073048	0.8649561646283349	4.425020096105223	9.643330574330578e-06
HPV52	cross_reactive_non_booster_target	IgG2	antibody_isotype_or_subclass	IgG subclass architecture	high	mixedlm_lbfgs	visit_v2_dose3	1.7163946589108177	0.8868850217391343	1.935306851326747	0.0529526520954531
HPV52	cross_reactive_non_booster_target	IgG3	antibody_isotype_or_subclass	IgG subclass architecture	low	mixedlm_powell	dose1	0.1360766458371929	1.0205711847130452	0.1333338113749054	0.8939293887061879
HPV52	cross_reactive_non_booster_target	IgG3	antibody_isotype_or_subclass	IgG subclass architecture	low	mixedlm_powell	dose2	1.2648924527889156	1.0083483343913278	1.2544201340427128	0.2096893381379202
HPV52	cross_reactive_non_booster_target	IgG3	antibody_isotype_or_subclass	IgG subclass architecture	low	mixedlm_powell	dose3	1.1571423208768414	1.03391255076093	1.1191878075425412	0.2630600258217459
HPV52	cross_reactive_non_booster_target	IgG3	antibody_isotype_or_subclass	IgG subclass architecture	low	mixedlm_powell	intercept	5.886174453061359	0.7216528053941825	8.156518493468894	3.4481973134188627e-16
HPV52	cross_reactive_non_booster_target	IgG3	antibody_isotype_or_subclass	IgG subclass architecture	low	mixedlm_powell	visit_v2	-0.1657688498730603	0.8088989288081755	-0.2049314740931883	0.8376256642759662
HPV52	cross_reactive_non_booster_target	IgG3	antibody_isotype_or_subclass	IgG subclass architecture	low	mixedlm_powell	visit_v2_dose1	6.382570556323839	1.1439558357095914	5.5793854597234125	2.4136982430789804e-08
HPV52	cross_reactive_non_booster_target	IgG3	antibody_isotype_or_subclass	IgG subclass architecture	low	mixedlm_powell	visit_v2_dose2	4.283493357471271	1.13025527159023	3.7898459446639383	0.0001507407432804
HPV52	cross_reactive_non_booster_target	IgG3	antibody_isotype_or_subclass	IgG subclass architecture	low	mixedlm_powell	visit_v2_dose3	3.6599421428341463	1.1589101414703469	3.158089667064833	0.0015880670282232
HPV52	cross_reactive_non_booster_target	IgG4	antibody_isotype_or_subclass	IgG subclass architecture	none	mixedlm_powell	dose1	0.7728072215974914	0.6249460525086846	1.2365982927570407	0.2162362540541342
HPV52	cross_reactive_non_booster_target	IgG4	antibody_isotype_or_subclass	IgG subclass architecture	none	mixedlm_powell	dose2	0.4693204362907894	0.6174613986468283	0.7600806096045989	0.4472064023782651
HPV52	cross_reactive_non_booster_target	IgG4	antibody_isotype_or_subclass	IgG subclass architecture	none	mixedlm_powell	dose3	0.231176729583902	0.6331156286946351	0.3651414040442262	0.715005855515864
HPV52	cross_reactive_non_booster_target	IgG4	antibody_isotype_or_subclass	IgG subclass architecture	none	mixedlm_powell	intercept	0.1578926084570854	0.4419035916046553	0.3573010300363037	0.7208664589579044
HPV52	cross_reactive_non_booster_target	IgG4	antibody_isotype_or_subclass	IgG subclass architecture	none	mixedlm_powell	visit_v2	0.0432257821943367	0.4434755810939822	0.0974704900046713	0.9223527681853856
HPV52	cross_reactive_non_booster_target	IgG4	antibody_isotype_or_subclass	IgG subclass architecture	none	mixedlm_powell	visit_v2_dose1	1.0681440722762796	0.6271691813643988	1.7031195154592025	0.0885457045025578
HPV52	cross_reactive_non_booster_target	IgG4	antibody_isotype_or_subclass	IgG subclass architecture	none	mixedlm_powell	visit_v2_dose2	1.7754893077951792	0.6196579022443965	2.865273405478038	0.0041664934061156
HPV52	cross_reactive_non_booster_target	IgG4	antibody_isotype_or_subclass	IgG subclass architecture	none	mixedlm_powell	visit_v2_dose3	0.8709471860712173	0.6353678192917347	1.37077635918371	0.1704446826945299
HPV52	cross_reactive_non_booster_target	IgM	antibody_isotype_or_subclass	Antibody abundance	none	mixedlm_lbfgs	dose1	-0.7205146186215861	0.3445620240980968	-2.091102815255274	0.0365188484105862
HPV52	cross_reactive_non_booster_target	IgM	antibody_isotype_or_subclass	Antibody abundance	none	mixedlm_lbfgs	dose2	-0.8362704925438432	0.3404353839281775	-2.4564734807950317	0.0140308157459695
HPV52	cross_reactive_non_booster_target	IgM	antibody_isotype_or_subclass	Antibody abundance	none	mixedlm_lbfgs	dose3	-1.3150608673506738	0.3490662940192443	-3.7673670872335023	0.0001649783247903
HPV52	cross_reactive_non_booster_target	IgM	antibody_isotype_or_subclass	Antibody abundance	none	mixedlm_lbfgs	intercept	10.534217453918368	0.2436421437791271	43.23643393758725	0.0
HPV52	cross_reactive_non_booster_target	IgM	antibody_isotype_or_subclass	Antibody abundance	none	mixedlm_lbfgs	visit_v2	0.1728144156750921	0.2354705647420086	0.733910906717512	0.4630030393353865
HPV52	cross_reactive_non_booster_target	IgM	antibody_isotype_or_subclass	Antibody abundance	none	mixedlm_lbfgs	visit_v2_dose1	0.1232119130923537	0.3330056661978007	0.3699994492561205	0.7113829007563617
HPV52	cross_reactive_non_booster_target	IgM	antibody_isotype_or_subclass	Antibody abundance	none	mixedlm_lbfgs	visit_v2_dose2	-0.1016759258627345	0.3290174305164612	-0.3090289949171784	0.7572994708312178
HPV52	cross_reactive_non_booster_target	IgM	antibody_isotype_or_subclass	Antibody abundance	none	mixedlm_lbfgs	visit_v2_dose3	-0.0281574655484655	0.3373588662051218	-0.0834644302229341	0.9334822592455208
HPV58	cross_reactive_non_booster_target	FcgR2A	fc_gamma_receptor_binding	Fc-receptor engagement	moderate	mixedlm_powell	dose1	-0.9456686694438018	0.9159399559337308	-1.03245705498213	0.3018580557634879
HPV58	cross_reactive_non_booster_target	FcgR2A	fc_gamma_receptor_binding	Fc-receptor engagement	moderate	mixedlm_powell	dose2	2.226759801130658	0.9049702194246544	2.4605890374451747	0.0138709149482441
HPV58	cross_reactive_non_booster_target	FcgR2A	fc_gamma_receptor_binding	Fc-receptor engagement	moderate	mixedlm_powell	dose3	1.8091005252881835	0.9279135354478646	1.949643427083976	0.0512186335374379
HPV58	cross_reactive_non_booster_target	FcgR2A	fc_gamma_receptor_binding	Fc-receptor engagement	moderate	mixedlm_powell	intercept	4.0490025451170775	0.6476673540004494	6.251669966237434	4.06086833196012e-10
HPV58	cross_reactive_non_booster_target	FcgR2A	fc_gamma_receptor_binding	Fc-receptor engagement	moderate	mixedlm_powell	visit_v2	-0.1333733058759497	0.9159399558879346	-0.1456135907365831	0.8842264384908506
HPV58	cross_reactive_non_booster_target	FcgR2A	fc_gamma_receptor_binding	Fc-receptor engagement	moderate	mixedlm_powell	visit_v2_dose1	4.556919609275825	1.295334707936127	3.5179475863318923	0.0004348982521332
HPV58	cross_reactive_non_booster_target	FcgR2A	fc_gamma_receptor_binding	Fc-receptor engagement	moderate	mixedlm_powell	visit_v2_dose2	2.944019250856505	1.2798211577901075	2.300336443835638	0.0214291665022152
HPV58	cross_reactive_non_booster_target	FcgR2A	fc_gamma_receptor_binding	Fc-receptor engagement	moderate	mixedlm_powell	visit_v2_dose3	3.7990444694925474	1.3122679064743208	2.895022007891259	0.0037913195059457
HPV58	cross_reactive_non_booster_target	FcgR2B	fc_gamma_receptor_binding	Fc-receptor engagement	low	mixedlm_powell	dose1	0.181339693975543	0.6992656385989858	0.2593287643003112	0.7953815876334226
HPV58	cross_reactive_non_booster_target	FcgR2B	fc_gamma_receptor_binding	Fc-receptor engagement	low	mixedlm_powell	dose2	0.779434359223781	0.6908908977051219	1.1281583847938466	0.2592530354740315
HPV58	cross_reactive_non_booster_target	FcgR2B	fc_gamma_receptor_binding	Fc-receptor engagement	low	mixedlm_powell	dose3	1.4810162504901092	0.708406753877368	2.090629772209212	0.0365612647707393
HPV58	cross_reactive_non_booster_target	FcgR2B	fc_gamma_receptor_binding	Fc-receptor engagement	low	mixedlm_powell	intercept	4.815494590868861	0.4944554749040849	9.738985278306355	2.0559702378943541e-22
HPV58	cross_reactive_non_booster_target	FcgR2B	fc_gamma_receptor_binding	Fc-receptor engagement	low	mixedlm_powell	visit_v2	1.068627437123657	0.5386579198330131	1.983870277921352	0.0472703030758356
HPV58	cross_reactive_non_booster_target	FcgR2B	fc_gamma_receptor_binding	Fc-receptor engagement	low	mixedlm_powell	visit_v2_dose1	2.978850760802061	0.7617773357075245	3.910395625035707	9.21450716368108e-05
HPV58	cross_reactive_non_booster_target	FcgR2B	fc_gamma_receptor_binding	Fc-receptor engagement	low	mixedlm_powell	visit_v2_dose2	2.004014834517945	0.7526539247271844	2.662597999796976	0.0077539987090628
HPV58	cross_reactive_non_booster_target	FcgR2B	fc_gamma_receptor_binding	Fc-receptor engagement	low	mixedlm_powell	visit_v2_dose3	1.6006786546333194	0.7717356320369607	2.074128222391911	0.0380674041288803
HPV58	cross_reactive_non_booster_target	FcgR3A	fc_gamma_receptor_binding	Fc-receptor engagement	high	mixedlm_lbfgs	dose1	-0.6957606665091234	0.775307728002262	-0.8973993697984828	0.3695058487167739
HPV58	cross_reactive_non_booster_target	FcgR3A	fc_gamma_receptor_binding	Fc-receptor engagement	high	mixedlm_lbfgs	dose2	0.8817122416244745	0.7660222705500148	1.1510269029011293	0.249721167887465
HPV58	cross_reactive_non_booster_target	FcgR3A	fc_gamma_receptor_binding	Fc-receptor engagement	high	mixedlm_lbfgs	dose3	1.1441403305338078	0.7854428997119555	1.4566817409049049	0.1452042522715513
HPV58	cross_reactive_non_booster_target	FcgR3A	fc_gamma_receptor_binding	Fc-receptor engagement	high	mixedlm_lbfgs	intercept	2.6962508200053072	0.5482253519767348	4.9181432604009325	8.736896369830198e-07
HPV58	cross_reactive_non_booster_target	FcgR3A	fc_gamma_receptor_binding	Fc-receptor engagement	high	mixedlm_lbfgs	visit_v2	0.8332113437185299	0.5985495768052922	1.3920506771815375	0.163907052534269
HPV58	cross_reactive_non_booster_target	FcgR3A	fc_gamma_receptor_binding	Fc-receptor engagement	high	mixedlm_lbfgs	visit_v2_dose1	5.525292333533093	0.8464769292707227	6.527398612379638	6.692177700893086e-11
HPV58	cross_reactive_non_booster_target	FcgR3A	fc_gamma_receptor_binding	Fc-receptor engagement	high	mixedlm_lbfgs	visit_v2_dose2	4.128261707087443	0.836339115307092	4.936109804659325	7.969624818106772e-07
HPV58	cross_reactive_non_booster_target	FcgR3A	fc_gamma_receptor_binding	Fc-receptor engagement	high	mixedlm_lbfgs	visit_v2_dose3	3.4868237047743325	0.8575424568239678	4.066065390730958	4.781352509714562e-05
HPV58	cross_reactive_non_booster_target	IgA1	antibody_isotype_or_subclass	Antibody abundance	none	mixedlm_lbfgs	dose1	-0.0225494952317758	0.5189944294124144	-0.043448434036769	0.9653440693509154
HPV58	cross_reactive_non_booster_target	IgA1	antibody_isotype_or_subclass	Antibody abundance	none	mixedlm_lbfgs	dose2	0.9967323457363296	0.5127787030392496	1.9437865493022175	0.0519211964488756
HPV58	cross_reactive_non_booster_target	IgA1	antibody_isotype_or_subclass	Antibody abundance	none	mixedlm_lbfgs	dose3	0.6223534265015581	0.5257789582755833	1.1836788382378665	0.2365402189470365
HPV58	cross_reactive_non_booster_target	IgA1	antibody_isotype_or_subclass	Antibody abundance	none	mixedlm_lbfgs	intercept	8.142847512160351	0.3669844804355618	22.188533701740937	4.432098925363418e-109
HPV58	cross_reactive_non_booster_target	IgA1	antibody_isotype_or_subclass	Antibody abundance	none	mixedlm_lbfgs	visit_v2	0.8254815685332445	0.2846464293616309	2.9000243227520204	0.0037313370470403
HPV58	cross_reactive_non_booster_target	IgA1	antibody_isotype_or_subclass	Antibody abundance	none	mixedlm_lbfgs	visit_v2_dose1	0.4368082710120646	0.4025508408842937	1.085100878320156	0.2778769783736404
HPV58	cross_reactive_non_booster_target	IgA1	antibody_isotype_or_subclass	Antibody abundance	none	mixedlm_lbfgs	visit_v2_dose2	0.3715850699489476	0.3977296988133527	0.9342653341140754	0.3501670414710393
HPV58	cross_reactive_non_booster_target	IgA1	antibody_isotype_or_subclass	Antibody abundance	none	mixedlm_lbfgs	visit_v2_dose3	-0.1012567065342551	0.4078131667284545	-0.2482919012805627	0.8039085646979302
HPV58	cross_reactive_non_booster_target	IgA2	antibody_isotype_or_subclass	Antibody abundance	high	mixedlm_lbfgs	dose1	-0.3898636007509624	1.2894669835862305	-0.302344771687511	0.7623892514651591
HPV58	cross_reactive_non_booster_target	IgA2	antibody_isotype_or_subclass	Antibody abundance	high	mixedlm_lbfgs	dose2	2.0113683447265176	1.2740237081231842	1.5787526808975525	0.1143927961081694
HPV58	cross_reactive_non_booster_target	IgA2	antibody_isotype_or_subclass	Antibody abundance	high	mixedlm_lbfgs	dose3	2.982496294288704	1.3063234765897271	2.283122325930155	0.0224231638049464
HPV58	cross_reactive_non_booster_target	IgA2	antibody_isotype_or_subclass	Antibody abundance	high	mixedlm_lbfgs	intercept	2.2489984482044543	0.911790848209987	2.4665727371794217	0.0136413019774062
HPV58	cross_reactive_non_booster_target	IgA2	antibody_isotype_or_subclass	Antibody abundance	high	mixedlm_lbfgs	visit_v2	2.1763461476242494	0.8476149121841062	2.567611914727069	0.0102401728259095
HPV58	cross_reactive_non_booster_target	IgA2	antibody_isotype_or_subclass	Antibody abundance	high	mixedlm_lbfgs	visit_v2_dose1	0.9746595435741588	1.1987085044804424	0.8130913728660051	0.4161656723660192
HPV58	cross_reactive_non_booster_target	IgA2	antibody_isotype_or_subclass	Antibody abundance	high	mixedlm_lbfgs	visit_v2_dose2	-0.9099997686361156	1.1843521961218502	-0.7683523293289792	0.4422778934676378
HPV58	cross_reactive_non_booster_target	IgA2	antibody_isotype_or_subclass	Antibody abundance	high	mixedlm_lbfgs	visit_v2_dose3	-1.7208658323840145	1.21437856178025	-1.4170752733490832	0.1564609209930287
HPV58	cross_reactive_non_booster_target	IgG	antibody_isotype_or_subclass	Antibody abundance	none	mixedlm_powell	dose1	0.1196395353355242	0.4034856032265846	0.2965150042003817	0.7668368102001308
HPV58	cross_reactive_non_booster_target	IgG	antibody_isotype_or_subclass	Antibody abundance	none	mixedlm_powell	dose2	1.6981397085708965	0.3986532659932019	4.25969094807279	2.0470975366453368e-05
HPV58	cross_reactive_non_booster_target	IgG	antibody_isotype_or_subclass	Antibody abundance	none	mixedlm_powell	dose3	1.6916856422169646	0.4087601487049689	4.138577715015887	3.494654991304489e-05
HPV58	cross_reactive_non_booster_target	IgG	antibody_isotype_or_subclass	Antibody abundance	none	mixedlm_powell	intercept	8.774678470597838	0.2853074061526625	30.7551724258524	1.0427847720564634e-207
HPV58	cross_reactive_non_booster_target	IgG	antibody_isotype_or_subclass	Antibody abundance	none	mixedlm_powell	visit_v2	0.7339207789043507	0.3222546204121963	2.277456186557051	0.0227589981432203
HPV58	cross_reactive_non_booster_target	IgG	antibody_isotype_or_subclass	Antibody abundance	none	mixedlm_powell	visit_v2_dose1	3.604704822038786	0.4557368547243233	7.909618861567129	2.581780952454275e-15
HPV58	cross_reactive_non_booster_target	IgG	antibody_isotype_or_subclass	Antibody abundance	none	mixedlm_powell	visit_v2_dose2	1.7698279997842006	0.4502787314255043	3.930516536237971	8.476356325012794e-05
HPV58	cross_reactive_non_booster_target	IgG	antibody_isotype_or_subclass	Antibody abundance	none	mixedlm_powell	visit_v2_dose3	2.601481904368766	0.4616944520888801	5.634639733266621	1.7542467343731144e-08
HPV58	cross_reactive_non_booster_target	IgG1	antibody_isotype_or_subclass	IgG subclass architecture	none	mixedlm_lbfgs	dose1	-0.3083434942054089	0.4400945093659398	-0.7006301774808565	0.4835338404675869
HPV58	cross_reactive_non_booster_target	IgG1	antibody_isotype_or_subclass	IgG subclass architecture	none	mixedlm_lbfgs	dose2	1.2194376289993227	0.4348237263025302	2.8044413292914347	0.0050403860087115
HPV58	cross_reactive_non_booster_target	IgG1	antibody_isotype_or_subclass	IgG subclass architecture	none	mixedlm_lbfgs	dose3	1.356759161134654	0.4458476229488656	3.04310058257339	0.0023415405407395
HPV58	cross_reactive_non_booster_target	IgG1	antibody_isotype_or_subclass	IgG subclass architecture	none	mixedlm_lbfgs	intercept	8.094507417313514	0.3111938119356229	26.01114516694836	3.704518713560986e-149
HPV58	cross_reactive_non_booster_target	IgG1	antibody_isotype_or_subclass	IgG subclass architecture	none	mixedlm_lbfgs	visit_v2	0.6841035895221794	0.2992879211761634	2.285770795004822	0.022267671090064
HPV58	cross_reactive_non_booster_target	IgG1	antibody_isotype_or_subclass	IgG subclass architecture	none	mixedlm_lbfgs	visit_v2_dose1	3.5109971606406503	0.423257037181781	8.295189098374617	1.08412609020313e-16
HPV58	cross_reactive_non_booster_target	IgG1	antibody_isotype_or_subclass	IgG subclass architecture	none	mixedlm_lbfgs	visit_v2_dose2	1.9042639369598824	0.418187907766236	4.553608321989913	5.273349845145325e-06
HPV58	cross_reactive_non_booster_target	IgG1	antibody_isotype_or_subclass	IgG subclass architecture	none	mixedlm_lbfgs	visit_v2_dose3	2.463795010715928	0.4287900437470929	5.745924017230943	9.142035537368496e-09
HPV58	cross_reactive_non_booster_target	IgG2	antibody_isotype_or_subclass	IgG subclass architecture	none	mixedlm_lbfgs	dose1	-0.61910392507779	0.8160390707633189	-0.7586694648072221	0.4480503074007356
HPV58	cross_reactive_non_booster_target	IgG2	antibody_isotype_or_subclass	IgG subclass architecture	none	mixedlm_lbfgs	dose2	0.8999424539349703	0.8062657952015385	1.1161858276649523	0.2643425996470575
HPV58	cross_reactive_non_booster_target	IgG2	antibody_isotype_or_subclass	IgG subclass architecture	none	mixedlm_lbfgs	dose3	2.7094657631072527	0.8267067009252369	3.277420831444649	0.0010476010379327
HPV58	cross_reactive_non_booster_target	IgG2	antibody_isotype_or_subclass	IgG subclass architecture	none	mixedlm_lbfgs	intercept	2.8048082278646214	0.5770267606499115	4.860794020550339	1.1691585543325747e-06
HPV58	cross_reactive_non_booster_target	IgG2	antibody_isotype_or_subclass	IgG subclass architecture	none	mixedlm_lbfgs	visit_v2	-0.5930982554460152	0.5567663623657815	-1.065255186979785	0.2867604659855883
HPV58	cross_reactive_non_booster_target	IgG2	antibody_isotype_or_subclass	IgG subclass architecture	none	mixedlm_lbfgs	visit_v2_dose1	2.7613465341600523	0.7873865407308218	3.5069770580496296	0.0004532282221577
HPV58	cross_reactive_non_booster_target	IgG2	antibody_isotype_or_subclass	IgG subclass architecture	none	mixedlm_lbfgs	visit_v2_dose2	2.372225268424246	0.7779564216202244	3.04930353744454	0.0022937260151907
HPV58	cross_reactive_non_booster_target	IgG2	antibody_isotype_or_subclass	IgG subclass architecture	none	mixedlm_lbfgs	visit_v2_dose3	1.7807457058331375	0.7976796121190967	2.232407195543648	0.0255880626785202
HPV58	cross_reactive_non_booster_target	IgG3	antibody_isotype_or_subclass	IgG subclass architecture	low	mixedlm_powell	dose1	-0.3896144188988882	0.8233824340425111	-0.473187674147992	0.6360792907325825
HPV58	cross_reactive_non_booster_target	IgG3	antibody_isotype_or_subclass	IgG subclass architecture	low	mixedlm_powell	dose2	0.4582845646552994	0.8135212108377207	0.5633345001335398	0.5732071296789452
HPV58	cross_reactive_non_booster_target	IgG3	antibody_isotype_or_subclass	IgG subclass architecture	low	mixedlm_powell	dose3	1.0630446446208566	0.8341460599556297	1.2744106765635297	0.2025179105119152
HPV58	cross_reactive_non_booster_target	IgG3	antibody_isotype_or_subclass	IgG subclass architecture	low	mixedlm_powell	intercept	6.341029581604765	0.5822193026213449	10.891135956941554	1.270456011398438e-27
HPV58	cross_reactive_non_booster_target	IgG3	antibody_isotype_or_subclass	IgG subclass architecture	low	mixedlm_powell	visit_v2	0.157175636250603	0.6949525398106782	0.2261674391368099	0.8210711942963986
HPV58	cross_reactive_non_booster_target	IgG3	antibody_isotype_or_subclass	IgG subclass architecture	low	mixedlm_powell	visit_v2_dose1	5.348545917120158	0.9828113070058854	5.442088302193423	5.265955925859147e-08
HPV58	cross_reactive_non_booster_target	IgG3	antibody_isotype_or_subclass	IgG subclass architecture	low	mixedlm_powell	visit_v2_dose2	4.038592317448533	0.9710406871020892	4.159035116747832	3.1959476738511566e-05
HPV58	cross_reactive_non_booster_target	IgG3	antibody_isotype_or_subclass	IgG subclass architecture	low	mixedlm_powell	visit_v2_dose3	2.4496096705818733	0.995659058930659	2.460289642935366	0.0138824927535235
HPV58	cross_reactive_non_booster_target	IgG4	antibody_isotype_or_subclass	IgG subclass architecture	none	mixedlm_lbfgs	dose1	0.4389218200011651	0.6213789746421309	0.7063673505431242	0.4799597194013826
HPV58	cross_reactive_non_booster_target	IgG4	antibody_isotype_or_subclass	IgG subclass architecture	none	mixedlm_lbfgs	dose2	0.947909753983112	0.6139370418167902	1.5439852776727965	0.1225918992370126
HPV58	cross_reactive_non_booster_target	IgG4	antibody_isotype_or_subclass	IgG subclass architecture	none	mixedlm_lbfgs	dose3	0.3328783135844504	0.6295019203801011	0.5287963432795477	0.596946734701592
HPV58	cross_reactive_non_booster_target	IgG4	antibody_isotype_or_subclass	IgG subclass architecture	none	mixedlm_lbfgs	intercept	0.4323979572705828	0.4393812866561942	0.9841064478672809	0.3250631769456643
HPV58	cross_reactive_non_booster_target	IgG4	antibody_isotype_or_subclass	IgG subclass architecture	none	mixedlm_lbfgs	visit_v2	-0.1987342704400893	0.4122959658798386	-0.4820184694652319	0.6297928259648087
HPV58	cross_reactive_non_booster_target	IgG4	antibody_isotype_or_subclass	IgG subclass architecture	none	mixedlm_lbfgs	visit_v2_dose1	0.9672308969258234	0.5830745466589842	1.6588460300111785	0.0971468222743387
HPV58	cross_reactive_non_booster_target	IgG4	antibody_isotype_or_subclass	IgG subclass architecture	none	mixedlm_lbfgs	visit_v2_dose2	1.7959161439157811	0.5760913660470215	3.1174154826149496	0.0018244425031105
HPV58	cross_reactive_non_booster_target	IgG4	antibody_isotype_or_subclass	IgG subclass architecture	none	mixedlm_lbfgs	visit_v2_dose3	1.8684049045658035	0.5906967596674471	3.1630525713695903	0.0015612413554975
HPV58	cross_reactive_non_booster_target	IgM	antibody_isotype_or_subclass	Antibody abundance	none	mixedlm_lbfgs	dose1	-0.365665480852197	0.2452322047418019	-1.4910989412552724	0.1359355202681485
HPV58	cross_reactive_non_booster_target	IgM	antibody_isotype_or_subclass	Antibody abundance	none	mixedlm_lbfgs	dose2	-0.4401352064878573	0.2422951861609112	-1.8165247665942408	0.0692899123264694
HPV58	cross_reactive_non_booster_target	IgM	antibody_isotype_or_subclass	Antibody abundance	none	mixedlm_lbfgs	dose3	-0.3458092932497063	0.2484379905401831	-1.3919340294848102	0.1639423759311357
HPV58	cross_reactive_non_booster_target	IgM	antibody_isotype_or_subclass	Antibody abundance	none	mixedlm_lbfgs	intercept	11.207581100539263	0.1734053549382557	64.63226642873823	0.0
HPV58	cross_reactive_non_booster_target	IgM	antibody_isotype_or_subclass	Antibody abundance	none	mixedlm_lbfgs	visit_v2	0.2835858006847494	0.1519942344122575	1.8657668284678024	0.0620739951844642
HPV58	cross_reactive_non_booster_target	IgM	antibody_isotype_or_subclass	Antibody abundance	none	mixedlm_lbfgs	visit_v2_dose1	-0.1327294478167196	0.2149523077083294	-0.6174832418957851	0.5369160314077749
HPV58	cross_reactive_non_booster_target	IgM	antibody_isotype_or_subclass	Antibody abundance	none	mixedlm_lbfgs	visit_v2_dose2	-0.3424984199099908	0.2123779357068649	-1.612683628221742	0.1068132592047428
HPV58	cross_reactive_non_booster_target	IgM	antibody_isotype_or_subclass	Antibody abundance	none	mixedlm_lbfgs	visit_v2_dose3	-0.2412901412095119	0.2177622610588943	-1.1080438825176162	0.2678428646789289
