antigen_target	antigen_class	feature	assay_family	outcome_family	maximum_floor_severity	fit_method	coefficient	estimate	standard_error	test_statistic	p_value
BPV	heterologous_control_antigen	FcgR2A	fc_gamma_receptor_binding	Fc-receptor engagement	moderate	mixedlm_powell	intercept	1.7913192039209778	0.36752488421895296	4.874007940245481	1.0935659137746376e-06
BPV	heterologous_control_antigen	FcgR2A	fc_gamma_receptor_binding	Fc-receptor engagement	moderate	mixedlm_powell	visit_v2	-0.4065962078318939	0.48390448547636167	-0.8402406260641198	0.40077348410069125
BPV	heterologous_control_antigen	FcgR2A	fc_gamma_receptor_binding	Fc-receptor engagement	moderate	mixedlm_powell	dose1	-0.15746424966675185	0.5197586757720442	-0.30295646230985196	0.7619230412812584
BPV	heterologous_control_antigen	FcgR2A	fc_gamma_receptor_binding	Fc-receptor engagement	moderate	mixedlm_powell	dose2	1.5841420211498765	0.5135337964176834	3.084786302674834	0.0020369845276709295
BPV	heterologous_control_antigen	FcgR2A	fc_gamma_receptor_binding	Fc-receptor engagement	moderate	mixedlm_powell	dose3	1.2243849557198638	0.5265531952077348	2.3252825485881283	0.02005685682570383
BPV	heterologous_control_antigen	FcgR2A	fc_gamma_receptor_binding	Fc-receptor engagement	moderate	mixedlm_powell	visit_v2_dose1	1.7192521894398465	0.6843442862538447	2.51226206453943	0.011995996871409578
BPV	heterologous_control_antigen	FcgR2A	fc_gamma_receptor_binding	Fc-receptor engagement	moderate	mixedlm_powell	visit_v2_dose2	0.6878631283517419	0.6761482506370295	1.0173259010929558	0.3089984189899796
BPV	heterologous_control_antigen	FcgR2A	fc_gamma_receptor_binding	Fc-receptor engagement	moderate	mixedlm_powell	visit_v2_dose3	1.1421658819670126	0.6932903428958987	1.6474567887331946	0.09946419102851481
BPV	heterologous_control_antigen	FcgR2B	fc_gamma_receptor_binding	Fc-receptor engagement	high	mixedlm_powell	intercept	1.0367680805282413	0.4356682361385453	2.379719232499985	0.017325833469597728
BPV	heterologous_control_antigen	FcgR2B	fc_gamma_receptor_binding	Fc-receptor engagement	high	mixedlm_powell	visit_v2	-0.07999961351112807	0.4565753625591052	-0.17521666754581366	0.860909388118696
BPV	heterologous_control_antigen	FcgR2B	fc_gamma_receptor_binding	Fc-receptor engagement	high	mixedlm_powell	dose1	-0.2680580667997062	0.6161279282422948	-0.43506884611517116	0.6635124558316632
BPV	heterologous_control_antigen	FcgR2B	fc_gamma_receptor_binding	Fc-receptor engagement	high	mixedlm_powell	dose2	-0.5427056520771427	0.6087488844688289	-0.8915098917194517	0.3726556872665986
BPV	heterologous_control_antigen	FcgR2B	fc_gamma_receptor_binding	Fc-receptor engagement	high	mixedlm_powell	dose3	0.3816527264318262	0.6241822299373956	0.6114443957658091	0.5409054191252618
BPV	heterologous_control_antigen	FcgR2B	fc_gamma_receptor_binding	Fc-receptor engagement	high	mixedlm_powell	visit_v2_dose1	0.5082849787346374	0.645695069976502	0.787190428375324	0.4311703995201125
BPV	heterologous_control_antigen	FcgR2B	fc_gamma_receptor_binding	Fc-receptor engagement	high	mixedlm_powell	visit_v2_dose2	2.63311170664489	0.6379619159231541	4.127380711801083	3.669186571619349e-05
BPV	heterologous_control_antigen	FcgR2B	fc_gamma_receptor_binding	Fc-receptor engagement	high	mixedlm_powell	visit_v2_dose3	1.045335970211996	0.6541358866612227	1.59804100574194	0.110033851471174
BPV	heterologous_control_antigen	FcgR3A	fc_gamma_receptor_binding	Fc-receptor engagement	high	mixedlm_lbfgs	intercept	2.0505565695954098	0.43425638788010346	4.721995178022714	2.335422208567688e-06
BPV	heterologous_control_antigen	FcgR3A	fc_gamma_receptor_binding	Fc-receptor engagement	high	mixedlm_lbfgs	visit_v2	0.3682205383472616	0.3522087131223621	1.045461184315837	0.2958098713566193
BPV	heterologous_control_antigen	FcgR3A	fc_gamma_receptor_binding	Fc-receptor engagement	high	mixedlm_lbfgs	dose1	-0.061763943783871	0.6141312732871933	-0.10057124017357705	0.9198908279392841
BPV	heterologous_control_antigen	FcgR3A	fc_gamma_receptor_binding	Fc-receptor engagement	high	mixedlm_lbfgs	dose2	-0.18691082500974035	0.6067761424117457	-0.30803917943581	0.7580525199920098
BPV	heterologous_control_antigen	FcgR3A	fc_gamma_receptor_binding	Fc-receptor engagement	high	mixedlm_lbfgs	dose3	-0.1288128537584752	0.6221594738097093	-0.20704153706718817	0.8359774193476238
BPV	heterologous_control_antigen	FcgR3A	fc_gamma_receptor_binding	Fc-receptor engagement	high	mixedlm_lbfgs	visit_v2_dose1	0.26449687853498	0.49809833888361976	0.5310133720337089	0.5954095128091386
BPV	heterologous_control_antigen	FcgR3A	fc_gamma_receptor_binding	Fc-receptor engagement	high	mixedlm_lbfgs	visit_v2_dose2	0.8149560330792495	0.49213287411951084	1.6559674753232263	0.09772840561470433
BPV	heterologous_control_antigen	FcgR3A	fc_gamma_receptor_binding	Fc-receptor engagement	high	mixedlm_lbfgs	visit_v2_dose3	0.7866693163234726	0.5046097046427443	1.558965888062779	0.11900445410585618
BPV	heterologous_control_antigen	IgA1	antibody_isotype_or_subclass	Antibody abundance	low	mixedlm_powell	intercept	7.025031197990379	0.517131364669836	13.584616362373476	4.941141546419671e-42
BPV	heterologous_control_antigen	IgA1	antibody_isotype_or_subclass	Antibody abundance	low	mixedlm_powell	visit_v2	0.9966010300604478	0.5461657307144857	1.8247227425944674	0.06804287949374516
BPV	heterologous_control_antigen	IgA1	antibody_isotype_or_subclass	Antibody abundance	low	mixedlm_powell	dose1	-0.7053999892603272	0.7313341894445884	-0.9645385098104645	0.33477601096163323
BPV	heterologous_control_antigen	IgA1	antibody_isotype_or_subclass	Antibody abundance	low	mixedlm_powell	dose2	-0.26908156825128926	0.7225753801947965	-0.3723923837243784	0.7096007237376449
BPV	heterologous_control_antigen	IgA1	antibody_isotype_or_subclass	Antibody abundance	low	mixedlm_powell	dose3	-1.0421581670993807	0.7408945192587764	-1.4066215095530763	0.15953965142769067
BPV	heterologous_control_antigen	IgA1	antibody_isotype_or_subclass	Antibody abundance	low	mixedlm_powell	visit_v2_dose1	-0.7224934244077257	0.7723949836798397	-0.9353937294693794	0.349585427250378
BPV	heterologous_control_antigen	IgA1	antibody_isotype_or_subclass	Antibody abundance	low	mixedlm_powell	visit_v2_dose2	-0.40981936814212716	0.7631444106515424	-0.537014177686553	0.5912578208396662
BPV	heterologous_control_antigen	IgA1	antibody_isotype_or_subclass	Antibody abundance	low	mixedlm_powell	visit_v2_dose3	0.15615625034160951	0.7824920786842614	0.1995627235028141	0.8418225836245862
BPV	heterologous_control_antigen	IgA2	antibody_isotype_or_subclass	Antibody abundance	high	mixedlm_lbfgs	intercept	3.8105988529488037	0.7073145136124243	5.387417873679935	7.147711836679902e-08
BPV	heterologous_control_antigen	IgA2	antibody_isotype_or_subclass	Antibody abundance	high	mixedlm_lbfgs	visit_v2	0.9365258917708117	0.5402757492941604	1.733422040493821	0.08302068292199451
BPV	heterologous_control_antigen	IgA2	antibody_isotype_or_subclass	Antibody abundance	high	mixedlm_lbfgs	dose1	-1.0299930524525875	1.000293778014021	-1.0296905520071626	0.30315529213309356
BPV	heterologous_control_antigen	IgA2	antibody_isotype_or_subclass	Antibody abundance	high	mixedlm_lbfgs	dose2	-0.684601143853938	0.9883137796468828	-0.6926961436261072	0.48850025971438227
BPV	heterologous_control_antigen	IgA2	antibody_isotype_or_subclass	Antibody abundance	high	mixedlm_lbfgs	dose3	-0.3490391578820461	1.0133700686714522	-0.34443405096781987	0.7305198846876999
BPV	heterologous_control_antigen	IgA2	antibody_isotype_or_subclass	Antibody abundance	high	mixedlm_lbfgs	visit_v2_dose1	-0.8167687839674743	0.764065292073086	-1.0689777332397752	0.28507970296308105
BPV	heterologous_control_antigen	IgA2	antibody_isotype_or_subclass	Antibody abundance	high	mixedlm_lbfgs	visit_v2_dose2	-0.1569876832736253	0.7549144794292288	-0.2079542617758764	0.8352646803891398
BPV	heterologous_control_antigen	IgA2	antibody_isotype_or_subclass	Antibody abundance	high	mixedlm_lbfgs	visit_v2_dose3	-0.9625815566322071	0.7740534975983059	-1.2435594692341765	0.21366174099807334
BPV	heterologous_control_antigen	IgG	antibody_isotype_or_subclass	Antibody abundance	none	mixedlm_powell	intercept	8.147854291914916	0.22561013393844404	36.114753134883536	1.3308215426209477e-285
BPV	heterologous_control_antigen	IgG	antibody_isotype_or_subclass	Antibody abundance	none	mixedlm_powell	visit_v2	-0.07525718447832072	0.24285465952365248	-0.3098856930558137	0.7566478829213126
BPV	heterologous_control_antigen	IgG	antibody_isotype_or_subclass	Antibody abundance	none	mixedlm_powell	dose1	-0.21314282235800713	0.319060911224558	-0.6680317608946941	0.5041133188443125
BPV	heterologous_control_antigen	IgG	antibody_isotype_or_subclass	Antibody abundance	none	mixedlm_powell	dose2	0.407163714571919	0.31523968462143276	1.2916004374921153	0.19649555246974149
BPV	heterologous_control_antigen	IgG	antibody_isotype_or_subclass	Antibody abundance	none	mixedlm_powell	dose3	0.36450579670847616	0.3232318191161181	1.1276915673253405	0.2594502002086321
BPV	heterologous_control_antigen	IgG	antibody_isotype_or_subclass	Antibody abundance	none	mixedlm_powell	visit_v2_dose1	1.0825898313639688	0.3434483531838498	3.1521182772550738	0.0016209060137331098
BPV	heterologous_control_antigen	IgG	antibody_isotype_or_subclass	Antibody abundance	none	mixedlm_powell	visit_v2_dose2	0.6965766855884482	0.33933505087129545	2.0527696263615542	0.040094925647987084
BPV	heterologous_control_antigen	IgG	antibody_isotype_or_subclass	Antibody abundance	none	mixedlm_powell	visit_v2_dose3	1.3464102337795825	0.34793806469736593	3.8696836316276015	0.0001089766741990549
BPV	heterologous_control_antigen	IgG1	antibody_isotype_or_subclass	IgG subclass architecture	none	mixedlm_lbfgs	intercept	7.6364165687458465	0.20901255954260123	36.535682762113545	3.010063621442268e-292
BPV	heterologous_control_antigen	IgG1	antibody_isotype_or_subclass	IgG subclass architecture	none	mixedlm_lbfgs	visit_v2	0.14822333606418747	0.18698736193507046	0.7926917334426943	0.4279574477581204
BPV	heterologous_control_antigen	IgG1	antibody_isotype_or_subclass	IgG subclass architecture	none	mixedlm_lbfgs	dose1	-0.7704340409282932	0.2955883964114609	-2.606442100845678	0.009148829004767354
BPV	heterologous_control_antigen	IgG1	antibody_isotype_or_subclass	IgG subclass architecture	none	mixedlm_lbfgs	dose2	-0.08497921308486858	0.2920482879111512	-0.290976583676195	0.7710692285346983
BPV	heterologous_control_antigen	IgG1	antibody_isotype_or_subclass	IgG subclass architecture	none	mixedlm_lbfgs	dose3	0.13627546334795781	0.2994524610206742	0.4550821285070332	0.6490501546892797
BPV	heterologous_control_antigen	IgG1	antibody_isotype_or_subclass	IgG subclass architecture	none	mixedlm_lbfgs	visit_v2_dose1	1.0486760485833746	0.26444006324094377	3.965647397489376	7.319700204716601e-05
BPV	heterologous_control_antigen	IgG1	antibody_isotype_or_subclass	IgG subclass architecture	none	mixedlm_lbfgs	visit_v2_dose2	0.3531598813877592	0.2612730021280354	1.3516891470275034	0.17647477839296388
BPV	heterologous_control_antigen	IgG1	antibody_isotype_or_subclass	IgG subclass architecture	none	mixedlm_lbfgs	visit_v2_dose3	0.7161080655179484	0.2678969428141362	2.6730729286999586	0.007515990886780085
BPV	heterologous_control_antigen	IgG2	antibody_isotype_or_subclass	IgG subclass architecture	high	mixedlm_lbfgs	intercept	3.523011509253448	0.6313489419645186	5.580133702752668	2.4033377052063057e-08
BPV	heterologous_control_antigen	IgG2	antibody_isotype_or_subclass	IgG subclass architecture	high	mixedlm_lbfgs	visit_v2	0.7840438471067124	0.4422741164458217	1.7727554427272418	0.07626923962846083
BPV	heterologous_control_antigen	IgG2	antibody_isotype_or_subclass	IgG subclass architecture	high	mixedlm_lbfgs	dose1	-0.16930543577989635	0.892862236316126	-0.18962100634744755	0.8496061251685042
BPV	heterologous_control_antigen	IgG2	antibody_isotype_or_subclass	IgG subclass architecture	high	mixedlm_lbfgs	dose2	-0.9878994842632476	0.8821688896531253	-1.1198530075705755	0.2627764063447442
BPV	heterologous_control_antigen	IgG2	antibody_isotype_or_subclass	IgG subclass architecture	high	mixedlm_lbfgs	dose3	-1.6760426042745618	0.9045341334884686	-1.8529346126615007	0.06389173128106415
BPV	heterologous_control_antigen	IgG2	antibody_isotype_or_subclass	IgG subclass architecture	high	mixedlm_lbfgs	visit_v2_dose1	-1.435310313855019	0.6254700537642571	-2.2947706372461996	0.021746272224562536
BPV	heterologous_control_antigen	IgG2	antibody_isotype_or_subclass	IgG subclass architecture	high	mixedlm_lbfgs	visit_v2_dose2	0.10045696413067352	0.6179791242118747	0.16255721301069673	0.8708670778604947
BPV	heterologous_control_antigen	IgG2	antibody_isotype_or_subclass	IgG subclass architecture	high	mixedlm_lbfgs	visit_v2_dose3	-0.6489452501567641	0.6336464799305567	-1.0241440151737038	0.30576725737081534
BPV	heterologous_control_antigen	IgG3	antibody_isotype_or_subclass	IgG subclass architecture	low	mixedlm_powell	intercept	7.641480912135298	0.5060236266627435	15.10103582026659	1.5940939580927026e-51
BPV	heterologous_control_antigen	IgG3	antibody_isotype_or_subclass	IgG subclass architecture	low	mixedlm_powell	visit_v2	-1.2640528539383427	0.6773783648748452	-1.8660956999592002	0.062027977489854155
BPV	heterologous_control_antigen	IgG3	antibody_isotype_or_subclass	IgG subclass architecture	low	mixedlm_powell	dose1	-1.9286430381554098	0.7156254757076714	-2.6950452487010796	0.007037907289735427
BPV	heterologous_control_antigen	IgG3	antibody_isotype_or_subclass	IgG subclass architecture	low	mixedlm_powell	dose2	-0.7788828892166673	0.7070548015528431	-1.1015877234778328	0.2706409478928823
BPV	heterologous_control_antigen	IgG3	antibody_isotype_or_subclass	IgG subclass architecture	low	mixedlm_powell	dose3	-1.18857592052154	0.7249804541429014	-1.6394592622868962	0.1011176481799673
BPV	heterologous_control_antigen	IgG3	antibody_isotype_or_subclass	IgG subclass architecture	low	mixedlm_powell	visit_v2_dose1	3.6745130566199156	0.9579576704641173	3.8357781036814127	0.00012516738051777306
BPV	heterologous_control_antigen	IgG3	antibody_isotype_or_subclass	IgG subclass architecture	low	mixedlm_powell	visit_v2_dose2	2.5488919174898497	0.9464847096398156	2.6930090803683764	0.007081034045985176
BPV	heterologous_control_antigen	IgG3	antibody_isotype_or_subclass	IgG subclass architecture	low	mixedlm_powell	visit_v2_dose3	2.141916075010394	0.9704805244614446	2.2070675516121483	0.027309340320441654
BPV	heterologous_control_antigen	IgG4	antibody_isotype_or_subclass	IgG subclass architecture	high	mixedlm_lbfgs	intercept	1.1668562162599394	0.4252583791241152	2.743875896492054	0.0060718487781743526
BPV	heterologous_control_antigen	IgG4	antibody_isotype_or_subclass	IgG subclass architecture	high	mixedlm_lbfgs	visit_v2	0.19903929810108603	0.33078410725256546	0.6017196525984014	0.547360766000931
BPV	heterologous_control_antigen	IgG4	antibody_isotype_or_subclass	IgG subclass architecture	high	mixedlm_lbfgs	dose1	0.21404111673306753	0.6014061672701243	0.3559011004237507	0.7219146316709331
BPV	heterologous_control_antigen	IgG4	antibody_isotype_or_subclass	IgG subclass architecture	high	mixedlm_lbfgs	dose2	-0.41261029184589304	0.5942034383716326	-0.6943922993387901	0.48743622168046374
BPV	heterologous_control_antigen	IgG4	antibody_isotype_or_subclass	IgG subclass architecture	high	mixedlm_lbfgs	dose3	0.25299338009891315	0.6092680194771921	0.4152415226323625	0.6779651048816838
BPV	heterologous_control_antigen	IgG4	antibody_isotype_or_subclass	IgG subclass architecture	high	mixedlm_lbfgs	visit_v2_dose1	-0.3722834285356196	0.4677993706940545	-0.795818574923002	0.426137493704826
BPV	heterologous_control_antigen	IgG4	antibody_isotype_or_subclass	IgG subclass architecture	high	mixedlm_lbfgs	visit_v2_dose2	0.07560223194103571	0.4621967809146902	0.1635715242140338	0.870068463117762
BPV	heterologous_control_antigen	IgG4	antibody_isotype_or_subclass	IgG subclass architecture	high	mixedlm_lbfgs	visit_v2_dose3	-0.9403739627116058	0.47391465469862326	-1.9842685880005508	0.047225905995690626
BPV	heterologous_control_antigen	IgM	antibody_isotype_or_subclass	Antibody abundance	none	mixedlm_lbfgs	intercept	9.691258040247297	0.2244598874486162	43.17590171859032	0.0
BPV	heterologous_control_antigen	IgM	antibody_isotype_or_subclass	Antibody abundance	none	mixedlm_lbfgs	visit_v2	-0.11971997270795437	0.17095239473292936	-0.7003117616163674	0.48373262811051854
BPV	heterologous_control_antigen	IgM	antibody_isotype_or_subclass	Antibody abundance	none	mixedlm_lbfgs	dose1	-0.4326262593319807	0.3174342170385709	-1.3628847682775578	0.172918829856475
BPV	heterologous_control_antigen	IgM	antibody_isotype_or_subclass	Antibody abundance	none	mixedlm_lbfgs	dose2	-0.43492225108010774	0.31363247250573373	-1.3867258310510453	0.16552538083236723
BPV	heterologous_control_antigen	IgM	antibody_isotype_or_subclass	Antibody abundance	none	mixedlm_lbfgs	dose3	-0.6774023159829302	0.3215838600512982	-2.106456200491134	0.03516474389186549
BPV	heterologous_control_antigen	IgM	antibody_isotype_or_subclass	Antibody abundance	none	mixedlm_lbfgs	visit_v2_dose1	0.07102939771428515	0.2417631951514677	0.2937973981928239	0.768912723338073
BPV	heterologous_control_antigen	IgM	antibody_isotype_or_subclass	Antibody abundance	none	mixedlm_lbfgs	visit_v2_dose2	0.3563371317741264	0.2388677230943496	1.491775980270796	0.13575788280982043
BPV	heterologous_control_antigen	IgM	antibody_isotype_or_subclass	Antibody abundance	none	mixedlm_lbfgs	visit_v2_dose3	0.17434255277418456	0.24492363249453147	0.7118241347252483	0.4765736855436079
HPV16	vaccine_target_2vHPV_and_4vHPV	ADCP	antibody_dependent_cellular_phagocytosis	Phagocytic function	none	mixedlm_powell	intercept	4.233294382377519	0.16094400952828994	26.30290120635656	1.7766283317411571e-152
HPV16	vaccine_target_2vHPV_and_4vHPV	ADCP	antibody_dependent_cellular_phagocytosis	Phagocytic function	none	mixedlm_powell	visit_v2	1.5838570278059942	0.19515826378936477	8.115756909558586	4.827662204758573e-16
HPV16	vaccine_target_2vHPV_and_4vHPV	ADCP	antibody_dependent_cellular_phagocytosis	Phagocytic function	none	mixedlm_powell	dose1	0.8076008381940848	0.2276092010576123	3.5481906462545223	0.0003878873510232767
HPV16	vaccine_target_2vHPV_and_4vHPV	ADCP	antibody_dependent_cellular_phagocytosis	Phagocytic function	none	mixedlm_powell	dose2	1.6948487518022883	0.22488324402683926	7.536571962649259	4.8248676280633595e-14
HPV16	vaccine_target_2vHPV_and_4vHPV	ADCP	antibody_dependent_cellular_phagocytosis	Phagocytic function	none	mixedlm_powell	dose3	1.2680654015592439	0.2305846110169186	5.499349657233641	3.811945645793638e-08
HPV16	vaccine_target_2vHPV_and_4vHPV	ADCP	antibody_dependent_cellular_phagocytosis	Phagocytic function	none	mixedlm_powell	visit_v2_dose1	0.17824527990252695	0.2759954634601058	0.6458268468180518	0.5183914993503963
HPV16	vaccine_target_2vHPV_and_4vHPV	ADCP	antibody_dependent_cellular_phagocytosis	Phagocytic function	none	mixedlm_powell	visit_v2_dose2	-0.530402576255921	0.2726900093282665	-1.945075206687965	0.051765927418961584
HPV16	vaccine_target_2vHPV_and_4vHPV	ADCP	antibody_dependent_cellular_phagocytosis	Phagocytic function	none	mixedlm_powell	visit_v2_dose3	-0.10529666890821297	0.27960340042788545	-0.3765929482512528	0.7064761290830561
HPV16	vaccine_target_2vHPV_and_4vHPV	FcgR2A	fc_gamma_receptor_binding	Fc-receptor engagement	low	mixedlm_lbfgs	intercept	6.97124973128713	0.6140644452492781	11.352635354839942	7.196053914130141e-30
HPV16	vaccine_target_2vHPV_and_4vHPV	FcgR2A	fc_gamma_receptor_binding	Fc-receptor engagement	low	mixedlm_lbfgs	visit_v2	-0.4252620581827547	0.8660331141634351	-0.49104595566596376	0.6233939444987568
HPV16	vaccine_target_2vHPV_and_4vHPV	FcgR2A	fc_gamma_receptor_binding	Fc-receptor engagement	low	mixedlm_lbfgs	dose1	3.98265150634565	0.8684182666426409	4.5860982654623665	4.516061115210483e-06
HPV16	vaccine_target_2vHPV_and_4vHPV	FcgR2A	fc_gamma_receptor_binding	Fc-receptor engagement	low	mixedlm_lbfgs	dose2	5.048036966351057	0.8580176726921045	5.883371784770359	4.019915307697047e-09
HPV16	vaccine_target_2vHPV_and_4vHPV	FcgR2A	fc_gamma_receptor_binding	Fc-receptor engagement	low	mixedlm_lbfgs	dose3	4.991788734765602	0.8797706212372952	5.673966161481081	1.39528704889528e-08
HPV16	vaccine_target_2vHPV_and_4vHPV	FcgR2A	fc_gamma_receptor_binding	Fc-receptor engagement	low	mixedlm_lbfgs	visit_v2_dose1	1.4286838291717727	1.2247557755141372	1.1665050761422449	0.24341029744949716
HPV16	vaccine_target_2vHPV_and_4vHPV	FcgR2A	fc_gamma_receptor_binding	Fc-receptor engagement	low	mixedlm_lbfgs	visit_v2_dose2	0.7899889066128829	1.2100875125365018	0.6528361779033343	0.5138618975608054
HPV16	vaccine_target_2vHPV_and_4vHPV	FcgR2A	fc_gamma_receptor_binding	Fc-receptor engagement	low	mixedlm_lbfgs	visit_v2_dose3	0.8045883261196551	1.2407663344689146	0.6484607969832153	0.5166869588050602
HPV16	vaccine_target_2vHPV_and_4vHPV	FcgR2B	fc_gamma_receptor_binding	Fc-receptor engagement	moderate	mixedlm_powell	intercept	2.9442028235894524	0.41002120814822873	7.180611063721074	6.940052464998637e-13
HPV16	vaccine_target_2vHPV_and_4vHPV	FcgR2B	fc_gamma_receptor_binding	Fc-receptor engagement	moderate	mixedlm_powell	visit_v2	7.72852973993451	0.5155650656481651	14.990406167683709	8.48328508407147e-51
HPV16	vaccine_target_2vHPV_and_4vHPV	FcgR2B	fc_gamma_receptor_binding	Fc-receptor engagement	moderate	mixedlm_powell	dose1	7.658861544292583	0.5798575534238269	13.20817759304862	7.870694888369724e-40
HPV16	vaccine_target_2vHPV_and_4vHPV	FcgR2B	fc_gamma_receptor_binding	Fc-receptor engagement	moderate	mixedlm_powell	dose2	8.461896033698192	0.5729129010668141	14.769951973400142	2.288759852086171e-49
HPV16	vaccine_target_2vHPV_and_4vHPV	FcgR2B	fc_gamma_receptor_binding	Fc-receptor engagement	moderate	mixedlm_powell	dose3	8.29201434722121	0.5874377124482395	14.115563525301994	3.045714902698901e-45
HPV16	vaccine_target_2vHPV_and_4vHPV	FcgR2B	fc_gamma_receptor_binding	Fc-receptor engagement	moderate	mixedlm_powell	visit_v2_dose1	-7.160773283701716	0.7291191081254101	-9.82112963972691	9.131447879179113e-23
HPV16	vaccine_target_2vHPV_and_4vHPV	FcgR2B	fc_gamma_receptor_binding	Fc-receptor engagement	moderate	mixedlm_powell	visit_v2_dose2	-7.588275969531128	0.7203868277526042	-10.533612882962235	6.046814365717083e-26
HPV16	vaccine_target_2vHPV_and_4vHPV	FcgR2B	fc_gamma_receptor_binding	Fc-receptor engagement	moderate	mixedlm_powell	visit_v2_dose3	-7.604276553947447	0.7386504813992335	-10.294823797505126	7.435558160242191e-25
HPV16	vaccine_target_2vHPV_and_4vHPV	FcgR3A	fc_gamma_receptor_binding	Fc-receptor engagement	low	mixedlm_powell	intercept	2.9670683872279673	0.39691017125741296	7.475415351106482	7.696038518717605e-14
HPV16	vaccine_target_2vHPV_and_4vHPV	FcgR3A	fc_gamma_receptor_binding	Fc-receptor engagement	low	mixedlm_powell	visit_v2	6.662738455416506	0.5093125568339286	13.081826407019106	4.1826786384125974e-39
HPV16	vaccine_target_2vHPV_and_4vHPV	FcgR3A	fc_gamma_receptor_binding	Fc-receptor engagement	low	mixedlm_powell	dose1	7.277377487629935	0.5613157472360604	12.964855383915404	1.9359517444177294e-38
HPV16	vaccine_target_2vHPV_and_4vHPV	FcgR3A	fc_gamma_receptor_binding	Fc-receptor engagement	low	mixedlm_powell	dose2	7.504073984391261	0.5545931604489189	13.53077268085499	1.0293595893845842e-41
HPV16	vaccine_target_2vHPV_and_4vHPV	FcgR3A	fc_gamma_receptor_binding	Fc-receptor engagement	low	mixedlm_powell	dose3	8.436250829825175	0.5686535194213722	14.835485127058387	8.637721143926042e-50
HPV16	vaccine_target_2vHPV_and_4vHPV	FcgR3A	fc_gamma_receptor_binding	Fc-receptor engagement	low	mixedlm_powell	visit_v2_dose1	-5.471753640851914	0.7202767253614589	-7.59673809827189	3.0368827878498246e-14
HPV16	vaccine_target_2vHPV_and_4vHPV	FcgR3A	fc_gamma_receptor_binding	Fc-receptor engagement	low	mixedlm_powell	visit_v2_dose2	-5.395434219117994	0.711650345608453	-7.581580269598491	3.4137113240444655e-14
HPV16	vaccine_target_2vHPV_and_4vHPV	FcgR3A	fc_gamma_receptor_binding	Fc-receptor engagement	low	mixedlm_powell	visit_v2_dose3	-6.304951803361001	0.72969250702643	-8.640559883305244	5.593821108732419e-18
HPV16	vaccine_target_2vHPV_and_4vHPV	IgA1	antibody_isotype_or_subclass	Antibody abundance	none	mixedlm_powell	intercept	7.145697124682632	0.4304172761455513	16.601789753128358	6.764352523579579e-62
HPV16	vaccine_target_2vHPV_and_4vHPV	IgA1	antibody_isotype_or_subclass	Antibody abundance	none	mixedlm_powell	visit_v2	5.513085080474381	0.496530744952508	11.103209894891192	1.2101795697561577e-28
HPV16	vaccine_target_2vHPV_and_4vHPV	IgA1	antibody_isotype_or_subclass	Antibody abundance	none	mixedlm_powell	dose1	3.2019278650174496	0.6087019494047248	5.260255644242227	1.438552582963804e-07
HPV16	vaccine_target_2vHPV_and_4vHPV	IgA1	antibody_isotype_or_subclass	Antibody abundance	none	mixedlm_powell	dose2	5.839614472539137	0.6014118427178468	9.709842836066	2.737589016718269e-22
HPV16	vaccine_target_2vHPV_and_4vHPV	IgA1	antibody_isotype_or_subclass	Antibody abundance	none	mixedlm_powell	dose3	5.079581574316702	0.6166591753608474	8.237259376452656	1.7620021928907574e-16
HPV16	vaccine_target_2vHPV_and_4vHPV	IgA1	antibody_isotype_or_subclass	Antibody abundance	none	mixedlm_powell	visit_v2_dose1	-2.816994462871195	0.7022005136470526	-4.0116667648681075	6.029156451537527e-05
HPV16	vaccine_target_2vHPV_and_4vHPV	IgA1	antibody_isotype_or_subclass	Antibody abundance	none	mixedlm_powell	visit_v2_dose2	-4.876687844487829	0.6937906232810472	-7.02904836249471	2.0794689889910056e-12
HPV16	vaccine_target_2vHPV_and_4vHPV	IgA1	antibody_isotype_or_subclass	Antibody abundance	none	mixedlm_powell	visit_v2_dose3	-4.4989256409173795	0.711379994933517	-6.324222880821709	2.5451015169644474e-10
HPV16	vaccine_target_2vHPV_and_4vHPV	IgA2	antibody_isotype_or_subclass	Antibody abundance	high	mixedlm_powell	intercept	0.7844125154566057	0.7156312495657784	1.096112719969344	0.27302944876293345
HPV16	vaccine_target_2vHPV_and_4vHPV	IgA2	antibody_isotype_or_subclass	Antibody abundance	high	mixedlm_powell	visit_v2	9.63914231602742	0.7168340182850658	13.446826001767946	3.213734361776535e-41
HPV16	vaccine_target_2vHPV_and_4vHPV	IgA2	antibody_isotype_or_subclass	Antibody abundance	high	mixedlm_powell	dose1	5.33348721310467	1.0120554187939288	5.2699556902334574	1.36456695640399e-07
HPV16	vaccine_target_2vHPV_and_4vHPV	IgA2	antibody_isotype_or_subclass	Antibody abundance	high	mixedlm_powell	dose2	8.830969114884157	0.999934557371921	8.831547074534717	1.0323773137192606e-18
HPV16	vaccine_target_2vHPV_and_4vHPV	IgA2	antibody_isotype_or_subclass	Antibody abundance	high	mixedlm_powell	dose3	7.7602157124205435	1.0252854629154189	7.568834235057055	3.765883200006029e-14
HPV16	vaccine_target_2vHPV_and_4vHPV	IgA2	antibody_isotype_or_subclass	Antibody abundance	high	mixedlm_powell	visit_v2_dose1	-5.115737047670176	1.0137563906291411	-5.046317927027152	4.5040569920382253e-07
HPV16	vaccine_target_2vHPV_and_4vHPV	IgA2	antibody_isotype_or_subclass	Antibody abundance	high	mixedlm_powell	visit_v2_dose2	-7.895253975173602	1.001615157552069	-7.882522459493796	3.208373233075359e-15
HPV16	vaccine_target_2vHPV_and_4vHPV	IgA2	antibody_isotype_or_subclass	Antibody abundance	high	mixedlm_powell	visit_v2_dose3	-7.439035805208607	1.0270086706203387	-7.243401168867683	4.375701361142933e-13
HPV16	vaccine_target_2vHPV_and_4vHPV	IgG	antibody_isotype_or_subclass	Antibody abundance	none	mixedlm_powell	intercept	7.590463628588436	0.24434881887066734	31.06404877940512	7.371345763646545e-212
HPV16	vaccine_target_2vHPV_and_4vHPV	IgG	antibody_isotype_or_subclass	Antibody abundance	none	mixedlm_powell	visit_v2	6.4545725871579345	0.3195846801813926	20.1967521831597	1.0455145455924746e-90
HPV16	vaccine_target_2vHPV_and_4vHPV	IgG	antibody_isotype_or_subclass	Antibody abundance	none	mixedlm_powell	dose1	6.4704522997000415	0.34556141359674436	18.724464147640013	3.128031928330989e-78
HPV16	vaccine_target_2vHPV_and_4vHPV	IgG	antibody_isotype_or_subclass	Antibody abundance	none	mixedlm_powell	dose2	7.399191541674795	0.3414228042585416	21.671638359785057	3.7999249579248684e-104
HPV16	vaccine_target_2vHPV_and_4vHPV	IgG	antibody_isotype_or_subclass	Antibody abundance	none	mixedlm_powell	dose3	7.342849335196641	0.3500787479874022	20.974850308425115	1.113163075994832e-97
HPV16	vaccine_target_2vHPV_and_4vHPV	IgG	antibody_isotype_or_subclass	Antibody abundance	none	mixedlm_powell	visit_v2_dose1	-5.530938493056414	0.45196098903919235	-12.237645786231324	1.956247902475418e-34
HPV16	vaccine_target_2vHPV_and_4vHPV	IgG	antibody_isotype_or_subclass	Antibody abundance	none	mixedlm_powell	visit_v2_dose2	-6.44817769151081	0.44654808732000983	-14.44005220179087	2.8962269630508124e-47
HPV16	vaccine_target_2vHPV_and_4vHPV	IgG	antibody_isotype_or_subclass	Antibody abundance	none	mixedlm_powell	visit_v2_dose3	-6.39300789718332	0.4578692265873956	-13.962519265231855	2.6393661196434325e-44
HPV16	vaccine_target_2vHPV_and_4vHPV	IgG1	antibody_isotype_or_subclass	IgG subclass architecture	none	mixedlm_powell	intercept	7.09461210127317	0.2711750970316294	26.162476491879588	7.107764164313221e-151
HPV16	vaccine_target_2vHPV_and_4vHPV	IgG1	antibody_isotype_or_subclass	IgG subclass architecture	none	mixedlm_powell	visit_v2	6.354073737640918	0.32340242489616955	19.647576049192995	6.064041192975623e-86
HPV16	vaccine_target_2vHPV_and_4vHPV	IgG1	antibody_isotype_or_subclass	IgG subclass architecture	none	mixedlm_powell	dose1	6.373748500785254	0.3834994999999703	16.619965608262195	4.9961280286266595e-62
HPV16	vaccine_target_2vHPV_and_4vHPV	IgG1	antibody_isotype_or_subclass	IgG subclass architecture	none	mixedlm_powell	dose2	7.618396904402134	0.3789065259309728	20.10626997168693	6.503436278136002e-90
HPV16	vaccine_target_2vHPV_and_4vHPV	IgG1	antibody_isotype_or_subclass	IgG subclass architecture	none	mixedlm_powell	dose3	7.606288163388966	0.3885127781380543	19.57796137321935	2.383712456317858e-85
HPV16	vaccine_target_2vHPV_and_4vHPV	IgG1	antibody_isotype_or_subclass	IgG subclass architecture	none	mixedlm_powell	visit_v2_dose1	-5.018705490883963	0.4573600953925076	-10.973203699760681	5.141763619589218e-28
HPV16	vaccine_target_2vHPV_and_4vHPV	IgG1	antibody_isotype_or_subclass	IgG subclass architecture	none	mixedlm_powell	visit_v2_dose2	-6.221682287974063	0.45188253138438733	-13.768362031861061	3.950690751600214e-43
HPV16	vaccine_target_2vHPV_and_4vHPV	IgG1	antibody_isotype_or_subclass	IgG subclass architecture	none	mixedlm_powell	visit_v2_dose3	-6.141195328962336	0.4633389124899574	-13.25421880920792	4.265352436541896e-40
HPV16	vaccine_target_2vHPV_and_4vHPV	IgG2	antibody_isotype_or_subclass	IgG subclass architecture	moderate	mixedlm_powell	intercept	2.1306014310886545	0.6196274298213328	3.4385201954390645	0.0005849029076903803
HPV16	vaccine_target_2vHPV_and_4vHPV	IgG2	antibody_isotype_or_subclass	IgG subclass architecture	moderate	mixedlm_powell	visit_v2	1.2912135836911323	0.6782268202077477	1.9038079079438652	0.05693520625269405
HPV16	vaccine_target_2vHPV_and_4vHPV	IgG2	antibody_isotype_or_subclass	IgG subclass architecture	moderate	mixedlm_powell	dose1	6.450902544861928	0.8762855148717122	7.361644618542321	1.8165806444108058e-13
HPV16	vaccine_target_2vHPV_and_4vHPV	IgG2	antibody_isotype_or_subclass	IgG subclass architecture	moderate	mixedlm_powell	dose2	9.030294179926827	0.8657906989805723	10.43011225525935	1.806747203228638e-25
HPV16	vaccine_target_2vHPV_and_4vHPV	IgG2	antibody_isotype_or_subclass	IgG subclass architecture	moderate	mixedlm_powell	dose3	8.151436885659706	0.8877407136775161	9.182227152669295	4.2226594680366535e-20
HPV16	vaccine_target_2vHPV_and_4vHPV	IgG2	antibody_isotype_or_subclass	IgG subclass architecture	moderate	mixedlm_powell	visit_v2_dose1	1.20004433582978	0.9591575675029722	1.2511441044602523	0.2108819068697282
HPV16	vaccine_target_2vHPV_and_4vHPV	IgG2	antibody_isotype_or_subclass	IgG subclass architecture	moderate	mixedlm_powell	visit_v2_dose2	-0.8665395042353422	0.9476702361358538	-0.9143892793010743	0.360512333054843
HPV16	vaccine_target_2vHPV_and_4vHPV	IgG2	antibody_isotype_or_subclass	IgG subclass architecture	moderate	mixedlm_powell	visit_v2_dose3	-0.6489514323676454	0.9716961070946555	-0.6678543092119534	0.5042265954946263
HPV16	vaccine_target_2vHPV_and_4vHPV	IgG3	antibody_isotype_or_subclass	IgG subclass architecture	none	mixedlm_lbfgs	intercept	5.953363029272155	0.5408353243171146	11.007718544991796	3.5077387597385795e-28
HPV16	vaccine_target_2vHPV_and_4vHPV	IgG3	antibody_isotype_or_subclass	IgG subclass architecture	none	mixedlm_lbfgs	visit_v2	6.048283248858066	0.6174016608536814	9.796350791306754	1.1672664960322504e-22
HPV16	vaccine_target_2vHPV_and_4vHPV	IgG3	antibody_isotype_or_subclass	IgG subclass architecture	none	mixedlm_lbfgs	dose1	4.7564015807260684	0.7648566506597144	6.218683692720084	5.013427882881246e-10
HPV16	vaccine_target_2vHPV_and_4vHPV	IgG3	antibody_isotype_or_subclass	IgG subclass architecture	none	mixedlm_lbfgs	dose2	6.113178784753091	0.7556963603256184	8.089464374446653	5.992767892371938e-16
HPV16	vaccine_target_2vHPV_and_4vHPV	IgG3	antibody_isotype_or_subclass	IgG subclass architecture	none	mixedlm_lbfgs	dose3	4.707839528427522	0.7748552011806948	6.075766828762194	1.2339660539714004e-09
HPV16	vaccine_target_2vHPV_and_4vHPV	IgG3	antibody_isotype_or_subclass	IgG subclass architecture	none	mixedlm_lbfgs	visit_v2_dose1	-2.141099281284055	0.8731378022109485	-2.4521894205730073	0.014198989474430077
HPV16	vaccine_target_2vHPV_and_4vHPV	IgG3	antibody_isotype_or_subclass	IgG subclass architecture	none	mixedlm_lbfgs	visit_v2_dose2	-3.725147175734402	0.8626806848373493	-4.3181066195271836	1.5737340843860462e-05
HPV16	vaccine_target_2vHPV_and_4vHPV	IgG3	antibody_isotype_or_subclass	IgG subclass architecture	none	mixedlm_lbfgs	visit_v2_dose3	-2.5909139484929065	0.8845518526995649	-2.9290696080571115	0.003399782775376844
HPV16	vaccine_target_2vHPV_and_4vHPV	IgG4	antibody_isotype_or_subclass	IgG subclass architecture	moderate	mixedlm_lbfgs	intercept	0.0794881743492502	0.5170179733460791	0.1537435417086415	0.8778119515841298
HPV16	vaccine_target_2vHPV_and_4vHPV	IgG4	antibody_isotype_or_subclass	IgG subclass architecture	moderate	mixedlm_lbfgs	visit_v2	0.8193723152599542	0.5079705902010955	1.6130310121607256	0.10673777035887876
HPV16	vaccine_target_2vHPV_and_4vHPV	IgG4	antibody_isotype_or_subclass	IgG subclass architecture	moderate	mixedlm_lbfgs	dose1	4.310832315612894	0.7311738298966777	5.895769431767079	3.729394286893349e-09
HPV16	vaccine_target_2vHPV_and_4vHPV	IgG4	antibody_isotype_or_subclass	IgG subclass architecture	moderate	mixedlm_lbfgs	dose2	7.5838076271398664	0.7224169411897946	10.49782638631039	8.839201587562068e-26
HPV16	vaccine_target_2vHPV_and_4vHPV	IgG4	antibody_isotype_or_subclass	IgG subclass architecture	moderate	mixedlm_lbfgs	dose3	6.162375536234737	0.7407320634186523	8.319304429450412	8.848102104087878e-17
HPV16	vaccine_target_2vHPV_and_4vHPV	IgG4	antibody_isotype_or_subclass	IgG subclass architecture	moderate	mixedlm_lbfgs	visit_v2_dose1	1.6689169797853802	0.7183788979490552	2.32317094022399	0.02016997122383758
HPV16	vaccine_target_2vHPV_and_4vHPV	IgG4	antibody_isotype_or_subclass	IgG subclass architecture	moderate	mixedlm_lbfgs	visit_v2_dose2	-0.4120229157633925	0.7097752474879847	-0.580497724063514	0.5615790211097856
HPV16	vaccine_target_2vHPV_and_4vHPV	IgG4	antibody_isotype_or_subclass	IgG subclass architecture	moderate	mixedlm_lbfgs	visit_v2_dose3	-0.5415367278648471	0.7277698703595776	-0.7441043521041669	0.4568133465864762
HPV16	vaccine_target_2vHPV_and_4vHPV	IgM	antibody_isotype_or_subclass	Antibody abundance	none	mixedlm_powell	intercept	9.234732878829284	0.32759902234826294	28.189134426085232	7.946717568899193e-175
HPV16	vaccine_target_2vHPV_and_4vHPV	IgM	antibody_isotype_or_subclass	Antibody abundance	none	mixedlm_powell	visit_v2	3.971182214883761	0.37861324937078933	10.488756591279884	9.73003865290456e-26
HPV16	vaccine_target_2vHPV_and_4vHPV	IgM	antibody_isotype_or_subclass	Antibody abundance	none	mixedlm_powell	dose1	1.0547558496574878	0.46329498042508	2.276639925366197	0.02280773664114199
HPV16	vaccine_target_2vHPV_and_4vHPV	IgM	antibody_isotype_or_subclass	Antibody abundance	none	mixedlm_powell	dose2	1.8622461337779417	0.4577463373854169	4.068292811286773	4.735884517075132e-05
HPV16	vaccine_target_2vHPV_and_4vHPV	IgM	antibody_isotype_or_subclass	Antibody abundance	none	mixedlm_powell	dose3	2.010737831185096	0.46935138101191065	4.284077798705933	1.83498700372384e-05
HPV16	vaccine_target_2vHPV_and_4vHPV	IgM	antibody_isotype_or_subclass	Antibody abundance	none	mixedlm_powell	visit_v2_dose1	-2.5075609129885397	0.5354399921543176	-4.6831782267504645	2.824607106989621e-06
HPV16	vaccine_target_2vHPV_and_4vHPV	IgM	antibody_isotype_or_subclass	Antibody abundance	none	mixedlm_powell	visit_v2_dose2	-3.7250412200698024	0.5290273058288617	-7.041302365732401	1.9045120939995954e-12
HPV16	vaccine_target_2vHPV_and_4vHPV	IgM	antibody_isotype_or_subclass	Antibody abundance	none	mixedlm_powell	visit_v2_dose3	-3.2386933355612375	0.5424395048184106	-5.970607425883253	2.3637188282399037e-09
HPV16	vaccine_target_2vHPV_and_4vHPV	nAb	neutralizing_antibody	Neutralization	moderate	mixedlm_powell	intercept	5.743856189774673	0.3984303170511393	14.416212682523952	4.0918834794351704e-47
HPV16	vaccine_target_2vHPV_and_4vHPV	nAb	neutralizing_antibody	Neutralization	moderate	mixedlm_powell	visit_v2	5.100000000000003	0.4824887229617435	10.57019523418868	4.096409556925897e-26
HPV16	vaccine_target_2vHPV_and_4vHPV	nAb	neutralizing_antibody	Neutralization	moderate	mixedlm_powell	dose1	4.200000000000048	0.5634655580343334	7.45387174089553	9.064011785543925e-14
HPV16	vaccine_target_2vHPV_and_4vHPV	nAb	neutralizing_antibody	Neutralization	moderate	mixedlm_powell	dose2	6.280952380952429	0.5567172240812902	11.282123328081731	1.608168276651888e-29
HPV16	vaccine_target_2vHPV_and_4vHPV	nAb	neutralizing_antibody	Neutralization	moderate	mixedlm_powell	dose3	6.005263157894789	0.5708314335143718	10.52020404854526	6.972242485625889e-26
HPV16	vaccine_target_2vHPV_and_4vHPV	nAb	neutralizing_antibody	Neutralization	moderate	mixedlm_powell	visit_v2_dose1	0.6499999999999966	0.6823420957045728	0.9526013477577102	0.34079209410584244
HPV16	vaccine_target_2vHPV_and_4vHPV	nAb	neutralizing_antibody	Neutralization	moderate	mixedlm_powell	visit_v2_dose2	-1.62380952380953	0.6741700392827085	-2.4086052912366176	0.01601360637553487
HPV16	vaccine_target_2vHPV_and_4vHPV	nAb	neutralizing_antibody	Neutralization	moderate	mixedlm_powell	visit_v2_dose3	-1.3631578947368463	0.6912619788102622	-1.9719844813148713	0.04861137810727032
HPV18	vaccine_target_2vHPV_and_4vHPV	ADCP	antibody_dependent_cellular_phagocytosis	Phagocytic function	none	mixedlm_powell	intercept	5.031283724519218	0.08573154842642662	58.686490759431244	0.0
HPV18	vaccine_target_2vHPV_and_4vHPV	ADCP	antibody_dependent_cellular_phagocytosis	Phagocytic function	none	mixedlm_powell	visit_v2	0.6181995887552567	0.08928274574077714	6.924065603337657	4.388625127070326e-12
HPV18	vaccine_target_2vHPV_and_4vHPV	ADCP	antibody_dependent_cellular_phagocytosis	Phagocytic function	none	mixedlm_powell	dose1	-0.04221212264832675	0.12124271850789836	-0.34816212608740577	0.7277184294739732
HPV18	vaccine_target_2vHPV_and_4vHPV	ADCP	antibody_dependent_cellular_phagocytosis	Phagocytic function	none	mixedlm_powell	dose2	0.3599902225789788	0.11979065752173909	3.0051610870709955	0.002654402283216866
HPV18	vaccine_target_2vHPV_and_4vHPV	ADCP	antibody_dependent_cellular_phagocytosis	Phagocytic function	none	mixedlm_powell	dose3	0.2503178115738386	0.12282765791485344	2.037959656833674	0.04155396764374584
HPV18	vaccine_target_2vHPV_and_4vHPV	ADCP	antibody_dependent_cellular_phagocytosis	Phagocytic function	none	mixedlm_powell	visit_v2_dose1	0.28713221073733747	0.12626486991251576	2.2740466998958673	0.022963178841067317
HPV18	vaccine_target_2vHPV_and_4vHPV	ADCP	antibody_dependent_cellular_phagocytosis	Phagocytic function	none	mixedlm_powell	visit_v2_dose2	-0.05190304234077244	0.1247526612308002	-0.4160475762897641	0.6773751897145981
HPV18	vaccine_target_2vHPV_and_4vHPV	ADCP	antibody_dependent_cellular_phagocytosis	Phagocytic function	none	mixedlm_powell	visit_v2_dose3	-0.01375228091113913	0.12791546114390062	-0.10751070111585864	0.914383836265951
HPV18	vaccine_target_2vHPV_and_4vHPV	FcgR2A	fc_gamma_receptor_binding	Fc-receptor engagement	low	mixedlm_powell	intercept	5.7014493945008455	0.6095733840106365	9.35317968935691	8.505157741159089e-21
HPV18	vaccine_target_2vHPV_and_4vHPV	FcgR2A	fc_gamma_receptor_binding	Fc-receptor engagement	low	mixedlm_powell	visit_v2	-0.18342677287726583	0.8620669468849305	-0.2127755547757358	0.8315020316033699
HPV18	vaccine_target_2vHPV_and_4vHPV	FcgR2A	fc_gamma_receptor_binding	Fc-receptor engagement	low	mixedlm_powell	dose1	3.2852148356010313	0.862066946929505	3.8108581326569264	0.00013848522820981876
HPV18	vaccine_target_2vHPV_and_4vHPV	FcgR2A	fc_gamma_receptor_binding	Fc-receptor engagement	low	mixedlm_powell	dose2	4.40340666668649	0.8517424194321094	5.169880666061481	2.3424352570592852e-07
HPV18	vaccine_target_2vHPV_and_4vHPV	FcgR2A	fc_gamma_receptor_binding	Fc-receptor engagement	low	mixedlm_powell	dose3	4.363182780742191	0.8733362742131305	4.995993994035557	5.853348213984852e-07
HPV18	vaccine_target_2vHPV_and_4vHPV	FcgR2A	fc_gamma_receptor_binding	Fc-receptor engagement	low	mixedlm_powell	visit_v2_dose1	1.056869694061018	1.2191467679582355	0.8668929138294065	0.3860006864946145
HPV18	vaccine_target_2vHPV_and_4vHPV	FcgR2A	fc_gamma_receptor_binding	Fc-receptor engagement	low	mixedlm_powell	visit_v2_dose2	1.1897984798600594	1.2045456811470796	0.9877570427441352	0.32327165042203765
HPV18	vaccine_target_2vHPV_and_4vHPV	FcgR2A	fc_gamma_receptor_binding	Fc-receptor engagement	low	mixedlm_powell	visit_v2_dose3	1.104877733234841	1.2350840034407358	0.8945769924611102	0.37101325537399577
HPV18	vaccine_target_2vHPV_and_4vHPV	FcgR2B	fc_gamma_receptor_binding	Fc-receptor engagement	none	mixedlm_powell	intercept	6.127091490380877	0.39347978405638667	15.571553453691154	1.1361404529860348e-54
HPV18	vaccine_target_2vHPV_and_4vHPV	FcgR2B	fc_gamma_receptor_binding	Fc-receptor engagement	none	mixedlm_powell	visit_v2	2.7687396933893935	0.4504655975712306	6.146395436893673	7.926353252397717e-10
HPV18	vaccine_target_2vHPV_and_4vHPV	FcgR2B	fc_gamma_receptor_binding	Fc-receptor engagement	none	mixedlm_powell	dose1	2.4461983640809746	0.5564644471321784	4.395965234954037	1.102815850969365e-05
HPV18	vaccine_target_2vHPV_and_4vHPV	FcgR2B	fc_gamma_receptor_binding	Fc-receptor engagement	none	mixedlm_powell	dose2	2.373536514428598	0.5497999618434168	4.31709108612958	1.580989287865815e-05
HPV18	vaccine_target_2vHPV_and_4vHPV	FcgR2B	fc_gamma_receptor_binding	Fc-receptor engagement	none	mixedlm_powell	dose3	3.304185290193354	0.5637388009381908	5.861198989131901	4.59536888524066e-09
HPV18	vaccine_target_2vHPV_and_4vHPV	FcgR2B	fc_gamma_receptor_binding	Fc-receptor engagement	none	mixedlm_powell	visit_v2_dose1	-1.0578528960998648	0.6370545574677343	-1.6605373648134416	0.09680639758948992
HPV18	vaccine_target_2vHPV_and_4vHPV	FcgR2B	fc_gamma_receptor_binding	Fc-receptor engagement	none	mixedlm_powell	visit_v2_dose2	-0.9517926450458911	0.6294248863391247	-1.5121623972984752	0.13049255439711663
HPV18	vaccine_target_2vHPV_and_4vHPV	FcgR2B	fc_gamma_receptor_binding	Fc-receptor engagement	none	mixedlm_powell	visit_v2_dose3	-2.057959797037472	0.6453824214824723	-3.1887447326350262	0.0014289199802412715
HPV18	vaccine_target_2vHPV_and_4vHPV	FcgR3A	fc_gamma_receptor_binding	Fc-receptor engagement	low	mixedlm_lbfgs	intercept	2.8560231704437546	0.5503293970785657	5.1896612930456	2.1067694603018663e-07
HPV18	vaccine_target_2vHPV_and_4vHPV	FcgR3A	fc_gamma_receptor_binding	Fc-receptor engagement	low	mixedlm_lbfgs	visit_v2	3.8067782894436615	0.6831645237312282	5.57227162302317	2.514389864745162e-08
HPV18	vaccine_target_2vHPV_and_4vHPV	FcgR3A	fc_gamma_receptor_binding	Fc-receptor engagement	low	mixedlm_lbfgs	dose1	4.622523852826619	0.7782832971211164	5.939384630153848	2.860939262795744e-09
HPV18	vaccine_target_2vHPV_and_4vHPV	FcgR3A	fc_gamma_receptor_binding	Fc-receptor engagement	low	mixedlm_lbfgs	dose2	5.0232428170684	0.7689622028250053	6.53249639398928	6.468235490874434e-11
HPV18	vaccine_target_2vHPV_and_4vHPV	FcgR3A	fc_gamma_receptor_binding	Fc-receptor engagement	low	mixedlm_lbfgs	dose3	5.411427690258188	0.7884573668101081	6.8633104566597005	6.728278103080729e-12
HPV18	vaccine_target_2vHPV_and_4vHPV	FcgR3A	fc_gamma_receptor_binding	Fc-receptor engagement	low	mixedlm_lbfgs	visit_v2_dose1	-1.6592113220445046	0.9661405347928607	-1.7173602206849106	0.08591337515325197
HPV18	vaccine_target_2vHPV_and_4vHPV	FcgR3A	fc_gamma_receptor_binding	Fc-receptor engagement	low	mixedlm_lbfgs	visit_v2_dose2	-1.191163939227041	0.9545695720580688	-1.2478545033222361	0.2120843446359406
HPV18	vaccine_target_2vHPV_and_4vHPV	FcgR3A	fc_gamma_receptor_binding	Fc-receptor engagement	low	mixedlm_lbfgs	visit_v2_dose3	-2.336329128924906	0.9787703588771011	-2.3870043751685235	0.016986289125001042
HPV18	vaccine_target_2vHPV_and_4vHPV	IgA1	antibody_isotype_or_subclass	Antibody abundance	none	mixedlm_lbfgs	intercept	7.305476226424755	0.4226268816578707	17.285876841924978	6.010042540331417e-67
HPV18	vaccine_target_2vHPV_and_4vHPV	IgA1	antibody_isotype_or_subclass	Antibody abundance	none	mixedlm_lbfgs	visit_v2	3.8036306462243283	0.4108576036587911	9.257783262015923	2.0872030606218555e-20
HPV18	vaccine_target_2vHPV_and_4vHPV	IgA1	antibody_isotype_or_subclass	Antibody abundance	none	mixedlm_lbfgs	dose1	1.5173335521447642	0.5976846678640099	2.5386857547599004	0.011126971688530659
HPV18	vaccine_target_2vHPV_and_4vHPV	IgA1	antibody_isotype_or_subclass	Antibody abundance	none	mixedlm_lbfgs	dose2	2.485711812837901	0.5905265094285047	4.209314523819607	2.561466133522241e-05
HPV18	vaccine_target_2vHPV_and_4vHPV	IgA1	antibody_isotype_or_subclass	Antibody abundance	none	mixedlm_lbfgs	dose3	2.2628828879275757	0.6054978709552025	3.7372268284903587	0.00018606106041930514
HPV18	vaccine_target_2vHPV_and_4vHPV	IgA1	antibody_isotype_or_subclass	Antibody abundance	none	mixedlm_lbfgs	visit_v2_dose1	-1.4169067186998816	0.581040395298371	-2.4385683511251974	0.014745569807993382
HPV18	vaccine_target_2vHPV_and_4vHPV	IgA1	antibody_isotype_or_subclass	Antibody abundance	none	mixedlm_lbfgs	visit_v2_dose2	-1.923512037433734	0.574081576659375	-3.3505900827314457	0.0008063957605459717
HPV18	vaccine_target_2vHPV_and_4vHPV	IgA1	antibody_isotype_or_subclass	Antibody abundance	none	mixedlm_lbfgs	visit_v2_dose3	-2.1257300396755747	0.5886360169643529	-3.6112809587122268	0.000304688361191156
HPV18	vaccine_target_2vHPV_and_4vHPV	IgA2	antibody_isotype_or_subclass	Antibody abundance	high	mixedlm_powell	intercept	2.85388376397948	0.8640058426020538	3.30308387196165	0.0009562778153450106
HPV18	vaccine_target_2vHPV_and_4vHPV	IgA2	antibody_isotype_or_subclass	Antibody abundance	high	mixedlm_powell	visit_v2	5.806649541396872	0.8899184925927813	6.524922888700935	6.80365276991003e-11
HPV18	vaccine_target_2vHPV_and_4vHPV	IgA2	antibody_isotype_or_subclass	Antibody abundance	high	mixedlm_powell	dose1	0.03775854490382054	1.221888780577419	0.030901785419436667	0.9753478660457143
HPV18	vaccine_target_2vHPV_and_4vHPV	IgA2	antibody_isotype_or_subclass	Antibody abundance	high	mixedlm_powell	dose2	2.2173069563773895	1.2072548541071328	1.8366519288234924	0.06626129603799967
HPV18	vaccine_target_2vHPV_and_4vHPV	IgA2	antibody_isotype_or_subclass	Antibody abundance	high	mixedlm_powell	dose3	2.467540853901099	1.2378618608834933	1.9933895145133178	0.0462188111613485
HPV18	vaccine_target_2vHPV_and_4vHPV	IgA2	antibody_isotype_or_subclass	Antibody abundance	high	mixedlm_powell	visit_v2_dose1	-1.0542236519454167	1.258534801631329	-0.8376595153180655	0.40222195693341933
HPV18	vaccine_target_2vHPV_and_4vHPV	IgA2	antibody_isotype_or_subclass	Antibody abundance	high	mixedlm_powell	visit_v2_dose2	-2.401866121677093	1.243461984824986	-1.9315959401968765	0.05340939733905922
HPV18	vaccine_target_2vHPV_and_4vHPV	IgA2	antibody_isotype_or_subclass	Antibody abundance	high	mixedlm_powell	visit_v2_dose3	-2.3058979490588	1.2749869352248189	-1.808565943189214	0.07051846344502871
HPV18	vaccine_target_2vHPV_and_4vHPV	IgG	antibody_isotype_or_subclass	Antibody abundance	none	mixedlm_powell	intercept	8.355845572939419	0.27350686374220373	30.550771043227982	5.522819804990066e-205
HPV18	vaccine_target_2vHPV_and_4vHPV	IgG	antibody_isotype_or_subclass	Antibody abundance	none	mixedlm_powell	visit_v2	3.750673700139008	0.3625689802884219	10.344717568379306	4.42218269607393e-25
HPV18	vaccine_target_2vHPV_and_4vHPV	IgG	antibody_isotype_or_subclass	Antibody abundance	none	mixedlm_powell	dose1	3.9446813151973434	0.3867971161063544	10.198321422108812	2.017287560164108e-24
HPV18	vaccine_target_2vHPV_and_4vHPV	IgG	antibody_isotype_or_subclass	Antibody abundance	none	mixedlm_powell	dose2	5.404244783442525	0.3821646482042069	14.14114259086258	2.1181706336520034e-45
HPV18	vaccine_target_2vHPV_and_4vHPV	IgG	antibody_isotype_or_subclass	Antibody abundance	none	mixedlm_powell	dose3	5.216055247589653	0.3918535021669622	13.311238048772573	1.9915402491398894e-40
HPV18	vaccine_target_2vHPV_and_4vHPV	IgG	antibody_isotype_or_subclass	Antibody abundance	none	mixedlm_powell	visit_v2_dose1	-1.2044361593521316	0.512749969219668	-2.348973635600819	0.018825239705924007
HPV18	vaccine_target_2vHPV_and_4vHPV	IgG	antibody_isotype_or_subclass	Antibody abundance	none	mixedlm_powell	visit_v2_dose2	-2.582808049716114	0.5066090294987418	-5.0982274284997295	3.4284875740119977e-07
HPV18	vaccine_target_2vHPV_and_4vHPV	IgG	antibody_isotype_or_subclass	Antibody abundance	none	mixedlm_powell	visit_v2_dose3	-2.3899539955261293	0.519452867687573	-4.60090634625888	4.2065654272184444e-06
HPV18	vaccine_target_2vHPV_and_4vHPV	IgG1	antibody_isotype_or_subclass	IgG subclass architecture	none	mixedlm_lbfgs	intercept	7.738345496735956	0.2751175352705046	28.127416484475848	4.527776569842924e-174
HPV18	vaccine_target_2vHPV_and_4vHPV	IgG1	antibody_isotype_or_subclass	IgG subclass architecture	none	mixedlm_lbfgs	visit_v2	3.7676499686591556	0.31133183069818393	12.101717836592329	1.0342397591398326e-33
HPV18	vaccine_target_2vHPV_and_4vHPV	IgG1	antibody_isotype_or_subclass	IgG subclass architecture	none	mixedlm_lbfgs	dose1	3.665143577383715	0.38907494962620565	9.420147919841442	4.504529882176933e-21
HPV18	vaccine_target_2vHPV_and_4vHPV	IgG1	antibody_isotype_or_subclass	IgG subclass architecture	none	mixedlm_lbfgs	dose2	4.956953738902284	0.3844152012965995	12.894791158577767	4.815659318978016e-38
HPV18	vaccine_target_2vHPV_and_4vHPV	IgG1	antibody_isotype_or_subclass	IgG subclass architecture	none	mixedlm_lbfgs	dose3	4.876609404057105	0.39416111255219993	12.37212208094547	3.6991727564063015e-35
HPV18	vaccine_target_2vHPV_and_4vHPV	IgG1	antibody_isotype_or_subclass	IgG subclass architecture	none	mixedlm_lbfgs	visit_v2_dose1	-1.1294812195206017	0.4402896973718143	-2.5653137610594174	0.010308254321624622
HPV18	vaccine_target_2vHPV_and_4vHPV	IgG1	antibody_isotype_or_subclass	IgG subclass architecture	none	mixedlm_lbfgs	visit_v2_dose2	-2.37969933316582	0.4350165766431676	-5.47036471926867	4.491104021550736e-08
HPV18	vaccine_target_2vHPV_and_4vHPV	IgG1	antibody_isotype_or_subclass	IgG subclass architecture	none	mixedlm_lbfgs	visit_v2_dose3	-2.0566269352400606	0.44604536254023797	-4.61080219179396	4.011180825001809e-06
HPV18	vaccine_target_2vHPV_and_4vHPV	IgG2	antibody_isotype_or_subclass	IgG subclass architecture	low	mixedlm_powell	intercept	2.7571964404360187	0.496880065656925	5.54901802468314	2.8727856309536992e-08
HPV18	vaccine_target_2vHPV_and_4vHPV	IgG2	antibody_isotype_or_subclass	IgG subclass architecture	low	mixedlm_powell	visit_v2	0.6552732689055465	0.5934977686365871	1.1040871651647035	0.26955532830686413
HPV18	vaccine_target_2vHPV_and_4vHPV	IgG2	antibody_isotype_or_subclass	IgG subclass architecture	low	mixedlm_powell	dose1	3.8304104833250703	0.7026945277248573	5.451032179981459	5.007830670492678e-08
HPV18	vaccine_target_2vHPV_and_4vHPV	IgG2	antibody_isotype_or_subclass	IgG subclass architecture	low	mixedlm_powell	dose2	5.280061828719453	0.6942787208091589	7.6051039308330175	2.846750282146293e-14
HPV18	vaccine_target_2vHPV_and_4vHPV	IgG2	antibody_isotype_or_subclass	IgG subclass architecture	low	mixedlm_powell	dose3	5.885163002239673	0.7118804669857809	8.26706627751485	1.3729564331997235e-16
HPV18	vaccine_target_2vHPV_and_4vHPV	IgG2	antibody_isotype_or_subclass	IgG subclass architecture	low	mixedlm_powell	visit_v2_dose1	2.224722273873279	0.8393325936440341	2.6505848703128008	0.0080352536438233
HPV18	vaccine_target_2vHPV_and_4vHPV	IgG2	antibody_isotype_or_subclass	IgG subclass architecture	low	mixedlm_powell	visit_v2_dose2	1.879704648302297	0.8292803436727256	2.266669724712684	0.023410409209896687
HPV18	vaccine_target_2vHPV_and_4vHPV	IgG2	antibody_isotype_or_subclass	IgG subclass architecture	low	mixedlm_powell	visit_v2_dose3	0.8234841255987926	0.8503047272251661	0.968457659039603	0.3328158552232252
HPV18	vaccine_target_2vHPV_and_4vHPV	IgG3	antibody_isotype_or_subclass	IgG subclass architecture	none	mixedlm_powell	intercept	6.090468065713153	0.522858467667589	11.648406676632826	2.3378908602376805e-31
HPV18	vaccine_target_2vHPV_and_4vHPV	IgG3	antibody_isotype_or_subclass	IgG subclass architecture	none	mixedlm_powell	visit_v2	3.758988151268617	0.5379220739516555	6.987978990440998	2.7887413644998174e-12
HPV18	vaccine_target_2vHPV_and_4vHPV	IgG3	antibody_isotype_or_subclass	IgG subclass architecture	none	mixedlm_powell	dose1	0.8862825137450457	0.7394335361771179	1.1985965883115597	0.23068484543493495
HPV18	vaccine_target_2vHPV_and_4vHPV	IgG3	antibody_isotype_or_subclass	IgG subclass architecture	none	mixedlm_powell	dose2	1.7173253651291782	0.7305777252636516	2.3506401930190632	0.01874114629171231
HPV18	vaccine_target_2vHPV_and_4vHPV	IgG3	antibody_isotype_or_subclass	IgG subclass architecture	none	mixedlm_powell	dose3	1.9058155288388816	0.7490997442985969	2.544141208622825	0.010954678903139652
HPV18	vaccine_target_2vHPV_and_4vHPV	IgG3	antibody_isotype_or_subclass	IgG subclass architecture	none	mixedlm_powell	visit_v2_dose1	0.22105197285111036	0.7607366924822938	0.290576194149141	0.7713754691378973
HPV18	vaccine_target_2vHPV_and_4vHPV	IgG3	antibody_isotype_or_subclass	IgG subclass architecture	none	mixedlm_powell	visit_v2_dose2	-0.19959900711317133	0.751625744744666	-0.2655563736457389	0.7905808882212488
HPV18	vaccine_target_2vHPV_and_4vHPV	IgG3	antibody_isotype_or_subclass	IgG subclass architecture	none	mixedlm_powell	visit_v2_dose3	-1.5053250658310988	0.7706813850549311	-1.9532391660449995	0.050791262150153
HPV18	vaccine_target_2vHPV_and_4vHPV	IgG4	antibody_isotype_or_subclass	IgG subclass architecture	high	mixedlm_powell	intercept	1.1921352555058211	0.6458036900497978	1.8459715759968727	0.06489633267974759
HPV18	vaccine_target_2vHPV_and_4vHPV	IgG4	antibody_isotype_or_subclass	IgG subclass architecture	high	mixedlm_powell	visit_v2	-0.24620053578366763	0.6467439773984647	-0.3806769670651008	0.7034429619154197
HPV18	vaccine_target_2vHPV_and_4vHPV	IgG4	antibody_isotype_or_subclass	IgG subclass architecture	high	mixedlm_powell	dose1	1.7173190614440907	0.9133043370990139	1.880336040994746	0.06006229432336404
HPV18	vaccine_target_2vHPV_and_4vHPV	IgG4	antibody_isotype_or_subclass	IgG subclass architecture	high	mixedlm_powell	dose2	3.000256796898828	0.9023661660260424	3.3248773168344172	0.0008845744986213732
HPV18	vaccine_target_2vHPV_and_4vHPV	IgG4	antibody_isotype_or_subclass	IgG subclass architecture	high	mixedlm_powell	dose3	2.9913097291154003	0.9252434626170293	3.2329974217321693	0.0012249866826060545
HPV18	vaccine_target_2vHPV_and_4vHPV	IgG4	antibody_isotype_or_subclass	IgG subclass architecture	high	mixedlm_powell	visit_v2_dose1	2.2586071145452347	0.9146341042200297	2.469410558959314	0.013533584588702222
HPV18	vaccine_target_2vHPV_and_4vHPV	IgG4	antibody_isotype_or_subclass	IgG subclass architecture	high	mixedlm_powell	visit_v2_dose2	2.0563035539256322	0.9036800072178075	2.27547753353142	0.022877298909603595
HPV18	vaccine_target_2vHPV_and_4vHPV	IgG4	antibody_isotype_or_subclass	IgG subclass architecture	high	mixedlm_powell	visit_v2_dose3	2.1807146052420965	0.9265906130525905	2.3534822979243	0.01859849340098182
HPV18	vaccine_target_2vHPV_and_4vHPV	IgM	antibody_isotype_or_subclass	Antibody abundance	none	mixedlm_lbfgs	intercept	10.936603037227993	0.2151153900161572	50.84063504896861	0.0
HPV18	vaccine_target_2vHPV_and_4vHPV	IgM	antibody_isotype_or_subclass	Antibody abundance	none	mixedlm_lbfgs	visit_v2	1.2226119047871447	0.212291340675188	5.7591228210187655	8.455216551083864e-09
HPV18	vaccine_target_2vHPV_and_4vHPV	IgM	antibody_isotype_or_subclass	Antibody abundance	none	mixedlm_lbfgs	dose1	0.0017080819168383053	0.30421910203602753	0.005614643871495037	0.995520185877652
HPV18	vaccine_target_2vHPV_and_4vHPV	IgM	antibody_isotype_or_subclass	Antibody abundance	none	mixedlm_lbfgs	dose2	-0.29306674784085024	0.3005756280629316	-0.975018333088173	0.3295511661436028
HPV18	vaccine_target_2vHPV_and_4vHPV	IgM	antibody_isotype_or_subclass	Antibody abundance	none	mixedlm_lbfgs	dose3	-0.04956003064764341	0.30819599111521767	-0.16080686341281972	0.8722455193706223
HPV18	vaccine_target_2vHPV_and_4vHPV	IgM	antibody_isotype_or_subclass	Antibody abundance	none	mixedlm_lbfgs	visit_v2_dose1	-0.40122571948933056	0.30022529315721874	-1.3364154474460652	0.1814135200089343
HPV18	vaccine_target_2vHPV_and_4vHPV	IgM	antibody_isotype_or_subclass	Antibody abundance	none	mixedlm_lbfgs	visit_v2_dose2	-0.5740749538873863	0.29662965095604665	-1.9353255887842793	0.052950354165244365
HPV18	vaccine_target_2vHPV_and_4vHPV	IgM	antibody_isotype_or_subclass	Antibody abundance	none	mixedlm_lbfgs	visit_v2_dose3	-0.3973899924677763	0.304149973368497	-1.3065593531593478	0.19136240887065126
HPV18	vaccine_target_2vHPV_and_4vHPV	nAb	neutralizing_antibody	Neutralization	high	mixedlm_powell	intercept	5.693856189774701	0.38109821360996743	14.940653055912884	1.7921030390014073e-50
HPV18	vaccine_target_2vHPV_and_4vHPV	nAb	neutralizing_antibody	Neutralization	high	mixedlm_powell	visit_v2	3.9000000000000212	0.40921856396493705	9.530359429965117	1.5673960033209288e-21
HPV18	vaccine_target_2vHPV_and_4vHPV	nAb	neutralizing_antibody	Neutralization	high	mixedlm_powell	dose1	2.5500000000000265	0.5389542622833746	4.731384791719621	2.2299336340286723e-06
HPV18	vaccine_target_2vHPV_and_4vHPV	nAb	neutralizing_antibody	Neutralization	high	mixedlm_powell	dose2	3.8547619047619386	0.5324994873722119	7.238996461357151	4.520168223261533e-13
HPV18	vaccine_target_2vHPV_and_4vHPV	nAb	neutralizing_antibody	Neutralization	high	mixedlm_powell	dose3	4.055263157894768	0.5459997150689261	7.427225776817189	1.1089897704530456e-13
HPV18	vaccine_target_2vHPV_and_4vHPV	nAb	neutralizing_antibody	Neutralization	high	mixedlm_powell	visit_v2_dose1	2.1999999999999797	0.5787224431340561	3.801476901579863	0.0001438361497520298
HPV18	vaccine_target_2vHPV_and_4vHPV	nAb	neutralizing_antibody	Neutralization	high	mixedlm_powell	visit_v2_dose2	1.3380952380952127	0.5717913854026594	2.3401808286302126	0.01927440511390225
HPV18	vaccine_target_2vHPV_and_4vHPV	nAb	neutralizing_antibody	Neutralization	high	mixedlm_powell	visit_v2_dose3	1.2578947368420819	0.5862877634856674	2.14552445946253	0.03191093793896824
HPV31	cross_reactive_non_booster_target	FcgR2A	fc_gamma_receptor_binding	Fc-receptor engagement	low	mixedlm_powell	intercept	4.752766671989046	0.7364141600240803	6.453931673222624	1.0898496295248731e-10
HPV31	cross_reactive_non_booster_target	FcgR2A	fc_gamma_receptor_binding	Fc-receptor engagement	low	mixedlm_powell	visit_v2	-1.0157618476208323	1.041446892178154	-0.9753371537711327	0.3293930465522743
HPV31	cross_reactive_non_booster_target	FcgR2A	fc_gamma_receptor_binding	Fc-receptor engagement	low	mixedlm_powell	dose1	0.7760682104746688	1.0414468926296439	0.7451827029942004	0.45616127794568473
HPV31	cross_reactive_non_booster_target	FcgR2A	fc_gamma_receptor_binding	Fc-receptor engagement	low	mixedlm_powell	dose2	3.694579748935381	1.0289740248108168	3.5905471468190386	0.0003299845322824172
HPV31	cross_reactive_non_booster_target	FcgR2A	fc_gamma_receptor_binding	Fc-receptor engagement	low	mixedlm_powell	dose3	3.595910466675038	1.0550611553308886	3.4082483735715656	0.0006538135415017565
HPV31	cross_reactive_non_booster_target	FcgR2A	fc_gamma_receptor_binding	Fc-receptor engagement	low	mixedlm_powell	visit_v2_dose1	4.751731070667724	1.4728283194096505	3.2262627001715627	0.0012541818457577696
HPV31	cross_reactive_non_booster_target	FcgR2A	fc_gamma_receptor_binding	Fc-receptor engagement	low	mixedlm_powell	visit_v2_dose2	3.345815747608183	1.4551890205862255	2.2992310279116284	0.02149182399017969
HPV31	cross_reactive_non_booster_target	FcgR2A	fc_gamma_receptor_binding	Fc-receptor engagement	low	mixedlm_powell	visit_v2_dose3	3.358920551156078	1.492081794355114	2.2511638194793617	0.024375163521036306
HPV31	cross_reactive_non_booster_target	FcgR2B	fc_gamma_receptor_binding	Fc-receptor engagement	moderate	mixedlm_powell	intercept	3.674320321969446	0.6422431885083664	5.721073244082497	1.0585324892123184e-08
HPV31	cross_reactive_non_booster_target	FcgR2B	fc_gamma_receptor_binding	Fc-receptor engagement	moderate	mixedlm_powell	visit_v2	2.3336024071487675	0.7077415419134527	3.2972522721213045	0.0009763576220353552
HPV31	cross_reactive_non_booster_target	FcgR2B	fc_gamma_receptor_binding	Fc-receptor engagement	moderate	mixedlm_powell	dose1	1.6039961089531947	0.9082690275302722	1.765992300006877	0.07739714069383123
HPV31	cross_reactive_non_booster_target	FcgR2B	fc_gamma_receptor_binding	Fc-receptor engagement	moderate	mixedlm_powell	dose2	2.830305672412209	0.8973911617413455	3.153926395842961	0.0016108970900094186
HPV31	cross_reactive_non_booster_target	FcgR2B	fc_gamma_receptor_binding	Fc-receptor engagement	moderate	mixedlm_powell	dose3	3.624018055478933	0.9201423292144115	3.9385407457268107	8.197867396269316e-05
HPV31	cross_reactive_non_booster_target	FcgR2B	fc_gamma_receptor_binding	Fc-receptor engagement	moderate	mixedlm_powell	visit_v2_dose1	2.7466914826745192	1.0008976872288549	2.7442280242241077	0.006065339086550797
HPV31	cross_reactive_non_booster_target	FcgR2B	fc_gamma_receptor_binding	Fc-receptor engagement	moderate	mixedlm_powell	visit_v2_dose2	1.0113138014348084	0.9889104561551192	1.0226545741732709	0.30647119640596854
HPV31	cross_reactive_non_booster_target	FcgR2B	fc_gamma_receptor_binding	Fc-receptor engagement	moderate	mixedlm_powell	visit_v2_dose3	0.38016561615060407	1.0139818724594578	0.3749234838178079	0.7077173733351441
HPV31	cross_reactive_non_booster_target	FcgR3A	fc_gamma_receptor_binding	Fc-receptor engagement	moderate	mixedlm_powell	intercept	2.621114728386843	0.565200803753446	4.637492924603546	3.526606786910151e-06
HPV31	cross_reactive_non_booster_target	FcgR3A	fc_gamma_receptor_binding	Fc-receptor engagement	moderate	mixedlm_powell	visit_v2	2.016036329411983	0.6702726009377462	3.0077856779337893	0.0026315865544592103
HPV31	cross_reactive_non_booster_target	FcgR3A	fc_gamma_receptor_binding	Fc-receptor engagement	moderate	mixedlm_powell	dose1	2.0197066284533953	0.799314642132298	2.5267979866670642	0.011510769199372078
HPV31	cross_reactive_non_booster_target	FcgR3A	fc_gamma_receptor_binding	Fc-receptor engagement	moderate	mixedlm_powell	dose2	3.6667588708245593	0.7897416663545355	4.642985202680767	3.434109543133175e-06
HPV31	cross_reactive_non_booster_target	FcgR3A	fc_gamma_receptor_binding	Fc-receptor engagement	moderate	mixedlm_powell	dose3	4.234663392344705	0.8097636430328273	5.229505459746893	1.6996408239955037e-07
HPV31	cross_reactive_non_booster_target	FcgR3A	fc_gamma_receptor_binding	Fc-receptor engagement	moderate	mixedlm_powell	visit_v2_dose1	3.383539024000498	0.9479086027332495	3.5694781271572213	0.00035769307945799673
HPV31	cross_reactive_non_booster_target	FcgR3A	fc_gamma_receptor_binding	Fc-receptor engagement	moderate	mixedlm_powell	visit_v2_dose2	2.094344003448143	0.9365559943670487	2.2362186735706717	0.02533745059853234
HPV31	cross_reactive_non_booster_target	FcgR3A	fc_gamma_receptor_binding	Fc-receptor engagement	moderate	mixedlm_powell	visit_v2_dose3	1.5590752718294412	0.9603000907925163	1.6235292350568953	0.1044763190100895
HPV31	cross_reactive_non_booster_target	IgA1	antibody_isotype_or_subclass	Antibody abundance	low	mixedlm_lbfgs	intercept	6.767870413212738	0.5707435302378921	11.857988842014233	1.9561740995561227e-32
HPV31	cross_reactive_non_booster_target	IgA1	antibody_isotype_or_subclass	Antibody abundance	low	mixedlm_lbfgs	visit_v2	2.4189533227668045	0.5580101734727551	4.334962761901886	1.4578479883708637e-05
HPV31	cross_reactive_non_booster_target	IgA1	antibody_isotype_or_subclass	Antibody abundance	low	mixedlm_lbfgs	dose1	0.9641210576032165	0.8071532410991265	1.1944708990951234	0.23229381755796796
HPV31	cross_reactive_non_booster_target	IgA1	antibody_isotype_or_subclass	Antibody abundance	low	mixedlm_lbfgs	dose2	1.6908502020505825	0.7974863864980751	2.12022453383242	0.03398711436626551
HPV31	cross_reactive_non_booster_target	IgA1	antibody_isotype_or_subclass	Antibody abundance	low	mixedlm_lbfgs	dose3	1.9743922885317324	0.8177047116947497	2.4145541297416124	0.01575448186846687
HPV31	cross_reactive_non_booster_target	IgA1	antibody_isotype_or_subclass	Antibody abundance	low	mixedlm_lbfgs	visit_v2_dose1	1.0975084990016315	0.7891455552673319	1.390755471758107	0.16429959002272188
HPV31	cross_reactive_non_booster_target	IgA1	antibody_isotype_or_subclass	Antibody abundance	low	mixedlm_lbfgs	visit_v2_dose2	0.8106258206536948	0.7796943693544225	1.0396712513454256	0.29849266142761155
HPV31	cross_reactive_non_booster_target	IgA1	antibody_isotype_or_subclass	Antibody abundance	low	mixedlm_lbfgs	visit_v2_dose3	0.9623555996318834	0.79946162128564	1.2037545943534955	0.22868444412286615
HPV31	cross_reactive_non_booster_target	IgA2	antibody_isotype_or_subclass	Antibody abundance	high	mixedlm_powell	intercept	1.8150123700909242	0.9903432491015663	1.8327103978721446	0.06684565016828622
HPV31	cross_reactive_non_booster_target	IgA2	antibody_isotype_or_subclass	Antibody abundance	high	mixedlm_powell	visit_v2	3.464110451171125	1.042824619638267	3.3218533451701107	0.0008942168045082752
HPV31	cross_reactive_non_booster_target	IgA2	antibody_isotype_or_subclass	Antibody abundance	high	mixedlm_powell	dose1	1.1804528069040139	1.4005568542840716	0.8428453320500372	0.3993149511888523
HPV31	cross_reactive_non_booster_target	IgA2	antibody_isotype_or_subclass	Antibody abundance	high	mixedlm_powell	dose2	1.272627826329293	1.3837831132130038	0.9196728982870591	0.3577437193416373
HPV31	cross_reactive_non_booster_target	IgA2	antibody_isotype_or_subclass	Antibody abundance	high	mixedlm_powell	dose3	2.9211723858061247	1.4188655640965395	2.0588084309919643	0.03951259369750021
HPV31	cross_reactive_non_booster_target	IgA2	antibody_isotype_or_subclass	Antibody abundance	high	mixedlm_powell	visit_v2_dose1	0.639108232660309	1.4747767202690003	0.43335931729633975	0.6647537510956538
HPV31	cross_reactive_non_booster_target	IgA2	antibody_isotype_or_subclass	Antibody abundance	high	mixedlm_powell	visit_v2_dose2	1.43721728258416	1.4571140864617667	0.9863450610611274	0.3239638146155136
HPV31	cross_reactive_non_booster_target	IgA2	antibody_isotype_or_subclass	Antibody abundance	high	mixedlm_powell	visit_v2_dose3	1.1077402591489787	1.4940556655877826	0.741431718150326	0.45843171877574784
HPV31	cross_reactive_non_booster_target	IgG	antibody_isotype_or_subclass	Antibody abundance	none	mixedlm_powell	intercept	7.408559897377393	0.4008122983824729	18.483863711955806	2.7850418612003676e-76
HPV31	cross_reactive_non_booster_target	IgG	antibody_isotype_or_subclass	Antibody abundance	none	mixedlm_powell	visit_v2	2.032957307307011	0.47476681002056187	4.282012272970313	1.8521076409917104e-05
HPV31	cross_reactive_non_booster_target	IgG	antibody_isotype_or_subclass	Antibody abundance	none	mixedlm_powell	dose1	2.0395927368196727	0.5668341883384246	3.5982175718765	0.0003204055351208548
HPV31	cross_reactive_non_booster_target	IgG	antibody_isotype_or_subclass	Antibody abundance	none	mixedlm_powell	dose2	3.9784611037015405	0.5600455100521171	7.103817515350333	1.2135707613931357e-12
HPV31	cross_reactive_non_booster_target	IgG	antibody_isotype_or_subclass	Antibody abundance	none	mixedlm_powell	dose3	3.838224251199627	0.5742441000705543	6.683959401111906	2.3257126212553633e-11
HPV31	cross_reactive_non_booster_target	IgG	antibody_isotype_or_subclass	Antibody abundance	none	mixedlm_powell	visit_v2_dose1	3.0086956663163944	0.6714216616956905	4.4810822139962925	7.4265494174094294e-06
HPV31	cross_reactive_non_booster_target	IgG	antibody_isotype_or_subclass	Antibody abundance	none	mixedlm_powell	visit_v2_dose2	1.0489519633589277	0.6633803936326766	1.581222438026632	0.11382718668206646
HPV31	cross_reactive_non_booster_target	IgG	antibody_isotype_or_subclass	Antibody abundance	none	mixedlm_powell	visit_v2_dose3	1.2731231416571978	0.6801987879709928	1.871692752430324	0.06124912281072634
HPV31	cross_reactive_non_booster_target	IgG1	antibody_isotype_or_subclass	IgG subclass architecture	none	mixedlm_powell	intercept	6.505945700416319	0.40069410254245225	16.236689432500533	2.7750143837472925e-59
HPV31	cross_reactive_non_booster_target	IgG1	antibody_isotype_or_subclass	IgG subclass architecture	none	mixedlm_powell	visit_v2	1.9731375636557502	0.4585077391053434	4.3033898784474305	1.6820447072816008e-05
HPV31	cross_reactive_non_booster_target	IgG1	antibody_isotype_or_subclass	IgG subclass architecture	none	mixedlm_powell	dose1	2.1058764885930534	0.566667034178451	3.716250216754068	0.00020220134496332402
HPV31	cross_reactive_non_booster_target	IgG1	antibody_isotype_or_subclass	IgG subclass architecture	none	mixedlm_powell	dose2	3.910986273788187	0.5598803578105873	6.985396467706249	2.8405267027540735e-12
HPV31	cross_reactive_non_booster_target	IgG1	antibody_isotype_or_subclass	IgG subclass architecture	none	mixedlm_powell	dose3	3.8495010947088235	0.5740747607961387	6.7055745306939745	2.0061546482186417e-11
HPV31	cross_reactive_non_booster_target	IgG1	antibody_isotype_or_subclass	IgG subclass architecture	none	mixedlm_powell	visit_v2_dose1	2.7033129818176773	0.6484278630957998	4.16902655742029	3.059033472519474e-05
HPV31	cross_reactive_non_booster_target	IgG1	antibody_isotype_or_subclass	IgG subclass architecture	none	mixedlm_powell	visit_v2_dose2	0.7330992021390362	0.6406619798004768	1.1442839207772988	0.2525059093992613
HPV31	cross_reactive_non_booster_target	IgG1	antibody_isotype_or_subclass	IgG subclass architecture	none	mixedlm_powell	visit_v2_dose3	1.2109513762490391	0.6569044040826405	1.843421004217682	0.06526756569446485
HPV31	cross_reactive_non_booster_target	IgG2	antibody_isotype_or_subclass	IgG subclass architecture	high	mixedlm_powell	intercept	2.0480732013769045	0.5719233393693738	3.5810274916131144	0.00034224563636244183
HPV31	cross_reactive_non_booster_target	IgG2	antibody_isotype_or_subclass	IgG subclass architecture	high	mixedlm_powell	visit_v2	-0.23522945806085221	0.6615857129611137	-0.3555540173442022	0.7221745849108884
HPV31	cross_reactive_non_booster_target	IgG2	antibody_isotype_or_subclass	IgG subclass architecture	high	mixedlm_powell	dose1	-0.07229379984922271	0.8088217431738793	-0.08938162266204198	0.9287786279998412
HPV31	cross_reactive_non_booster_target	IgG2	antibody_isotype_or_subclass	IgG subclass architecture	high	mixedlm_powell	dose2	0.440486191228894	0.7991349057911987	0.551203793047661	0.5814939801901808
HPV31	cross_reactive_non_booster_target	IgG2	antibody_isotype_or_subclass	IgG subclass architecture	high	mixedlm_powell	dose3	2.3161730188323997	0.8193950251798816	2.826686698914154	0.004703231847966888
HPV31	cross_reactive_non_booster_target	IgG2	antibody_isotype_or_subclass	IgG subclass architecture	high	mixedlm_powell	visit_v2_dose1	3.752642401026966	0.9356234879418821	4.010846723484637	6.050138006758127e-05
HPV31	cross_reactive_non_booster_target	IgG2	antibody_isotype_or_subclass	IgG subclass architecture	high	mixedlm_powell	visit_v2_dose2	4.029437368249522	0.9244180120065487	4.358891016741652	1.307231878810631e-05
HPV31	cross_reactive_non_booster_target	IgG2	antibody_isotype_or_subclass	IgG subclass architecture	high	mixedlm_powell	visit_v2_dose3	2.0210202539809394	0.9478543794491129	2.1322054292301145	0.03298996234134965
HPV31	cross_reactive_non_booster_target	IgG3	antibody_isotype_or_subclass	IgG subclass architecture	none	mixedlm_powell	intercept	4.492651426511362	0.7720620127112527	5.819029239289345	5.919038052902988e-09
HPV31	cross_reactive_non_booster_target	IgG3	antibody_isotype_or_subclass	IgG subclass architecture	none	mixedlm_powell	visit_v2	1.6810237828465096	0.8448117887929895	1.9898204607777121	0.046610716680439826
HPV31	cross_reactive_non_booster_target	IgG3	antibody_isotype_or_subclass	IgG subclass architecture	none	mixedlm_powell	dose1	0.9185723840647614	1.0918605693693235	0.8412909210517088	0.4001849755624092
HPV31	cross_reactive_non_booster_target	IgG3	antibody_isotype_or_subclass	IgG subclass architecture	none	mixedlm_powell	dose2	2.2002919047699745	1.078783923162289	2.0396039072589787	0.04138979258065196
HPV31	cross_reactive_non_booster_target	IgG3	antibody_isotype_or_subclass	IgG subclass architecture	none	mixedlm_powell	dose3	2.2098079471244225	1.106133862352119	1.9977762387867006	0.04574092450766624
HPV31	cross_reactive_non_booster_target	IgG3	antibody_isotype_or_subclass	IgG subclass architecture	none	mixedlm_powell	visit_v2_dose1	5.777050360157835	1.194744289363723	4.835386460172561	1.3288720742402103e-06
HPV31	cross_reactive_non_booster_target	IgG3	antibody_isotype_or_subclass	IgG subclass architecture	none	mixedlm_powell	visit_v2_dose2	4.140516782289358	1.1804354583479568	3.5076181022926014	0.0004521376099912469
HPV31	cross_reactive_non_booster_target	IgG3	antibody_isotype_or_subclass	IgG subclass architecture	none	mixedlm_powell	visit_v2_dose3	3.104282299644467	1.2103625246586018	2.5647541429953553	0.010324893559859898
HPV31	cross_reactive_non_booster_target	IgG4	antibody_isotype_or_subclass	IgG subclass architecture	high	mixedlm_lbfgs	intercept	0.1504494391613652	0.4143178498690284	0.3631256514990226	0.7165110234629426
HPV31	cross_reactive_non_booster_target	IgG4	antibody_isotype_or_subclass	IgG subclass architecture	high	mixedlm_lbfgs	visit_v2	-0.007054615961730714	0.4137689862130284	-0.0170496489509696	0.9863970073816262
HPV31	cross_reactive_non_booster_target	IgG4	antibody_isotype_or_subclass	IgG subclass architecture	high	mixedlm_lbfgs	dose1	0.7684534473052799	0.5859339224180401	1.3115018910904077	0.18968825524520216
HPV31	cross_reactive_non_booster_target	IgG4	antibody_isotype_or_subclass	IgG subclass architecture	high	mixedlm_lbfgs	dose2	0.9068764008412735	0.5789164965496563	1.5665064067896823	0.11723010987532981
HPV31	cross_reactive_non_booster_target	IgG4	antibody_isotype_or_subclass	IgG subclass architecture	high	mixedlm_lbfgs	dose3	0.7139618544802464	0.5935935144738848	1.2027790686241693	0.229061826775523
HPV31	cross_reactive_non_booster_target	IgG4	antibody_isotype_or_subclass	IgG subclass architecture	high	mixedlm_lbfgs	visit_v2_dose1	1.996411415943361	0.5851577119918308	3.4117493028464647	0.0006454744710291135
HPV31	cross_reactive_non_booster_target	IgG4	antibody_isotype_or_subclass	IgG subclass architecture	high	mixedlm_lbfgs	visit_v2_dose2	1.787362845879304	0.5781495823920462	3.091523198000486	0.001991324220274149
HPV31	cross_reactive_non_booster_target	IgG4	antibody_isotype_or_subclass	IgG subclass architecture	high	mixedlm_lbfgs	visit_v2_dose3	1.9585541716120476	0.5928071570754883	3.3038639095962274	0.0009536211247974924
HPV31	cross_reactive_non_booster_target	IgM	antibody_isotype_or_subclass	Antibody abundance	none	mixedlm_powell	intercept	9.052589484434165	0.3335696492963175	27.1385286507063	3.4584392888685108e-162
HPV31	cross_reactive_non_booster_target	IgM	antibody_isotype_or_subclass	Antibody abundance	none	mixedlm_powell	visit_v2	1.5753647784969076	0.3478448814159434	4.528929021707033	5.928340785789522e-06
HPV31	cross_reactive_non_booster_target	IgM	antibody_isotype_or_subclass	Antibody abundance	none	mixedlm_powell	dose1	-0.4409206738253456	0.47173872203088907	-0.9346713619927822	0.34995768991529663
HPV31	cross_reactive_non_booster_target	IgM	antibody_isotype_or_subclass	Antibody abundance	none	mixedlm_powell	dose2	-0.39060795462482156	0.46608895268926004	-0.8380545223633279	0.40200008284443023
HPV31	cross_reactive_non_booster_target	IgM	antibody_isotype_or_subclass	Antibody abundance	none	mixedlm_powell	dose3	-0.30801151702500884	0.4779055030098612	-0.6445029719999966	0.5192493310348589
HPV31	cross_reactive_non_booster_target	IgM	antibody_isotype_or_subclass	Antibody abundance	none	mixedlm_powell	visit_v2_dose1	0.20979416212122823	0.49192694890048916	0.42647422059340573	0.6697623288862339
HPV31	cross_reactive_non_booster_target	IgM	antibody_isotype_or_subclass	Antibody abundance	none	mixedlm_powell	visit_v2_dose2	-0.6367771839040474	0.48603539566471904	-1.3101457004652275	0.19014655077072973
HPV31	cross_reactive_non_booster_target	IgM	antibody_isotype_or_subclass	Antibody abundance	none	mixedlm_powell	visit_v2_dose3	-0.2093248643123525	0.4983576394710306	-0.42002940806633404	0.6744639704913644
HPV33	cross_reactive_non_booster_target	FcgR2A	fc_gamma_receptor_binding	Fc-receptor engagement	moderate	mixedlm_powell	intercept	3.5475314023450424	0.5673439313374723	6.2528762649879654	4.029613964707514e-10
HPV33	cross_reactive_non_booster_target	FcgR2A	fc_gamma_receptor_binding	Fc-receptor engagement	moderate	mixedlm_powell	visit_v2	-0.5411164284058422	0.8023454821047008	-0.674418240614247	0.5000454492356761
HPV33	cross_reactive_non_booster_target	FcgR2A	fc_gamma_receptor_binding	Fc-receptor engagement	moderate	mixedlm_powell	dose1	-1.0377810984981357	0.8023454822275241	-1.2934342144196784	0.1958609230509124
HPV33	cross_reactive_non_booster_target	FcgR2A	fc_gamma_receptor_binding	Fc-receptor engagement	moderate	mixedlm_powell	dose2	0.5260436055893015	0.792736207654158	0.6635796378545071	0.5069593932492366
HPV33	cross_reactive_non_booster_target	FcgR2A	fc_gamma_receptor_binding	Fc-receptor engagement	moderate	mixedlm_powell	dose3	-0.23200054838380102	0.812834103634441	-0.2854217697639069	0.7753210310281808
HPV33	cross_reactive_non_booster_target	FcgR2A	fc_gamma_receptor_binding	Fc-receptor engagement	moderate	mixedlm_powell	visit_v2_dose1	3.582154333969469	1.1346878625012506	3.156951310004447	0.0015942796478106524
HPV33	cross_reactive_non_booster_target	FcgR2A	fc_gamma_receptor_binding	Fc-receptor engagement	moderate	mixedlm_powell	visit_v2_dose2	3.0950478318781918	1.1210982960771096	2.7607283346234905	0.005767262738950157
HPV33	cross_reactive_non_booster_target	FcgR2A	fc_gamma_receptor_binding	Fc-receptor engagement	moderate	mixedlm_powell	visit_v2_dose3	4.170950339597804	1.1495210131432387	3.6284246150427464	0.00028515598804874015
HPV33	cross_reactive_non_booster_target	FcgR2B	fc_gamma_receptor_binding	Fc-receptor engagement	none	mixedlm_powell	intercept	5.439298219448445	0.3584717714089516	15.173574750585278	5.291467159659061e-52
HPV33	cross_reactive_non_booster_target	FcgR2B	fc_gamma_receptor_binding	Fc-receptor engagement	none	mixedlm_powell	visit_v2	0.9672134974712844	0.36021607910696046	2.6850925141075828	0.007250973234979777
HPV33	cross_reactive_non_booster_target	FcgR2B	fc_gamma_receptor_binding	Fc-receptor engagement	none	mixedlm_powell	dose1	0.6420957494783731	0.506955640854447	1.2665718609939018	0.2053084192856065
HPV33	cross_reactive_non_booster_target	FcgR2B	fc_gamma_receptor_binding	Fc-receptor engagement	none	mixedlm_powell	dose2	0.23455934789748478	0.5008840967909562	0.46829066724268154	0.6395767415631013
HPV33	cross_reactive_non_booster_target	FcgR2B	fc_gamma_receptor_binding	Fc-receptor engagement	none	mixedlm_powell	dose3	0.5420137989885537	0.5135827932530137	1.055358174201007	0.2912615443206438
HPV33	cross_reactive_non_booster_target	FcgR2B	fc_gamma_receptor_binding	Fc-receptor engagement	none	mixedlm_powell	visit_v2_dose1	0.430329230391794	0.5094224644579229	0.8447394067116923	0.39825635229336565
HPV33	cross_reactive_non_booster_target	FcgR2B	fc_gamma_receptor_binding	Fc-receptor engagement	none	mixedlm_powell	visit_v2_dose2	1.0595164141679843	0.503321376531028	2.10504950429553	0.03528699907228778
HPV33	cross_reactive_non_booster_target	FcgR2B	fc_gamma_receptor_binding	Fc-receptor engagement	none	mixedlm_powell	visit_v2_dose3	0.22199902224482737	0.5160818642853437	0.43016241725960597	0.6670774985844802
HPV33	cross_reactive_non_booster_target	FcgR3A	fc_gamma_receptor_binding	Fc-receptor engagement	high	mixedlm_powell	intercept	1.7165695069866485	0.4993174588914977	3.4378319372158406	0.0005863915218923291
HPV33	cross_reactive_non_booster_target	FcgR3A	fc_gamma_receptor_binding	Fc-receptor engagement	high	mixedlm_powell	visit_v2	0.6679077505291221	0.528142165863833	1.2646362924586556	0.20600173694751112
HPV33	cross_reactive_non_booster_target	FcgR3A	fc_gamma_receptor_binding	Fc-receptor engagement	high	mixedlm_powell	dose1	0.8735011143495938	0.706141522294026	1.237005737195386	0.21608495269335626
HPV33	cross_reactive_non_booster_target	FcgR3A	fc_gamma_receptor_binding	Fc-receptor engagement	high	mixedlm_powell	dose2	1.5801170432781078	0.6976844325170143	2.264801921375211	0.02352483748081487
HPV33	cross_reactive_non_booster_target	FcgR3A	fc_gamma_receptor_binding	Fc-receptor engagement	high	mixedlm_powell	dose3	1.1727127928554162	0.7153725222199978	1.6393036584857434	0.10115003449322325
HPV33	cross_reactive_non_booster_target	FcgR3A	fc_gamma_receptor_binding	Fc-receptor engagement	high	mixedlm_powell	visit_v2_dose1	2.906481131193724	0.7469058138257352	3.891362307526303	9.968295295903415e-05
HPV33	cross_reactive_non_booster_target	FcgR3A	fc_gamma_receptor_binding	Fc-receptor engagement	high	mixedlm_powell	visit_v2_dose2	2.1246563505398255	0.7379605113288992	2.879092197919645	0.00398821720847053
HPV33	cross_reactive_non_booster_target	FcgR3A	fc_gamma_receptor_binding	Fc-receptor engagement	high	mixedlm_powell	visit_v2_dose3	2.802159411325368	0.7566697029250968	3.703279516138834	0.00021283016008270488
HPV33	cross_reactive_non_booster_target	IgA1	antibody_isotype_or_subclass	Antibody abundance	none	mixedlm_lbfgs	intercept	7.446364120029937	0.47555624650913014	15.658219558024406	2.919566201429589e-55
HPV33	cross_reactive_non_booster_target	IgA1	antibody_isotype_or_subclass	Antibody abundance	none	mixedlm_lbfgs	visit_v2	1.3008390024516239	0.5073900882795328	2.5637848127119147	0.010353771422174522
HPV33	cross_reactive_non_booster_target	IgA1	antibody_isotype_or_subclass	Antibody abundance	none	mixedlm_lbfgs	dose1	-0.36071565677394074	0.6725380934844561	-0.5363497774602677	0.5917168343206933
HPV33	cross_reactive_non_booster_target	IgA1	antibody_isotype_or_subclass	Antibody abundance	none	mixedlm_lbfgs	dose2	-0.681893431532881	0.664483454498519	-1.026200768305813	0.3047969593048073
HPV33	cross_reactive_non_booster_target	IgA1	antibody_isotype_or_subclass	Antibody abundance	none	mixedlm_lbfgs	dose3	0.4514522228992914	0.6813298142587846	0.6626045322710912	0.5075838667052863
HPV33	cross_reactive_non_booster_target	IgA1	antibody_isotype_or_subclass	Antibody abundance	none	mixedlm_lbfgs	visit_v2_dose1	0.176551935426222	0.7175579442585983	0.24604554494709216	0.805646976184194
HPV33	cross_reactive_non_booster_target	IgA1	antibody_isotype_or_subclass	Antibody abundance	none	mixedlm_lbfgs	visit_v2_dose2	0.022914501482419553	0.7089641259329338	0.032321101511682424	0.9742159814218108
HPV33	cross_reactive_non_booster_target	IgA1	antibody_isotype_or_subclass	Antibody abundance	none	mixedlm_lbfgs	visit_v2_dose3	-0.44088013139632304	0.7269381847928373	-0.6064891632043857	0.5441899762840503
HPV33	cross_reactive_non_booster_target	IgA2	antibody_isotype_or_subclass	Antibody abundance	high	mixedlm_lbfgs	intercept	2.1810315478568447	0.837916296504542	2.602922937476276	0.009243272779456229
HPV33	cross_reactive_non_booster_target	IgA2	antibody_isotype_or_subclass	Antibody abundance	high	mixedlm_lbfgs	visit_v2	2.555031063246535	0.644923854251204	3.961756176956863	7.440049743797222e-05
HPV33	cross_reactive_non_booster_target	IgA2	antibody_isotype_or_subclass	Antibody abundance	high	mixedlm_lbfgs	dose1	0.8153131187211988	1.1849925906501584	0.6880322502893195	0.49143247260306644
HPV33	cross_reactive_non_booster_target	IgA2	antibody_isotype_or_subclass	Antibody abundance	high	mixedlm_lbfgs	dose2	0.07285295756608198	1.1708005506584225	0.0622249088669387	0.9503837265149073
HPV33	cross_reactive_non_booster_target	IgA2	antibody_isotype_or_subclass	Antibody abundance	high	mixedlm_lbfgs	dose3	2.805638430410797	1.2004833473486636	2.3370906698599447	0.0194344700514023
HPV33	cross_reactive_non_booster_target	IgA2	antibody_isotype_or_subclass	Antibody abundance	high	mixedlm_lbfgs	visit_v2_dose1	-1.3542686493758211	0.9120600613799829	-1.4848459073262776	0.13758464788685984
HPV33	cross_reactive_non_booster_target	IgA2	antibody_isotype_or_subclass	Antibody abundance	high	mixedlm_lbfgs	visit_v2_dose2	-1.3339939942837566	0.9011367923502007	-1.4803457206587327	0.13878100758598047
HPV33	cross_reactive_non_booster_target	IgA2	antibody_isotype_or_subclass	Antibody abundance	high	mixedlm_lbfgs	visit_v2_dose3	-0.8828140200844571	0.9239829211655528	-0.9554440886968306	0.3393531671736649
HPV33	cross_reactive_non_booster_target	IgG	antibody_isotype_or_subclass	Antibody abundance	none	mixedlm_powell	intercept	8.330351857531461	0.24528873628214476	33.96141210475081	8.276258638317344e-253
HPV33	cross_reactive_non_booster_target	IgG	antibody_isotype_or_subclass	Antibody abundance	none	mixedlm_powell	visit_v2	0.43412351303268437	0.29305566374101727	1.4813687867037209	0.13850832759307852
HPV33	cross_reactive_non_booster_target	IgG	antibody_isotype_or_subclass	Antibody abundance	none	mixedlm_powell	dose1	0.4264951575810079	0.3468906575475662	1.229480092073469	0.2188918574629004
HPV33	cross_reactive_non_booster_target	IgG	antibody_isotype_or_subclass	Antibody abundance	none	mixedlm_powell	dose2	0.707127531828119	0.34273612854585017	2.063183519135543	0.03909519537376725
HPV33	cross_reactive_non_booster_target	IgG	antibody_isotype_or_subclass	Antibody abundance	none	mixedlm_powell	dose3	1.488011107869122	0.3514253684136531	4.2342165410142645	2.293498702579093e-05
HPV33	cross_reactive_non_booster_target	IgG	antibody_isotype_or_subclass	Antibody abundance	none	mixedlm_powell	visit_v2_dose1	1.7656147477808088	0.4144432941927951	4.2602082661746765	2.042365045815771e-05
HPV33	cross_reactive_non_booster_target	IgG	antibody_isotype_or_subclass	Antibody abundance	none	mixedlm_powell	visit_v2_dose2	1.2077208758465705	0.4094797223933598	2.9494033765276266	0.003183881138292245
HPV33	cross_reactive_non_booster_target	IgG	antibody_isotype_or_subclass	Antibody abundance	none	mixedlm_powell	visit_v2_dose3	1.0939128249223817	0.4198610835412881	2.6054160954758006	0.009176274551656897
HPV33	cross_reactive_non_booster_target	IgG1	antibody_isotype_or_subclass	IgG subclass architecture	none	mixedlm_lbfgs	intercept	7.741239979137526	0.23339926191281313	33.167371291985	3.1819151876490735e-241
HPV33	cross_reactive_non_booster_target	IgG1	antibody_isotype_or_subclass	IgG subclass architecture	none	mixedlm_lbfgs	visit_v2	0.3666587836314181	0.2238764704861861	1.63777275403331	0.10146910722315208
HPV33	cross_reactive_non_booster_target	IgG1	antibody_isotype_or_subclass	IgG subclass architecture	none	mixedlm_lbfgs	dose1	-0.1820365273871024	0.3300764016449706	-0.5514981576383654	0.5812922292838839
HPV33	cross_reactive_non_booster_target	IgG1	antibody_isotype_or_subclass	IgG subclass architecture	none	mixedlm_lbfgs	dose2	0.4125468149248131	0.32612324824178895	1.2650027777809616	0.20587033211338734
HPV33	cross_reactive_non_booster_target	IgG1	antibody_isotype_or_subclass	IgG subclass architecture	none	mixedlm_lbfgs	dose3	0.5897331065980159	0.33439130898712954	1.7636017765662513	0.07779904840635397
HPV33	cross_reactive_non_booster_target	IgG1	antibody_isotype_or_subclass	IgG subclass architecture	none	mixedlm_lbfgs	visit_v2_dose1	1.662759903219376	0.3166091408577835	5.251774786774918	1.5064058596943194e-07
HPV33	cross_reactive_non_booster_target	IgG1	antibody_isotype_or_subclass	IgG subclass architecture	none	mixedlm_lbfgs	visit_v2_dose2	0.9825785573032332	0.31281727783327506	3.1410622971629034	0.0016833622135534365
HPV33	cross_reactive_non_booster_target	IgG1	antibody_isotype_or_subclass	IgG subclass architecture	none	mixedlm_lbfgs	visit_v2_dose3	1.3044126883636644	0.3207479981031776	4.066783568650874	4.766647437536708e-05
HPV33	cross_reactive_non_booster_target	IgG2	antibody_isotype_or_subclass	IgG subclass architecture	high	mixedlm_lbfgs	intercept	2.556903689471424	0.7029623265870046	3.637326770960264	0.00027548234681540015
HPV33	cross_reactive_non_booster_target	IgG2	antibody_isotype_or_subclass	IgG subclass architecture	high	mixedlm_lbfgs	visit_v2	0.3405429113361492	0.5923410078347611	0.5749102406077999	0.5653520037278765
HPV33	cross_reactive_non_booster_target	IgG2	antibody_isotype_or_subclass	IgG subclass architecture	high	mixedlm_lbfgs	dose1	0.5775550279131363	0.9941388560966874	0.5809601187713407	0.5612673325530573
HPV33	cross_reactive_non_booster_target	IgG2	antibody_isotype_or_subclass	IgG subclass architecture	high	mixedlm_lbfgs	dose2	0.5703293526266338	0.9822325720284284	0.5806459374981172	0.5614791050749143
HPV33	cross_reactive_non_booster_target	IgG2	antibody_isotype_or_subclass	IgG subclass architecture	high	mixedlm_lbfgs	dose3	3.1388373018091933	1.0071346868435065	3.116601327322689	0.0018294879655588398
HPV33	cross_reactive_non_booster_target	IgG2	antibody_isotype_or_subclass	IgG subclass architecture	high	mixedlm_lbfgs	visit_v2_dose1	1.2898330250798204	0.8376966868296689	1.5397375271487561	0.12362434544436227
HPV33	cross_reactive_non_booster_target	IgG2	antibody_isotype_or_subclass	IgG subclass architecture	high	mixedlm_lbfgs	visit_v2_dose2	0.388313193764167	0.8276640292635076	0.4691676574487663	0.6389498015060192
HPV33	cross_reactive_non_booster_target	IgG2	antibody_isotype_or_subclass	IgG subclass architecture	high	mixedlm_lbfgs	visit_v2_dose3	-0.5834361934965124	0.8486474351003417	-0.6874894913545913	0.49177432067483007
HPV33	cross_reactive_non_booster_target	IgG3	antibody_isotype_or_subclass	IgG subclass architecture	none	mixedlm_powell	intercept	6.7834649822503055	0.4655702166362306	14.570229666453319	4.344280637081094e-48
HPV33	cross_reactive_non_booster_target	IgG3	antibody_isotype_or_subclass	IgG subclass architecture	none	mixedlm_powell	visit_v2	0.4986502998228552	0.5124878358560156	0.9729992888318072	0.3305536555528096
HPV33	cross_reactive_non_booster_target	IgG3	antibody_isotype_or_subclass	IgG subclass architecture	none	mixedlm_powell	dose1	0.039645039276563626	0.6584157146039381	0.06021277803251038	0.9519861687830944
HPV33	cross_reactive_non_booster_target	IgG3	antibody_isotype_or_subclass	IgG subclass architecture	none	mixedlm_powell	dose2	-0.07616922676552838	0.6505302120053776	-0.11708791591819064	0.9067903855666145
HPV33	cross_reactive_non_booster_target	IgG3	antibody_isotype_or_subclass	IgG subclass architecture	none	mixedlm_powell	dose3	1.2757232832594498	0.6670228212828127	1.912563172585294	0.05580399807227422
HPV33	cross_reactive_non_booster_target	IgG3	antibody_isotype_or_subclass	IgG subclass architecture	none	mixedlm_powell	visit_v2_dose1	2.120654636964912	0.7247672480188155	2.9259802271168	0.0034337276065183535
HPV33	cross_reactive_non_booster_target	IgG3	antibody_isotype_or_subclass	IgG subclass architecture	none	mixedlm_powell	visit_v2_dose2	1.949069647134711	0.7160870876112807	2.721833253042457	0.006492089093103878
HPV33	cross_reactive_non_booster_target	IgG3	antibody_isotype_or_subclass	IgG subclass architecture	none	mixedlm_powell	visit_v2_dose3	-0.2582686188882183	0.7342417318178617	-0.3517487602465576	0.7250266890733373
HPV33	cross_reactive_non_booster_target	IgG4	antibody_isotype_or_subclass	IgG subclass architecture	none	mixedlm_lbfgs	intercept	0.8195760592416755	0.4812201597382401	1.7031207912974473	0.08854546579046163
HPV33	cross_reactive_non_booster_target	IgG4	antibody_isotype_or_subclass	IgG subclass architecture	none	mixedlm_lbfgs	visit_v2	-0.13831344815433153	0.4659803285138688	-0.2968225044938028	0.7666020232493966
HPV33	cross_reactive_non_booster_target	IgG4	antibody_isotype_or_subclass	IgG subclass architecture	none	mixedlm_lbfgs	dose1	1.0648806030109177	0.6805480763891663	1.564739714879414	0.11764395224485126
HPV33	cross_reactive_non_booster_target	IgG4	antibody_isotype_or_subclass	IgG subclass architecture	none	mixedlm_lbfgs	dose2	1.3499347712052097	0.672397506003646	2.0076439295982307	0.044681142866758235
HPV33	cross_reactive_non_booster_target	IgG4	antibody_isotype_or_subclass	IgG subclass architecture	none	mixedlm_lbfgs	dose3	1.0287144047722134	0.6894445072665916	1.4920916679004512	0.13567511587897788
HPV33	cross_reactive_non_booster_target	IgG4	antibody_isotype_or_subclass	IgG subclass architecture	none	mixedlm_lbfgs	visit_v2_dose1	0.10786707774070521	0.6589957003833832	0.16368403872430656	0.8699798833200393
HPV33	cross_reactive_non_booster_target	IgG4	antibody_isotype_or_subclass	IgG subclass architecture	none	mixedlm_lbfgs	visit_v2_dose2	0.5555531379252082	0.6511032515967695	0.8532489072397755	0.393521287009005
HPV33	cross_reactive_non_booster_target	IgG4	antibody_isotype_or_subclass	IgG subclass architecture	none	mixedlm_lbfgs	visit_v2_dose3	0.3357260946549143	0.6676103888975106	0.5028772772834336	0.6150505577377403
HPV33	cross_reactive_non_booster_target	IgM	antibody_isotype_or_subclass	Antibody abundance	none	mixedlm_lbfgs	intercept	11.38763121506833	0.163473853753493	69.66026036334883	0.0
HPV33	cross_reactive_non_booster_target	IgM	antibody_isotype_or_subclass	Antibody abundance	none	mixedlm_lbfgs	visit_v2	0.23385382390893156	0.10863293117062936	2.1526973578722477	0.031342471288463354
HPV33	cross_reactive_non_booster_target	IgM	antibody_isotype_or_subclass	Antibody abundance	none	mixedlm_lbfgs	dose1	-0.18570450312701772	0.23118694107158574	-0.803265540286358	0.421821270859255
HPV33	cross_reactive_non_booster_target	IgM	antibody_isotype_or_subclass	Antibody abundance	none	mixedlm_lbfgs	dose2	-0.38041080245640513	0.2284181353093025	-1.6654141841289807	0.09583015150497151
HPV33	cross_reactive_non_booster_target	IgM	antibody_isotype_or_subclass	Antibody abundance	none	mixedlm_lbfgs	dose3	-0.5263049878113967	0.23420912085926415	-2.2471583765845415	0.024629907230023434
HPV33	cross_reactive_non_booster_target	IgM	antibody_isotype_or_subclass	Antibody abundance	none	mixedlm_lbfgs	visit_v2_dose1	-0.00010698703465539994	0.15363016458184675	-0.0006963934130162465	0.9994443584924205
HPV33	cross_reactive_non_booster_target	IgM	antibody_isotype_or_subclass	Antibody abundance	none	mixedlm_lbfgs	visit_v2_dose2	-0.20410742684643285	0.1517902159974541	-1.3446678727294008	0.1787325140853291
HPV33	cross_reactive_non_booster_target	IgM	antibody_isotype_or_subclass	Antibody abundance	none	mixedlm_lbfgs	visit_v2_dose3	-0.1386570423454203	0.1556384872666181	-0.8908917375166493	0.3729872533523716
HPV45	cross_reactive_non_booster_target	FcgR2A	fc_gamma_receptor_binding	Fc-receptor engagement	moderate	mixedlm_powell	intercept	4.37230773411074	0.732693741751493	5.967442445541852	2.4100125540632357e-09
HPV45	cross_reactive_non_booster_target	FcgR2A	fc_gamma_receptor_binding	Fc-receptor engagement	moderate	mixedlm_powell	visit_v2	-2.152278205103175	1.0201708611656646	-2.1097232699274953	0.03488219893466924
HPV45	cross_reactive_non_booster_target	FcgR2A	fc_gamma_receptor_binding	Fc-receptor engagement	moderate	mixedlm_powell	dose1	0.18128031552498114	1.0361854266508512	0.17494968647736503	0.8611191681131801
HPV45	cross_reactive_non_booster_target	FcgR2A	fc_gamma_receptor_binding	Fc-receptor engagement	moderate	mixedlm_powell	dose2	1.9005896308680825	1.0237755726737776	1.856451434863155	0.06338923920251238
HPV45	cross_reactive_non_booster_target	FcgR2A	fc_gamma_receptor_binding	Fc-receptor engagement	moderate	mixedlm_powell	dose3	1.7094815945795612	1.049730909099799	1.6284950550284683	0.10341995691166156
HPV45	cross_reactive_non_booster_target	FcgR2A	fc_gamma_receptor_binding	Fc-receptor engagement	moderate	mixedlm_powell	visit_v2_dose1	4.942736452801585	1.4427394677983234	3.4259383368394247	0.0006126794578599698
HPV45	cross_reactive_non_booster_target	FcgR2A	fc_gamma_receptor_binding	Fc-receptor engagement	moderate	mixedlm_powell	visit_v2_dose2	5.438383116228255	1.4254605275026584	3.81517622642	0.00013608578075037183
HPV45	cross_reactive_non_booster_target	FcgR2A	fc_gamma_receptor_binding	Fc-receptor engagement	moderate	mixedlm_powell	visit_v2_dose3	5.6881750021077435	1.461599607727749	3.891746393494705	9.952524692036498e-05
HPV45	cross_reactive_non_booster_target	FcgR2B	fc_gamma_receptor_binding	Fc-receptor engagement	moderate	mixedlm_lbfgs	intercept	5.022520064289075	0.5838165099430632	8.602908583004782	7.772088005466675e-18
HPV45	cross_reactive_non_booster_target	FcgR2B	fc_gamma_receptor_binding	Fc-receptor engagement	moderate	mixedlm_lbfgs	visit_v2	0.9364258095148182	0.5582073636532842	1.6775590407590082	0.09343321448258489
HPV45	cross_reactive_non_booster_target	FcgR2B	fc_gamma_receptor_binding	Fc-receptor engagement	moderate	mixedlm_lbfgs	dose1	-0.8701127327331859	0.8256412262988075	-1.0538629915971318	0.2919456487212576
HPV45	cross_reactive_non_booster_target	FcgR2B	fc_gamma_receptor_binding	Fc-receptor engagement	moderate	mixedlm_lbfgs	dose2	-0.7084767278089156	0.8157529507138692	-0.8684942263327694	0.3851238316705109
HPV45	cross_reactive_non_booster_target	FcgR2B	fc_gamma_receptor_binding	Fc-receptor engagement	moderate	mixedlm_lbfgs	dose3	0.33838235787517507	0.836434380161342	0.4045533826693059	0.6858058309313761
HPV45	cross_reactive_non_booster_target	FcgR2B	fc_gamma_receptor_binding	Fc-receptor engagement	moderate	mixedlm_lbfgs	visit_v2_dose1	3.8568223288385752	0.7894244242950028	4.885613125389322	1.031074835859196e-06
HPV45	cross_reactive_non_booster_target	FcgR2B	fc_gamma_receptor_binding	Fc-receptor engagement	moderate	mixedlm_lbfgs	visit_v2_dose2	3.748208730925222	0.7799698985127774	4.805581264190056	1.5430254645224746e-06
HPV45	cross_reactive_non_booster_target	FcgR2B	fc_gamma_receptor_binding	Fc-receptor engagement	moderate	mixedlm_lbfgs	visit_v2_dose3	2.5042423527826743	0.7997441358148039	3.1313044267980477	0.0017403165661975452
HPV45	cross_reactive_non_booster_target	FcgR3A	fc_gamma_receptor_binding	Fc-receptor engagement	high	mixedlm_powell	intercept	2.4098996951814775	0.5477592206077488	4.399560252965983	1.0847045806506754e-05
HPV45	cross_reactive_non_booster_target	FcgR3A	fc_gamma_receptor_binding	Fc-receptor engagement	high	mixedlm_powell	visit_v2	1.2799672266804873	0.6146640517652189	2.082385041071821	0.03730731370368916
HPV45	cross_reactive_non_booster_target	FcgR3A	fc_gamma_receptor_binding	Fc-receptor engagement	high	mixedlm_powell	dose1	0.04780824384306095	0.7746485186983946	0.061716046295926426	0.9507889612324193
HPV45	cross_reactive_non_booster_target	FcgR3A	fc_gamma_receptor_binding	Fc-receptor engagement	high	mixedlm_powell	dose2	1.0811084582028365	0.7653709562531519	1.4125287213606421	0.15779433997273795
HPV45	cross_reactive_non_booster_target	FcgR3A	fc_gamma_receptor_binding	Fc-receptor engagement	high	mixedlm_powell	dose3	1.9373202360958832	0.784775072927253	2.468631207754312	0.013563091912598284
HPV45	cross_reactive_non_booster_target	FcgR3A	fc_gamma_receptor_binding	Fc-receptor engagement	high	mixedlm_powell	visit_v2_dose1	4.738695250646585	0.8692662383095706	5.451373862007741	4.998216793057363e-08
HPV45	cross_reactive_non_booster_target	FcgR3A	fc_gamma_receptor_binding	Fc-receptor engagement	high	mixedlm_powell	visit_v2_dose2	4.497203018960608	0.8588554886433748	5.23627441219974	1.6385028935575722e-07
HPV45	cross_reactive_non_booster_target	FcgR3A	fc_gamma_receptor_binding	Fc-receptor engagement	high	mixedlm_powell	visit_v2_dose3	3.0781321345432264	0.8806296779716619	3.495376333026876	0.00047339376858186304
HPV45	cross_reactive_non_booster_target	IgA1	antibody_isotype_or_subclass	Antibody abundance	none	mixedlm_powell	intercept	8.033152609027105	0.4897220718027278	16.403493065885456	1.8055134535193453e-60
HPV45	cross_reactive_non_booster_target	IgA1	antibody_isotype_or_subclass	Antibody abundance	none	mixedlm_powell	visit_v2	1.3073489819575548	0.5272605780744767	2.479512097665092	0.01315622670372986
HPV45	cross_reactive_non_booster_target	IgA1	antibody_isotype_or_subclass	Antibody abundance	none	mixedlm_powell	dose1	0.3136007420556767	0.6925715957368673	0.45280624268458275	0.6506882680065713
HPV45	cross_reactive_non_booster_target	IgA1	antibody_isotype_or_subclass	Antibody abundance	none	mixedlm_powell	dose2	-0.23697132085932032	0.6842770259130633	-0.34630904134640245	0.729110474523108
HPV45	cross_reactive_non_booster_target	IgA1	antibody_isotype_or_subclass	Antibody abundance	none	mixedlm_powell	dose3	0.9648110063929821	0.701625203472903	1.3751088210876157	0.1690977100200025
HPV45	cross_reactive_non_booster_target	IgA1	antibody_isotype_or_subclass	Antibody abundance	none	mixedlm_powell	visit_v2_dose1	0.3190981802756158	0.7456590604176027	0.4279411291494352	0.6686939819456195
HPV45	cross_reactive_non_booster_target	IgA1	antibody_isotype_or_subclass	Antibody abundance	none	mixedlm_powell	visit_v2_dose2	1.4497367146419957	0.73672868963795	1.9678027135802716	0.04909074185193878
HPV45	cross_reactive_non_booster_target	IgA1	antibody_isotype_or_subclass	Antibody abundance	none	mixedlm_powell	visit_v2_dose3	-0.2943243027931305	0.7554066513950514	-0.3896236579987553	0.6968148554582162
HPV45	cross_reactive_non_booster_target	IgA2	antibody_isotype_or_subclass	Antibody abundance	high	mixedlm_powell	intercept	5.448659325218916	1.0456542551387693	5.210765698549012	1.8806283591536632e-07
HPV45	cross_reactive_non_booster_target	IgA2	antibody_isotype_or_subclass	Antibody abundance	high	mixedlm_powell	visit_v2	-1.4188406596585117	1.246163705549723	-1.138566829815201	0.2548838699742805
HPV45	cross_reactive_non_booster_target	IgA2	antibody_isotype_or_subclass	Antibody abundance	high	mixedlm_powell	dose1	-1.3703274756782875	1.4787784291703827	-0.9266617964173728	0.354102158910385
HPV45	cross_reactive_non_booster_target	IgA2	antibody_isotype_or_subclass	Antibody abundance	high	mixedlm_powell	dose2	2.0606957657068836	1.4610678689767629	1.4104038624503195	0.15842046556114708
HPV45	cross_reactive_non_booster_target	IgA2	antibody_isotype_or_subclass	Antibody abundance	high	mixedlm_powell	dose3	0.35768843914964826	1.498109686629729	0.2387598467201248	0.8112918074804734
HPV45	cross_reactive_non_booster_target	IgA2	antibody_isotype_or_subclass	Antibody abundance	high	mixedlm_powell	visit_v2_dose1	2.3451640217724776	1.762341613325531	1.3307090997795616	0.18328474766411995
HPV45	cross_reactive_non_booster_target	IgA2	antibody_isotype_or_subclass	Antibody abundance	high	mixedlm_powell	visit_v2_dose2	1.0860995082431524	1.7412349643449712	0.6237524116406243	0.5327901968109003
HPV45	cross_reactive_non_booster_target	IgA2	antibody_isotype_or_subclass	Antibody abundance	high	mixedlm_powell	visit_v2_dose3	1.349707189473524	1.7853797364050163	0.7559776567147846	0.44966259195645175
HPV45	cross_reactive_non_booster_target	IgG	antibody_isotype_or_subclass	Antibody abundance	none	mixedlm_powell	intercept	7.611907721571067	0.3504782781814837	21.718629071869298	1.36800665873315e-104
HPV45	cross_reactive_non_booster_target	IgG	antibody_isotype_or_subclass	Antibody abundance	none	mixedlm_powell	visit_v2	1.167879910523729	0.39342413325051323	2.9685009429253295	0.0029925618406022687
HPV45	cross_reactive_non_booster_target	IgG	antibody_isotype_or_subclass	Antibody abundance	none	mixedlm_powell	dose1	1.138335834647283	0.49565113432142455	2.29664729044902	0.02163889858516296
HPV45	cross_reactive_non_booster_target	IgG	antibody_isotype_or_subclass	Antibody abundance	none	mixedlm_powell	dose2	2.122424783198629	0.48971497845366546	4.334000135957538	1.4642408353988354e-05
HPV45	cross_reactive_non_booster_target	IgG	antibody_isotype_or_subclass	Antibody abundance	none	mixedlm_powell	dose3	2.1016421782387833	0.5021305091206363	4.185450077350042	2.8460161596539327e-05
HPV45	cross_reactive_non_booster_target	IgG	antibody_isotype_or_subclass	Antibody abundance	none	mixedlm_powell	visit_v2_dose1	3.3277219335878456	0.5563857450077562	5.980961883812204	2.2182378182939067e-09
HPV45	cross_reactive_non_booster_target	IgG	antibody_isotype_or_subclass	Antibody abundance	none	mixedlm_powell	visit_v2_dose2	2.5013485928165125	0.5497222022934093	4.5502047804891825	5.359373180885095e-06
HPV45	cross_reactive_non_booster_target	IgG	antibody_isotype_or_subclass	Antibody abundance	none	mixedlm_powell	visit_v2_dose3	2.5900797772153417	0.5636590699841622	4.59511771413191	4.325050386637514e-06
HPV45	cross_reactive_non_booster_target	IgG1	antibody_isotype_or_subclass	IgG subclass architecture	none	mixedlm_powell	intercept	7.092903746884501	0.34260667812504403	20.70275975267401	3.270932396803228e-95
HPV45	cross_reactive_non_booster_target	IgG1	antibody_isotype_or_subclass	IgG subclass architecture	none	mixedlm_powell	visit_v2	1.172515260016768	0.365507554951645	3.2079097795171063	0.0013370343464735852
HPV45	cross_reactive_non_booster_target	IgG1	antibody_isotype_or_subclass	IgG subclass architecture	none	mixedlm_powell	dose1	0.9990859252880864	0.48451901076403064	2.0620159438380816	0.0392062180519189
HPV45	cross_reactive_non_booster_target	IgG1	antibody_isotype_or_subclass	IgG subclass architecture	none	mixedlm_powell	dose2	1.6718813136796677	0.47871617855075344	3.4924270133110094	0.0004786523856446988
HPV45	cross_reactive_non_booster_target	IgG1	antibody_isotype_or_subclass	IgG subclass architecture	none	mixedlm_powell	dose3	1.7293215777659874	0.49085286143176177	3.523095643614573	0.0004265374054111055
HPV45	cross_reactive_non_booster_target	IgG1	antibody_isotype_or_subclass	IgG subclass architecture	none	mixedlm_powell	visit_v2_dose1	3.136995663340237	0.5169057413624442	6.06879632459071	1.2887245694514146e-09
HPV45	cross_reactive_non_booster_target	IgG1	antibody_isotype_or_subclass	IgG subclass architecture	none	mixedlm_powell	visit_v2_dose2	2.7111163972516037	0.510715030119812	5.3084719214462615	1.1054811105804155e-07
HPV45	cross_reactive_non_booster_target	IgG1	antibody_isotype_or_subclass	IgG subclass architecture	none	mixedlm_powell	visit_v2_dose3	2.451877616785557	0.5236629659549732	4.682167302616508	2.838576558108666e-06
HPV45	cross_reactive_non_booster_target	IgG2	antibody_isotype_or_subclass	IgG subclass architecture	high	mixedlm_lbfgs	intercept	2.1496442092920884	0.6836817681513064	3.144217543060689	0.0016653159040071319
HPV45	cross_reactive_non_booster_target	IgG2	antibody_isotype_or_subclass	IgG subclass architecture	high	mixedlm_lbfgs	visit_v2	-0.4077212150045192	0.643212466990388	-0.6338826374312363	0.5261574174248798
HPV45	cross_reactive_non_booster_target	IgG2	antibody_isotype_or_subclass	IgG subclass architecture	high	mixedlm_lbfgs	dose1	-0.3455805945117534	0.9668720288667969	-0.35742123486267796	0.7207764821154196
HPV45	cross_reactive_non_booster_target	IgG2	antibody_isotype_or_subclass	IgG subclass architecture	high	mixedlm_lbfgs	dose2	-0.32515545572066545	0.9552923054079016	-0.3403727360515344	0.7335758477702379
HPV45	cross_reactive_non_booster_target	IgG2	antibody_isotype_or_subclass	IgG subclass architecture	high	mixedlm_lbfgs	dose3	2.7076309633924494	0.9795114153709337	2.7642668792860263	0.005705085661493191
HPV45	cross_reactive_non_booster_target	IgG2	antibody_isotype_or_subclass	IgG subclass architecture	high	mixedlm_lbfgs	visit_v2_dose1	2.3866882904110875	0.9096397943052629	2.623772954253744	0.008696173367902934
HPV45	cross_reactive_non_booster_target	IgG2	antibody_isotype_or_subclass	IgG subclass architecture	high	mixedlm_lbfgs	visit_v2_dose2	3.108994702517741	0.8987455115555525	3.4592603384874545	0.0005416610805992635
HPV45	cross_reactive_non_booster_target	IgG2	antibody_isotype_or_subclass	IgG subclass architecture	high	mixedlm_lbfgs	visit_v2_dose3	1.4198385211548095	0.9215310152698852	1.5407387246092707	0.12338038795514866
HPV45	cross_reactive_non_booster_target	IgG3	antibody_isotype_or_subclass	IgG subclass architecture	low	mixedlm_powell	intercept	5.571569204421817	0.55446242133008	10.04859660471918	9.318498595251109e-24
HPV45	cross_reactive_non_booster_target	IgG3	antibody_isotype_or_subclass	IgG subclass architecture	low	mixedlm_powell	visit_v2	0.4596471759649349	0.621790259971853	0.7392318689355829	0.4597662122412076
HPV45	cross_reactive_non_booster_target	IgG3	antibody_isotype_or_subclass	IgG subclass architecture	low	mixedlm_powell	dose1	0.0834944653878672	0.784128276071225	0.10648062050026508	0.9152010305870178
HPV45	cross_reactive_non_booster_target	IgG3	antibody_isotype_or_subclass	IgG subclass architecture	low	mixedlm_powell	dose2	0.6065363157945012	0.7747371795019644	0.7828930014490976	0.43368994761838475
HPV45	cross_reactive_non_booster_target	IgG3	antibody_isotype_or_subclass	IgG subclass architecture	low	mixedlm_powell	dose3	0.8591121881315147	0.7943787539568068	1.0814893825549465	0.2794794810785912
HPV45	cross_reactive_non_booster_target	IgG3	antibody_isotype_or_subclass	IgG subclass architecture	low	mixedlm_powell	visit_v2_dose1	2.757281455189041	0.8793442186036895	3.1356110574847786	0.0017149648130449753
HPV45	cross_reactive_non_booster_target	IgG3	antibody_isotype_or_subclass	IgG subclass architecture	low	mixedlm_powell	visit_v2_dose2	1.9879633970110495	0.868812770208659	2.2881378648861355	0.022129493780337375
HPV45	cross_reactive_non_booster_target	IgG3	antibody_isotype_or_subclass	IgG subclass architecture	low	mixedlm_powell	visit_v2_dose3	0.7829995810534378	0.8908394021618864	0.8789458337308125	0.3794306457365406
HPV45	cross_reactive_non_booster_target	IgG4	antibody_isotype_or_subclass	IgG subclass architecture	none	mixedlm_lbfgs	intercept	0.8784129935933266	0.539067073113303	1.6295059323883034	0.10320596005650697
HPV45	cross_reactive_non_booster_target	IgG4	antibody_isotype_or_subclass	IgG subclass architecture	none	mixedlm_lbfgs	visit_v2	0.20635147071500712	0.4602805221118791	0.44831675641675284	0.6539246091786862
HPV45	cross_reactive_non_booster_target	IgG4	antibody_isotype_or_subclass	IgG subclass architecture	none	mixedlm_lbfgs	dose1	1.4059833268517847	0.7623559658256024	1.844260935676103	0.06514512163747287
HPV45	cross_reactive_non_booster_target	IgG4	antibody_isotype_or_subclass	IgG subclass architecture	none	mixedlm_lbfgs	dose2	1.1533221291436955	0.75322562489326	1.531177499845592	0.12572553005121045
HPV45	cross_reactive_non_booster_target	IgG4	antibody_isotype_or_subclass	IgG subclass architecture	none	mixedlm_lbfgs	dose3	1.0460508869758935	0.7723218262684758	1.354423572398514	0.17560128135316722
HPV45	cross_reactive_non_booster_target	IgG4	antibody_isotype_or_subclass	IgG subclass architecture	none	mixedlm_lbfgs	visit_v2_dose1	0.08363288920447787	0.6509349568667904	0.12848117668627956	0.8977681935870772
HPV45	cross_reactive_non_booster_target	IgG4	antibody_isotype_or_subclass	IgG subclass architecture	none	mixedlm_lbfgs	visit_v2_dose2	1.4147124215334654	0.6431390474132097	2.1996991587178947	0.02782824653564061
HPV45	cross_reactive_non_booster_target	IgG4	antibody_isotype_or_subclass	IgG subclass architecture	none	mixedlm_lbfgs	visit_v2_dose3	0.9067383778460858	0.659444271712247	1.3750037975032214	0.16913026738659032
HPV45	cross_reactive_non_booster_target	IgM	antibody_isotype_or_subclass	Antibody abundance	none	mixedlm_powell	intercept	10.283820592581382	0.2633088985189754	39.0561072961242	0.0
HPV45	cross_reactive_non_booster_target	IgM	antibody_isotype_or_subclass	Antibody abundance	none	mixedlm_powell	visit_v2	0.5097683869783122	0.2828641425039632	1.802166872286295	0.07151915506157648
HPV45	cross_reactive_non_booster_target	IgM	antibody_isotype_or_subclass	Antibody abundance	none	mixedlm_powell	dose1	-0.20657848016928954	0.3723750153790562	-0.5547592390402578	0.5790593508735912
HPV45	cross_reactive_non_booster_target	IgM	antibody_isotype_or_subclass	Antibody abundance	none	mixedlm_powell	dose2	-0.7099440715337958	0.36791527347697106	-1.929640117477301	0.05365144443238201
HPV45	cross_reactive_non_booster_target	IgM	antibody_isotype_or_subclass	Antibody abundance	none	mixedlm_powell	dose3	-0.8282072595742228	0.3772428692452767	-2.1954219074601964	0.028133347047929542
HPV45	cross_reactive_non_booster_target	IgM	antibody_isotype_or_subclass	Antibody abundance	none	mixedlm_powell	visit_v2_dose1	-0.09421921359651421	0.4000303066381403	-0.2355301886707876	0.8137972506228306
HPV45	cross_reactive_non_booster_target	IgM	antibody_isotype_or_subclass	Antibody abundance	none	mixedlm_powell	visit_v2_dose2	0.20509893088926628	0.3952393516950381	0.518923356213574	0.6038141896438565
HPV45	cross_reactive_non_booster_target	IgM	antibody_isotype_or_subclass	Antibody abundance	none	mixedlm_powell	visit_v2_dose3	0.11594000900013392	0.40525968292374215	0.2860881895867011	0.7748105770348935
HPV52	cross_reactive_non_booster_target	FcgR2A	fc_gamma_receptor_binding	Fc-receptor engagement	high	mixedlm_powell	intercept	3.650850853703761	0.7758318028648832	4.705724668958413	2.5296574057816967e-06
HPV52	cross_reactive_non_booster_target	FcgR2A	fc_gamma_receptor_binding	Fc-receptor engagement	high	mixedlm_powell	visit_v2	-1.1713866022990427	1.0114008590667753	-1.1581823287948232	0.24678963814354316
HPV52	cross_reactive_non_booster_target	FcgR2A	fc_gamma_receptor_binding	Fc-receptor engagement	high	mixedlm_powell	dose1	-0.43029907913912446	1.0971918577318862	-0.39218216586900145	0.6949236203758453
HPV52	cross_reactive_non_booster_target	FcgR2A	fc_gamma_receptor_binding	Fc-receptor engagement	high	mixedlm_powell	dose2	2.9780907544824973	1.08405136145672	2.747186028603494	0.006010902982146931
HPV52	cross_reactive_non_booster_target	FcgR2A	fc_gamma_receptor_binding	Fc-receptor engagement	high	mixedlm_powell	dose3	1.9348090080684766	1.1115348437166175	1.7406642886687143	0.08174244148261638
HPV52	cross_reactive_non_booster_target	FcgR2A	fc_gamma_receptor_binding	Fc-receptor engagement	high	mixedlm_powell	visit_v2_dose1	6.128114904806277	1.430336811888029	4.2843859249607315	1.8324459796049592e-05
HPV52	cross_reactive_non_booster_target	FcgR2A	fc_gamma_receptor_binding	Fc-receptor engagement	high	mixedlm_powell	visit_v2_dose2	3.878218870409029	1.413206411752084	2.7442692292917346	0.0060645777504527475
HPV52	cross_reactive_non_booster_target	FcgR2A	fc_gamma_receptor_binding	Fc-receptor engagement	high	mixedlm_powell	visit_v2_dose3	4.902328802591234	1.4490348187149884	3.383168395455566	0.0007165468176455708
HPV52	cross_reactive_non_booster_target	FcgR2B	fc_gamma_receptor_binding	Fc-receptor engagement	high	mixedlm_powell	intercept	2.249999165328955	0.7554351044583737	2.97841489235815	0.0028974348403283698
HPV52	cross_reactive_non_booster_target	FcgR2B	fc_gamma_receptor_binding	Fc-receptor engagement	high	mixedlm_powell	visit_v2	0.7677191859783866	0.8102201729411078	0.9475439042594531	0.3433616951840516
HPV52	cross_reactive_non_booster_target	FcgR2B	fc_gamma_receptor_binding	Fc-receptor engagement	high	mixedlm_powell	dose1	1.5118106038395818	1.0683465702177666	1.4150937963243722	0.1570409968741947
HPV52	cross_reactive_non_booster_target	FcgR2B	fc_gamma_receptor_binding	Fc-receptor engagement	high	mixedlm_powell	dose2	2.4031795210513542	1.0555515389498955	2.276705051694712	0.022803844658371517
HPV52	cross_reactive_non_booster_target	FcgR2B	fc_gamma_receptor_binding	Fc-receptor engagement	high	mixedlm_powell	dose3	1.7092021918451497	1.0823124776162643	1.5792132375758772	0.11428715463887248
HPV52	cross_reactive_non_booster_target	FcgR2B	fc_gamma_receptor_binding	Fc-receptor engagement	high	mixedlm_powell	visit_v2_dose1	4.30429326232029	1.1458243570815911	3.7565035476146655	0.00017230383001984873
HPV52	cross_reactive_non_booster_target	FcgR2B	fc_gamma_receptor_binding	Fc-receptor engagement	high	mixedlm_powell	visit_v2_dose2	3.049309912309204	1.1321014146534996	2.6934953643199018	0.0070707128704906586
HPV52	cross_reactive_non_booster_target	FcgR2B	fc_gamma_receptor_binding	Fc-receptor engagement	high	mixedlm_powell	visit_v2_dose3	3.1848377853395804	1.16080308899504	2.7436503361623883	0.006076021958037902
HPV52	cross_reactive_non_booster_target	FcgR3A	fc_gamma_receptor_binding	Fc-receptor engagement	moderate	mixedlm_powell	intercept	3.273420397928	0.5717934931359564	5.7248297457447155	1.0353752076516328e-08
HPV52	cross_reactive_non_booster_target	FcgR3A	fc_gamma_receptor_binding	Fc-receptor engagement	moderate	mixedlm_powell	visit_v2	0.377292819726305	0.6539742399380788	0.5769230600918299	0.5639914319885077
HPV52	cross_reactive_non_booster_target	FcgR3A	fc_gamma_receptor_binding	Fc-receptor engagement	moderate	mixedlm_powell	dose1	-0.08004756242439888	0.808638112869558	-0.09899058818825598	0.9211457429374338
HPV52	cross_reactive_non_booster_target	FcgR3A	fc_gamma_receptor_binding	Fc-receptor engagement	moderate	mixedlm_powell	dose2	0.9548907082047997	0.7989534747315337	1.195176863741239	0.2320179359650918
HPV52	cross_reactive_non_booster_target	FcgR3A	fc_gamma_receptor_binding	Fc-receptor engagement	moderate	mixedlm_powell	dose3	1.1370905852469801	0.8192089943775411	1.3880347909399782	0.1651264513072047
HPV52	cross_reactive_non_booster_target	FcgR3A	fc_gamma_receptor_binding	Fc-receptor engagement	moderate	mixedlm_powell	visit_v2_dose1	5.31521539990404	0.9248592395630695	5.747053359617301	9.081207819731302e-09
HPV52	cross_reactive_non_booster_target	FcgR3A	fc_gamma_receptor_binding	Fc-receptor engagement	moderate	mixedlm_powell	visit_v2_dose2	4.410575088791001	0.9137826814325211	4.826722128150448	1.3879856800053725e-06
HPV52	cross_reactive_non_booster_target	FcgR3A	fc_gamma_receptor_binding	Fc-receptor engagement	moderate	mixedlm_powell	visit_v2_dose3	3.729069318806668	0.9369494159687934	3.9800113594722286	6.89119752489713e-05
HPV52	cross_reactive_non_booster_target	IgA1	antibody_isotype_or_subclass	Antibody abundance	moderate	mixedlm_lbfgs	intercept	7.665006316076216	0.7178546486780623	10.677657838103318	1.2949765860954936e-26
HPV52	cross_reactive_non_booster_target	IgA1	antibody_isotype_or_subclass	Antibody abundance	moderate	mixedlm_lbfgs	visit_v2	1.0713536639138341	0.5418580625468647	1.9771850563193822	0.048020716140290624
HPV52	cross_reactive_non_booster_target	IgA1	antibody_isotype_or_subclass	Antibody abundance	moderate	mixedlm_lbfgs	dose1	-0.9214273296961366	1.0151997799730887	-0.9076315301413502	0.36407293001085883
HPV52	cross_reactive_non_booster_target	IgA1	antibody_isotype_or_subclass	Antibody abundance	moderate	mixedlm_lbfgs	dose2	-1.164350998595573	1.003041260172493	-1.1608206410126534	0.24571484706001334
HPV52	cross_reactive_non_booster_target	IgA1	antibody_isotype_or_subclass	Antibody abundance	moderate	mixedlm_lbfgs	dose3	-1.3824754199134757	1.02847092859969	-1.3442046648764092	0.17888221360668044
HPV52	cross_reactive_non_booster_target	IgA1	antibody_isotype_or_subclass	Antibody abundance	moderate	mixedlm_lbfgs	visit_v2_dose1	0.9793444422640412	0.7663030209349866	1.2780119815645736	0.20124520165269544
HPV52	cross_reactive_non_booster_target	IgA1	antibody_isotype_or_subclass	Antibody abundance	moderate	mixedlm_lbfgs	visit_v2_dose2	0.22470229645016393	0.757125408176302	0.2967834575667026	0.7666318357212432
HPV52	cross_reactive_non_booster_target	IgA1	antibody_isotype_or_subclass	Antibody abundance	moderate	mixedlm_lbfgs	visit_v2_dose3	-0.8209128701599536	0.7763204790594468	-1.057440699174306	0.2903105052462941
HPV52	cross_reactive_non_booster_target	IgA2	antibody_isotype_or_subclass	Antibody abundance	high	mixedlm_lbfgs	intercept	2.317350321506044	0.819047908725551	2.8293220662902008	0.00466467305558974
HPV52	cross_reactive_non_booster_target	IgA2	antibody_isotype_or_subclass	Antibody abundance	high	mixedlm_lbfgs	visit_v2	3.571645274820661	0.705028389111275	5.065959513095502	4.0634828236027074e-07
HPV52	cross_reactive_non_booster_target	IgA2	antibody_isotype_or_subclass	Antibody abundance	high	mixedlm_lbfgs	dose1	1.5675720038022816	1.158308660752995	1.3533283976166006	0.17595074091263152
HPV52	cross_reactive_non_booster_target	IgA2	antibody_isotype_or_subclass	Antibody abundance	high	mixedlm_lbfgs	dose2	0.6565228407412534	1.1444362003124102	0.5736648670865485	0.5661946070462276
HPV52	cross_reactive_non_booster_target	IgA2	antibody_isotype_or_subclass	Antibody abundance	high	mixedlm_lbfgs	dose3	2.7046253606580777	1.1734505931052062	2.3048480920709657	0.02117508259703895
HPV52	cross_reactive_non_booster_target	IgA2	antibody_isotype_or_subclass	Antibody abundance	high	mixedlm_lbfgs	visit_v2_dose1	-2.4472945426665915	0.9970607097392228	-2.4545090572335075	0.014107711056887162
HPV52	cross_reactive_non_booster_target	IgA2	antibody_isotype_or_subclass	Antibody abundance	high	mixedlm_lbfgs	visit_v2_dose2	-3.1544166942821943	0.9851194321494244	-3.202065243398556	0.0013644609061862823
HPV52	cross_reactive_non_booster_target	IgA2	antibody_isotype_or_subclass	Antibody abundance	high	mixedlm_lbfgs	visit_v2_dose3	-4.848084315559675	1.0100947362724477	-4.799633283359697	1.5895642110299992e-06
HPV52	cross_reactive_non_booster_target	IgG	antibody_isotype_or_subclass	Antibody abundance	none	mixedlm_powell	intercept	8.082253901803243	0.3969766393026876	20.359520187384803	3.823091317924151e-92
HPV52	cross_reactive_non_booster_target	IgG	antibody_isotype_or_subclass	Antibody abundance	none	mixedlm_powell	visit_v2	0.5977975761375143	0.42165373807399914	1.4177452306437335	0.1562651595626277
HPV52	cross_reactive_non_booster_target	IgG	antibody_isotype_or_subclass	Antibody abundance	none	mixedlm_powell	dose1	1.103323696660382	0.5614097472471534	1.965273495999096	0.049382591460448606
HPV52	cross_reactive_non_booster_target	IgG	antibody_isotype_or_subclass	Antibody abundance	none	mixedlm_powell	dose2	2.286756057352826	0.5546860346707646	4.122613360385278	3.7459815994947246e-05
HPV52	cross_reactive_non_booster_target	IgG	antibody_isotype_or_subclass	Antibody abundance	none	mixedlm_powell	dose3	1.697742082982417	0.5687487482429346	2.9850475947900383	0.0028353420357754566
HPV52	cross_reactive_non_booster_target	IgG	antibody_isotype_or_subclass	Antibody abundance	none	mixedlm_powell	visit_v2_dose1	3.8361347169688664	0.596308435009561	6.433138442704335	1.2499570328496113e-10
HPV52	cross_reactive_non_booster_target	IgG	antibody_isotype_or_subclass	Antibody abundance	none	mixedlm_powell	visit_v2_dose2	2.583527158308815	0.5891667589992308	4.385052481061967	1.1595781848327891e-05
HPV52	cross_reactive_non_booster_target	IgG	antibody_isotype_or_subclass	Antibody abundance	none	mixedlm_powell	visit_v2_dose3	3.0244859382425644	0.604103647365219	5.006567915015535	5.54091171216713e-07
HPV52	cross_reactive_non_booster_target	IgG1	antibody_isotype_or_subclass	IgG subclass architecture	none	mixedlm_powell	intercept	7.452937880983672	0.3946671839663677	18.884108392500117	1.5411834049641328e-79
HPV52	cross_reactive_non_booster_target	IgG1	antibody_isotype_or_subclass	IgG subclass architecture	none	mixedlm_powell	visit_v2	0.5205546693093737	0.4010610978938834	1.2979435603278258	0.19430672997672294
HPV52	cross_reactive_non_booster_target	IgG1	antibody_isotype_or_subclass	IgG subclass architecture	none	mixedlm_powell	dose1	0.6403315067003964	0.558143684188835	1.1472520873025862	0.2512774497913245
HPV52	cross_reactive_non_booster_target	IgG1	antibody_isotype_or_subclass	IgG subclass architecture	none	mixedlm_powell	dose2	1.7460643010792087	0.5514590875511489	3.1662626303483625	0.0015441131210003802
HPV52	cross_reactive_non_booster_target	IgG1	antibody_isotype_or_subclass	IgG subclass architecture	none	mixedlm_powell	dose3	1.5300790800842963	0.5654399897377438	2.705997290347223	0.006809960162680311
HPV52	cross_reactive_non_booster_target	IgG1	antibody_isotype_or_subclass	IgG subclass architecture	none	mixedlm_powell	visit_v2_dose1	3.650331720166953	0.5671860439817751	6.435863080376227	1.2277367057667382e-10
HPV52	cross_reactive_non_booster_target	IgG1	antibody_isotype_or_subclass	IgG subclass architecture	none	mixedlm_powell	visit_v2_dose2	2.578965625520126	0.5603931517034128	4.602064849795024	4.183229022015263e-06
HPV52	cross_reactive_non_booster_target	IgG1	antibody_isotype_or_subclass	IgG subclass architecture	none	mixedlm_powell	visit_v2_dose3	2.5897694896378303	0.5746005553293007	4.507077944179233	6.572649425550463e-06
HPV52	cross_reactive_non_booster_target	IgG2	antibody_isotype_or_subclass	IgG subclass architecture	high	mixedlm_lbfgs	intercept	2.1243152266341467	0.6238808537469617	3.405001474040655	0.0006616369665903882
HPV52	cross_reactive_non_booster_target	IgG2	antibody_isotype_or_subclass	IgG subclass architecture	high	mixedlm_lbfgs	visit_v2	-0.184081766233414	0.6190301718739063	-0.29737123422622225	0.7661831026546388
HPV52	cross_reactive_non_booster_target	IgG2	antibody_isotype_or_subclass	IgG subclass architecture	high	mixedlm_lbfgs	dose1	0.9534294160491453	0.8823007646738582	1.0806172387276347	0.279867411063612
HPV52	cross_reactive_non_booster_target	IgG2	antibody_isotype_or_subclass	IgG subclass architecture	high	mixedlm_lbfgs	dose2	-0.011319034602263831	0.8717339072641249	-0.012984506519641777	0.9896401538263564
HPV52	cross_reactive_non_booster_target	IgG2	antibody_isotype_or_subclass	IgG subclass architecture	high	mixedlm_lbfgs	dose3	2.199699774112045	0.8938345975334957	2.4609696024097043	0.013856210528013673
HPV52	cross_reactive_non_booster_target	IgG2	antibody_isotype_or_subclass	IgG subclass architecture	high	mixedlm_lbfgs	visit_v2_dose1	2.1098341090106834	0.8754408645822259	2.41002470225962	0.015951440453898284
HPV52	cross_reactive_non_booster_target	IgG2	antibody_isotype_or_subclass	IgG subclass architecture	high	mixedlm_lbfgs	visit_v2_dose2	3.8274484107304803	0.8649561646283349	4.425020096105223	9.643330574330578e-06
HPV52	cross_reactive_non_booster_target	IgG2	antibody_isotype_or_subclass	IgG subclass architecture	high	mixedlm_lbfgs	visit_v2_dose3	1.7163946589108177	0.8868850217391343	1.935306851326747	0.052952652095453134
HPV52	cross_reactive_non_booster_target	IgG3	antibody_isotype_or_subclass	IgG subclass architecture	low	mixedlm_powell	intercept	5.886174453061359	0.7216528053941825	8.156518493468894	3.4481973134188627e-16
HPV52	cross_reactive_non_booster_target	IgG3	antibody_isotype_or_subclass	IgG subclass architecture	low	mixedlm_powell	visit_v2	-0.16576884987306037	0.8088989288081755	-0.2049314740931883	0.8376256642759662
HPV52	cross_reactive_non_booster_target	IgG3	antibody_isotype_or_subclass	IgG subclass architecture	low	mixedlm_powell	dose1	0.13607664583719298	1.0205711847130452	0.13333381137490546	0.8939293887061879
HPV52	cross_reactive_non_booster_target	IgG3	antibody_isotype_or_subclass	IgG subclass architecture	low	mixedlm_powell	dose2	1.2648924527889156	1.0083483343913278	1.2544201340427128	0.20968933813792023
HPV52	cross_reactive_non_booster_target	IgG3	antibody_isotype_or_subclass	IgG subclass architecture	low	mixedlm_powell	dose3	1.1571423208768414	1.03391255076093	1.1191878075425412	0.2630600258217459
HPV52	cross_reactive_non_booster_target	IgG3	antibody_isotype_or_subclass	IgG subclass architecture	low	mixedlm_powell	visit_v2_dose1	6.382570556323839	1.1439558357095914	5.5793854597234125	2.4136982430789804e-08
HPV52	cross_reactive_non_booster_target	IgG3	antibody_isotype_or_subclass	IgG subclass architecture	low	mixedlm_powell	visit_v2_dose2	4.283493357471271	1.1302552715902299	3.7898459446639388	0.00015074074328044103
HPV52	cross_reactive_non_booster_target	IgG3	antibody_isotype_or_subclass	IgG subclass architecture	low	mixedlm_powell	visit_v2_dose3	3.6599421428341468	1.1589101414703469	3.1580896670648335	0.0015880670282232554
HPV52	cross_reactive_non_booster_target	IgG4	antibody_isotype_or_subclass	IgG subclass architecture	none	mixedlm_powell	intercept	0.15789260845708544	0.4419035916046553	0.3573010300363037	0.7208664589579044
HPV52	cross_reactive_non_booster_target	IgG4	antibody_isotype_or_subclass	IgG subclass architecture	none	mixedlm_powell	visit_v2	0.043225782194336794	0.4434755810939822	0.09747049000467131	0.9223527681853857
HPV52	cross_reactive_non_booster_target	IgG4	antibody_isotype_or_subclass	IgG subclass architecture	none	mixedlm_powell	dose1	0.7728072215974914	0.6249460525086846	1.2365982927570407	0.21623625405413427
HPV52	cross_reactive_non_booster_target	IgG4	antibody_isotype_or_subclass	IgG subclass architecture	none	mixedlm_powell	dose2	0.46932043629078946	0.6174613986468283	0.7600806096045989	0.44720640237826514
HPV52	cross_reactive_non_booster_target	IgG4	antibody_isotype_or_subclass	IgG subclass architecture	none	mixedlm_powell	dose3	0.23117672958390206	0.6331156286946351	0.36514140404422624	0.715005855515864
HPV52	cross_reactive_non_booster_target	IgG4	antibody_isotype_or_subclass	IgG subclass architecture	none	mixedlm_powell	visit_v2_dose1	1.0681440722762796	0.6271691813643988	1.7031195154592025	0.08854570450255782
HPV52	cross_reactive_non_booster_target	IgG4	antibody_isotype_or_subclass	IgG subclass architecture	none	mixedlm_powell	visit_v2_dose2	1.7754893077951792	0.6196579022443965	2.865273405478038	0.004166493406115651
HPV52	cross_reactive_non_booster_target	IgG4	antibody_isotype_or_subclass	IgG subclass architecture	none	mixedlm_powell	visit_v2_dose3	0.8709471860712173	0.6353678192917347	1.3707763591837099	0.17044468269452995
HPV52	cross_reactive_non_booster_target	IgM	antibody_isotype_or_subclass	Antibody abundance	none	mixedlm_lbfgs	intercept	10.534217453918368	0.24364214377912718	43.23643393758725	0.0
HPV52	cross_reactive_non_booster_target	IgM	antibody_isotype_or_subclass	Antibody abundance	none	mixedlm_lbfgs	visit_v2	0.17281441567509215	0.23547056474200861	0.733910906717512	0.46300303933538656
HPV52	cross_reactive_non_booster_target	IgM	antibody_isotype_or_subclass	Antibody abundance	none	mixedlm_lbfgs	dose1	-0.7205146186215861	0.34456202409809683	-2.0911028152552746	0.0365188484105862
HPV52	cross_reactive_non_booster_target	IgM	antibody_isotype_or_subclass	Antibody abundance	none	mixedlm_lbfgs	dose2	-0.8362704925438432	0.34043538392817757	-2.4564734807950313	0.014030815745969559
HPV52	cross_reactive_non_booster_target	IgM	antibody_isotype_or_subclass	Antibody abundance	none	mixedlm_lbfgs	dose3	-1.3150608673506738	0.3490662940192443	-3.7673670872335023	0.00016497832479038776
HPV52	cross_reactive_non_booster_target	IgM	antibody_isotype_or_subclass	Antibody abundance	none	mixedlm_lbfgs	visit_v2_dose1	0.12321191309235377	0.3330056661978007	0.36999944925612055	0.7113829007563617
HPV52	cross_reactive_non_booster_target	IgM	antibody_isotype_or_subclass	Antibody abundance	none	mixedlm_lbfgs	visit_v2_dose2	-0.10167592586273459	0.3290174305164612	-0.3090289949171784	0.7572994708312178
HPV52	cross_reactive_non_booster_target	IgM	antibody_isotype_or_subclass	Antibody abundance	none	mixedlm_lbfgs	visit_v2_dose3	-0.028157465548465575	0.33735886620512184	-0.08346443022293416	0.9334822592455208
HPV58	cross_reactive_non_booster_target	FcgR2A	fc_gamma_receptor_binding	Fc-receptor engagement	moderate	mixedlm_powell	intercept	4.0490025451170775	0.6476673540004494	6.251669966237434	4.0608683319601194e-10
HPV58	cross_reactive_non_booster_target	FcgR2A	fc_gamma_receptor_binding	Fc-receptor engagement	moderate	mixedlm_powell	visit_v2	-0.1333733058759497	0.9159399558879346	-0.14561359073658312	0.8842264384908506
HPV58	cross_reactive_non_booster_target	FcgR2A	fc_gamma_receptor_binding	Fc-receptor engagement	moderate	mixedlm_powell	dose1	-0.9456686694438018	0.9159399559337309	-1.0324570549821301	0.3018580557634879
HPV58	cross_reactive_non_booster_target	FcgR2A	fc_gamma_receptor_binding	Fc-receptor engagement	moderate	mixedlm_powell	dose2	2.2267598011306586	0.9049702194246543	2.4605890374451747	0.013870914948244169
HPV58	cross_reactive_non_booster_target	FcgR2A	fc_gamma_receptor_binding	Fc-receptor engagement	moderate	mixedlm_powell	dose3	1.8091005252881833	0.9279135354478646	1.9496434270839762	0.051218633537437934
HPV58	cross_reactive_non_booster_target	FcgR2A	fc_gamma_receptor_binding	Fc-receptor engagement	moderate	mixedlm_powell	visit_v2_dose1	4.556919609275825	1.295334707936127	3.5179475863318923	0.0004348982521332768
HPV58	cross_reactive_non_booster_target	FcgR2A	fc_gamma_receptor_binding	Fc-receptor engagement	moderate	mixedlm_powell	visit_v2_dose2	2.944019250856505	1.2798211577901075	2.300336443835638	0.021429166502215234
HPV58	cross_reactive_non_booster_target	FcgR2A	fc_gamma_receptor_binding	Fc-receptor engagement	moderate	mixedlm_powell	visit_v2_dose3	3.7990444694925474	1.3122679064743208	2.895022007891259	0.003791319505945725
HPV58	cross_reactive_non_booster_target	FcgR2B	fc_gamma_receptor_binding	Fc-receptor engagement	low	mixedlm_powell	intercept	4.815494590868861	0.4944554749040849	9.738985278306355	2.055970237894354e-22
HPV58	cross_reactive_non_booster_target	FcgR2B	fc_gamma_receptor_binding	Fc-receptor engagement	low	mixedlm_powell	visit_v2	1.068627437123657	0.5386579198330131	1.9838702779213517	0.047270303075835636
HPV58	cross_reactive_non_booster_target	FcgR2B	fc_gamma_receptor_binding	Fc-receptor engagement	low	mixedlm_powell	dose1	0.18133969397554303	0.6992656385989858	0.25932876430031127	0.7953815876334226
HPV58	cross_reactive_non_booster_target	FcgR2B	fc_gamma_receptor_binding	Fc-receptor engagement	low	mixedlm_powell	dose2	0.779434359223781	0.6908908977051219	1.1281583847938466	0.25925303547403156
HPV58	cross_reactive_non_booster_target	FcgR2B	fc_gamma_receptor_binding	Fc-receptor engagement	low	mixedlm_powell	dose3	1.4810162504901092	0.708406753877368	2.090629772209212	0.036561264770739385
HPV58	cross_reactive_non_booster_target	FcgR2B	fc_gamma_receptor_binding	Fc-receptor engagement	low	mixedlm_powell	visit_v2_dose1	2.978850760802061	0.7617773357075245	3.910395625035707	9.21450716368108e-05
HPV58	cross_reactive_non_booster_target	FcgR2B	fc_gamma_receptor_binding	Fc-receptor engagement	low	mixedlm_powell	visit_v2_dose2	2.004014834517945	0.7526539247271844	2.662597999796976	0.007753998709062844
HPV58	cross_reactive_non_booster_target	FcgR2B	fc_gamma_receptor_binding	Fc-receptor engagement	low	mixedlm_powell	visit_v2_dose3	1.6006786546333194	0.7717356320369607	2.074128222391911	0.038067404128880385
HPV58	cross_reactive_non_booster_target	FcgR3A	fc_gamma_receptor_binding	Fc-receptor engagement	high	mixedlm_lbfgs	intercept	2.6962508200053072	0.5482253519767348	4.9181432604009325	8.736896369830198e-07
HPV58	cross_reactive_non_booster_target	FcgR3A	fc_gamma_receptor_binding	Fc-receptor engagement	high	mixedlm_lbfgs	visit_v2	0.8332113437185299	0.5985495768052922	1.3920506771815377	0.16390705253426907
HPV58	cross_reactive_non_booster_target	FcgR3A	fc_gamma_receptor_binding	Fc-receptor engagement	high	mixedlm_lbfgs	dose1	-0.6957606665091234	0.775307728002262	-0.8973993697984828	0.36950584871677394
HPV58	cross_reactive_non_booster_target	FcgR3A	fc_gamma_receptor_binding	Fc-receptor engagement	high	mixedlm_lbfgs	dose2	0.8817122416244745	0.7660222705500148	1.1510269029011293	0.249721167887465
HPV58	cross_reactive_non_booster_target	FcgR3A	fc_gamma_receptor_binding	Fc-receptor engagement	high	mixedlm_lbfgs	dose3	1.1441403305338078	0.7854428997119555	1.4566817409049049	0.14520425227155137
HPV58	cross_reactive_non_booster_target	FcgR3A	fc_gamma_receptor_binding	Fc-receptor engagement	high	mixedlm_lbfgs	visit_v2_dose1	5.525292333533093	0.8464769292707227	6.527398612379638	6.692177700893086e-11
HPV58	cross_reactive_non_booster_target	FcgR3A	fc_gamma_receptor_binding	Fc-receptor engagement	high	mixedlm_lbfgs	visit_v2_dose2	4.128261707087443	0.836339115307092	4.936109804659325	7.969624818106772e-07
HPV58	cross_reactive_non_booster_target	FcgR3A	fc_gamma_receptor_binding	Fc-receptor engagement	high	mixedlm_lbfgs	visit_v2_dose3	3.4868237047743325	0.8575424568239678	4.066065390730958	4.781352509714562e-05
HPV58	cross_reactive_non_booster_target	IgA1	antibody_isotype_or_subclass	Antibody abundance	none	mixedlm_lbfgs	intercept	8.142847512160351	0.3669844804355618	22.188533701740937	4.432098925363417e-109
HPV58	cross_reactive_non_booster_target	IgA1	antibody_isotype_or_subclass	Antibody abundance	none	mixedlm_lbfgs	visit_v2	0.8254815685332445	0.2846464293616309	2.9000243227520204	0.0037313370470403247
HPV58	cross_reactive_non_booster_target	IgA1	antibody_isotype_or_subclass	Antibody abundance	none	mixedlm_lbfgs	dose1	-0.02254949523177589	0.5189944294124144	-0.043448434036769075	0.9653440693509154
HPV58	cross_reactive_non_booster_target	IgA1	antibody_isotype_or_subclass	Antibody abundance	none	mixedlm_lbfgs	dose2	0.9967323457363295	0.5127787030392496	1.9437865493022177	0.05192119644887564
HPV58	cross_reactive_non_booster_target	IgA1	antibody_isotype_or_subclass	Antibody abundance	none	mixedlm_lbfgs	dose3	0.6223534265015581	0.5257789582755833	1.1836788382378665	0.23654021894703658
HPV58	cross_reactive_non_booster_target	IgA1	antibody_isotype_or_subclass	Antibody abundance	none	mixedlm_lbfgs	visit_v2_dose1	0.4368082710120646	0.40255084088429377	1.0851008783201561	0.27787697837364045
HPV58	cross_reactive_non_booster_target	IgA1	antibody_isotype_or_subclass	Antibody abundance	none	mixedlm_lbfgs	visit_v2_dose2	0.3715850699489476	0.39772969881335274	0.9342653341140754	0.3501670414710393
HPV58	cross_reactive_non_booster_target	IgA1	antibody_isotype_or_subclass	Antibody abundance	none	mixedlm_lbfgs	visit_v2_dose3	-0.10125670653425511	0.4078131667284545	-0.24829190128056278	0.8039085646979302
HPV58	cross_reactive_non_booster_target	IgA2	antibody_isotype_or_subclass	Antibody abundance	high	mixedlm_lbfgs	intercept	2.2489984482044543	0.911790848209987	2.4665727371794217	0.013641301977406296
HPV58	cross_reactive_non_booster_target	IgA2	antibody_isotype_or_subclass	Antibody abundance	high	mixedlm_lbfgs	visit_v2	2.1763461476242494	0.8476149121841062	2.567611914727069	0.010240172825909529
HPV58	cross_reactive_non_booster_target	IgA2	antibody_isotype_or_subclass	Antibody abundance	high	mixedlm_lbfgs	dose1	-0.38986360075096244	1.2894669835862305	-0.30234477168751106	0.7623892514651591
HPV58	cross_reactive_non_booster_target	IgA2	antibody_isotype_or_subclass	Antibody abundance	high	mixedlm_lbfgs	dose2	2.0113683447265176	1.2740237081231842	1.5787526808975523	0.11439279610816944
HPV58	cross_reactive_non_booster_target	IgA2	antibody_isotype_or_subclass	Antibody abundance	high	mixedlm_lbfgs	dose3	2.982496294288704	1.3063234765897271	2.283122325930155	0.022423163804946453
HPV58	cross_reactive_non_booster_target	IgA2	antibody_isotype_or_subclass	Antibody abundance	high	mixedlm_lbfgs	visit_v2_dose1	0.9746595435741587	1.1987085044804424	0.8130913728660051	0.4161656723660192
HPV58	cross_reactive_non_booster_target	IgA2	antibody_isotype_or_subclass	Antibody abundance	high	mixedlm_lbfgs	visit_v2_dose2	-0.9099997686361156	1.1843521961218502	-0.7683523293289792	0.4422778934676378
HPV58	cross_reactive_non_booster_target	IgA2	antibody_isotype_or_subclass	Antibody abundance	high	mixedlm_lbfgs	visit_v2_dose3	-1.7208658323840145	1.21437856178025	-1.4170752733490832	0.15646092099302877
HPV58	cross_reactive_non_booster_target	IgG	antibody_isotype_or_subclass	Antibody abundance	none	mixedlm_powell	intercept	8.774678470597838	0.28530740615266253	30.7551724258524	1.0427847720564634e-207
HPV58	cross_reactive_non_booster_target	IgG	antibody_isotype_or_subclass	Antibody abundance	none	mixedlm_powell	visit_v2	0.7339207789043507	0.3222546204121963	2.277456186557051	0.022758998143220396
HPV58	cross_reactive_non_booster_target	IgG	antibody_isotype_or_subclass	Antibody abundance	none	mixedlm_powell	dose1	0.11963953533552427	0.4034856032265846	0.2965150042003817	0.7668368102001308
HPV58	cross_reactive_non_booster_target	IgG	antibody_isotype_or_subclass	Antibody abundance	none	mixedlm_powell	dose2	1.6981397085708965	0.3986532659932019	4.25969094807279	2.0470975366453368e-05
HPV58	cross_reactive_non_booster_target	IgG	antibody_isotype_or_subclass	Antibody abundance	none	mixedlm_powell	dose3	1.6916856422169646	0.4087601487049689	4.138577715015887	3.494654991304489e-05
HPV58	cross_reactive_non_booster_target	IgG	antibody_isotype_or_subclass	Antibody abundance	none	mixedlm_powell	visit_v2_dose1	3.604704822038786	0.4557368547243233	7.909618861567129	2.581780952454275e-15
HPV58	cross_reactive_non_booster_target	IgG	antibody_isotype_or_subclass	Antibody abundance	none	mixedlm_powell	visit_v2_dose2	1.7698279997842006	0.4502787314255043	3.930516536237971	8.476356325012794e-05
HPV58	cross_reactive_non_booster_target	IgG	antibody_isotype_or_subclass	Antibody abundance	none	mixedlm_powell	visit_v2_dose3	2.601481904368766	0.4616944520888801	5.634639733266621	1.7542467343731144e-08
HPV58	cross_reactive_non_booster_target	IgG1	antibody_isotype_or_subclass	IgG subclass architecture	none	mixedlm_lbfgs	intercept	8.094507417313514	0.3111938119356229	26.011145166948356	3.704518713560986e-149
HPV58	cross_reactive_non_booster_target	IgG1	antibody_isotype_or_subclass	IgG subclass architecture	none	mixedlm_lbfgs	visit_v2	0.6841035895221794	0.2992879211761634	2.285770795004822	0.022267671090064063
HPV58	cross_reactive_non_booster_target	IgG1	antibody_isotype_or_subclass	IgG subclass architecture	none	mixedlm_lbfgs	dose1	-0.3083434942054089	0.44009450936593986	-0.7006301774808565	0.48353384046758696
HPV58	cross_reactive_non_booster_target	IgG1	antibody_isotype_or_subclass	IgG subclass architecture	none	mixedlm_lbfgs	dose2	1.2194376289993227	0.4348237263025302	2.8044413292914347	0.005040386008711592
HPV58	cross_reactive_non_booster_target	IgG1	antibody_isotype_or_subclass	IgG subclass architecture	none	mixedlm_lbfgs	dose3	1.356759161134654	0.4458476229488656	3.04310058257339	0.002341540540739583
HPV58	cross_reactive_non_booster_target	IgG1	antibody_isotype_or_subclass	IgG subclass architecture	none	mixedlm_lbfgs	visit_v2_dose1	3.5109971606406503	0.42325703718178104	8.295189098374617	1.08412609020313e-16
HPV58	cross_reactive_non_booster_target	IgG1	antibody_isotype_or_subclass	IgG subclass architecture	none	mixedlm_lbfgs	visit_v2_dose2	1.9042639369598826	0.41818790776623604	4.553608321989913	5.273349845145325e-06
HPV58	cross_reactive_non_booster_target	IgG1	antibody_isotype_or_subclass	IgG subclass architecture	none	mixedlm_lbfgs	visit_v2_dose3	2.463795010715928	0.4287900437470929	5.745924017230943	9.142035537368496e-09
HPV58	cross_reactive_non_booster_target	IgG2	antibody_isotype_or_subclass	IgG subclass architecture	none	mixedlm_lbfgs	intercept	2.8048082278646214	0.5770267606499115	4.860794020550339	1.1691585543325747e-06
HPV58	cross_reactive_non_booster_target	IgG2	antibody_isotype_or_subclass	IgG subclass architecture	none	mixedlm_lbfgs	visit_v2	-0.5930982554460152	0.5567663623657815	-1.065255186979785	0.28676046598558835
HPV58	cross_reactive_non_booster_target	IgG2	antibody_isotype_or_subclass	IgG subclass architecture	none	mixedlm_lbfgs	dose1	-0.61910392507779	0.8160390707633189	-0.7586694648072221	0.4480503074007356
HPV58	cross_reactive_non_booster_target	IgG2	antibody_isotype_or_subclass	IgG subclass architecture	none	mixedlm_lbfgs	dose2	0.8999424539349703	0.8062657952015385	1.1161858276649523	0.26434259964705753
HPV58	cross_reactive_non_booster_target	IgG2	antibody_isotype_or_subclass	IgG subclass architecture	none	mixedlm_lbfgs	dose3	2.7094657631072527	0.8267067009252369	3.277420831444649	0.001047601037932775
HPV58	cross_reactive_non_booster_target	IgG2	antibody_isotype_or_subclass	IgG subclass architecture	none	mixedlm_lbfgs	visit_v2_dose1	2.7613465341600523	0.7873865407308218	3.5069770580496296	0.00045322822215777234
HPV58	cross_reactive_non_booster_target	IgG2	antibody_isotype_or_subclass	IgG subclass architecture	none	mixedlm_lbfgs	visit_v2_dose2	2.372225268424246	0.7779564216202244	3.04930353744454	0.002293726015190782
HPV58	cross_reactive_non_booster_target	IgG2	antibody_isotype_or_subclass	IgG subclass architecture	none	mixedlm_lbfgs	visit_v2_dose3	1.7807457058331377	0.7976796121190967	2.232407195543648	0.02558806267852029
HPV58	cross_reactive_non_booster_target	IgG3	antibody_isotype_or_subclass	IgG subclass architecture	low	mixedlm_powell	intercept	6.341029581604765	0.5822193026213449	10.891135956941554	1.2704560113984379e-27
HPV58	cross_reactive_non_booster_target	IgG3	antibody_isotype_or_subclass	IgG subclass architecture	low	mixedlm_powell	visit_v2	0.15717563625060307	0.6949525398106782	0.22616743913680998	0.8210711942963986
HPV58	cross_reactive_non_booster_target	IgG3	antibody_isotype_or_subclass	IgG subclass architecture	low	mixedlm_powell	dose1	-0.38961441889888826	0.8233824340425111	-0.473187674147992	0.6360792907325825
HPV58	cross_reactive_non_booster_target	IgG3	antibody_isotype_or_subclass	IgG subclass architecture	low	mixedlm_powell	dose2	0.45828456465529943	0.8135212108377207	0.5633345001335398	0.5732071296789452
HPV58	cross_reactive_non_booster_target	IgG3	antibody_isotype_or_subclass	IgG subclass architecture	low	mixedlm_powell	dose3	1.0630446446208566	0.8341460599556297	1.2744106765635295	0.20251791051191526
HPV58	cross_reactive_non_booster_target	IgG3	antibody_isotype_or_subclass	IgG subclass architecture	low	mixedlm_powell	visit_v2_dose1	5.348545917120158	0.9828113070058854	5.442088302193423	5.265955925859146e-08
HPV58	cross_reactive_non_booster_target	IgG3	antibody_isotype_or_subclass	IgG subclass architecture	low	mixedlm_powell	visit_v2_dose2	4.038592317448533	0.9710406871020891	4.159035116747832	3.1959476738511566e-05
HPV58	cross_reactive_non_booster_target	IgG3	antibody_isotype_or_subclass	IgG subclass architecture	low	mixedlm_powell	visit_v2_dose3	2.4496096705818733	0.995659058930659	2.460289642935366	0.013882492753523556
HPV58	cross_reactive_non_booster_target	IgG4	antibody_isotype_or_subclass	IgG subclass architecture	none	mixedlm_lbfgs	intercept	0.4323979572705828	0.43938128665619425	0.9841064478672807	0.32506317694566433
HPV58	cross_reactive_non_booster_target	IgG4	antibody_isotype_or_subclass	IgG subclass architecture	none	mixedlm_lbfgs	visit_v2	-0.19873427044008932	0.41229596587983863	-0.48201846946523197	0.6297928259648087
HPV58	cross_reactive_non_booster_target	IgG4	antibody_isotype_or_subclass	IgG subclass architecture	none	mixedlm_lbfgs	dose1	0.4389218200011651	0.6213789746421309	0.7063673505431242	0.4799597194013826
HPV58	cross_reactive_non_booster_target	IgG4	antibody_isotype_or_subclass	IgG subclass architecture	none	mixedlm_lbfgs	dose2	0.9479097539831121	0.6139370418167902	1.5439852776727965	0.12259189923701262
HPV58	cross_reactive_non_booster_target	IgG4	antibody_isotype_or_subclass	IgG subclass architecture	none	mixedlm_lbfgs	dose3	0.33287831358445047	0.6295019203801011	0.5287963432795477	0.596946734701592
HPV58	cross_reactive_non_booster_target	IgG4	antibody_isotype_or_subclass	IgG subclass architecture	none	mixedlm_lbfgs	visit_v2_dose1	0.9672308969258234	0.5830745466589842	1.6588460300111783	0.09714682227433875
HPV58	cross_reactive_non_booster_target	IgG4	antibody_isotype_or_subclass	IgG subclass architecture	none	mixedlm_lbfgs	visit_v2_dose2	1.7959161439157811	0.5760913660470215	3.1174154826149496	0.0018244425031105046
HPV58	cross_reactive_non_booster_target	IgG4	antibody_isotype_or_subclass	IgG subclass architecture	none	mixedlm_lbfgs	visit_v2_dose3	1.8684049045658033	0.5906967596674471	3.1630525713695903	0.0015612413554975746
HPV58	cross_reactive_non_booster_target	IgM	antibody_isotype_or_subclass	Antibody abundance	none	mixedlm_lbfgs	intercept	11.207581100539265	0.17340535493825576	64.63226642873823	0.0
HPV58	cross_reactive_non_booster_target	IgM	antibody_isotype_or_subclass	Antibody abundance	none	mixedlm_lbfgs	visit_v2	0.2835858006847494	0.1519942344122575	1.8657668284678024	0.06207399518446421
HPV58	cross_reactive_non_booster_target	IgM	antibody_isotype_or_subclass	Antibody abundance	none	mixedlm_lbfgs	dose1	-0.365665480852197	0.2452322047418019	-1.4910989412552724	0.1359355202681485
HPV58	cross_reactive_non_booster_target	IgM	antibody_isotype_or_subclass	Antibody abundance	none	mixedlm_lbfgs	dose2	-0.4401352064878573	0.24229518616091122	-1.8165247665942406	0.06928991232646943
HPV58	cross_reactive_non_booster_target	IgM	antibody_isotype_or_subclass	Antibody abundance	none	mixedlm_lbfgs	dose3	-0.3458092932497063	0.24843799054018315	-1.3919340294848102	0.1639423759311357
HPV58	cross_reactive_non_booster_target	IgM	antibody_isotype_or_subclass	Antibody abundance	none	mixedlm_lbfgs	visit_v2_dose1	-0.1327294478167196	0.21495230770832943	-0.6174832418957851	0.5369160314077749
HPV58	cross_reactive_non_booster_target	IgM	antibody_isotype_or_subclass	Antibody abundance	none	mixedlm_lbfgs	visit_v2_dose2	-0.34249841990999086	0.21237793570686497	-1.612683628221742	0.10681325920474284
HPV58	cross_reactive_non_booster_target	IgM	antibody_isotype_or_subclass	Antibody abundance	none	mixedlm_lbfgs	visit_v2_dose3	-0.24129014120951195	0.2177622610588943	-1.1080438825176162	0.2678428646789289
