matrix_representation	principal_component	component_number	feature_column	loading	absolute_loading	squared_loading	contribution_percent	antigen_target	assay_feature	feature_family
raw_log2_change	PC1	1	BPV__FcgR2A	0.04679007041638428	0.04679007041638428	0.002189310689570199	0.2189310689570199	BPV	FcgR2A	fc_receptor_communication
raw_log2_change	PC1	1	BPV__FcgR2B	0.05865383320767603	0.05865383320767603	0.0034402721499538795	0.34402721499538796	BPV	FcgR2B	fc_receptor_communication
raw_log2_change	PC1	1	BPV__FcgR3A	0.05502746395880205	0.05502746395880205	0.0030280217897372588	0.30280217897372586	BPV	FcgR3A	fc_receptor_communication
raw_log2_change	PC1	1	BPV__IgA1	-0.02614044858142655	0.02614044858142655	0.0006833230520382053	0.06833230520382054	BPV	IgA1	binding_antibody_abundance
raw_log2_change	PC1	1	BPV__IgA2	-0.011487823849123452	0.011487823849123452	0.00013197009678848955	0.013197009678848955	BPV	IgA2	binding_antibody_abundance
raw_log2_change	PC1	1	BPV__IgG	0.10401624399470885	0.10401624399470885	0.010819379014766805	1.0819379014766806	BPV	IgG	binding_antibody_abundance
raw_log2_change	PC1	1	BPV__IgG1	0.11989370505163006	0.11989370505163006	0.014374500511007264	1.4374500511007264	BPV	IgG1	igg_subclass_architecture
raw_log2_change	PC1	1	BPV__IgG2	-0.009236016192411108	0.009236016192411108	8.530399510648017e-05	0.008530399510648018	BPV	IgG2	igg_subclass_architecture
raw_log2_change	PC1	1	BPV__IgG3	0.10856162261991145	0.10856162261991145	0.011785625905868069	1.178562590586807	BPV	IgG3	igg_subclass_architecture
raw_log2_change	PC1	1	BPV__IgG4	-0.003617711554389568	0.003617711554389568	1.3087836890763785e-05	0.0013087836890763784	BPV	IgG4	igg_subclass_architecture
raw_log2_change	PC1	1	BPV__IgM	0.011031099835660498	0.011031099835660498	0.00012168516358430907	0.012168516358430907	BPV	IgM	binding_antibody_abundance
raw_log2_change	PC1	1	HPV16__ADCP	0.015483445041179928	0.015483445041179928	0.0002397370703432393	0.02397370703432393	HPV16	ADCP	phagocytic_function
raw_log2_change	PC1	1	HPV16__FcgR2A	0.026277416408399392	0.026277416408399392	0.0006905026131004176	0.06905026131004176	HPV16	FcgR2A	fc_receptor_communication
raw_log2_change	PC1	1	HPV16__FcgR2B	-0.1578331471122942	0.1578331471122942	0.024911302327371106	2.4911302327371105	HPV16	FcgR2B	fc_receptor_communication
raw_log2_change	PC1	1	HPV16__FcgR3A	-0.13295250392321725	0.13295250392321725	0.0176763682994531	1.7676368299453098	HPV16	FcgR3A	fc_receptor_communication
raw_log2_change	PC1	1	HPV16__IgA1	-0.1077848461375706	0.1077848461375706	0.011617573056899767	1.1617573056899766	HPV16	IgA1	binding_antibody_abundance
raw_log2_change	PC1	1	HPV16__IgA2	-0.09953457082991295	0.09953457082991295	0.009907130790294958	0.9907130790294958	HPV16	IgA2	binding_antibody_abundance
raw_log2_change	PC1	1	HPV16__IgG	-0.15739024504671376	0.15739024504671376	0.024771689235864605	2.4771689235864605	HPV16	IgG	binding_antibody_abundance
raw_log2_change	PC1	1	HPV16__IgG1	-0.1561822061240449	0.1561822061240449	0.02439288150977365	2.4392881509773647	HPV16	IgG1	igg_subclass_architecture
raw_log2_change	PC1	1	HPV16__IgG2	0.03953234524594018	0.03953234524594018	0.0015628063206442092	0.15628063206442092	HPV16	IgG2	igg_subclass_architecture
raw_log2_change	PC1	1	HPV16__IgG3	-0.05687135495275963	0.05687135495275963	0.003234351014162777	0.32343510141627774	HPV16	IgG3	igg_subclass_architecture
raw_log2_change	PC1	1	HPV16__IgG4	0.05486648834655003	0.05486648834655003	0.00301033154348211	0.30103315434821104	HPV16	IgG4	igg_subclass_architecture
raw_log2_change	PC1	1	HPV16__IgM	-0.08549539095942597	0.08549539095942597	0.007309461875305096	0.7309461875305097	HPV16	IgM	binding_antibody_abundance
raw_log2_change	PC1	1	HPV16__nAb	0.04645672458973127	0.04645672458973127	0.002158227259606142	0.21582272596061422	HPV16	nAb	neutralization
raw_log2_change	PC1	1	HPV18__ADCP	0.04046885577763386	0.04046885577763386	0.0016377282879509293	0.16377282879509295	HPV18	ADCP	phagocytic_function
raw_log2_change	PC1	1	HPV18__FcgR2A	0.03634593341174042	0.03634593341174042	0.0013210268755706688	0.1321026875570669	HPV18	FcgR2A	fc_receptor_communication
raw_log2_change	PC1	1	HPV18__FcgR2B	-0.037433836466047164	0.037433836466047164	0.0014012921125667625	0.14012921125667624	HPV18	FcgR2B	fc_receptor_communication
raw_log2_change	PC1	1	HPV18__FcgR3A	-0.024758751746507466	0.024758751746507466	0.0006129957880451865	0.06129957880451865	HPV18	FcgR3A	fc_receptor_communication
raw_log2_change	PC1	1	HPV18__IgA1	-0.04620215720921754	0.04620215720921754	0.0021346393307852523	0.21346393307852524	HPV18	IgA1	binding_antibody_abundance
raw_log2_change	PC1	1	HPV18__IgA2	-0.03779002577012015	0.03779002577012015	0.0014280860477063452	0.14280860477063453	HPV18	IgA2	binding_antibody_abundance
raw_log2_change	PC1	1	HPV18__IgG	-0.03776561315184094	0.03776561315184094	0.0014262415367345012	0.14262415367345013	HPV18	IgG	binding_antibody_abundance
raw_log2_change	PC1	1	HPV18__IgG1	-0.052775432244190096	0.052775432244190096	0.0027852462485610996	0.27852462485610996	HPV18	IgG1	igg_subclass_architecture
raw_log2_change	PC1	1	HPV18__IgG2	0.07956955311201279	0.07956955311201279	0.006331313782445424	0.6331313782445425	HPV18	IgG2	igg_subclass_architecture
raw_log2_change	PC1	1	HPV18__IgG3	0.02702265083376968	0.02702265083376968	0.0007302236580838332	0.07302236580838332	HPV18	IgG3	igg_subclass_architecture
raw_log2_change	PC1	1	HPV18__IgG4	0.08532966255851095	0.08532966255851095	0.007281151312349345	0.7281151312349344	HPV18	IgG4	igg_subclass_architecture
raw_log2_change	PC1	1	HPV18__IgM	-0.018527396855988986	0.018527396855988986	0.00034326443425931056	0.03432644342593105	HPV18	IgM	binding_antibody_abundance
raw_log2_change	PC1	1	HPV18__nAb	0.13000807292978528	0.13000807292978528	0.01690209902691637	1.6902099026916368	HPV18	nAb	neutralization
raw_log2_change	PC1	1	HPV31__FcgR2A	0.11226691833337275	0.11226691833337275	0.012603860952072186	1.2603860952072186	HPV31	FcgR2A	fc_receptor_communication
raw_log2_change	PC1	1	HPV31__FcgR2B	0.1147544118124429	0.1147544118124429	0.013168575030419736	1.3168575030419736	HPV31	FcgR2B	fc_receptor_communication
raw_log2_change	PC1	1	HPV31__FcgR3A	0.15325713799935547	0.15325713799935547	0.023487750347753487	2.3487750347753487	HPV31	FcgR3A	fc_receptor_communication
raw_log2_change	PC1	1	HPV31__IgA1	0.08942027349586734	0.08942027349586734	0.007995985312075715	0.7995985312075715	HPV31	IgA1	binding_antibody_abundance
raw_log2_change	PC1	1	HPV31__IgA2	0.06761680539052449	0.06761680539052449	0.004572032371220062	0.45720323712200617	HPV31	IgA2	binding_antibody_abundance
raw_log2_change	PC1	1	HPV31__IgG	0.15590274349695415	0.15590274349695415	0.024305665429877082	2.4305665429877084	HPV31	IgG	binding_antibody_abundance
raw_log2_change	PC1	1	HPV31__IgG1	0.15191290209147007	0.15191290209147007	0.02307752982185257	2.3077529821852574	HPV31	IgG1	igg_subclass_architecture
raw_log2_change	PC1	1	HPV31__IgG2	0.1336790227484478	0.1336790227484478	0.01787008112298003	1.7870081122980028	HPV31	IgG2	igg_subclass_architecture
raw_log2_change	PC1	1	HPV31__IgG3	0.1502662375514706	0.1502662375514706	0.02257994214787499	2.257994214787499	HPV31	IgG3	igg_subclass_architecture
raw_log2_change	PC1	1	HPV31__IgG4	0.08231238208561956	0.08231238208561956	0.006775328244609023	0.6775328244609022	HPV31	IgG4	igg_subclass_architecture
raw_log2_change	PC1	1	HPV31__IgM	0.029117200552721476	0.029117200552721476	0.0008478113680274038	0.08478113680274038	HPV31	IgM	binding_antibody_abundance
raw_log2_change	PC1	1	HPV33__FcgR2A	0.13497895726529996	0.13497895726529996	0.018219318904427673	1.8219318904427673	HPV33	FcgR2A	fc_receptor_communication
raw_log2_change	PC1	1	HPV33__FcgR2B	0.059654759417002275	0.059654759417002275	0.0035586903211004216	0.35586903211004217	HPV33	FcgR2B	fc_receptor_communication
raw_log2_change	PC1	1	HPV33__FcgR3A	0.12533584277173826	0.12533584277173826	0.015709073483301892	1.5709073483301892	HPV33	FcgR3A	fc_receptor_communication
raw_log2_change	PC1	1	HPV33__IgA1	0.02473489909583179	0.02473489909583179	0.0006118152332809804	0.061181523328098036	HPV33	IgA1	binding_antibody_abundance
raw_log2_change	PC1	1	HPV33__IgA2	0.020285749448994486	0.020285749448994486	0.0004115116307073801	0.04115116307073801	HPV33	IgA2	binding_antibody_abundance
raw_log2_change	PC1	1	HPV33__IgG	0.15289812700910949	0.15289812700910949	0.023377837242893777	2.3377837242893778	HPV33	IgG	binding_antibody_abundance
raw_log2_change	PC1	1	HPV33__IgG1	0.15651673149019854	0.15651673149019854	0.024497487236374908	2.449748723637491	HPV33	IgG1	igg_subclass_architecture
raw_log2_change	PC1	1	HPV33__IgG2	0.03968010124237412	0.03968010124237412	0.0015745104346050604	0.15745104346050603	HPV33	IgG2	igg_subclass_architecture
raw_log2_change	PC1	1	HPV33__IgG3	0.09101675976828671	0.09101675976828671	0.008284050558718016	0.8284050558718016	HPV33	IgG3	igg_subclass_architecture
raw_log2_change	PC1	1	HPV33__IgG4	0.03322643476593173	0.03322643476593173	0.0011039959672547166	0.11039959672547166	HPV33	IgG4	igg_subclass_architecture
raw_log2_change	PC1	1	HPV33__IgM	0.017234417096953888	0.017234417096953888	0.0002970251326717765	0.029702513267177648	HPV33	IgM	binding_antibody_abundance
raw_log2_change	PC1	1	HPV45__FcgR2A	0.12289559522114056	0.12289559522114056	0.015103327324758426	1.5103327324758427	HPV45	FcgR2A	fc_receptor_communication
raw_log2_change	PC1	1	HPV45__FcgR2B	0.1342025404554007	0.1342025404554007	0.01801032186468346	1.8010321864683458	HPV45	FcgR2B	fc_receptor_communication
raw_log2_change	PC1	1	HPV45__FcgR3A	0.17257472621624387	0.17257472621624387	0.02978203612861153	2.978203612861153	HPV45	FcgR3A	fc_receptor_communication
raw_log2_change	PC1	1	HPV45__IgA1	0.03773170130421022	0.03773170130421022	0.0014236812833101392	0.14236812833101392	HPV45	IgA1	binding_antibody_abundance
raw_log2_change	PC1	1	HPV45__IgA2	0.026831606138272766	0.026831606138272766	0.0007199350879593967	0.07199350879593967	HPV45	IgA2	binding_antibody_abundance
raw_log2_change	PC1	1	HPV45__IgG	0.18467361276501354	0.18467361276501354	0.03410434325168217	3.410434325168217	HPV45	IgG	binding_antibody_abundance
raw_log2_change	PC1	1	HPV45__IgG1	0.18551643357581307	0.18551643357581307	0.03441634712668906	3.441634712668906	HPV45	IgG1	igg_subclass_architecture
raw_log2_change	PC1	1	HPV45__IgG2	0.10497567949579115	0.10497567949579115	0.011019893285603067	1.1019893285603066	HPV45	IgG2	igg_subclass_architecture
raw_log2_change	PC1	1	HPV45__IgG3	0.10021317145417372	0.10021317145417372	0.010042679732903619	1.0042679732903619	HPV45	IgG3	igg_subclass_architecture
raw_log2_change	PC1	1	HPV45__IgG4	0.03585561418780565	0.03585561418780565	0.0012856250687847696	0.12856250687847695	HPV45	IgG4	igg_subclass_architecture
raw_log2_change	PC1	1	HPV45__IgM	0.036685122940836326	0.036685122940836326	0.0013457982451842757	0.13457982451842757	HPV45	IgM	binding_antibody_abundance
raw_log2_change	PC1	1	HPV52__FcgR2A	0.11851619281956462	0.11851619281956462	0.01404608796044422	1.404608796044422	HPV52	FcgR2A	fc_receptor_communication
raw_log2_change	PC1	1	HPV52__FcgR2B	0.13543653257610386	0.13543653257610386	0.01834305435623804	1.834305435623804	HPV52	FcgR2B	fc_receptor_communication
raw_log2_change	PC1	1	HPV52__FcgR3A	0.18048404759921272	0.18048404759921272	0.03257449143779488	3.257449143779488	HPV52	FcgR3A	fc_receptor_communication
raw_log2_change	PC1	1	HPV52__IgA1	0.07513513245417794	0.07513513245417794	0.005645288128906863	0.5645288128906862	HPV52	IgA1	binding_antibody_abundance
raw_log2_change	PC1	1	HPV52__IgA2	-0.04166521049156448	0.04166521049156448	0.0017359897653063745	0.17359897653063747	HPV52	IgA2	binding_antibody_abundance
raw_log2_change	PC1	1	HPV52__IgG	0.19056462197952023	0.19056462197952023	0.03631487515019745	3.631487515019745	HPV52	IgG	binding_antibody_abundance
raw_log2_change	PC1	1	HPV52__IgG1	0.18650781051868892	0.18650781051868892	0.03478516338447517	3.4785163384475166	HPV52	IgG1	igg_subclass_architecture
raw_log2_change	PC1	1	HPV52__IgG2	0.09861160258207276	0.09861160258207276	0.009724248163804659	0.9724248163804659	HPV52	IgG2	igg_subclass_architecture
raw_log2_change	PC1	1	HPV52__IgG3	0.15895569601894952	0.15895569601894952	0.025266913296868684	2.5266913296868685	HPV52	IgG3	igg_subclass_architecture
raw_log2_change	PC1	1	HPV52__IgG4	0.05334904425524959	0.05334904425524959	0.002846120522948579	0.2846120522948579	HPV52	IgG4	igg_subclass_architecture
raw_log2_change	PC1	1	HPV52__IgM	0.015222415161220372	0.015222415161220372	0.00023172192334055183	0.023172192334055184	HPV52	IgM	binding_antibody_abundance
raw_log2_change	PC1	1	HPV58__FcgR2A	0.12834606924736652	0.12834606924736652	0.0164727134912498	1.6472713491249802	HPV58	FcgR2A	fc_receptor_communication
raw_log2_change	PC1	1	HPV58__FcgR2B	0.13656043683578098	0.13656043683578098	0.018648752908779327	1.8648752908779327	HPV58	FcgR2B	fc_receptor_communication
raw_log2_change	PC1	1	HPV58__FcgR3A	0.17997623228125925	0.17997623228125925	0.03239144418615778	3.239144418615778	HPV58	FcgR3A	fc_receptor_communication
raw_log2_change	PC1	1	HPV58__IgA1	0.07181455472045117	0.07181455472045117	0.005157330269696676	0.5157330269696676	HPV58	IgA1	binding_antibody_abundance
raw_log2_change	PC1	1	HPV58__IgA2	0.03249570869878991	0.03249570869878991	0.0010559710838366103	0.10559710838366103	HPV58	IgA2	binding_antibody_abundance
raw_log2_change	PC1	1	HPV58__IgG	0.180629892357611	0.180629892357611	0.03262715801312214	3.262715801312214	HPV58	IgG	binding_antibody_abundance
raw_log2_change	PC1	1	HPV58__IgG1	0.18385988494251762	0.18385988494251762	0.03380445729107582	3.380445729107582	HPV58	IgG1	igg_subclass_architecture
raw_log2_change	PC1	1	HPV58__IgG2	0.12341901360451923	0.12341901360451923	0.015232252919112503	1.5232252919112503	HPV58	IgG2	igg_subclass_architecture
raw_log2_change	PC1	1	HPV58__IgG3	0.15403344749494796	0.15403344749494796	0.023726302947178892	2.372630294717889	HPV58	IgG3	igg_subclass_architecture
raw_log2_change	PC1	1	HPV58__IgG4	0.06401628452989398	0.06401628452989398	0.004098084685012344	0.40980846850123437	HPV58	IgG4	igg_subclass_architecture
raw_log2_change	PC1	1	HPV58__IgM	-0.02444503746357873	0.02444503746357873	0.0005975598565957676	0.059755985659576766	HPV58	IgM	binding_antibody_abundance
raw_log2_change	PC2	2	BPV__FcgR2A	-0.016957294787245197	0.016957294787245197	0.00028754984650153316	0.028754984650153317	BPV	FcgR2A	fc_receptor_communication
raw_log2_change	PC2	2	BPV__FcgR2B	-0.029449223664305166	0.029449223664305166	0.0008672567744302714	0.08672567744302714	BPV	FcgR2B	fc_receptor_communication
raw_log2_change	PC2	2	BPV__FcgR3A	0.0012036599288444139	0.0012036599288444139	1.4487972243057394e-06	0.00014487972243057393	BPV	FcgR3A	fc_receptor_communication
raw_log2_change	PC2	2	BPV__IgA1	-0.06546821088516686	0.06546821088516686	0.00428608663650468	0.428608663650468	BPV	IgA1	binding_antibody_abundance
raw_log2_change	PC2	2	BPV__IgA2	-0.006791558213482429	0.006791558213482429	4.612526296712064e-05	0.004612526296712064	BPV	IgA2	binding_antibody_abundance
raw_log2_change	PC2	2	BPV__IgG	-0.0018806705153731895	0.0018806705153731895	3.5369215873940584e-06	0.00035369215873940586	BPV	IgG	binding_antibody_abundance
raw_log2_change	PC2	2	BPV__IgG1	0.009187305458438214	0.009187305458438214	8.440658158664861e-05	0.008440658158664861	BPV	IgG1	igg_subclass_architecture
raw_log2_change	PC2	2	BPV__IgG2	-0.027547384654140326	0.027547384654140326	0.0007588584012831659	0.07588584012831659	BPV	IgG2	igg_subclass_architecture
raw_log2_change	PC2	2	BPV__IgG3	0.0031749133149381924	0.0031749133149381924	1.0080074557371822e-05	0.0010080074557371822	BPV	IgG3	igg_subclass_architecture
raw_log2_change	PC2	2	BPV__IgG4	0.022231786171221346	0.022231786171221346	0.0004942523163629087	0.04942523163629087	BPV	IgG4	igg_subclass_architecture
raw_log2_change	PC2	2	BPV__IgM	0.032669196782452156	0.032669196782452156	0.0010672764184105823	0.10672764184105822	BPV	IgM	binding_antibody_abundance
raw_log2_change	PC2	2	HPV16__ADCP	0.20935263934780596	0.20935263934780596	0.043828527601892514	4.382852760189252	HPV16	ADCP	phagocytic_function
raw_log2_change	PC2	2	HPV16__FcgR2A	0.04844166390151596	0.04844166390151596	0.002346594801547435	0.23465948015474347	HPV16	FcgR2A	fc_receptor_communication
raw_log2_change	PC2	2	HPV16__FcgR2B	0.14180814582156717	0.14180814582156717	0.020109550221350858	2.010955022135086	HPV16	FcgR2B	fc_receptor_communication
raw_log2_change	PC2	2	HPV16__FcgR3A	0.16774461231974164	0.16774461231974164	0.028138254962300418	2.813825496230042	HPV16	FcgR3A	fc_receptor_communication
raw_log2_change	PC2	2	HPV16__IgA1	0.20912439771554853	0.20912439771554853	0.04373301371989092	4.373301371989092	HPV16	IgA1	binding_antibody_abundance
raw_log2_change	PC2	2	HPV16__IgA2	0.21655071034681136	0.21655071034681136	0.046894210151708596	4.6894210151708595	HPV16	IgA2	binding_antibody_abundance
raw_log2_change	PC2	2	HPV16__IgG	0.19436733851510632	0.19436733851510632	0.037778662281445934	3.7778662281445934	HPV16	IgG	binding_antibody_abundance
raw_log2_change	PC2	2	HPV16__IgG1	0.1996694910504838	0.1996694910504838	0.039867905656359226	3.9867905656359226	HPV16	IgG1	igg_subclass_architecture
raw_log2_change	PC2	2	HPV16__IgG2	0.11929598579096666	0.11929598579096666	0.01423153222583852	1.423153222583852	HPV16	IgG2	igg_subclass_architecture
raw_log2_change	PC2	2	HPV16__IgG3	0.18334804413742217	0.18334804413742217	0.033616505289018106	3.3616505289018104	HPV16	IgG3	igg_subclass_architecture
raw_log2_change	PC2	2	HPV16__IgG4	0.10366678969389317	0.10366678969389317	0.010746803285437876	1.0746803285437876	HPV16	IgG4	igg_subclass_architecture
raw_log2_change	PC2	2	HPV16__IgM	0.22568116282711723	0.22568116282711723	0.0509319872549998	5.093198725499979	HPV16	IgM	binding_antibody_abundance
raw_log2_change	PC2	2	HPV16__nAb	0.22063250795932124	0.22063250795932124	0.04867870356841995	4.867870356841995	HPV16	nAb	neutralization
raw_log2_change	PC2	2	HPV18__ADCP	0.17067249997307277	0.17067249997307277	0.029129102247058523	2.9129102247058523	HPV18	ADCP	phagocytic_function
raw_log2_change	PC2	2	HPV18__FcgR2A	0.029289285812294924	0.029289285812294924	0.0008578622633943008	0.08578622633943007	HPV18	FcgR2A	fc_receptor_communication
raw_log2_change	PC2	2	HPV18__FcgR2B	0.15471880110718547	0.15471880110718547	0.023937907416044818	2.393790741604482	HPV18	FcgR2B	fc_receptor_communication
raw_log2_change	PC2	2	HPV18__FcgR3A	0.17412842542083823	0.17412842542083823	0.03032070853954042	3.032070853954042	HPV18	FcgR3A	fc_receptor_communication
raw_log2_change	PC2	2	HPV18__IgA1	0.20783004398711216	0.20783004398711216	0.043193327183684974	4.319332718368497	HPV18	IgA1	binding_antibody_abundance
raw_log2_change	PC2	2	HPV18__IgA2	0.1140414853500289	0.1140414853500289	0.013005460380840857	1.3005460380840856	HPV18	IgA2	binding_antibody_abundance
raw_log2_change	PC2	2	HPV18__IgG	0.2719276768306137	0.2719276768306137	0.07394466142649468	7.394466142649468	HPV18	IgG	binding_antibody_abundance
raw_log2_change	PC2	2	HPV18__IgG1	0.2694673076272781	0.2694673076272781	0.07261262987989413	7.261262987989412	HPV18	IgG1	igg_subclass_architecture
raw_log2_change	PC2	2	HPV18__IgG2	0.04505175017310709	0.04505175017310709	0.002029660193660055	0.2029660193660055	HPV18	IgG2	igg_subclass_architecture
raw_log2_change	PC2	2	HPV18__IgG3	0.13570113922469793	0.13570113922469793	0.01841479918688085	1.841479918688085	HPV18	IgG3	igg_subclass_architecture
raw_log2_change	PC2	2	HPV18__IgG4	0.012367383924524874	0.012367383924524874	0.00015295218513659627	0.015295218513659628	HPV18	IgG4	igg_subclass_architecture
raw_log2_change	PC2	2	HPV18__IgM	0.1517232506752986	0.1517232506752986	0.023019944795479495	2.3019944795479494	HPV18	IgM	binding_antibody_abundance
raw_log2_change	PC2	2	HPV18__nAb	0.12188515996926302	0.12188515996926302	0.014855992220732837	1.4855992220732837	HPV18	nAb	neutralization
raw_log2_change	PC2	2	HPV31__FcgR2A	0.024982624802689334	0.024982624802689334	0.0006241315420319483	0.06241315420319483	HPV31	FcgR2A	fc_receptor_communication
raw_log2_change	PC2	2	HPV31__FcgR2B	0.1593947661666937	0.1593947661666937	0.025406691481334964	2.5406691481334964	HPV31	FcgR2B	fc_receptor_communication
raw_log2_change	PC2	2	HPV31__FcgR3A	0.12060785274419596	0.12060785274419596	0.014546254143565656	1.4546254143565656	HPV31	FcgR3A	fc_receptor_communication
raw_log2_change	PC2	2	HPV31__IgA1	0.057697117690843666	0.057697117690843666	0.003328957389831065	0.3328957389831065	HPV31	IgA1	binding_antibody_abundance
raw_log2_change	PC2	2	HPV31__IgA2	0.02859792615971228	0.02859792615971228	0.000817841380636356	0.0817841380636356	HPV31	IgA2	binding_antibody_abundance
raw_log2_change	PC2	2	HPV31__IgG	0.15634539186587215	0.15634539186587215	0.02444388155769312	2.444388155769312	HPV31	IgG	binding_antibody_abundance
raw_log2_change	PC2	2	HPV31__IgG1	0.1467954901100263	0.1467954901100263	0.021548915916642826	2.1548915916642826	HPV31	IgG1	igg_subclass_architecture
raw_log2_change	PC2	2	HPV31__IgG2	0.00265649348109205	0.00265649348109205	7.056957615084558e-06	0.0007056957615084558	HPV31	IgG2	igg_subclass_architecture
raw_log2_change	PC2	2	HPV31__IgG3	0.06662959983512225	0.06662959983512225	0.004439503574188522	0.44395035741885225	HPV31	IgG3	igg_subclass_architecture
raw_log2_change	PC2	2	HPV31__IgG4	-0.1048049453187123	0.1048049453187123	0.010984076563258276	1.0984076563258276	HPV31	IgG4	igg_subclass_architecture
raw_log2_change	PC2	2	HPV31__IgM	0.0699393071565976	0.0699393071565976	0.004891506685544904	0.4891506685544904	HPV31	IgM	binding_antibody_abundance
raw_log2_change	PC2	2	HPV33__FcgR2A	-0.013014922413012915	0.013014922413012915	0.00016938820541674592	0.01693882054167459	HPV33	FcgR2A	fc_receptor_communication
raw_log2_change	PC2	2	HPV33__FcgR2B	0.03582313489849841	0.03582313489849841	0.0012832969939560145	0.12832969939560146	HPV33	FcgR2B	fc_receptor_communication
raw_log2_change	PC2	2	HPV33__FcgR3A	-0.02413925872558284	0.02413925872558284	0.0005827038118206273	0.05827038118206273	HPV33	FcgR3A	fc_receptor_communication
raw_log2_change	PC2	2	HPV33__IgA1	0.009784854020787537	0.009784854020787537	9.574336820812204e-05	0.009574336820812204	HPV33	IgA1	binding_antibody_abundance
raw_log2_change	PC2	2	HPV33__IgA2	0.05610971855394021	0.05610971855394021	0.003148300516202382	0.3148300516202382	HPV33	IgA2	binding_antibody_abundance
raw_log2_change	PC2	2	HPV33__IgG	0.06254440866176372	0.06254440866176372	0.003911803054849705	0.39118030548497046	HPV33	IgG	binding_antibody_abundance
raw_log2_change	PC2	2	HPV33__IgG1	0.005555853529760495	0.005555853529760495	3.086750844415216e-05	0.003086750844415216	HPV33	IgG1	igg_subclass_architecture
raw_log2_change	PC2	2	HPV33__IgG2	0.046788290081603075	0.046788290081603075	0.0021891440887602366	0.21891440887602368	HPV33	IgG2	igg_subclass_architecture
raw_log2_change	PC2	2	HPV33__IgG3	0.019334790156454278	0.019334790156454278	0.0003738341103941212	0.037383411039412125	HPV33	IgG3	igg_subclass_architecture
raw_log2_change	PC2	2	HPV33__IgG4	-0.016449518658875405	0.016449518658875405	0.0002705866641086901	0.027058666410869008	HPV33	IgG4	igg_subclass_architecture
raw_log2_change	PC2	2	HPV33__IgM	0.10678357032643448	0.10678357032643448	0.01140273089166058	1.140273089166058	HPV33	IgM	binding_antibody_abundance
raw_log2_change	PC2	2	HPV45__FcgR2A	-0.04148231393389363	0.04148231393389363	0.0017207823693101056	0.17207823693101057	HPV45	FcgR2A	fc_receptor_communication
raw_log2_change	PC2	2	HPV45__FcgR2B	0.007121544904025202	0.007121544904025202	5.071640182004733e-05	0.005071640182004733	HPV45	FcgR2B	fc_receptor_communication
raw_log2_change	PC2	2	HPV45__FcgR3A	0.03546298571445743	0.03546298571445743	0.001257623355783812	0.1257623355783812	HPV45	FcgR3A	fc_receptor_communication
raw_log2_change	PC2	2	HPV45__IgA1	-0.015767990066671584	0.015767990066671584	0.00024862951074265373	0.024862951074265373	HPV45	IgA1	binding_antibody_abundance
raw_log2_change	PC2	2	HPV45__IgA2	-0.07484804273183969	0.07484804273183969	0.0056022295007873	0.56022295007873	HPV45	IgA2	binding_antibody_abundance
raw_log2_change	PC2	2	HPV45__IgG	0.01706278162690545	0.01706278162690545	0.0002911385168474622	0.02911385168474622	HPV45	IgG	binding_antibody_abundance
raw_log2_change	PC2	2	HPV45__IgG1	-0.0016711897516176657	0.0016711897516176657	2.7928751859119153e-06	0.00027928751859119155	HPV45	IgG1	igg_subclass_architecture
raw_log2_change	PC2	2	HPV45__IgG2	-0.033627074823108685	0.033627074823108685	0.00113078016115895	0.11307801611589499	HPV45	IgG2	igg_subclass_architecture
raw_log2_change	PC2	2	HPV45__IgG3	0.05192343705215712	0.05192343705215712	0.002696043315309323	0.2696043315309323	HPV45	IgG3	igg_subclass_architecture
raw_log2_change	PC2	2	HPV45__IgG4	-0.07253011678891055	0.07253011678891055	0.005260617841413005	0.5260617841413004	HPV45	IgG4	igg_subclass_architecture
raw_log2_change	PC2	2	HPV45__IgM	0.03796203869746685	0.03796203869746685	0.0014411163820679707	0.14411163820679707	HPV45	IgM	binding_antibody_abundance
raw_log2_change	PC2	2	HPV52__FcgR2A	-0.01308954142683769	0.01308954142683769	0.00017133609476490007	0.017133609476490008	HPV52	FcgR2A	fc_receptor_communication
raw_log2_change	PC2	2	HPV52__FcgR2B	0.050806177885059624	0.050806177885059624	0.0025812677112883216	0.25812677112883214	HPV52	FcgR2B	fc_receptor_communication
raw_log2_change	PC2	2	HPV52__FcgR3A	0.03158776430223045	0.03158776430223045	0.0009977868536132646	0.09977868536132646	HPV52	FcgR3A	fc_receptor_communication
raw_log2_change	PC2	2	HPV52__IgA1	0.056386498746784565	0.056386498746784565	0.0031794372409211374	0.31794372409211374	HPV52	IgA1	binding_antibody_abundance
raw_log2_change	PC2	2	HPV52__IgA2	0.08820573234859366	0.08820573234859366	0.007780251219151743	0.7780251219151743	HPV52	IgA2	binding_antibody_abundance
raw_log2_change	PC2	2	HPV52__IgG	0.03831030095952922	0.03831030095952922	0.0014676791596097054	0.14676791596097055	HPV52	IgG	binding_antibody_abundance
raw_log2_change	PC2	2	HPV52__IgG1	0.04588546178432277	0.04588546178432277	0.0021054756031605453	0.21054756031605454	HPV52	IgG1	igg_subclass_architecture
raw_log2_change	PC2	2	HPV52__IgG2	-0.05366504370356661	0.05366504370356661	0.0028799369157057144	0.2879936915705714	HPV52	IgG2	igg_subclass_architecture
raw_log2_change	PC2	2	HPV52__IgG3	0.05226119161669822	0.05226119161669822	0.002731232149197248	0.2731232149197248	HPV52	IgG3	igg_subclass_architecture
raw_log2_change	PC2	2	HPV52__IgG4	-0.07857496131131353	0.07857496131131353	0.006174024545074418	0.6174024545074418	HPV52	IgG4	igg_subclass_architecture
raw_log2_change	PC2	2	HPV52__IgM	0.05316060053141474	0.05316060053141474	0.0028260494488606533	0.2826049448860653	HPV52	IgM	binding_antibody_abundance
raw_log2_change	PC2	2	HPV58__FcgR2A	0.03315008136850201	0.03315008136850201	0.0010989278947383043	0.10989278947383042	HPV58	FcgR2A	fc_receptor_communication
raw_log2_change	PC2	2	HPV58__FcgR2B	0.061442623911926876	0.061442623911926876	0.003775196033182488	0.3775196033182488	HPV58	FcgR2B	fc_receptor_communication
raw_log2_change	PC2	2	HPV58__FcgR3A	0.03759331590303013	0.03759331590303013	0.0014132574005850183	0.14132574005850182	HPV58	FcgR3A	fc_receptor_communication
raw_log2_change	PC2	2	HPV58__IgA1	0.044419087174969035	0.044419087174969035	0.0019730553054574987	0.19730553054574987	HPV58	IgA1	binding_antibody_abundance
raw_log2_change	PC2	2	HPV58__IgA2	0.07652885916077524	0.07652885916077524	0.005856666284449773	0.5856666284449773	HPV58	IgA2	binding_antibody_abundance
raw_log2_change	PC2	2	HPV58__IgG	0.03509283043662029	0.03509283043662029	0.0012315067480533832	0.12315067480533831	HPV58	IgG	binding_antibody_abundance
raw_log2_change	PC2	2	HPV58__IgG1	0.02964645314454016	0.02964645314454016	0.0008789121840514152	0.08789121840514152	HPV58	IgG1	igg_subclass_architecture
raw_log2_change	PC2	2	HPV58__IgG2	-0.0014621643802876878	0.0014621643802876878	2.137924674982078e-06	0.00021379246749820782	HPV58	IgG2	igg_subclass_architecture
raw_log2_change	PC2	2	HPV58__IgG3	0.02582025661185543	0.02582025661185543	0.0006666856515020641	0.0666685651502064	HPV58	IgG3	igg_subclass_architecture
raw_log2_change	PC2	2	HPV58__IgG4	-0.08661335208374349	0.08661335208374349	0.007501872759182513	0.7501872759182513	HPV58	IgG4	igg_subclass_architecture
raw_log2_change	PC2	2	HPV58__IgM	0.11926223738348418	0.11926223738348418	0.014223481265714532	1.4223481265714533	HPV58	IgM	binding_antibody_abundance
raw_log2_change	PC3	3	BPV__FcgR2A	0.17403012591570757	0.17403012591570757	0.03028648472623703	3.0286484726237033	BPV	FcgR2A	fc_receptor_communication
raw_log2_change	PC3	3	BPV__FcgR2B	-0.06349681575558186	0.06349681575558186	0.004031845611098308	0.4031845611098308	BPV	FcgR2B	fc_receptor_communication
raw_log2_change	PC3	3	BPV__FcgR3A	-0.10739593804500228	0.10739593804500228	0.011533887508565967	1.1533887508565968	BPV	FcgR3A	fc_receptor_communication
raw_log2_change	PC3	3	BPV__IgA1	-0.03730515752120206	0.03730515752120206	0.0013916747776816986	0.13916747776816987	BPV	IgA1	binding_antibody_abundance
raw_log2_change	PC3	3	BPV__IgA2	-0.041727049496142976	0.041727049496142976	0.0017411466596535658	0.17411466596535657	BPV	IgA2	binding_antibody_abundance
raw_log2_change	PC3	3	BPV__IgG	-0.10274125352112673	0.10274125352112673	0.010555765175092435	1.0555765175092435	BPV	IgG	binding_antibody_abundance
raw_log2_change	PC3	3	BPV__IgG1	-0.11216959196656084	0.11216959196656084	0.012582017361944751	1.258201736194475	BPV	IgG1	igg_subclass_architecture
raw_log2_change	PC3	3	BPV__IgG2	0.08508623484724348	0.08508623484724348	0.007239667360480271	0.7239667360480271	BPV	IgG2	igg_subclass_architecture
raw_log2_change	PC3	3	BPV__IgG3	-0.11625291267634544	0.11625291267634544	0.013514739705733999	1.3514739705733998	BPV	IgG3	igg_subclass_architecture
raw_log2_change	PC3	3	BPV__IgG4	-0.010056177598067963	0.010056177598067963	0.00010112670788388394	0.010112670788388393	BPV	IgG4	igg_subclass_architecture
raw_log2_change	PC3	3	BPV__IgM	-0.03358732403367754	0.03358732403367754	0.001128108335743253	0.1128108335743253	BPV	IgM	binding_antibody_abundance
raw_log2_change	PC3	3	HPV16__ADCP	0.06140077192383642	0.06140077192383642	0.0037700547928429784	0.37700547928429784	HPV16	ADCP	phagocytic_function
raw_log2_change	PC3	3	HPV16__FcgR2A	0.21115856925530602	0.21115856925530602	0.04458794136994787	4.458794136994787	HPV16	FcgR2A	fc_receptor_communication
raw_log2_change	PC3	3	HPV16__FcgR2B	0.017713395629383618	0.017713395629383618	0.0003137643847230667	0.031376438472306666	HPV16	FcgR2B	fc_receptor_communication
raw_log2_change	PC3	3	HPV16__FcgR3A	0.03349810970291116	0.03349810970291116	0.0011221233536682707	0.11221233536682707	HPV16	FcgR3A	fc_receptor_communication
raw_log2_change	PC3	3	HPV16__IgA1	0.015474754517726789	0.015474754517726789	0.00023946802738390567	0.023946802738390567	HPV16	IgA1	binding_antibody_abundance
raw_log2_change	PC3	3	HPV16__IgA2	0.068023322141431	0.068023322141431	0.0046271723551568975	0.4627172355156898	HPV16	IgA2	binding_antibody_abundance
raw_log2_change	PC3	3	HPV16__IgG	-0.031372753250896314	0.031372753250896314	0.0009842496465416253	0.09842496465416253	HPV16	IgG	binding_antibody_abundance
raw_log2_change	PC3	3	HPV16__IgG1	-0.03591785865118144	0.03591785865118144	0.0012900925700862493	0.12900925700862492	HPV16	IgG1	igg_subclass_architecture
raw_log2_change	PC3	3	HPV16__IgG2	-0.04986043338025574	0.04986043338025574	0.0024860628168669207	0.24860628168669208	HPV16	IgG2	igg_subclass_architecture
raw_log2_change	PC3	3	HPV16__IgG3	0.021970263568433106	0.021970263568433106	0.00048269248126641903	0.048269248126641906	HPV16	IgG3	igg_subclass_architecture
raw_log2_change	PC3	3	HPV16__IgG4	-0.07764437149718324	0.07764437149718324	0.006028648425192602	0.6028648425192602	HPV16	IgG4	igg_subclass_architecture
raw_log2_change	PC3	3	HPV16__IgM	-0.09173040381336386	0.09173040381336386	0.0084144669837628	0.84144669837628	HPV16	IgM	binding_antibody_abundance
raw_log2_change	PC3	3	HPV16__nAb	-0.037867116407614025	0.037867116407614025	0.0014339185050277912	0.1433918505027791	HPV16	nAb	neutralization
raw_log2_change	PC3	3	HPV18__ADCP	0.0712511072772246	0.0712511072772246	0.005076720288230568	0.5076720288230567	HPV18	ADCP	phagocytic_function
raw_log2_change	PC3	3	HPV18__FcgR2A	0.26849379969658627	0.26849379969658627	0.07208892047551059	7.208892047551059	HPV18	FcgR2A	fc_receptor_communication
raw_log2_change	PC3	3	HPV18__FcgR2B	0.08978316758216238	0.08978316758216238	0.008061017181086655	0.8061017181086655	HPV18	FcgR2B	fc_receptor_communication
raw_log2_change	PC3	3	HPV18__FcgR3A	0.01095605564927397	0.01095605564927397	0.00012003515538998809	0.01200351553899881	HPV18	FcgR3A	fc_receptor_communication
raw_log2_change	PC3	3	HPV18__IgA1	0.06277564499218255	0.06277564499218255	0.003940781604184534	0.3940781604184534	HPV18	IgA1	binding_antibody_abundance
raw_log2_change	PC3	3	HPV18__IgA2	0.032434750839021115	0.032434750839021115	0.001052013061989381	0.1052013061989381	HPV18	IgA2	binding_antibody_abundance
raw_log2_change	PC3	3	HPV18__IgG	0.0023207941637319856	0.0023207941637319856	5.386085550412446e-06	0.0005386085550412446	HPV18	IgG	binding_antibody_abundance
raw_log2_change	PC3	3	HPV18__IgG1	0.0025100292663864095	0.0025100292663864095	6.300246918116297e-06	0.0006300246918116298	HPV18	IgG1	igg_subclass_architecture
raw_log2_change	PC3	3	HPV18__IgG2	-0.029277768200971915	0.029277768200971915	0.0008571877108298423	0.08571877108298423	HPV18	IgG2	igg_subclass_architecture
raw_log2_change	PC3	3	HPV18__IgG3	-0.10531357609888302	0.10531357609888302	0.011090949310735225	1.1090949310735225	HPV18	IgG3	igg_subclass_architecture
raw_log2_change	PC3	3	HPV18__IgG4	-0.02390351091765613	0.02390351091765613	0.0005713778341905058	0.05713778341905058	HPV18	IgG4	igg_subclass_architecture
raw_log2_change	PC3	3	HPV18__IgM	-0.0440753627487825	0.0440753627487825	0.0019426376014367642	0.1942637601436764	HPV18	IgM	binding_antibody_abundance
raw_log2_change	PC3	3	HPV18__nAb	0.022751662246330295	0.022751662246330295	0.0005176381349710913	0.05176381349710913	HPV18	nAb	neutralization
raw_log2_change	PC3	3	HPV31__FcgR2A	0.29824195642983575	0.29824195642983575	0.08894826457509605	8.894826457509605	HPV31	FcgR2A	fc_receptor_communication
raw_log2_change	PC3	3	HPV31__FcgR2B	0.13471199346159268	0.13471199346159268	0.01814732118239619	1.814732118239619	HPV31	FcgR2B	fc_receptor_communication
raw_log2_change	PC3	3	HPV31__FcgR3A	0.06698596317628719	0.06698596317628719	0.004487119262654903	0.44871192626549034	HPV31	FcgR3A	fc_receptor_communication
raw_log2_change	PC3	3	HPV31__IgA1	0.05295810048204102	0.05295810048204102	0.0028045604066659533	0.28045604066659535	HPV31	IgA1	binding_antibody_abundance
raw_log2_change	PC3	3	HPV31__IgA2	0.05028049949988977	0.05028049949988977	0.002528128629958415	0.2528128629958415	HPV31	IgA2	binding_antibody_abundance
raw_log2_change	PC3	3	HPV31__IgG	0.0032227555992116485	0.0032227555992116485	1.0386153652250032e-05	0.0010386153652250031	HPV31	IgG	binding_antibody_abundance
raw_log2_change	PC3	3	HPV31__IgG1	-0.05426102792866915	0.05426102792866915	0.002944259151875814	0.2944259151875814	HPV31	IgG1	igg_subclass_architecture
raw_log2_change	PC3	3	HPV31__IgG2	-0.11088216217537818	0.11088216217537818	0.012294853888686867	1.2294853888686867	HPV31	IgG2	igg_subclass_architecture
raw_log2_change	PC3	3	HPV31__IgG3	-0.09543016386438358	0.09543016386438358	0.0091069161751831	0.9106916175183101	HPV31	IgG3	igg_subclass_architecture
raw_log2_change	PC3	3	HPV31__IgG4	-0.010228977456136152	0.010228977456136152	0.00010463197979814162	0.010463197979814163	HPV31	IgG4	igg_subclass_architecture
raw_log2_change	PC3	3	HPV31__IgM	-0.16647287799212895	0.16647287799212895	0.027713219106982254	2.771321910698225	HPV31	IgM	binding_antibody_abundance
raw_log2_change	PC3	3	HPV33__FcgR2A	0.20948530649783345	0.20948530649783345	0.043884093638491224	4.388409363849123	HPV33	FcgR2A	fc_receptor_communication
raw_log2_change	PC3	3	HPV33__FcgR2B	0.050736853331355046	0.050736853331355046	0.0025742282859674338	0.25742282859674337	HPV33	FcgR2B	fc_receptor_communication
raw_log2_change	PC3	3	HPV33__FcgR3A	-0.13008882427896493	0.13008882427896493	0.016923102202283415	1.6923102202283415	HPV33	FcgR3A	fc_receptor_communication
raw_log2_change	PC3	3	HPV33__IgA1	-9.318730780832339e-05	9.318730780832339e-05	8.68387433656321e-09	8.683874336563209e-07	HPV33	IgA1	binding_antibody_abundance
raw_log2_change	PC3	3	HPV33__IgA2	0.005721198641036919	0.005721198641036919	3.273211389020269e-05	0.0032732113890202694	HPV33	IgA2	binding_antibody_abundance
raw_log2_change	PC3	3	HPV33__IgG	-0.06424694846817325	0.06424694846817325	0.004127670387472109	0.4127670387472109	HPV33	IgG	binding_antibody_abundance
raw_log2_change	PC3	3	HPV33__IgG1	-0.09861445990308665	0.09861445990308665	0.009724811701977485	0.9724811701977485	HPV33	IgG1	igg_subclass_architecture
raw_log2_change	PC3	3	HPV33__IgG2	-0.0589657706875038	0.0589657706875038	0.003476962112771282	0.3476962112771282	HPV33	IgG2	igg_subclass_architecture
raw_log2_change	PC3	3	HPV33__IgG3	-0.10384427772827697	0.10384427772827697	0.010783634016907519	1.078363401690752	HPV33	IgG3	igg_subclass_architecture
raw_log2_change	PC3	3	HPV33__IgG4	0.012439158151247208	0.012439158151247208	0.00015473265551173987	0.015473265551173987	HPV33	IgG4	igg_subclass_architecture
raw_log2_change	PC3	3	HPV33__IgM	-0.03258275748157584	0.03258275748157584	0.0010616360851031864	0.10616360851031864	HPV33	IgM	binding_antibody_abundance
raw_log2_change	PC3	3	HPV45__FcgR2A	0.29706669652821216	0.29706669652821216	0.0882486221861849	8.82486221861849	HPV45	FcgR2A	fc_receptor_communication
raw_log2_change	PC3	3	HPV45__FcgR2B	0.0660071792624179	0.0660071792624179	0.004356947714180972	0.4356947714180972	HPV45	FcgR2B	fc_receptor_communication
raw_log2_change	PC3	3	HPV45__FcgR3A	0.015624266178845258	0.015624266178845258	0.00024411769362740778	0.024411769362740778	HPV45	FcgR3A	fc_receptor_communication
raw_log2_change	PC3	3	HPV45__IgA1	-0.011306899670879752	0.011306899670879752	0.00012784598016734062	0.012784598016734062	HPV45	IgA1	binding_antibody_abundance
raw_log2_change	PC3	3	HPV45__IgA2	-0.024439174361553663	0.024439174361553663	0.0005972732434744219	0.05972732434744219	HPV45	IgA2	binding_antibody_abundance
raw_log2_change	PC3	3	HPV45__IgG	-0.03689251568050862	0.03689251568050862	0.0013610577132365746	0.13610577132365745	HPV45	IgG	binding_antibody_abundance
raw_log2_change	PC3	3	HPV45__IgG1	-0.09162409438421351	0.09162409438421351	0.008394974671727265	0.8394974671727266	HPV45	IgG1	igg_subclass_architecture
raw_log2_change	PC3	3	HPV45__IgG2	-0.1594508169801655	0.1594508169801655	0.025424563035642233	2.542456303564223	HPV45	IgG2	igg_subclass_architecture
raw_log2_change	PC3	3	HPV45__IgG3	-0.12857282070834886	0.12857282070834886	0.01653097022490122	1.6530970224901222	HPV45	IgG3	igg_subclass_architecture
raw_log2_change	PC3	3	HPV45__IgG4	-0.02568611352430233	0.02568611352430233	0.000659776427983347	0.0659776427983347	HPV45	IgG4	igg_subclass_architecture
raw_log2_change	PC3	3	HPV45__IgM	-0.13459719257137115	0.13459719257137115	0.01811640424809477	1.811640424809477	HPV45	IgM	binding_antibody_abundance
raw_log2_change	PC3	3	HPV52__FcgR2A	0.2971426717908445	0.2971426717908445	0.08829376739900155	8.829376739900155	HPV52	FcgR2A	fc_receptor_communication
raw_log2_change	PC3	3	HPV52__FcgR2B	0.057030737035820234	0.057030737035820234	0.0032525049668488777	0.32525049668488776	HPV52	FcgR2B	fc_receptor_communication
raw_log2_change	PC3	3	HPV52__FcgR3A	0.057504781343493024	0.057504781343493024	0.003306799877362943	0.3306799877362943	HPV52	FcgR3A	fc_receptor_communication
raw_log2_change	PC3	3	HPV52__IgA1	-0.011265528941112348	0.011265528941112348	0.0001269121423230399	0.01269121423230399	HPV52	IgA1	binding_antibody_abundance
raw_log2_change	PC3	3	HPV52__IgA2	0.026160888328613338	0.026160888328613338	0.0006843920781421775	0.06843920781421775	HPV52	IgA2	binding_antibody_abundance
raw_log2_change	PC3	3	HPV52__IgG	-0.0032665026139312736	0.0032665026139312736	1.0670039326819842e-05	0.0010670039326819843	HPV52	IgG	binding_antibody_abundance
raw_log2_change	PC3	3	HPV52__IgG1	-0.0033593671700278376	0.0033593671700278376	1.1285347783060842e-05	0.0011285347783060841	HPV52	IgG1	igg_subclass_architecture
raw_log2_change	PC3	3	HPV52__IgG2	-0.07466695273633235	0.07466695273633235	0.005575153830929689	0.5575153830929689	HPV52	IgG2	igg_subclass_architecture
raw_log2_change	PC3	3	HPV52__IgG3	-0.07018474314417801	0.07018474314417801	0.004925898170214243	0.49258981702142424	HPV52	IgG3	igg_subclass_architecture
raw_log2_change	PC3	3	HPV52__IgG4	-0.00797442334890737	0.00797442334890737	6.359142774759903e-05	0.006359142774759903	HPV52	IgG4	igg_subclass_architecture
raw_log2_change	PC3	3	HPV52__IgM	-0.19591108089241147	0.19591108089241147	0.03838115161643299	3.838115161643299	HPV52	IgM	binding_antibody_abundance
raw_log2_change	PC3	3	HPV58__FcgR2A	0.2863928095678834	0.2863928095678834	0.08202084137218592	8.202084137218591	HPV58	FcgR2A	fc_receptor_communication
raw_log2_change	PC3	3	HPV58__FcgR2B	0.10181908086216386	0.10181908086216386	0.010367125227615863	1.0367125227615863	HPV58	FcgR2B	fc_receptor_communication
raw_log2_change	PC3	3	HPV58__FcgR3A	0.03260989347035541	0.03260989347035541	0.0010634051521479283	0.10634051521479283	HPV58	FcgR3A	fc_receptor_communication
raw_log2_change	PC3	3	HPV58__IgA1	-0.04311414117726873	0.04311414117726873	0.001858829169453459	0.1858829169453459	HPV58	IgA1	binding_antibody_abundance
raw_log2_change	PC3	3	HPV58__IgA2	-0.005018570924088718	0.005018570924088718	2.5186054120108686e-05	0.0025186054120108687	HPV58	IgA2	binding_antibody_abundance
raw_log2_change	PC3	3	HPV58__IgG	-0.018613451702736223	0.018613451702736223	0.000346460584290094	0.0346460584290094	HPV58	IgG	binding_antibody_abundance
raw_log2_change	PC3	3	HPV58__IgG1	-0.04470565157158835	0.04470565157158835	0.00199859528244026	0.199859528244026	HPV58	IgG1	igg_subclass_architecture
raw_log2_change	PC3	3	HPV58__IgG2	-0.12607094165055482	0.12607094165055482	0.0158938823286576	1.58938823286576	HPV58	IgG2	igg_subclass_architecture
raw_log2_change	PC3	3	HPV58__IgG3	-0.08713960362806304	0.08713960362806304	0.007593310520455938	0.7593310520455938	HPV58	IgG3	igg_subclass_architecture
raw_log2_change	PC3	3	HPV58__IgG4	0.01611823804607993	0.01611823804607993	0.0002597975977100986	0.02597975977100986	HPV58	IgG4	igg_subclass_architecture
raw_log2_change	PC3	3	HPV58__IgM	-0.18118093151538422	0.18118093151538422	0.03282652994478235	3.282652994478235	HPV58	IgM	binding_antibody_abundance
raw_log2_change	PC4	4	BPV__FcgR2A	-0.12343080697365111	0.12343080697365111	0.015235164110166718	1.523516411016672	BPV	FcgR2A	fc_receptor_communication
raw_log2_change	PC4	4	BPV__FcgR2B	-0.03122304880901891	0.03122304880901891	0.0009748787769303772	0.09748787769303772	BPV	FcgR2B	fc_receptor_communication
raw_log2_change	PC4	4	BPV__FcgR3A	-0.025392150267670555	0.025392150267670555	0.0006447612952159618	0.06447612952159618	BPV	FcgR3A	fc_receptor_communication
raw_log2_change	PC4	4	BPV__IgA1	0.05554690580287658	0.05554690580287658	0.0030854587442736437	0.30854587442736436	BPV	IgA1	binding_antibody_abundance
raw_log2_change	PC4	4	BPV__IgA2	0.08829072394232923	0.08829072394232923	0.007795251934260588	0.7795251934260587	BPV	IgA2	binding_antibody_abundance
raw_log2_change	PC4	4	BPV__IgG	-0.09211194659841292	0.09211194659841292	0.008484610706148872	0.8484610706148872	BPV	IgG	binding_antibody_abundance
raw_log2_change	PC4	4	BPV__IgG1	0.007500111499731621	0.007500111499731621	5.625167250840651e-05	0.005625167250840651	BPV	IgG1	igg_subclass_architecture
raw_log2_change	PC4	4	BPV__IgG2	0.06761425289968387	0.06761425289968387	0.004571687195182408	0.4571687195182408	BPV	IgG2	igg_subclass_architecture
raw_log2_change	PC4	4	BPV__IgG3	-0.03909920739339251	0.03909920739339251	0.0015287480187915195	0.15287480187915195	BPV	IgG3	igg_subclass_architecture
raw_log2_change	PC4	4	BPV__IgG4	0.14297740148514854	0.14297740148514854	0.020442537335445356	2.0442537335445357	BPV	IgG4	igg_subclass_architecture
raw_log2_change	PC4	4	BPV__IgM	-0.1637962188372205	0.1637962188372205	0.026829201305370632	2.682920130537063	BPV	IgM	binding_antibody_abundance
raw_log2_change	PC4	4	HPV16__ADCP	-0.007821851887307649	0.007821851887307649	6.118136694697822e-05	0.006118136694697822	HPV16	ADCP	phagocytic_function
raw_log2_change	PC4	4	HPV16__FcgR2A	-0.06414781938234651	0.06414781938234651	0.004114942731510151	0.4114942731510151	HPV16	FcgR2A	fc_receptor_communication
raw_log2_change	PC4	4	HPV16__FcgR2B	-0.005289732081981461	0.005289732081981461	2.798126549914392e-05	0.002798126549914392	HPV16	FcgR2B	fc_receptor_communication
raw_log2_change	PC4	4	HPV16__FcgR3A	-0.02805221610519857	0.02805221610519857	0.0007869268284127621	0.0786926828412762	HPV16	FcgR3A	fc_receptor_communication
raw_log2_change	PC4	4	HPV16__IgA1	-0.020902048541678438	0.020902048541678438	0.00043689563323868173	0.043689563323868176	HPV16	IgA1	binding_antibody_abundance
raw_log2_change	PC4	4	HPV16__IgA2	0.031015980723147384	0.031015980723147384	0.0009619910602186501	0.09619910602186502	HPV16	IgA2	binding_antibody_abundance
raw_log2_change	PC4	4	HPV16__IgG	0.023863455058311604	0.023863455058311604	0.0005694644873200577	0.056946448732005765	HPV16	IgG	binding_antibody_abundance
raw_log2_change	PC4	4	HPV16__IgG1	0.02365305356259163	0.02365305356259163	0.0005594669428348285	0.05594669428348285	HPV16	IgG1	igg_subclass_architecture
raw_log2_change	PC4	4	HPV16__IgG2	0.14763609484832727	0.14763609484832727	0.021796416502064285	2.1796416502064284	HPV16	IgG2	igg_subclass_architecture
raw_log2_change	PC4	4	HPV16__IgG3	0.05622994723379563	0.05622994723379563	0.003161806965915441	0.31618069659154413	HPV16	IgG3	igg_subclass_architecture
raw_log2_change	PC4	4	HPV16__IgG4	0.15562620312830452	0.15562620312830452	0.024219515100132302	2.4219515100132303	HPV16	IgG4	igg_subclass_architecture
raw_log2_change	PC4	4	HPV16__IgM	-0.054873068093037394	0.054873068093037394	0.0030110536019431187	0.3011053601943119	HPV16	IgM	binding_antibody_abundance
raw_log2_change	PC4	4	HPV16__nAb	0.08845004908916144	0.08845004908916144	0.007823411183875069	0.7823411183875069	HPV16	nAb	neutralization
raw_log2_change	PC4	4	HPV18__ADCP	-0.005259899919767443	0.005259899919767443	2.7666547165969552e-05	0.0027666547165969553	HPV18	ADCP	phagocytic_function
raw_log2_change	PC4	4	HPV18__FcgR2A	-0.036412855012947346	0.036412855012947346	0.0013258960101939247	0.13258960101939246	HPV18	FcgR2A	fc_receptor_communication
raw_log2_change	PC4	4	HPV18__FcgR2B	-0.025212709637008782	0.025212709637008782	0.0006356807272401155	0.06356807272401155	HPV18	FcgR2B	fc_receptor_communication
raw_log2_change	PC4	4	HPV18__FcgR3A	-0.1133231663024292	0.1133231663024292	0.012842140020808024	1.2842140020808024	HPV18	FcgR3A	fc_receptor_communication
raw_log2_change	PC4	4	HPV18__IgA1	0.07214740432292442	0.07214740432292442	0.005205247950535534	0.5205247950535533	HPV18	IgA1	binding_antibody_abundance
raw_log2_change	PC4	4	HPV18__IgA2	0.058754172562729676	0.058754172562729676	0.0034520527935310167	0.3452052793531017	HPV18	IgA2	binding_antibody_abundance
raw_log2_change	PC4	4	HPV18__IgG	0.04459563757400041	0.04459563757400041	0.001988770890631597	0.1988770890631597	HPV18	IgG	binding_antibody_abundance
raw_log2_change	PC4	4	HPV18__IgG1	0.028410745596793165	0.028410745596793165	0.0008071704653657022	0.08071704653657022	HPV18	IgG1	igg_subclass_architecture
raw_log2_change	PC4	4	HPV18__IgG2	0.17092357517287424	0.17092357517287424	0.02921486854987719	2.921486854987719	HPV18	IgG2	igg_subclass_architecture
raw_log2_change	PC4	4	HPV18__IgG3	0.03457856589087217	0.03457856589087217	0.0011956772190693885	0.11956772190693885	HPV18	IgG3	igg_subclass_architecture
raw_log2_change	PC4	4	HPV18__IgG4	0.08607489206291229	0.08607489206291229	0.007408887043642001	0.7408887043642001	HPV18	IgG4	igg_subclass_architecture
raw_log2_change	PC4	4	HPV18__IgM	-0.08588218623097998	0.08588218623097998	0.007375749911812728	0.7375749911812728	HPV18	IgM	binding_antibody_abundance
raw_log2_change	PC4	4	HPV18__nAb	0.04194047630618843	0.04194047630618843	0.0017590035527899534	0.17590035527899534	HPV18	nAb	neutralization
raw_log2_change	PC4	4	HPV31__FcgR2A	-0.0019922792667883397	0.0019922792667883397	3.969176676874684e-06	0.0003969176676874684	HPV31	FcgR2A	fc_receptor_communication
raw_log2_change	PC4	4	HPV31__FcgR2B	-0.013750049663541266	0.013750049663541266	0.00018906386574985126	0.018906386574985126	HPV31	FcgR2B	fc_receptor_communication
raw_log2_change	PC4	4	HPV31__FcgR3A	0.05535203126549298	0.05535203126549298	0.0030638473652161123	0.30638473652161125	HPV31	FcgR3A	fc_receptor_communication
raw_log2_change	PC4	4	HPV31__IgA1	0.19146408420328154	0.19146408420328154	0.03665849553980128	3.665849553980128	HPV31	IgA1	binding_antibody_abundance
raw_log2_change	PC4	4	HPV31__IgA2	0.25161736450558203	0.25161736450558203	0.06331129812073494	6.331129812073494	HPV31	IgA2	binding_antibody_abundance
raw_log2_change	PC4	4	HPV31__IgG	0.031690337645210474	0.031690337645210474	0.001004277500067444	0.1004277500067444	HPV31	IgG	binding_antibody_abundance
raw_log2_change	PC4	4	HPV31__IgG1	0.008800256219236012	0.008800256219236012	7.744450952420211e-05	0.007744450952420211	HPV31	IgG1	igg_subclass_architecture
raw_log2_change	PC4	4	HPV31__IgG2	0.1088358361996785	0.1088358361996785	0.011845239241283249	1.184523924128325	HPV31	IgG2	igg_subclass_architecture
raw_log2_change	PC4	4	HPV31__IgG3	0.003700990662101935	0.003700990662101935	1.3697331880965717e-05	0.0013697331880965717	HPV31	IgG3	igg_subclass_architecture
raw_log2_change	PC4	4	HPV31__IgG4	0.0793318014981362	0.0793318014981362	0.006293534728939686	0.6293534728939686	HPV31	IgG4	igg_subclass_architecture
raw_log2_change	PC4	4	HPV31__IgM	-0.19006014317336378	0.19006014317336378	0.03612285802307954	3.612285802307954	HPV31	IgM	binding_antibody_abundance
raw_log2_change	PC4	4	HPV33__FcgR2A	-0.03907161876843616	0.03907161876843616	0.0015265913931860125	0.15265913931860126	HPV33	FcgR2A	fc_receptor_communication
raw_log2_change	PC4	4	HPV33__FcgR2B	-0.024174543421369266	0.024174543421369266	0.000584408549631668	0.0584408549631668	HPV33	FcgR2B	fc_receptor_communication
raw_log2_change	PC4	4	HPV33__FcgR3A	-0.06170336549410652	0.06170336549410652	0.0038073053132992953	0.3807305313299295	HPV33	FcgR3A	fc_receptor_communication
raw_log2_change	PC4	4	HPV33__IgA1	0.2689712924027115	0.2689712924027115	0.07234555613678494	7.234555613678493	HPV33	IgA1	binding_antibody_abundance
raw_log2_change	PC4	4	HPV33__IgA2	0.1658166267023096	0.1658166267023096	0.02749515369093309	2.749515369093309	HPV33	IgA2	binding_antibody_abundance
raw_log2_change	PC4	4	HPV33__IgG	-0.09837090325132866	0.09837090325132866	0.009676834606482264	0.9676834606482264	HPV33	IgG	binding_antibody_abundance
raw_log2_change	PC4	4	HPV33__IgG1	-0.04999852867318942	0.04999852867318942	0.002499852869483745	0.2499852869483745	HPV33	IgG1	igg_subclass_architecture
raw_log2_change	PC4	4	HPV33__IgG2	0.1526304362368371	0.1526304362368371	0.0232960500658472	2.3296050065847203	HPV33	IgG2	igg_subclass_architecture
raw_log2_change	PC4	4	HPV33__IgG3	0.07000722777899741	0.07000722777899741	0.004901011941300427	0.49010119413004266	HPV33	IgG3	igg_subclass_architecture
raw_log2_change	PC4	4	HPV33__IgG4	0.14549750855761837	0.14549750855761837	0.021169524996474228	2.116952499647423	HPV33	IgG4	igg_subclass_architecture
raw_log2_change	PC4	4	HPV33__IgM	-0.15978716698606737	0.15978716698606737	0.02553193873343338	2.553193873343338	HPV33	IgM	binding_antibody_abundance
raw_log2_change	PC4	4	HPV45__FcgR2A	-0.007553437333542177	0.007553437333542177	5.705441555174875e-05	0.005705441555174875	HPV45	FcgR2A	fc_receptor_communication
raw_log2_change	PC4	4	HPV45__FcgR2B	-0.03518150581850002	0.03518150581850002	0.0012377383516571508	0.12377383516571508	HPV45	FcgR2B	fc_receptor_communication
raw_log2_change	PC4	4	HPV45__FcgR3A	-0.011146065915883139	0.011146065915883139	0.00012423478540121182	0.012423478540121182	HPV45	FcgR3A	fc_receptor_communication
raw_log2_change	PC4	4	HPV45__IgA1	0.022058299096447746	0.022058299096447746	0.0004865685590283474	0.04865685590283474	HPV45	IgA1	binding_antibody_abundance
raw_log2_change	PC4	4	HPV45__IgA2	-0.12207563968196145	0.12207563968196145	0.01490246180376008	1.490246180376008	HPV45	IgA2	binding_antibody_abundance
raw_log2_change	PC4	4	HPV45__IgG	-0.01961029326857028	0.01961029326857028	0.0003845636020793329	0.03845636020793329	HPV45	IgG	binding_antibody_abundance
raw_log2_change	PC4	4	HPV45__IgG1	-0.010962625746897676	0.010962625746897676	0.00012017916326654383	0.012017916326654382	HPV45	IgG1	igg_subclass_architecture
raw_log2_change	PC4	4	HPV45__IgG2	0.10172419175902336	0.10172419175902336	0.010347811189026557	1.0347811189026557	HPV45	IgG2	igg_subclass_architecture
raw_log2_change	PC4	4	HPV45__IgG3	0.017229362378500836	0.017229362378500836	0.0002968509279697	0.029685092796969997	HPV45	IgG3	igg_subclass_architecture
raw_log2_change	PC4	4	HPV45__IgG4	0.1938375264473515	0.1938375264473515	0.03757298665922769	3.757298665922769	HPV45	IgG4	igg_subclass_architecture
raw_log2_change	PC4	4	HPV45__IgM	-0.16544305127970022	0.16544305127970022	0.027371403216737516	2.7371403216737518	HPV45	IgM	binding_antibody_abundance
raw_log2_change	PC4	4	HPV52__FcgR2A	-0.043949203939679965	0.043949203939679965	0.001931532526931581	0.19315325269315808	HPV52	FcgR2A	fc_receptor_communication
raw_log2_change	PC4	4	HPV52__FcgR2B	-0.08803531562912321	0.08803531562912321	0.007750216797919346	0.7750216797919346	HPV52	FcgR2B	fc_receptor_communication
raw_log2_change	PC4	4	HPV52__FcgR3A	-0.052704727842099466	0.052704727842099466	0.0027777883369097746	0.27777883369097744	HPV52	FcgR3A	fc_receptor_communication
raw_log2_change	PC4	4	HPV52__IgA1	0.15068579525332648	0.15068579525332648	0.02270620889112743	2.270620889112743	HPV52	IgA1	binding_antibody_abundance
raw_log2_change	PC4	4	HPV52__IgA2	0.07371957511773128	0.07371957511773128	0.005434575755538825	0.5434575755538825	HPV52	IgA2	binding_antibody_abundance
raw_log2_change	PC4	4	HPV52__IgG	-0.07798602553253027	0.07798602553253027	0.0060818201783604635	0.6081820178360463	HPV52	IgG	binding_antibody_abundance
raw_log2_change	PC4	4	HPV52__IgG1	-0.10649286746122738	0.10649286746122738	0.01134073082011454	1.1340730820114542	HPV52	IgG1	igg_subclass_architecture
raw_log2_change	PC4	4	HPV52__IgG2	0.16405491787568893	0.16405491787568893	0.02691401607919904	2.6914016079199037	HPV52	IgG2	igg_subclass_architecture
raw_log2_change	PC4	4	HPV52__IgG3	-0.09024914232686973	0.09024914232686973	0.00814490769073559	0.814490769073559	HPV52	IgG3	igg_subclass_architecture
raw_log2_change	PC4	4	HPV52__IgG4	0.18752373544221582	0.18752373544221582	0.035165151354202145	3.5165151354202147	HPV52	IgG4	igg_subclass_architecture
raw_log2_change	PC4	4	HPV52__IgM	-0.135336719207905	0.135336719207905	0.01831602756595932	1.8316027565959319	HPV52	IgM	binding_antibody_abundance
raw_log2_change	PC4	4	HPV58__FcgR2A	-0.023762729783919242	0.023762729783919242	0.0005646673267835626	0.05646673267835626	HPV58	FcgR2A	fc_receptor_communication
raw_log2_change	PC4	4	HPV58__FcgR2B	-0.05103306436702561	0.05103306436702561	0.002604373658688979	0.2604373658688979	HPV58	FcgR2B	fc_receptor_communication
raw_log2_change	PC4	4	HPV58__FcgR3A	-0.07723400112141894	0.07723400112141894	0.0059650909292233425	0.5965090929223342	HPV58	FcgR3A	fc_receptor_communication
raw_log2_change	PC4	4	HPV58__IgA1	0.22430673211208507	0.22430673211208507	0.050313510070802696	5.03135100708027	HPV58	IgA1	binding_antibody_abundance
raw_log2_change	PC4	4	HPV58__IgA2	0.1678266171236665	0.1678266171236665	0.02816577341517375	2.816577341517375	HPV58	IgA2	binding_antibody_abundance
raw_log2_change	PC4	4	HPV58__IgG	-0.07079272675662321	0.07079272675662321	0.005011610161637915	0.5011610161637915	HPV58	IgG	binding_antibody_abundance
raw_log2_change	PC4	4	HPV58__IgG1	-0.09087978971138831	0.09087978971138831	0.00825913617798616	0.825913617798616	HPV58	IgG1	igg_subclass_architecture
raw_log2_change	PC4	4	HPV58__IgG2	0.15001448164941344	0.15001448164941344	0.022504344704542205	2.2504344704542203	HPV58	IgG2	igg_subclass_architecture
raw_log2_change	PC4	4	HPV58__IgG3	-0.08737189371491913	0.08737189371491913	0.007633847811331125	0.7633847811331125	HPV58	IgG3	igg_subclass_architecture
raw_log2_change	PC4	4	HPV58__IgG4	0.13009157713516525	0.13009157713516525	0.01692381844151465	1.692381844151465	HPV58	IgG4	igg_subclass_architecture
raw_log2_change	PC4	4	HPV58__IgM	-0.1753642736846125	0.1753642736846125	0.030752628484931675	3.0752628484931677	HPV58	IgM	binding_antibody_abundance
raw_log2_change	PC5	5	BPV__FcgR2A	-0.022887825515984228	0.022887825515984228	0.0005238525568501387	0.05238525568501387	BPV	FcgR2A	fc_receptor_communication
raw_log2_change	PC5	5	BPV__FcgR2B	0.17570165320357328	0.17570165320357328	0.030871070938468734	3.0871070938468734	BPV	FcgR2B	fc_receptor_communication
raw_log2_change	PC5	5	BPV__FcgR3A	-0.035842151184957094	0.035842151184957094	0.0012846598015653211	0.1284659801565321	BPV	FcgR3A	fc_receptor_communication
raw_log2_change	PC5	5	BPV__IgA1	-0.020389718085696507	0.020389718085696507	0.0004157406036141792	0.04157406036141792	BPV	IgA1	binding_antibody_abundance
raw_log2_change	PC5	5	BPV__IgA2	-0.08040278977149964	0.08040278977149964	0.006464608603039968	0.6464608603039967	BPV	IgA2	binding_antibody_abundance
raw_log2_change	PC5	5	BPV__IgG	-0.04375657784354109	0.04375657784354109	0.0019146381045778709	0.1914638104577871	BPV	IgG	binding_antibody_abundance
raw_log2_change	PC5	5	BPV__IgG1	-0.16701115667572258	0.16701115667572258	0.027892726454162756	2.7892726454162755	BPV	IgG1	igg_subclass_architecture
raw_log2_change	PC5	5	BPV__IgG2	0.10823644745168809	0.10823644745168809	0.011715128556962037	1.1715128556962038	BPV	IgG2	igg_subclass_architecture
raw_log2_change	PC5	5	BPV__IgG3	-0.06221259799273454	0.06221259799273454	0.003870407349005598	0.3870407349005598	BPV	IgG3	igg_subclass_architecture
raw_log2_change	PC5	5	BPV__IgG4	-0.01718043277121148	0.01718043277121148	0.00029516727020611734	0.029516727020611734	BPV	IgG4	igg_subclass_architecture
raw_log2_change	PC5	5	BPV__IgM	0.18869652509965085	0.18869652509965085	0.035606378584683164	3.5606378584683163	BPV	IgM	binding_antibody_abundance
raw_log2_change	PC5	5	HPV16__ADCP	-0.22050285952040583	0.22050285952040583	0.04862151105667582	4.862151105667582	HPV16	ADCP	phagocytic_function
raw_log2_change	PC5	5	HPV16__FcgR2A	0.18596341799604632	0.18596341799604632	0.034582392832772244	3.458239283277224	HPV16	FcgR2A	fc_receptor_communication
raw_log2_change	PC5	5	HPV16__FcgR2B	0.11280407505173415	0.11280407505173415	0.01272475934827727	1.272475934827727	HPV16	FcgR2B	fc_receptor_communication
raw_log2_change	PC5	5	HPV16__FcgR3A	0.12880436091363862	0.12880436091363862	0.016590563390370874	1.6590563390370874	HPV16	FcgR3A	fc_receptor_communication
raw_log2_change	PC5	5	HPV16__IgA1	0.027057831464218043	0.027057831464218043	0.0007321262435460279	0.0732126243546028	HPV16	IgA1	binding_antibody_abundance
raw_log2_change	PC5	5	HPV16__IgA2	0.051050060153088044	0.051050060153088044	0.0026061086416339077	0.26061086416339074	HPV16	IgA2	binding_antibody_abundance
raw_log2_change	PC5	5	HPV16__IgG	0.04751197088925505	0.04751197088925505	0.0022573873777814195	0.22573873777814193	HPV16	IgG	binding_antibody_abundance
raw_log2_change	PC5	5	HPV16__IgG1	0.008672279189154614	0.008672279189154614	7.52084263346442e-05	0.00752084263346442	HPV16	IgG1	igg_subclass_architecture
raw_log2_change	PC5	5	HPV16__IgG2	0.04839905487327049	0.04839905487327049	0.002342468512625848	0.2342468512625848	HPV16	IgG2	igg_subclass_architecture
raw_log2_change	PC5	5	HPV16__IgG3	-0.17601662459079048	0.17601662459079048	0.03098185213233527	3.098185213233527	HPV16	IgG3	igg_subclass_architecture
raw_log2_change	PC5	5	HPV16__IgG4	-0.13067499744314406	0.13067499744314406	0.01707595495676571	1.7075954956765709	HPV16	IgG4	igg_subclass_architecture
raw_log2_change	PC5	5	HPV16__IgM	0.025448343893470858	0.025448343893470858	0.0006476182069203555	0.06476182069203555	HPV16	IgM	binding_antibody_abundance
raw_log2_change	PC5	5	HPV16__nAb	-0.06028086997118175	0.06028086997118175	0.003633783284482521	0.36337832844825213	HPV16	nAb	neutralization
raw_log2_change	PC5	5	HPV18__ADCP	-0.15773305289010833	0.15773305289010833	0.02487971597403371	2.487971597403371	HPV18	ADCP	phagocytic_function
raw_log2_change	PC5	5	HPV18__FcgR2A	0.17675200548454284	0.17675200548454284	0.03124127144280786	3.124127144280786	HPV18	FcgR2A	fc_receptor_communication
raw_log2_change	PC5	5	HPV18__FcgR2B	0.14987188980666183	0.14987188980666183	0.022461583354220185	2.2461583354220185	HPV18	FcgR2B	fc_receptor_communication
raw_log2_change	PC5	5	HPV18__FcgR3A	0.08235602652370896	0.08235602652370896	0.006782515104773855	0.6782515104773855	HPV18	FcgR3A	fc_receptor_communication
raw_log2_change	PC5	5	HPV18__IgA1	0.03864036488605764	0.03864036488605764	0.0014930777985276763	0.14930777985276764	HPV18	IgA1	binding_antibody_abundance
raw_log2_change	PC5	5	HPV18__IgA2	0.017268434258861775	0.017268434258861775	0.000298198821752631	0.0298198821752631	HPV18	IgA2	binding_antibody_abundance
raw_log2_change	PC5	5	HPV18__IgG	-0.041439765220298505	0.041439765220298505	0.0017172541415134616	0.17172541415134615	HPV18	IgG	binding_antibody_abundance
raw_log2_change	PC5	5	HPV18__IgG1	-0.10807937215657602	0.10807937215657602	0.01168115068575966	1.168115068575966	HPV18	IgG1	igg_subclass_architecture
raw_log2_change	PC5	5	HPV18__IgG2	-0.11647038992942813	0.11647038992942813	0.013565351730313032	1.356535173031303	HPV18	IgG2	igg_subclass_architecture
raw_log2_change	PC5	5	HPV18__IgG3	-0.04463038952736481	0.04463038952736481	0.0019918716693643145	0.19918716693643146	HPV18	IgG3	igg_subclass_architecture
raw_log2_change	PC5	5	HPV18__IgG4	-0.1102966242636279	0.1102966242636279	0.01216534532395191	1.216534532395191	HPV18	IgG4	igg_subclass_architecture
raw_log2_change	PC5	5	HPV18__IgM	0.13582219788135047	0.13582219788135047	0.018447669437320725	1.8447669437320724	HPV18	IgM	binding_antibody_abundance
raw_log2_change	PC5	5	HPV18__nAb	-0.08061774847475703	0.08061774847475703	0.006499221369139189	0.6499221369139189	HPV18	nAb	neutralization
raw_log2_change	PC5	5	HPV31__FcgR2A	0.03381447451718516	0.03381447451718516	0.0011434186868733646	0.11434186868733646	HPV31	FcgR2A	fc_receptor_communication
raw_log2_change	PC5	5	HPV31__FcgR2B	0.013193801631962982	0.013193801631962982	0.00017407640150358903	0.017407640150358904	HPV31	FcgR2B	fc_receptor_communication
raw_log2_change	PC5	5	HPV31__FcgR3A	-0.05169817068837722	0.05169817068837722	0.0026727008525245853	0.26727008525245854	HPV31	FcgR3A	fc_receptor_communication
raw_log2_change	PC5	5	HPV31__IgA1	0.11995977279679873	0.11995977279679873	0.014390347089459573	1.4390347089459572	HPV31	IgA1	binding_antibody_abundance
raw_log2_change	PC5	5	HPV31__IgA2	0.10434650919516175	0.10434650919516175	0.010888193981215976	1.0888193981215977	HPV31	IgA2	binding_antibody_abundance
raw_log2_change	PC5	5	HPV31__IgG	-0.03881932698473808	0.03881932698473808	0.0015069401475480138	0.15069401475480138	HPV31	IgG	binding_antibody_abundance
raw_log2_change	PC5	5	HPV31__IgG1	-0.05582759674064612	0.05582759674064612	0.003116720557836201	0.3116720557836201	HPV31	IgG1	igg_subclass_architecture
raw_log2_change	PC5	5	HPV31__IgG2	0.12434851695809847	0.12434851695809847	0.015462553669678502	1.5462553669678503	HPV31	IgG2	igg_subclass_architecture
raw_log2_change	PC5	5	HPV31__IgG3	-0.0930274602810036	0.0930274602810036	0.008654108366333702	0.8654108366333702	HPV31	IgG3	igg_subclass_architecture
raw_log2_change	PC5	5	HPV31__IgG4	0.032331665282331244	0.032331665282331244	0.0010453365799287036	0.10453365799287036	HPV31	IgG4	igg_subclass_architecture
raw_log2_change	PC5	5	HPV31__IgM	0.1467607266210388	0.1467607266210388	0.02153871087833529	2.153871087833529	HPV31	IgM	binding_antibody_abundance
raw_log2_change	PC5	5	HPV33__FcgR2A	0.07121387373527184	0.07121387373527184	0.005071415812383241	0.5071415812383241	HPV33	FcgR2A	fc_receptor_communication
raw_log2_change	PC5	5	HPV33__FcgR2B	0.22550117655520058	0.22550117655520058	0.05085078062777974	5.085078062777974	HPV33	FcgR2B	fc_receptor_communication
raw_log2_change	PC5	5	HPV33__FcgR3A	0.0268671404945312	0.0268671404945312	0.0007218432383528781	0.07218432383528782	HPV33	FcgR3A	fc_receptor_communication
raw_log2_change	PC5	5	HPV33__IgA1	0.14312873167127774	0.14312873167127774	0.020485833829828624	2.0485833829828626	HPV33	IgA1	binding_antibody_abundance
raw_log2_change	PC5	5	HPV33__IgA2	0.0940442048927484	0.0940442048927484	0.008844312473909242	0.8844312473909242	HPV33	IgA2	binding_antibody_abundance
raw_log2_change	PC5	5	HPV33__IgG	0.00129573987769335	0.00129573987769335	1.6789418306447776e-06	0.00016789418306447775	HPV33	IgG	binding_antibody_abundance
raw_log2_change	PC5	5	HPV33__IgG1	-0.045685708944175556	0.045685708944175556	0.0020871840017319225	0.20871840017319226	HPV33	IgG1	igg_subclass_architecture
raw_log2_change	PC5	5	HPV33__IgG2	0.06608024502780482	0.06608024502780482	0.004366598782934724	0.4366598782934724	HPV33	IgG2	igg_subclass_architecture
raw_log2_change	PC5	5	HPV33__IgG3	-0.05589761753420979	0.05589761753420979	0.003124543646000798	0.3124543646000798	HPV33	IgG3	igg_subclass_architecture
raw_log2_change	PC5	5	HPV33__IgG4	0.006718391991098417	0.006718391991098417	4.5136790946055345e-05	0.004513679094605535	HPV33	IgG4	igg_subclass_architecture
raw_log2_change	PC5	5	HPV33__IgM	0.19533571576540718	0.19533571576540718	0.03815604185358394	3.815604185358394	HPV33	IgM	binding_antibody_abundance
raw_log2_change	PC5	5	HPV45__FcgR2A	0.028628169041173865	0.028628169041173865	0.0008195720626500258	0.08195720626500258	HPV45	FcgR2A	fc_receptor_communication
raw_log2_change	PC5	5	HPV45__FcgR2B	-0.006165170273220818	0.006165170273220818	3.8009324497805655e-05	0.0038009324497805656	HPV45	FcgR2B	fc_receptor_communication
raw_log2_change	PC5	5	HPV45__FcgR3A	-0.0168959482799708	0.0168959482799708	0.00028547306827944824	0.028547306827944825	HPV45	FcgR3A	fc_receptor_communication
raw_log2_change	PC5	5	HPV45__IgA1	0.12950671802831756	0.12950671802831756	0.016771990014466154	1.6771990014466154	HPV45	IgA1	binding_antibody_abundance
raw_log2_change	PC5	5	HPV45__IgA2	-0.02979593965821266	0.02979593965821266	0.0008877980201158498	0.08877980201158499	HPV45	IgA2	binding_antibody_abundance
raw_log2_change	PC5	5	HPV45__IgG	-0.042576467578534276	0.042576467578534276	0.0018127555914659802	0.18127555914659801	HPV45	IgG	binding_antibody_abundance
raw_log2_change	PC5	5	HPV45__IgG1	-0.03645126123305441	0.03645126123305441	0.001328694445480375	0.1328694445480375	HPV45	IgG1	igg_subclass_architecture
raw_log2_change	PC5	5	HPV45__IgG2	0.20696360535327105	0.20696360535327105	0.04283393394082453	4.283393394082453	HPV45	IgG2	igg_subclass_architecture
raw_log2_change	PC5	5	HPV45__IgG3	-0.05794714640300516	0.05794714640300516	0.003357871776251314	0.33578717762513144	HPV45	IgG3	igg_subclass_architecture
raw_log2_change	PC5	5	HPV45__IgG4	0.11174118705193359	0.11174118705193359	0.01248609288377521	1.248609288377521	HPV45	IgG4	igg_subclass_architecture
raw_log2_change	PC5	5	HPV45__IgM	0.261189205989559	0.261189205989559	0.0682198013254563	6.8219801325456295	HPV45	IgM	binding_antibody_abundance
raw_log2_change	PC5	5	HPV52__FcgR2A	0.013877376613243286	0.013877376613243286	0.0001925815816657917	0.019258158166579168	HPV52	FcgR2A	fc_receptor_communication
raw_log2_change	PC5	5	HPV52__FcgR2B	0.02881423679745448	0.02881423679745448	0.0008302602422197799	0.083026024221978	HPV52	FcgR2B	fc_receptor_communication
raw_log2_change	PC5	5	HPV52__FcgR3A	0.02757115741860144	0.02757115741860144	0.0007601687214013013	0.07601687214013013	HPV52	FcgR3A	fc_receptor_communication
raw_log2_change	PC5	5	HPV52__IgA1	-0.008329456021894612	0.008329456021894612	6.93798376206764e-05	0.006937983762067641	HPV52	IgA1	binding_antibody_abundance
raw_log2_change	PC5	5	HPV52__IgA2	-8.543781758652405e-05	8.543781758652405e-05	7.299620673948158e-09	7.299620673948159e-07	HPV52	IgA2	binding_antibody_abundance
raw_log2_change	PC5	5	HPV52__IgG	0.021023267551401346	0.021023267551401346	0.0004419777785378048	0.04419777785378048	HPV52	IgG	binding_antibody_abundance
raw_log2_change	PC5	5	HPV52__IgG1	0.010206251330395908	0.010206251330395908	0.00010416756621920825	0.010416756621920825	HPV52	IgG1	igg_subclass_architecture
raw_log2_change	PC5	5	HPV52__IgG2	0.21323265218615856	0.21323265218615856	0.04546816395834327	4.546816395834327	HPV52	IgG2	igg_subclass_architecture
raw_log2_change	PC5	5	HPV52__IgG3	-0.006894896095907363	0.006894896095907363	4.7539592173358594e-05	0.00475395921733586	HPV52	IgG3	igg_subclass_architecture
raw_log2_change	PC5	5	HPV52__IgG4	0.09769946383955644	0.09769946383955644	0.009545185234536796	0.9545185234536796	HPV52	IgG4	igg_subclass_architecture
raw_log2_change	PC5	5	HPV52__IgM	0.19896698100467905	0.19896698100467905	0.039587859530116315	3.9587859530116316	HPV52	IgM	binding_antibody_abundance
raw_log2_change	PC5	5	HPV58__FcgR2A	0.01381197557607286	0.01381197557607286	0.00019077066931403322	0.019077066931403323	HPV58	FcgR2A	fc_receptor_communication
raw_log2_change	PC5	5	HPV58__FcgR2B	0.029942998732550217	0.029942998732550217	0.0008965831730975039	0.0896583173097504	HPV58	FcgR2B	fc_receptor_communication
raw_log2_change	PC5	5	HPV58__FcgR3A	0.004434116304115938	0.004434116304115938	1.9661387398426787e-05	0.0019661387398426785	HPV58	FcgR3A	fc_receptor_communication
raw_log2_change	PC5	5	HPV58__IgA1	0.15562540608780417	0.15562540608780417	0.024219267019993957	2.4219267019993955	HPV58	IgA1	binding_antibody_abundance
raw_log2_change	PC5	5	HPV58__IgA2	0.10330381274272403	0.10330381274272403	0.010671677727183792	1.0671677727183793	HPV58	IgA2	binding_antibody_abundance
raw_log2_change	PC5	5	HPV58__IgG	-0.07349128817328547	0.07349128817328547	0.005400969437368889	0.5400969437368889	HPV58	IgG	binding_antibody_abundance
raw_log2_change	PC5	5	HPV58__IgG1	-0.07556246500796723	0.07556246500796723	0.005709686118080272	0.5709686118080273	HPV58	IgG1	igg_subclass_architecture
raw_log2_change	PC5	5	HPV58__IgG2	0.10453599393529696	0.10453599393529696	0.010927774028040443	1.0927774028040442	HPV58	IgG2	igg_subclass_architecture
raw_log2_change	PC5	5	HPV58__IgG3	0.0029408805606497526	0.0029408805606497526	8.648778472007603e-06	0.0008648778472007603	HPV58	IgG3	igg_subclass_architecture
raw_log2_change	PC5	5	HPV58__IgG4	0.08337174813449162	0.08337174813449162	0.006950848387001107	0.6950848387001107	HPV58	IgG4	igg_subclass_architecture
raw_log2_change	PC5	5	HPV58__IgM	0.16678133043202553	0.16678133043202553	0.027816012180676485	2.7816012180676486	HPV58	IgM	binding_antibody_abundance
raw_log2_change	PC6	6	BPV__FcgR2A	0.0939583000314409	0.0939583000314409	0.008828162144798268	0.8828162144798267	BPV	FcgR2A	fc_receptor_communication
raw_log2_change	PC6	6	BPV__FcgR2B	-0.05945646530007476	0.05945646530007476	0.0035350712659789935	0.35350712659789935	BPV	FcgR2B	fc_receptor_communication
raw_log2_change	PC6	6	BPV__FcgR3A	-0.06527050629571335	0.06527050629571335	0.004260238992098756	0.4260238992098756	BPV	FcgR3A	fc_receptor_communication
raw_log2_change	PC6	6	BPV__IgA1	0.18437010550121097	0.18437010550121097	0.03399233580252766	3.399233580252766	BPV	IgA1	binding_antibody_abundance
raw_log2_change	PC6	6	BPV__IgA2	0.17461971195119858	0.17461971195119858	0.030492043801919562	3.049204380191956	BPV	IgA2	binding_antibody_abundance
raw_log2_change	PC6	6	BPV__IgG	0.13056860284087035	0.13056860284087035	0.017048160047816938	1.7048160047816938	BPV	IgG	binding_antibody_abundance
raw_log2_change	PC6	6	BPV__IgG1	0.07149816767009062	0.07149816767009062	0.005111987980180392	0.5111987980180391	BPV	IgG1	igg_subclass_architecture
raw_log2_change	PC6	6	BPV__IgG2	-0.1374739155018972	0.1374739155018972	0.01889907744342277	1.8899077443422772	BPV	IgG2	igg_subclass_architecture
raw_log2_change	PC6	6	BPV__IgG3	-0.031091345091770722	0.031091345091770722	0.0009666717396155754	0.09666717396155754	BPV	IgG3	igg_subclass_architecture
raw_log2_change	PC6	6	BPV__IgG4	-0.12952012861804854	0.12952012861804854	0.016775463717235838	1.6775463717235837	BPV	IgG4	igg_subclass_architecture
raw_log2_change	PC6	6	BPV__IgM	0.2057138409336411	0.2057138409336411	0.04231818435167139	4.231818435167138	BPV	IgM	binding_antibody_abundance
raw_log2_change	PC6	6	HPV16__ADCP	0.1220019529573603	0.1220019529573603	0.014884476525409956	1.4884476525409955	HPV16	ADCP	phagocytic_function
raw_log2_change	PC6	6	HPV16__FcgR2A	0.15751201468876092	0.15751201468876092	0.024810034771312436	2.4810034771312437	HPV16	FcgR2A	fc_receptor_communication
raw_log2_change	PC6	6	HPV16__FcgR2B	-0.025034474448196897	0.025034474448196897	0.0006267249108974233	0.06267249108974234	HPV16	FcgR2B	fc_receptor_communication
raw_log2_change	PC6	6	HPV16__FcgR3A	-0.042139051637737346	0.042139051637737346	0.0017756996729278946	0.17756996729278945	HPV16	FcgR3A	fc_receptor_communication
raw_log2_change	PC6	6	HPV16__IgA1	-0.007746041820128835	0.007746041820128835	6.000116387918484e-05	0.006000116387918484	HPV16	IgA1	binding_antibody_abundance
raw_log2_change	PC6	6	HPV16__IgA2	-0.027640570901881212	0.027640570901881212	0.0007640011597819223	0.07640011597819224	HPV16	IgA2	binding_antibody_abundance
raw_log2_change	PC6	6	HPV16__IgG	-0.004537887325211043	0.004537887325211043	2.0592421376311033e-05	0.0020592421376311033	HPV16	IgG	binding_antibody_abundance
raw_log2_change	PC6	6	HPV16__IgG1	-0.017183755967651544	0.017183755967651544	0.00029528146915580003	0.029528146915580002	HPV16	IgG1	igg_subclass_architecture
raw_log2_change	PC6	6	HPV16__IgG2	0.016006181985186163	0.016006181985186163	0.00025619786174289807	0.025619786174289807	HPV16	IgG2	igg_subclass_architecture
raw_log2_change	PC6	6	HPV16__IgG3	0.08526860930938353	0.08526860930938353	0.007270735733556287	0.7270735733556287	HPV16	IgG3	igg_subclass_architecture
raw_log2_change	PC6	6	HPV16__IgG4	0.09624566244481964	0.09624566244481964	0.009263227539442165	0.9263227539442165	HPV16	IgG4	igg_subclass_architecture
raw_log2_change	PC6	6	HPV16__IgM	0.07184803145134788	0.07184803145134788	0.0051621396234338745	0.5162139623433875	HPV16	IgM	binding_antibody_abundance
raw_log2_change	PC6	6	HPV16__nAb	0.03018561260892994	0.03018561260892994	0.0009111712085763901	0.09111712085763901	HPV16	nAb	neutralization
raw_log2_change	PC6	6	HPV18__ADCP	0.09282692717253277	0.09282692717253277	0.008616838408294702	0.8616838408294701	HPV18	ADCP	phagocytic_function
raw_log2_change	PC6	6	HPV18__FcgR2A	0.14891399689167045	0.14891399689167045	0.022175378470252437	2.217537847025244	HPV18	FcgR2A	fc_receptor_communication
raw_log2_change	PC6	6	HPV18__FcgR2B	-0.16650537201015833	0.16650537201015833	0.027724038908241218	2.7724038908241218	HPV18	FcgR2B	fc_receptor_communication
raw_log2_change	PC6	6	HPV18__FcgR3A	-0.06631392348660395	0.06631392348660395	0.004397536448187162	0.43975364481871626	HPV18	FcgR3A	fc_receptor_communication
raw_log2_change	PC6	6	HPV18__IgA1	0.01862060050040594	0.01862060050040594	0.00034672676299571793	0.03467267629957179	HPV18	IgA1	binding_antibody_abundance
raw_log2_change	PC6	6	HPV18__IgA2	-0.08326956715048013	0.08326956715048013	0.00693382081342832	0.693382081342832	HPV18	IgA2	binding_antibody_abundance
raw_log2_change	PC6	6	HPV18__IgG	0.08407942896429614	0.08407942896429614	0.007069350374962121	0.7069350374962121	HPV18	IgG	binding_antibody_abundance
raw_log2_change	PC6	6	HPV18__IgG1	0.04915638653293774	0.04915638653293774	0.0024163503369755827	0.24163503369755826	HPV18	IgG1	igg_subclass_architecture
raw_log2_change	PC6	6	HPV18__IgG2	0.07055086257252555	0.07055086257252555	0.004977424209727386	0.4977424209727386	HPV18	IgG2	igg_subclass_architecture
raw_log2_change	PC6	6	HPV18__IgG3	-0.17152131979978108	0.17152131979978108	0.029419563145858772	2.941956314585877	HPV18	IgG3	igg_subclass_architecture
raw_log2_change	PC6	6	HPV18__IgG4	0.1324033658651335	0.1324033658651335	0.017530651292416394	1.7530651292416395	HPV18	IgG4	igg_subclass_architecture
raw_log2_change	PC6	6	HPV18__IgM	0.2250060652407409	0.2250060652407409	0.05062772939512055	5.062772939512055	HPV18	IgM	binding_antibody_abundance
raw_log2_change	PC6	6	HPV18__nAb	0.02537912802920744	0.02537912802920744	0.0006441001395229027	0.06441001395229026	HPV18	nAb	neutralization
raw_log2_change	PC6	6	HPV31__FcgR2A	0.0875025885945822	0.0875025885945822	0.007656703010752706	0.7656703010752706	HPV31	FcgR2A	fc_receptor_communication
raw_log2_change	PC6	6	HPV31__FcgR2B	-0.10772115043150854	0.10772115043150854	0.011603846250287693	1.1603846250287693	HPV31	FcgR2B	fc_receptor_communication
raw_log2_change	PC6	6	HPV31__FcgR3A	-0.09359838440397582	0.09359838440397582	0.008760657563034424	0.8760657563034424	HPV31	FcgR3A	fc_receptor_communication
raw_log2_change	PC6	6	HPV31__IgA1	-0.0335954303017483	0.0335954303017483	0.001128652937159628	0.11286529371596281	HPV31	IgA1	binding_antibody_abundance
raw_log2_change	PC6	6	HPV31__IgA2	-0.05866025093694513	0.05866025093694513	0.003441025039985372	0.3441025039985372	HPV31	IgA2	binding_antibody_abundance
raw_log2_change	PC6	6	HPV31__IgG	0.08506491093077867	0.08506491093077867	0.0072360390716613085	0.7236039071661309	HPV31	IgG	binding_antibody_abundance
raw_log2_change	PC6	6	HPV31__IgG1	0.08237213737288131	0.08237213737288131	0.00678516901537683	0.678516901537683	HPV31	IgG1	igg_subclass_architecture
raw_log2_change	PC6	6	HPV31__IgG2	0.01735400706857854	0.01735400706857854	0.00030116156133627394	0.030116156133627395	HPV31	IgG2	igg_subclass_architecture
raw_log2_change	PC6	6	HPV31__IgG3	-0.08748659853980735	0.08748659853980735	0.007653904924065422	0.7653904924065422	HPV31	IgG3	igg_subclass_architecture
raw_log2_change	PC6	6	HPV31__IgG4	0.22200726706008894	0.22200726706008894	0.049287226627489654	4.9287226627489655	HPV31	IgG4	igg_subclass_architecture
raw_log2_change	PC6	6	HPV31__IgM	0.11586951517613762	0.11586951517613762	0.013425744547153187	1.3425744547153187	HPV31	IgM	binding_antibody_abundance
raw_log2_change	PC6	6	HPV33__FcgR2A	-0.02233330537035857	0.02233330537035857	0.000498776528765687	0.0498776528765687	HPV33	FcgR2A	fc_receptor_communication
raw_log2_change	PC6	6	HPV33__FcgR2B	-0.1258156182814213	0.1258156182814213	0.015829569803536312	1.5829569803536312	HPV33	FcgR2B	fc_receptor_communication
raw_log2_change	PC6	6	HPV33__FcgR3A	-0.05663991433568701	0.05663991433568701	0.0032080798959539633	0.32080798959539636	HPV33	FcgR3A	fc_receptor_communication
raw_log2_change	PC6	6	HPV33__IgA1	-0.03020528691101605	0.03020528691101605	0.0009123593573767974	0.09123593573767974	HPV33	IgA1	binding_antibody_abundance
raw_log2_change	PC6	6	HPV33__IgA2	-0.0579971033528453	0.0579971033528453	0.00336366399732062	0.336366399732062	HPV33	IgA2	binding_antibody_abundance
raw_log2_change	PC6	6	HPV33__IgG	0.04646992691175604	0.04646992691175604	0.0021594541071839482	0.21594541071839482	HPV33	IgG	binding_antibody_abundance
raw_log2_change	PC6	6	HPV33__IgG1	0.059241949624614536	0.059241949624614536	0.0035096085953253663	0.35096085953253664	HPV33	IgG1	igg_subclass_architecture
raw_log2_change	PC6	6	HPV33__IgG2	-0.037609221061555294	0.037609221061555294	0.0014144535088569342	0.14144535088569343	HPV33	IgG2	igg_subclass_architecture
raw_log2_change	PC6	6	HPV33__IgG3	-0.14299208581137063	0.14299208581137063	0.02044673660468638	2.044673660468638	HPV33	IgG3	igg_subclass_architecture
raw_log2_change	PC6	6	HPV33__IgG4	0.13723352874156153	0.13723352874156153	0.018833041410860993	1.8833041410860993	HPV33	IgG4	igg_subclass_architecture
raw_log2_change	PC6	6	HPV33__IgM	0.05043842199461498	0.05043842199461498	0.00254403441330686	0.254403441330686	HPV33	IgM	binding_antibody_abundance
raw_log2_change	PC6	6	HPV45__FcgR2A	0.05547419233167606	0.05547419233167606	0.003077386014851787	0.3077386014851787	HPV45	FcgR2A	fc_receptor_communication
raw_log2_change	PC6	6	HPV45__FcgR2B	-0.15590218627723684	0.15590218627723684	0.024305491686022255	2.4305491686022256	HPV45	FcgR2B	fc_receptor_communication
raw_log2_change	PC6	6	HPV45__FcgR3A	-0.1360936950802458	0.1360936950802458	0.01852149384059492	1.852149384059492	HPV45	FcgR3A	fc_receptor_communication
raw_log2_change	PC6	6	HPV45__IgA1	-0.14597233662791398	0.14597233662791398	0.02130792306061304	2.130792306061304	HPV45	IgA1	binding_antibody_abundance
raw_log2_change	PC6	6	HPV45__IgA2	0.02732347980877099	0.02732347980877099	0.000746572548860316	0.0746572548860316	HPV45	IgA2	binding_antibody_abundance
raw_log2_change	PC6	6	HPV45__IgG	0.023243804325854937	0.023243804325854937	0.0005402744395386327	0.05402744395386327	HPV45	IgG	binding_antibody_abundance
raw_log2_change	PC6	6	HPV45__IgG1	-0.007852978588639276	0.007852978588639276	6.166927271362692e-05	0.006166927271362692	HPV45	IgG1	igg_subclass_architecture
raw_log2_change	PC6	6	HPV45__IgG2	0.027870290905800513	0.027870290905800513	0.0007767531151739468	0.07767531151739468	HPV45	IgG2	igg_subclass_architecture
raw_log2_change	PC6	6	HPV45__IgG3	-0.16701293566207315	0.16701293566207315	0.027893320678463784	2.789332067846378	HPV45	IgG3	igg_subclass_architecture
raw_log2_change	PC6	6	HPV45__IgG4	0.18441447085385132	0.18441447085385132	0.03400869706030598	3.400869706030598	HPV45	IgG4	igg_subclass_architecture
raw_log2_change	PC6	6	HPV45__IgM	0.02173516382256	0.02173516382256	0.00047241734639352106	0.047241734639352106	HPV45	IgM	binding_antibody_abundance
raw_log2_change	PC6	6	HPV52__FcgR2A	0.07232848343085947	0.07232848343085947	0.005231409515408113	0.5231409515408113	HPV52	FcgR2A	fc_receptor_communication
raw_log2_change	PC6	6	HPV52__FcgR2B	-0.1043206969878975	0.1043206969878975	0.010882807820040728	1.0882807820040727	HPV52	FcgR2B	fc_receptor_communication
raw_log2_change	PC6	6	HPV52__FcgR3A	-0.13657945400123825	0.13657945400123825	0.018653947255276356	1.8653947255276355	HPV52	FcgR3A	fc_receptor_communication
raw_log2_change	PC6	6	HPV52__IgA1	0.03383623029086367	0.03383623029086367	0.00114489048029636	0.114489048029636	HPV52	IgA1	binding_antibody_abundance
raw_log2_change	PC6	6	HPV52__IgA2	0.0002952248310359706	0.0002952248310359706	8.715770086021737e-08	8.715770086021737e-06	HPV52	IgA2	binding_antibody_abundance
raw_log2_change	PC6	6	HPV52__IgG	0.01080315982625278	0.01080315982625278	0.00011670826223156198	0.011670826223156199	HPV52	IgG	binding_antibody_abundance
raw_log2_change	PC6	6	HPV52__IgG1	0.027957664434538117	0.027957664434538117	0.0007816310006342375	0.07816310006342375	HPV52	IgG1	igg_subclass_architecture
raw_log2_change	PC6	6	HPV52__IgG2	-0.08026014589641385	0.08026014589641385	0.006441691019313637	0.6441691019313637	HPV52	IgG2	igg_subclass_architecture
raw_log2_change	PC6	6	HPV52__IgG3	-0.06267291536402808	0.06267291536402808	0.003927894320226627	0.3927894320226627	HPV52	IgG3	igg_subclass_architecture
raw_log2_change	PC6	6	HPV52__IgG4	0.20907736225806206	0.20907736225806206	0.043713343408788914	4.371334340878891	HPV52	IgG4	igg_subclass_architecture
raw_log2_change	PC6	6	HPV52__IgM	0.15590505376699312	0.15590505376699312	0.02430638579008902	2.430638579008902	HPV52	IgM	binding_antibody_abundance
raw_log2_change	PC6	6	HPV58__FcgR2A	0.05754072199425722	0.05754072199425722	0.0033109346876203966	0.33109346876203966	HPV58	FcgR2A	fc_receptor_communication
raw_log2_change	PC6	6	HPV58__FcgR2B	-0.15123608608779837	0.15123608608779837	0.02287235373515596	2.2872353735155957	HPV58	FcgR2B	fc_receptor_communication
raw_log2_change	PC6	6	HPV58__FcgR3A	-0.1052530495019697	0.1052530495019697	0.011078204429464085	1.1078204429464085	HPV58	FcgR3A	fc_receptor_communication
raw_log2_change	PC6	6	HPV58__IgA1	0.02253438788306187	0.02253438788306187	0.0005077986372642856	0.05077986372642856	HPV58	IgA1	binding_antibody_abundance
raw_log2_change	PC6	6	HPV58__IgA2	-0.014530699899260936	0.014530699899260936	0.00021114123956238176	0.021114123956238177	HPV58	IgA2	binding_antibody_abundance
raw_log2_change	PC6	6	HPV58__IgG	0.1289884796076173	0.1289884796076173	0.016638027871484707	1.6638027871484706	HPV58	IgG	binding_antibody_abundance
raw_log2_change	PC6	6	HPV58__IgG1	0.11085348218921116	0.11085348218921116	0.012288494513473757	1.2288494513473758	HPV58	IgG1	igg_subclass_architecture
raw_log2_change	PC6	6	HPV58__IgG2	0.051210077208495325	0.051210077208495325	0.0026224720077000522	0.26224720077000524	HPV58	IgG2	igg_subclass_architecture
raw_log2_change	PC6	6	HPV58__IgG3	-0.11040816436843368	0.11040816436843368	0.012189962759207067	1.2189962759207067	HPV58	IgG3	igg_subclass_architecture
raw_log2_change	PC6	6	HPV58__IgG4	0.2066658852302881	0.2066658852302881	0.04271078811801861	4.2710788118018606	HPV58	IgG4	igg_subclass_architecture
raw_log2_change	PC6	6	HPV58__IgM	0.08631296589326022	0.08631296589326022	0.007449928081291102	0.7449928081291102	HPV58	IgM	binding_antibody_abundance
raw_log2_change	PC7	7	BPV__FcgR2A	-0.019888756608285776	0.019888756608285776	0.00039556263942363114	0.03955626394236311	BPV	FcgR2A	fc_receptor_communication
raw_log2_change	PC7	7	BPV__FcgR2B	0.17778973857453867	0.17778973857453867	0.03160919114240281	3.1609191142402806	BPV	FcgR2B	fc_receptor_communication
raw_log2_change	PC7	7	BPV__FcgR3A	0.004720156450987403	0.004720156450987403	2.2279876921798e-05	0.0022279876921798	BPV	FcgR3A	fc_receptor_communication
raw_log2_change	PC7	7	BPV__IgA1	0.029720012497297776	0.029720012497297776	0.000883279142839536	0.0883279142839536	BPV	IgA1	binding_antibody_abundance
raw_log2_change	PC7	7	BPV__IgA2	-0.08946713209973997	0.08946713209973997	0.008004367726152322	0.8004367726152323	BPV	IgA2	binding_antibody_abundance
raw_log2_change	PC7	7	BPV__IgG	-0.09047722510602967	0.09047722510602967	0.008186128262887164	0.8186128262887165	BPV	IgG	binding_antibody_abundance
raw_log2_change	PC7	7	BPV__IgG1	-0.11464609302977946	0.11464609302977946	0.013143726646992846	1.3143726646992846	BPV	IgG1	igg_subclass_architecture
raw_log2_change	PC7	7	BPV__IgG2	0.04131066760585429	0.04131066760585429	0.0017065712580413793	0.17065712580413794	BPV	IgG2	igg_subclass_architecture
raw_log2_change	PC7	7	BPV__IgG3	0.023462289962539594	0.023462289962539594	0.0005504790502862862	0.05504790502862862	BPV	IgG3	igg_subclass_architecture
raw_log2_change	PC7	7	BPV__IgG4	-0.009860061962520983	0.009860061962520983	9.722082190475314e-05	0.009722082190475314	BPV	IgG4	igg_subclass_architecture
raw_log2_change	PC7	7	BPV__IgM	0.03554680224127432	0.03554680224127432	0.0012635751495802651	0.12635751495802652	BPV	IgM	binding_antibody_abundance
raw_log2_change	PC7	7	HPV16__ADCP	0.053999380471880576	0.053999380471880576	0.0029159330913469173	0.2915933091346917	HPV16	ADCP	phagocytic_function
raw_log2_change	PC7	7	HPV16__FcgR2A	-0.03454187723149388	0.03454187723149388	0.0011931412826755952	0.11931412826755952	HPV16	FcgR2A	fc_receptor_communication
raw_log2_change	PC7	7	HPV16__FcgR2B	0.0030821409526422816	0.0030821409526422816	9.49959285195467e-06	0.0009499592851954671	HPV16	FcgR2B	fc_receptor_communication
raw_log2_change	PC7	7	HPV16__FcgR3A	0.03621720991954347	0.03621720991954347	0.001311686294356278	0.1311686294356278	HPV16	FcgR3A	fc_receptor_communication
raw_log2_change	PC7	7	HPV16__IgA1	-0.08984231726900743	0.08984231726900743	0.008071641972264992	0.8071641972264991	HPV16	IgA1	binding_antibody_abundance
raw_log2_change	PC7	7	HPV16__IgA2	-0.10008715916578997	0.10008715916578997	0.010017439429878176	1.0017439429878177	HPV16	IgA2	binding_antibody_abundance
raw_log2_change	PC7	7	HPV16__IgG	-0.03352512965918708	0.03352512965918708	0.0011239343186653053	0.11239343186653053	HPV16	IgG	binding_antibody_abundance
raw_log2_change	PC7	7	HPV16__IgG1	-0.037285802787258474	0.037285802787258474	0.0013902310894903318	0.1390231089490332	HPV16	IgG1	igg_subclass_architecture
raw_log2_change	PC7	7	HPV16__IgG2	0.015255245423468313	0.015255245423468313	0.0002327225129302509	0.02327225129302509	HPV16	IgG2	igg_subclass_architecture
raw_log2_change	PC7	7	HPV16__IgG3	0.001520497365818092	0.001520497365818092	2.3119122394597566e-06	0.00023119122394597567	HPV16	IgG3	igg_subclass_architecture
raw_log2_change	PC7	7	HPV16__IgG4	0.061137971652186165	0.061137971652186165	0.003737851577743519	0.3737851577743519	HPV16	IgG4	igg_subclass_architecture
raw_log2_change	PC7	7	HPV16__IgM	-0.0031023507694284795	0.0031023507694284795	9.624580296573478e-06	0.0009624580296573479	HPV16	IgM	binding_antibody_abundance
raw_log2_change	PC7	7	HPV16__nAb	-0.03191001927318136	0.03191001927318136	0.0010182493300148058	0.10182493300148057	HPV16	nAb	neutralization
raw_log2_change	PC7	7	HPV18__ADCP	0.07616213091184693	0.07616213091184693	0.005800670185033309	0.5800670185033309	HPV18	ADCP	phagocytic_function
raw_log2_change	PC7	7	HPV18__FcgR2A	-0.04492907842708072	0.04492907842708072	0.00201862208830677	0.20186220883067701	HPV18	FcgR2A	fc_receptor_communication
raw_log2_change	PC7	7	HPV18__FcgR2B	0.23393587922735054	0.23393587922735054	0.05472599558987354	5.472599558987354	HPV18	FcgR2B	fc_receptor_communication
raw_log2_change	PC7	7	HPV18__FcgR3A	0.23082418792775827	0.23082418792775827	0.05327980573250907	5.3279805732509065	HPV18	FcgR3A	fc_receptor_communication
raw_log2_change	PC7	7	HPV18__IgA1	-0.048892536844893184	0.048892536844893184	0.0023904801591292375	0.23904801591292374	HPV18	IgA1	binding_antibody_abundance
raw_log2_change	PC7	7	HPV18__IgA2	0.027094334314441235	0.027094334314441235	0.0007341029519427078	0.07341029519427078	HPV18	IgA2	binding_antibody_abundance
raw_log2_change	PC7	7	HPV18__IgG	0.02094062420726847	0.02094062420726847	0.0004385097421900383	0.04385097421900383	HPV18	IgG	binding_antibody_abundance
raw_log2_change	PC7	7	HPV18__IgG1	0.031967126040270875	0.031967126040270875	0.0010218971472745642	0.10218971472745642	HPV18	IgG1	igg_subclass_architecture
raw_log2_change	PC7	7	HPV18__IgG2	0.17160514456469228	0.17160514456469228	0.029448325641068935	2.9448325641068935	HPV18	IgG2	igg_subclass_architecture
raw_log2_change	PC7	7	HPV18__IgG3	0.06078336390499225	0.06078336390499225	0.0036946173276067146	0.36946173276067146	HPV18	IgG3	igg_subclass_architecture
raw_log2_change	PC7	7	HPV18__IgG4	0.2934579671568499	0.2934579671568499	0.0861175784878308	8.61175784878308	HPV18	IgG4	igg_subclass_architecture
raw_log2_change	PC7	7	HPV18__IgM	0.08540839179472678	0.08540839179472678	0.007294593388961553	0.7294593388961553	HPV18	IgM	binding_antibody_abundance
raw_log2_change	PC7	7	HPV18__nAb	-0.020037325307203136	0.020037325307203136	0.00040149440546668325	0.04014944054666832	HPV18	nAb	neutralization
raw_log2_change	PC7	7	HPV31__FcgR2A	-0.026461171065693342	0.026461171065693342	0.0007001935741678865	0.07001935741678865	HPV31	FcgR2A	fc_receptor_communication
raw_log2_change	PC7	7	HPV31__FcgR2B	0.16127985156332472	0.16127985156332472	0.026011190520288056	2.6011190520288054	HPV31	FcgR2B	fc_receptor_communication
raw_log2_change	PC7	7	HPV31__FcgR3A	0.0911069873654602	0.0911069873654602	0.008300483146810126	0.8300483146810126	HPV31	FcgR3A	fc_receptor_communication
raw_log2_change	PC7	7	HPV31__IgA1	-0.23391373545065672	0.23391373545065672	0.05471563563247982	5.471563563247981	HPV31	IgA1	binding_antibody_abundance
raw_log2_change	PC7	7	HPV31__IgA2	-0.1393246480438998	0.1393246480438998	0.01941135755255655	1.941135755255655	HPV31	IgA2	binding_antibody_abundance
raw_log2_change	PC7	7	HPV31__IgG	-0.018561086141064647	0.018561086141064647	0.0003445139187360221	0.03445139187360221	HPV31	IgG	binding_antibody_abundance
raw_log2_change	PC7	7	HPV31__IgG1	-0.03260433080361489	0.03260433080361489	0.0010630423871515508	0.10630423871515508	HPV31	IgG1	igg_subclass_architecture
raw_log2_change	PC7	7	HPV31__IgG2	0.01807492758022396	0.01807492758022396	0.0003267030070303408	0.03267030070303408	HPV31	IgG2	igg_subclass_architecture
raw_log2_change	PC7	7	HPV31__IgG3	-0.02185980703840605	0.02185980703840605	0.00047785116375634676	0.04778511637563468	HPV31	IgG3	igg_subclass_architecture
raw_log2_change	PC7	7	HPV31__IgG4	0.15057480094280581	0.15057480094280581	0.022672770678965594	2.2672770678965595	HPV31	IgG4	igg_subclass_architecture
raw_log2_change	PC7	7	HPV31__IgM	-0.1293201816626112	0.1293201816626112	0.01672370938525076	1.6723709385250762	HPV31	IgM	binding_antibody_abundance
raw_log2_change	PC7	7	HPV33__FcgR2A	-0.12269272956652114	0.12269272956652114	0.01505350588848349	1.505350588848349	HPV33	FcgR2A	fc_receptor_communication
raw_log2_change	PC7	7	HPV33__FcgR2B	0.15889928057075414	0.15889928057075414	0.025248981365903245	2.5248981365903247	HPV33	FcgR2B	fc_receptor_communication
raw_log2_change	PC7	7	HPV33__FcgR3A	-0.09506743227070032	0.09506743227070032	0.009037816678544192	0.9037816678544192	HPV33	FcgR3A	fc_receptor_communication
raw_log2_change	PC7	7	HPV33__IgA1	-0.17109410190886262	0.17109410190886262	0.02927319170800027	2.927319170800027	HPV33	IgA1	binding_antibody_abundance
raw_log2_change	PC7	7	HPV33__IgA2	-0.04724611651590073	0.04724611651590073	0.002232195525834068	0.22321955258340678	HPV33	IgA2	binding_antibody_abundance
raw_log2_change	PC7	7	HPV33__IgG	-0.029946156623265864	0.029946156623265864	0.00089677229650517	0.089677229650517	HPV33	IgG	binding_antibody_abundance
raw_log2_change	PC7	7	HPV33__IgG1	-0.16300981359750172	0.16300981359750172	0.026572199329092255	2.6572199329092254	HPV33	IgG1	igg_subclass_architecture
raw_log2_change	PC7	7	HPV33__IgG2	-0.13764558199011293	0.13764558199011293	0.0189463062413969	1.89463062413969	HPV33	IgG2	igg_subclass_architecture
raw_log2_change	PC7	7	HPV33__IgG3	0.07190926905407653	0.07190926905407653	0.0051709429758915685	0.5170942975891568	HPV33	IgG3	igg_subclass_architecture
raw_log2_change	PC7	7	HPV33__IgG4	0.25053828046641335	0.25053828046641335	0.0627694299790672	6.276942997906721	HPV33	IgG4	igg_subclass_architecture
raw_log2_change	PC7	7	HPV33__IgM	0.021143867533917914	0.021143867533917914	0.000447063134291868	0.044706313429186795	HPV33	IgM	binding_antibody_abundance
raw_log2_change	PC7	7	HPV45__FcgR2A	-0.06110866333327485	0.06110866333327485	0.0037342687343795305	0.37342687343795306	HPV45	FcgR2A	fc_receptor_communication
raw_log2_change	PC7	7	HPV45__FcgR2B	0.09750213952782315	0.09750213952782315	0.009506667212503093	0.9506667212503093	HPV45	FcgR2B	fc_receptor_communication
raw_log2_change	PC7	7	HPV45__FcgR3A	0.01382589990083854	0.01382589990083854	0.00019115550806800716	0.019115550806800715	HPV45	FcgR3A	fc_receptor_communication
raw_log2_change	PC7	7	HPV45__IgA1	-0.09794622900840208	0.09794622900840208	0.009593463776966345	0.9593463776966346	HPV45	IgA1	binding_antibody_abundance
raw_log2_change	PC7	7	HPV45__IgA2	0.102561864501833	0.102561864501833	0.010518936050092352	1.0518936050092351	HPV45	IgA2	binding_antibody_abundance
raw_log2_change	PC7	7	HPV45__IgG	-0.08972830486415993	0.08972830486415993	0.008051168693795628	0.8051168693795627	HPV45	IgG	binding_antibody_abundance
raw_log2_change	PC7	7	HPV45__IgG1	-0.07324815561827439	0.07324815561827439	0.0053652923014789414	0.5365292301478941	HPV45	IgG1	igg_subclass_architecture
raw_log2_change	PC7	7	HPV45__IgG2	0.04225840866405194	0.04225840866405194	0.0017857731028180202	0.17857731028180202	HPV45	IgG2	igg_subclass_architecture
raw_log2_change	PC7	7	HPV45__IgG3	0.08439070557573142	0.08439070557573142	0.007121791187569786	0.7121791187569786	HPV45	IgG3	igg_subclass_architecture
raw_log2_change	PC7	7	HPV45__IgG4	0.2312928428206011	0.2312928428206011	0.05349637914003529	5.349637914003529	HPV45	IgG4	igg_subclass_architecture
raw_log2_change	PC7	7	HPV45__IgM	-0.046903404129666634	0.046903404129666634	0.002199929318950829	0.2199929318950829	HPV45	IgM	binding_antibody_abundance
raw_log2_change	PC7	7	HPV52__FcgR2A	-0.07152377077908066	0.07152377077908066	0.005115649786458473	0.5115649786458473	HPV52	FcgR2A	fc_receptor_communication
raw_log2_change	PC7	7	HPV52__FcgR2B	0.18255124667002162	0.18255124667002162	0.03332495766077908	3.332495766077908	HPV52	FcgR2B	fc_receptor_communication
raw_log2_change	PC7	7	HPV52__FcgR3A	-0.012298607939632241	0.012298607939632241	0.0001512557572527852	0.01512557572527852	HPV52	FcgR3A	fc_receptor_communication
raw_log2_change	PC7	7	HPV52__IgA1	-0.03133533020021576	0.03133533020021576	0.000981902918756554	0.0981902918756554	HPV52	IgA1	binding_antibody_abundance
raw_log2_change	PC7	7	HPV52__IgA2	-0.11361502923904296	0.11361502923904296	0.012908374868988586	1.2908374868988586	HPV52	IgA2	binding_antibody_abundance
raw_log2_change	PC7	7	HPV52__IgG	-0.019466267249471158	0.019466267249471158	0.0003789355606278334	0.037893556062783336	HPV52	IgG	binding_antibody_abundance
raw_log2_change	PC7	7	HPV52__IgG1	-0.02100864591199463	0.02100864591199463	0.0004413632030555686	0.044136320305556864	HPV52	IgG1	igg_subclass_architecture
raw_log2_change	PC7	7	HPV52__IgG2	0.06074579241405726	0.06074579241405726	0.0036900512960117366	0.36900512960117365	HPV52	IgG2	igg_subclass_architecture
raw_log2_change	PC7	7	HPV52__IgG3	0.04799755454515034	0.04799755454515034	0.002303765242314682	0.2303765242314682	HPV52	IgG3	igg_subclass_architecture
raw_log2_change	PC7	7	HPV52__IgG4	0.21205586660007306	0.21205586660007306	0.04496769055950798	4.496769055950798	HPV52	IgG4	igg_subclass_architecture
raw_log2_change	PC7	7	HPV52__IgM	-0.048165053466602686	0.048165053466602686	0.0023198723754406956	0.23198723754406955	HPV52	IgM	binding_antibody_abundance
raw_log2_change	PC7	7	HPV58__FcgR2A	-0.07100215826322095	0.07100215826322095	0.0050413064780354755	0.5041306478035475	HPV58	FcgR2A	fc_receptor_communication
raw_log2_change	PC7	7	HPV58__FcgR2B	0.17943656620749016	0.17943656620749016	0.032197481292334997	3.2197481292334995	HPV58	FcgR2B	fc_receptor_communication
raw_log2_change	PC7	7	HPV58__FcgR3A	0.002271038937374662	0.002271038937374662	5.157617855071833e-06	0.0005157617855071833	HPV58	FcgR3A	fc_receptor_communication
raw_log2_change	PC7	7	HPV58__IgA1	-0.10630523201065833	0.10630523201065833	0.011300802352839898	1.1300802352839898	HPV58	IgA1	binding_antibody_abundance
raw_log2_change	PC7	7	HPV58__IgA2	-0.14597837468851296	0.14597837468851296	0.02130968587669988	2.130968587669988	HPV58	IgA2	binding_antibody_abundance
raw_log2_change	PC7	7	HPV58__IgG	-0.08261771953509901	0.08261771953509901	0.006825687581180281	0.6825687581180282	HPV58	IgG	binding_antibody_abundance
raw_log2_change	PC7	7	HPV58__IgG1	-0.05504105476047381	0.05504105476047381	0.0030295177091454765	0.30295177091454767	HPV58	IgG1	igg_subclass_architecture
raw_log2_change	PC7	7	HPV58__IgG2	0.007107001313510451	0.007107001313510451	5.050946767023928e-05	0.005050946767023928	HPV58	IgG2	igg_subclass_architecture
raw_log2_change	PC7	7	HPV58__IgG3	-0.04980120675303702	0.04980120675303702	0.0024801601940587403	0.24801601940587403	HPV58	IgG3	igg_subclass_architecture
raw_log2_change	PC7	7	HPV58__IgG4	0.09097741247063967	0.09097741247063967	0.008276889579852903	0.8276889579852903	HPV58	IgG4	igg_subclass_architecture
raw_log2_change	PC7	7	HPV58__IgM	0.02597999143362731	0.02597999143362731	0.0006749599548913483	0.06749599548913483	HPV58	IgM	binding_antibody_abundance
raw_log2_change	PC8	8	BPV__FcgR2A	0.043131482389321386	0.043131482389321386	0.001860324773100341	0.18603247731003408	BPV	FcgR2A	fc_receptor_communication
raw_log2_change	PC8	8	BPV__FcgR2B	-0.174075466868078	0.174075466868078	0.030302268165339326	3.0302268165339328	BPV	FcgR2B	fc_receptor_communication
raw_log2_change	PC8	8	BPV__FcgR3A	0.009189058227224333	0.009189058227224333	8.44387911033192e-05	0.00844387911033192	BPV	FcgR3A	fc_receptor_communication
raw_log2_change	PC8	8	BPV__IgA1	0.04501704283479335	0.04501704283479335	0.0020265341455896193	0.20265341455896194	BPV	IgA1	binding_antibody_abundance
raw_log2_change	PC8	8	BPV__IgA2	-0.08230279859752293	0.08230279859752293	0.006773750656984423	0.6773750656984423	BPV	IgA2	binding_antibody_abundance
raw_log2_change	PC8	8	BPV__IgG	-0.022761711189068688	0.022761711189068688	0.0005180954962545748	0.051809549625457474	BPV	IgG	binding_antibody_abundance
raw_log2_change	PC8	8	BPV__IgG1	0.09072916457866195	0.09072916457866195	0.008231781305141926	0.8231781305141926	BPV	IgG1	igg_subclass_architecture
raw_log2_change	PC8	8	BPV__IgG2	0.03466110692746546	0.03466110692746546	0.0012013923334371942	0.12013923334371943	BPV	IgG2	igg_subclass_architecture
raw_log2_change	PC8	8	BPV__IgG3	0.27709224401662047	0.27709224401662047	0.07678011169416635	7.678011169416635	BPV	IgG3	igg_subclass_architecture
raw_log2_change	PC8	8	BPV__IgG4	0.06443089556216178	0.06443089556216178	0.004151340302942198	0.4151340302942198	BPV	IgG4	igg_subclass_architecture
raw_log2_change	PC8	8	BPV__IgM	-0.06860830163979634	0.06860830163979634	0.004707099053897281	0.47070990538972807	BPV	IgM	binding_antibody_abundance
raw_log2_change	PC8	8	HPV16__ADCP	-0.1510727363104125	0.1510727363104125	0.022822971656315423	2.2822971656315425	HPV16	ADCP	phagocytic_function
raw_log2_change	PC8	8	HPV16__FcgR2A	0.0949934219425349	0.0949934219425349	0.009023750212352473	0.9023750212352473	HPV16	FcgR2A	fc_receptor_communication
raw_log2_change	PC8	8	HPV16__FcgR2B	0.13689236262373913	0.13689236262373913	0.01873951894470929	1.873951894470929	HPV16	FcgR2B	fc_receptor_communication
raw_log2_change	PC8	8	HPV16__FcgR3A	0.1276396122960994	0.1276396122960994	0.01629187062709857	1.629187062709857	HPV16	FcgR3A	fc_receptor_communication
raw_log2_change	PC8	8	HPV16__IgA1	0.08464340157973198	0.08464340157973198	0.007164505430987774	0.7164505430987774	HPV16	IgA1	binding_antibody_abundance
raw_log2_change	PC8	8	HPV16__IgA2	0.07137043092737481	0.07137043092737481	0.00509373841075918	0.509373841075918	HPV16	IgA2	binding_antibody_abundance
raw_log2_change	PC8	8	HPV16__IgG	0.10129083308970352	0.10129083308970352	0.010259832868006177	1.0259832868006178	HPV16	IgG	binding_antibody_abundance
raw_log2_change	PC8	8	HPV16__IgG1	0.11242240772586723	0.11242240772586723	0.012638797758881132	1.263879775888113	HPV16	IgG1	igg_subclass_architecture
raw_log2_change	PC8	8	HPV16__IgG2	-0.1097673880954832	0.1097673880954832	0.012048879489304427	1.2048879489304427	HPV16	IgG2	igg_subclass_architecture
raw_log2_change	PC8	8	HPV16__IgG3	0.10694138759691896	0.10694138759691896	0.011436460381154452	1.1436460381154452	HPV16	IgG3	igg_subclass_architecture
raw_log2_change	PC8	8	HPV16__IgG4	0.08171764106812351	0.08171764106812351	0.006677772861738667	0.6677772861738667	HPV16	IgG4	igg_subclass_architecture
raw_log2_change	PC8	8	HPV16__IgM	-0.001346730465653534	0.001346730465653534	1.8136829471193844e-06	0.00018136829471193845	HPV16	IgM	binding_antibody_abundance
raw_log2_change	PC8	8	HPV16__nAb	-0.165390528340955	0.165390528340955	0.02735402686490024	2.7354026864900236	HPV16	nAb	neutralization
raw_log2_change	PC8	8	HPV18__ADCP	-0.16357885139605918	0.16357885139605918	0.026758040624054014	2.675804062405401	HPV18	ADCP	phagocytic_function
raw_log2_change	PC8	8	HPV18__FcgR2A	0.1356047458991021	0.1356047458991021	0.01838864711036005	1.8388647110360048	HPV18	FcgR2A	fc_receptor_communication
raw_log2_change	PC8	8	HPV18__FcgR2B	0.06775013199964913	0.06775013199964913	0.004590080385969882	0.4590080385969882	HPV18	FcgR2B	fc_receptor_communication
raw_log2_change	PC8	8	HPV18__FcgR3A	-0.028032230522482875	0.028032230522482875	0.0007858059480656205	0.07858059480656204	HPV18	FcgR3A	fc_receptor_communication
raw_log2_change	PC8	8	HPV18__IgA1	-0.024736429606353704	0.024736429606353704	0.000611890949670092	0.06118909496700921	HPV18	IgA1	binding_antibody_abundance
raw_log2_change	PC8	8	HPV18__IgA2	0.07055633964543023	0.07055633964543023	0.00497819706416131	0.497819706416131	HPV18	IgA2	binding_antibody_abundance
raw_log2_change	PC8	8	HPV18__IgG	-0.06322560240738528	0.06322560240738528	0.003997476799776764	0.39974767997767635	HPV18	IgG	binding_antibody_abundance
raw_log2_change	PC8	8	HPV18__IgG1	-0.028300790105509063	0.028300790105509063	0.0008009347205960797	0.08009347205960797	HPV18	IgG1	igg_subclass_architecture
raw_log2_change	PC8	8	HPV18__IgG2	-0.15369541923059168	0.15369541923059168	0.02362228189246733	2.362228189246733	HPV18	IgG2	igg_subclass_architecture
raw_log2_change	PC8	8	HPV18__IgG3	0.18264964736721886	0.18264964736721886	0.0333608936833694	3.33608936833694	HPV18	IgG3	igg_subclass_architecture
raw_log2_change	PC8	8	HPV18__IgG4	0.0778568537857576	0.0778568537857576	0.006061689681416838	0.6061689681416839	HPV18	IgG4	igg_subclass_architecture
raw_log2_change	PC8	8	HPV18__IgM	-0.09419246495753837	0.09419246495753837	0.008872220454777095	0.8872220454777094	HPV18	IgM	binding_antibody_abundance
raw_log2_change	PC8	8	HPV18__nAb	-0.11489575615607042	0.11489575615607042	0.013201034782675194	1.3201034782675194	HPV18	nAb	neutralization
raw_log2_change	PC8	8	HPV31__FcgR2A	0.09101072284982634	0.09101072284982634	0.008282951673647902	0.8282951673647901	HPV31	FcgR2A	fc_receptor_communication
raw_log2_change	PC8	8	HPV31__FcgR2B	-0.02566287836453049	0.02566287836453049	0.0006585833259526871	0.0658583325952687	HPV31	FcgR2B	fc_receptor_communication
raw_log2_change	PC8	8	HPV31__FcgR3A	-0.08228351246395554	0.08228351246395554	0.006770576423405927	0.6770576423405927	HPV31	FcgR3A	fc_receptor_communication
raw_log2_change	PC8	8	HPV31__IgA1	-0.10719830904805884	0.10719830904805884	0.011491477462763133	1.1491477462763133	HPV31	IgA1	binding_antibody_abundance
raw_log2_change	PC8	8	HPV31__IgA2	-0.1035670545707425	0.1035670545707425	0.010726134792459156	1.0726134792459157	HPV31	IgA2	binding_antibody_abundance
raw_log2_change	PC8	8	HPV31__IgG	-0.06350470655030518	0.06350470655030518	0.004032847754040374	0.40328477540403745	HPV31	IgG	binding_antibody_abundance
raw_log2_change	PC8	8	HPV31__IgG1	-0.0024269209061750854	0.0024269209061750854	5.889945084829698e-06	0.0005889945084829698	HPV31	IgG1	igg_subclass_architecture
raw_log2_change	PC8	8	HPV31__IgG2	-0.0138452840829154	0.0138452840829154	0.00019169189133663053	0.019169189133663053	HPV31	IgG2	igg_subclass_architecture
raw_log2_change	PC8	8	HPV31__IgG3	0.11025480952391023	0.11025480952391023	0.012156123023153727	1.2156123023153727	HPV31	IgG3	igg_subclass_architecture
raw_log2_change	PC8	8	HPV31__IgG4	0.13789642385391535	0.13789642385391535	0.019015423711698672	1.9015423711698671	HPV31	IgG4	igg_subclass_architecture
raw_log2_change	PC8	8	HPV31__IgM	0.05376605761119138	0.05376605761119138	0.0028907889510499506	0.28907889510499507	HPV31	IgM	binding_antibody_abundance
raw_log2_change	PC8	8	HPV33__FcgR2A	0.06412206341208625	0.06412206341208625	0.0041116390162236095	0.41116390162236094	HPV33	FcgR2A	fc_receptor_communication
raw_log2_change	PC8	8	HPV33__FcgR2B	-0.016502012541569414	0.016502012541569414	0.0002723164179221142	0.027231641792211422	HPV33	FcgR2B	fc_receptor_communication
raw_log2_change	PC8	8	HPV33__FcgR3A	-0.1586793571394116	0.1586793571394116	0.02517913838217693	2.517913838217693	HPV33	FcgR3A	fc_receptor_communication
raw_log2_change	PC8	8	HPV33__IgA1	-0.07610813831152378	0.07610813831152378	0.005792448717246035	0.5792448717246035	HPV33	IgA1	binding_antibody_abundance
raw_log2_change	PC8	8	HPV33__IgA2	-0.023985530607412407	0.023985530607412407	0.0005753056785191173	0.05753056785191173	HPV33	IgA2	binding_antibody_abundance
raw_log2_change	PC8	8	HPV33__IgG	0.10710624696367922	0.10710624696367922	0.011471748138644645	1.1471748138644644	HPV33	IgG	binding_antibody_abundance
raw_log2_change	PC8	8	HPV33__IgG1	0.03396350980294926	0.03396350980294926	0.0011535199981350303	0.11535199981350304	HPV33	IgG1	igg_subclass_architecture
raw_log2_change	PC8	8	HPV33__IgG2	-0.11835817278092722	0.11835817278092722	0.014008657064039821	1.400865706403982	HPV33	IgG2	igg_subclass_architecture
raw_log2_change	PC8	8	HPV33__IgG3	0.1644025272850676	0.1644025272850676	0.027028190977717397	2.70281909777174	HPV33	IgG3	igg_subclass_architecture
raw_log2_change	PC8	8	HPV33__IgG4	0.0714106331558667	0.0714106331558667	0.0050994785277217675	0.5099478527721768	HPV33	IgG4	igg_subclass_architecture
raw_log2_change	PC8	8	HPV33__IgM	-0.06863366559889728	0.06863366559889728	0.004710580053541255	0.47105800535412556	HPV33	IgM	binding_antibody_abundance
raw_log2_change	PC8	8	HPV45__FcgR2A	0.05011098527683368	0.05011098527683368	0.002511110845415042	0.25111108454150416	HPV45	FcgR2A	fc_receptor_communication
raw_log2_change	PC8	8	HPV45__FcgR2B	-0.04722945847519465	0.04722945847519465	0.0022306217478601357	0.22306217478601356	HPV45	FcgR2B	fc_receptor_communication
raw_log2_change	PC8	8	HPV45__FcgR3A	-0.11075743887197015	0.11075743887197015	0.012267210265478204	1.2267210265478203	HPV45	FcgR3A	fc_receptor_communication
raw_log2_change	PC8	8	HPV45__IgA1	0.04261458209783979	0.04261458209783979	0.0018160026073735275	0.18160026073735275	HPV45	IgA1	binding_antibody_abundance
raw_log2_change	PC8	8	HPV45__IgA2	0.1436634956184085	0.1436634956184085	0.020639199973300475	2.0639199973300477	HPV45	IgA2	binding_antibody_abundance
raw_log2_change	PC8	8	HPV45__IgG	0.0204560810082374	0.0204560810082374	0.0004184512502155709	0.041845125021557086	HPV45	IgG	binding_antibody_abundance
raw_log2_change	PC8	8	HPV45__IgG1	0.04245931675137295	0.04245931675137295	0.0018027935789934194	0.18027935789934194	HPV45	IgG1	igg_subclass_architecture
raw_log2_change	PC8	8	HPV45__IgG2	0.057807312289636106	0.057807312289636106	0.0033416853541515137	0.33416853541515135	HPV45	IgG2	igg_subclass_architecture
raw_log2_change	PC8	8	HPV45__IgG3	0.2448255536116325	0.2448255536116325	0.059939551701242336	5.9939551701242335	HPV45	IgG3	igg_subclass_architecture
raw_log2_change	PC8	8	HPV45__IgG4	0.12901713191338093	0.12901713191338093	0.01664542032715474	1.6645420327154739	HPV45	IgG4	igg_subclass_architecture
raw_log2_change	PC8	8	HPV45__IgM	0.03475323222938267	0.03475323222938267	0.0012077871503894022	0.12077871503894022	HPV45	IgM	binding_antibody_abundance
raw_log2_change	PC8	8	HPV52__FcgR2A	0.0646474693569619	0.0646474693569619	0.004179295294259328	0.4179295294259328	HPV52	FcgR2A	fc_receptor_communication
raw_log2_change	PC8	8	HPV52__FcgR2B	-0.09148867727730693	0.09148867727730693	0.008370178069951217	0.8370178069951217	HPV52	FcgR2B	fc_receptor_communication
raw_log2_change	PC8	8	HPV52__FcgR3A	-0.12210123341978626	0.12210123341978626	0.01490871120263313	1.4908711202633131	HPV52	FcgR3A	fc_receptor_communication
raw_log2_change	PC8	8	HPV52__IgA1	0.17993856484116608	0.17993856484116608	0.032377887117098526	3.2377887117098525	HPV52	IgA1	binding_antibody_abundance
raw_log2_change	PC8	8	HPV52__IgA2	0.23426700094164765	0.23426700094164765	0.05488102773019394	5.488102773019394	HPV52	IgA2	binding_antibody_abundance
raw_log2_change	PC8	8	HPV52__IgG	-0.05311505550104936	0.05311505550104936	0.002821209120879554	0.2821209120879554	HPV52	IgG	binding_antibody_abundance
raw_log2_change	PC8	8	HPV52__IgG1	-0.0343322354661829	0.0343322354661829	0.001178702392105427	0.1178702392105427	HPV52	IgG1	igg_subclass_architecture
raw_log2_change	PC8	8	HPV52__IgG2	-0.08473298799941699	0.08473298799941699	0.0071796792553093436	0.7179679255309344	HPV52	IgG2	igg_subclass_architecture
raw_log2_change	PC8	8	HPV52__IgG3	0.13950006486301703	0.13950006486301703	0.019460268096785957	1.9460268096785958	HPV52	IgG3	igg_subclass_architecture
raw_log2_change	PC8	8	HPV52__IgG4	0.05863093687298545	0.05863093687298545	0.003437586758604005	0.3437586758604005	HPV52	IgG4	igg_subclass_architecture
raw_log2_change	PC8	8	HPV52__IgM	0.006466049388256355	0.006466049388256355	4.180979469137038e-05	0.004180979469137038	HPV52	IgM	binding_antibody_abundance
raw_log2_change	PC8	8	HPV58__FcgR2A	0.10477318147894285	0.10477318147894285	0.010977419557219493	1.0977419557219492	HPV58	FcgR2A	fc_receptor_communication
raw_log2_change	PC8	8	HPV58__FcgR2B	-0.0001436609772277002	0.0001436609772277002	2.0638476378017797e-08	2.0638476378017797e-06	HPV58	FcgR2B	fc_receptor_communication
raw_log2_change	PC8	8	HPV58__FcgR3A	-0.11268022684793726	0.11268022684793726	0.0126968335225026	1.26968335225026	HPV58	FcgR3A	fc_receptor_communication
raw_log2_change	PC8	8	HPV58__IgA1	0.02705643972982518	0.02705643972982518	0.0007320509308536625	0.07320509308536625	HPV58	IgA1	binding_antibody_abundance
raw_log2_change	PC8	8	HPV58__IgA2	0.1138612611086762	0.1138612611086762	0.01296438678125814	1.296438678125814	HPV58	IgA2	binding_antibody_abundance
raw_log2_change	PC8	8	HPV58__IgG	0.04507537132882268	0.04507537132882268	0.0020317891004312497	0.20317891004312497	HPV58	IgG	binding_antibody_abundance
raw_log2_change	PC8	8	HPV58__IgG1	0.06470824424747075	0.06470824424747075	0.004187156873590331	0.41871568735903314	HPV58	IgG1	igg_subclass_architecture
raw_log2_change	PC8	8	HPV58__IgG2	0.051726096096497615	0.051726096096497615	0.002675589017384106	0.26755890173841057	HPV58	IgG2	igg_subclass_architecture
raw_log2_change	PC8	8	HPV58__IgG3	0.22887886539539162	0.22887886539539162	0.052385535024681795	5.2385535024681795	HPV58	IgG3	igg_subclass_architecture
raw_log2_change	PC8	8	HPV58__IgG4	-0.024869434721183224	0.024869434721183224	0.0006184887833511936	0.061848878335119366	HPV58	IgG4	igg_subclass_architecture
raw_log2_change	PC8	8	HPV58__IgM	-0.10596583508477117	0.10596583508477117	0.011228758205212921	1.122875820521292	HPV58	IgM	binding_antibody_abundance
raw_log2_change	PC9	9	BPV__FcgR2A	0.008994567448405114	0.008994567448405114	8.090224358390888e-05	0.008090224358390888	BPV	FcgR2A	fc_receptor_communication
raw_log2_change	PC9	9	BPV__FcgR2B	-0.07531091656633547	0.07531091656633547	0.0056717341540615425	0.5671734154061543	BPV	FcgR2B	fc_receptor_communication
raw_log2_change	PC9	9	BPV__FcgR3A	0.08730523443999925	0.08730523443999925	0.007622203960623232	0.7622203960623232	BPV	FcgR3A	fc_receptor_communication
raw_log2_change	PC9	9	BPV__IgA1	0.014204156228401793	0.014204156228401793	0.00020175805416084545	0.020175805416084543	BPV	IgA1	binding_antibody_abundance
raw_log2_change	PC9	9	BPV__IgA2	-0.12065228647134052	0.12065228647134052	0.014556974230762418	1.4556974230762418	BPV	IgA2	binding_antibody_abundance
raw_log2_change	PC9	9	BPV__IgG	0.09774695105799666	0.09774695105799666	0.009554466441134394	0.9554466441134394	BPV	IgG	binding_antibody_abundance
raw_log2_change	PC9	9	BPV__IgG1	0.10124248928959127	0.10124248928959127	0.010250041637553003	1.0250041637553002	BPV	IgG1	igg_subclass_architecture
raw_log2_change	PC9	9	BPV__IgG2	-0.08152255537178074	0.08152255537178074	0.0066459270343450574	0.6645927034345057	BPV	IgG2	igg_subclass_architecture
raw_log2_change	PC9	9	BPV__IgG3	-0.028605600838109035	0.028605600838109035	0.0008182803993092244	0.08182803993092244	BPV	IgG3	igg_subclass_architecture
raw_log2_change	PC9	9	BPV__IgG4	0.1814494406996563	0.1814494406996563	0.032923899530218084	3.2923899530218086	BPV	IgG4	igg_subclass_architecture
raw_log2_change	PC9	9	BPV__IgM	-0.1571932518238331	0.1571932518238331	0.024709718418951004	2.4709718418951003	BPV	IgM	binding_antibody_abundance
raw_log2_change	PC9	9	HPV16__ADCP	-0.08993960590237017	0.08993960590237017	0.008089132709873659	0.8089132709873659	HPV16	ADCP	phagocytic_function
raw_log2_change	PC9	9	HPV16__FcgR2A	0.21269248000933444	0.21269248000933444	0.04523809105252113	4.523809105252113	HPV16	FcgR2A	fc_receptor_communication
raw_log2_change	PC9	9	HPV16__FcgR2B	0.024493300904368742	0.024493300904368742	0.0005999217891919506	0.05999217891919506	HPV16	FcgR2B	fc_receptor_communication
raw_log2_change	PC9	9	HPV16__FcgR3A	0.08216552924426074	0.08216552924426074	0.006751174195989466	0.6751174195989467	HPV16	FcgR3A	fc_receptor_communication
raw_log2_change	PC9	9	HPV16__IgA1	-0.006247146996185324	0.006247146996185324	3.9026845591947315e-05	0.0039026845591947313	HPV16	IgA1	binding_antibody_abundance
raw_log2_change	PC9	9	HPV16__IgA2	0.02991702264711596	0.02991702264711596	0.0008950282440680492	0.08950282440680492	HPV16	IgA2	binding_antibody_abundance
raw_log2_change	PC9	9	HPV16__IgG	0.03596348189106027	0.03596348189106027	0.0012933720297286203	0.12933720297286203	HPV16	IgG	binding_antibody_abundance
raw_log2_change	PC9	9	HPV16__IgG1	0.02171143256549366	0.02171143256549366	0.0004713863040459787	0.04713863040459787	HPV16	IgG1	igg_subclass_architecture
raw_log2_change	PC9	9	HPV16__IgG2	0.30624895241867245	0.30624895241867245	0.0937884208575343	9.37884208575343	HPV16	IgG2	igg_subclass_architecture
raw_log2_change	PC9	9	HPV16__IgG3	-0.007058670242213495	0.007058670242213495	4.9824825588310324e-05	0.0049824825588310325	HPV16	IgG3	igg_subclass_architecture
raw_log2_change	PC9	9	HPV16__IgG4	0.24670081351907974	0.24670081351907974	0.06086129139097576	6.086129139097576	HPV16	IgG4	igg_subclass_architecture
raw_log2_change	PC9	9	HPV16__IgM	-0.025461114047633106	0.025461114047633106	0.0006482683285465798	0.06482683285465798	HPV16	IgM	binding_antibody_abundance
raw_log2_change	PC9	9	HPV16__nAb	-0.003203445846347925	0.003203445846347925	1.0262065290483773e-05	0.0010262065290483774	HPV16	nAb	neutralization
raw_log2_change	PC9	9	HPV18__ADCP	-0.023292092875805057	0.023292092875805057	0.0005425215905351287	0.054252159053512876	HPV18	ADCP	phagocytic_function
raw_log2_change	PC9	9	HPV18__FcgR2A	0.19680768335592919	0.19680768335592919	0.03873326422792769	3.873326422792769	HPV18	FcgR2A	fc_receptor_communication
raw_log2_change	PC9	9	HPV18__FcgR2B	0.09392546169344988	0.09392546169344988	0.00882199235432772	0.8821992354327721	HPV18	FcgR2B	fc_receptor_communication
raw_log2_change	PC9	9	HPV18__FcgR3A	0.07538955726010005	0.07538955726010005	0.005683585343873904	0.5683585343873904	HPV18	FcgR3A	fc_receptor_communication
raw_log2_change	PC9	9	HPV18__IgA1	-0.03675093057998771	0.03675093057998771	0.0013506308984950759	0.1350630898495076	HPV18	IgA1	binding_antibody_abundance
raw_log2_change	PC9	9	HPV18__IgA2	-0.15140420538857174	0.15140420538857174	0.022923233409344816	2.2923233409344816	HPV18	IgA2	binding_antibody_abundance
raw_log2_change	PC9	9	HPV18__IgG	0.0966705440085473	0.0966705440085473	0.00934519407890848	0.934519407890848	HPV18	IgG	binding_antibody_abundance
raw_log2_change	PC9	9	HPV18__IgG1	0.06609425093512045	0.06609425093512045	0.00436845000667467	0.43684500066746695	HPV18	IgG1	igg_subclass_architecture
raw_log2_change	PC9	9	HPV18__IgG2	0.13955590455765046	0.13955590455765046	0.019475850496904045	1.9475850496904046	HPV18	IgG2	igg_subclass_architecture
raw_log2_change	PC9	9	HPV18__IgG3	-0.008091732217158063	0.008091732217158063	6.547613027419374e-05	0.006547613027419375	HPV18	IgG3	igg_subclass_architecture
raw_log2_change	PC9	9	HPV18__IgG4	-0.01733405600941785	0.01733405600941785	0.00030046949773763506	0.030046949773763505	HPV18	IgG4	igg_subclass_architecture
raw_log2_change	PC9	9	HPV18__IgM	-0.022390528070198482	0.022390528070198482	0.0005013357472623462	0.05013357472623462	HPV18	IgM	binding_antibody_abundance
raw_log2_change	PC9	9	HPV18__nAb	-0.05697947937362952	0.05697947937362952	0.0032466610696898724	0.32466610696898723	HPV18	nAb	neutralization
raw_log2_change	PC9	9	HPV31__FcgR2A	0.0747765112778324	0.0747765112778324	0.005591526638883796	0.5591526638883796	HPV31	FcgR2A	fc_receptor_communication
raw_log2_change	PC9	9	HPV31__FcgR2B	-0.10135469407651404	0.10135469407651404	0.01027277401134375	1.027277401134375	HPV31	FcgR2B	fc_receptor_communication
raw_log2_change	PC9	9	HPV31__FcgR3A	-0.09845887285036345	0.09845887285036345	0.009694149642964037	0.9694149642964037	HPV31	FcgR3A	fc_receptor_communication
raw_log2_change	PC9	9	HPV31__IgA1	-0.08859720529615457	0.08859720529615457	0.00784946478628896	0.784946478628896	HPV31	IgA1	binding_antibody_abundance
raw_log2_change	PC9	9	HPV31__IgA2	-0.17913789673123273	0.17913789673123273	0.032090386045289805	3.2090386045289807	HPV31	IgA2	binding_antibody_abundance
raw_log2_change	PC9	9	HPV31__IgG	-0.11782279817204973	0.11782279817204973	0.013882211769091565	1.3882211769091566	HPV31	IgG	binding_antibody_abundance
raw_log2_change	PC9	9	HPV31__IgG1	-0.14143527061383995	0.14143527061383995	0.020003935773610138	2.000393577361014	HPV31	IgG1	igg_subclass_architecture
raw_log2_change	PC9	9	HPV31__IgG2	0.20874788547527054	0.20874788547527054	0.04357567969039666	4.357567969039666	HPV31	IgG2	igg_subclass_architecture
raw_log2_change	PC9	9	HPV31__IgG3	-0.1137437438538634	0.1137437438538634	0.012937639265893289	1.2937639265893288	HPV31	IgG3	igg_subclass_architecture
raw_log2_change	PC9	9	HPV31__IgG4	-0.06213011715142743	0.06213011715142743	0.003860151457250097	0.3860151457250097	HPV31	IgG4	igg_subclass_architecture
raw_log2_change	PC9	9	HPV31__IgM	-0.02644505735606905	0.02644505735606905	0.0006993410585657818	0.06993410585657818	HPV31	IgM	binding_antibody_abundance
raw_log2_change	PC9	9	HPV33__FcgR2A	0.026106810186633113	0.026106810186633113	0.0006815655381208905	0.06815655381208904	HPV33	FcgR2A	fc_receptor_communication
raw_log2_change	PC9	9	HPV33__FcgR2B	-0.03840208649570337	0.03840208649570337	0.0014747202472234831	0.1474720247223483	HPV33	FcgR2B	fc_receptor_communication
raw_log2_change	PC9	9	HPV33__FcgR3A	0.057359308406478	0.057359308406478	0.003290090260869458	0.32900902608694577	HPV33	FcgR3A	fc_receptor_communication
raw_log2_change	PC9	9	HPV33__IgA1	-0.05061386572973745	0.05061386572973745	0.002561763404107891	0.2561763404107891	HPV33	IgA1	binding_antibody_abundance
raw_log2_change	PC9	9	HPV33__IgA2	-0.2663112046700873	0.2663112046700873	0.07092165773283313	7.0921657732833125	HPV33	IgA2	binding_antibody_abundance
raw_log2_change	PC9	9	HPV33__IgG	-0.015222373221304245	0.015222373221304245	0.00023172064648868058	0.02317206464886806	HPV33	IgG	binding_antibody_abundance
raw_log2_change	PC9	9	HPV33__IgG1	0.01880014362524192	0.01880014362524192	0.00035344540032972437	0.03534454003297244	HPV33	IgG1	igg_subclass_architecture
raw_log2_change	PC9	9	HPV33__IgG2	0.23158032205931972	0.23158032205931972	0.053629445565098244	5.362944556509825	HPV33	IgG2	igg_subclass_architecture
raw_log2_change	PC9	9	HPV33__IgG3	0.022847005557445926	0.022847005557445926	0.0005219856629419651	0.05219856629419651	HPV33	IgG3	igg_subclass_architecture
raw_log2_change	PC9	9	HPV33__IgG4	-0.1419329303326837	0.1419329303326837	0.020144956712822445	2.0144956712822446	HPV33	IgG4	igg_subclass_architecture
raw_log2_change	PC9	9	HPV33__IgM	-0.14148544405279434	0.14148544405279434	0.020018130878816397	2.0018130878816396	HPV33	IgM	binding_antibody_abundance
raw_log2_change	PC9	9	HPV45__FcgR2A	0.04789492792346502	0.04789492792346502	0.002293924120793909	0.22939241207939087	HPV45	FcgR2A	fc_receptor_communication
raw_log2_change	PC9	9	HPV45__FcgR2B	-0.04408894433847232	0.04408894433847232	0.0019438350128809102	0.194383501288091	HPV45	FcgR2B	fc_receptor_communication
raw_log2_change	PC9	9	HPV45__FcgR3A	0.04156014768056316	0.04156014768056316	0.0017272458752302193	0.17272458752302194	HPV45	FcgR3A	fc_receptor_communication
raw_log2_change	PC9	9	HPV45__IgA1	-0.09186371819150649	0.09186371819150649	0.00843894271996852	0.8438942719968521	HPV45	IgA1	binding_antibody_abundance
raw_log2_change	PC9	9	HPV45__IgA2	0.07634476927791284	0.07634476927791284	0.005828523796097744	0.5828523796097743	HPV45	IgA2	binding_antibody_abundance
raw_log2_change	PC9	9	HPV45__IgG	-0.04560794815476783	0.04560794815476783	0.0020800849348879906	0.20800849348879907	HPV45	IgG	binding_antibody_abundance
raw_log2_change	PC9	9	HPV45__IgG1	-0.06527701551463581	0.06527701551463581	0.0042610887544980046	0.4261088754498005	HPV45	IgG1	igg_subclass_architecture
raw_log2_change	PC9	9	HPV45__IgG2	0.1065129255210546	0.1065129255210546	0.011345003303053724	1.1345003303053725	HPV45	IgG2	igg_subclass_architecture
raw_log2_change	PC9	9	HPV45__IgG3	-0.08620637562032403	0.08620637562032403	0.007431539197592397	0.7431539197592397	HPV45	IgG3	igg_subclass_architecture
raw_log2_change	PC9	9	HPV45__IgG4	-0.13806529882444948	0.13806529882444948	0.019062026739484532	1.9062026739484532	HPV45	IgG4	igg_subclass_architecture
raw_log2_change	PC9	9	HPV45__IgM	-0.09936631292417977	0.09936631292417977	0.009873664144146015	0.9873664144146015	HPV45	IgM	binding_antibody_abundance
raw_log2_change	PC9	9	HPV52__FcgR2A	0.0045538311819904006	0.0045538311819904006	2.0737378434068087e-05	0.0020737378434068088	HPV52	FcgR2A	fc_receptor_communication
raw_log2_change	PC9	9	HPV52__FcgR2B	0.016698411889014553	0.016698411889014553	0.0002788369596151826	0.027883695961518257	HPV52	FcgR2B	fc_receptor_communication
raw_log2_change	PC9	9	HPV52__FcgR3A	0.04167946332908371	0.04167946332908371	0.0017371776634004339	0.17371776634004338	HPV52	FcgR3A	fc_receptor_communication
raw_log2_change	PC9	9	HPV52__IgA1	0.013842203001447957	0.013842203001447957	0.00019160658393329485	0.019160658393329484	HPV52	IgA1	binding_antibody_abundance
raw_log2_change	PC9	9	HPV52__IgA2	-0.0868614149022671	0.0868614149022671	0.00754490539882379	0.754490539882379	HPV52	IgA2	binding_antibody_abundance
raw_log2_change	PC9	9	HPV52__IgG	0.06230554320652211	0.06230554320652211	0.0038819807142597934	0.38819807142597934	HPV52	IgG	binding_antibody_abundance
raw_log2_change	PC9	9	HPV52__IgG1	0.07027647831643488	0.07027647831643488	0.004938783404560342	0.49387834045603424	HPV52	IgG1	igg_subclass_architecture
raw_log2_change	PC9	9	HPV52__IgG2	0.21520526506791737	0.21520526506791737	0.046313306112952576	4.631330611295257	HPV52	IgG2	igg_subclass_architecture
raw_log2_change	PC9	9	HPV52__IgG3	0.05672713468854566	0.05672713468854566	0.0032179678099724007	0.3217967809972401	HPV52	IgG3	igg_subclass_architecture
raw_log2_change	PC9	9	HPV52__IgG4	-0.10058696691537207	0.10058696691537207	0.010117737913234155	1.0117737913234155	HPV52	IgG4	igg_subclass_architecture
raw_log2_change	PC9	9	HPV52__IgM	0.009179247265560964	0.009179247265560964	8.425858036230843e-05	0.008425858036230843	HPV52	IgM	binding_antibody_abundance
raw_log2_change	PC9	9	HPV58__FcgR2A	-0.005984930822562704	0.005984930822562704	3.581939695086109e-05	0.0035819396950861086	HPV58	FcgR2A	fc_receptor_communication
raw_log2_change	PC9	9	HPV58__FcgR2B	-0.05257831262837255	0.05257831262837255	0.0027644789588468803	0.27644789588468804	HPV58	FcgR2B	fc_receptor_communication
raw_log2_change	PC9	9	HPV58__FcgR3A	0.016598024819247166	0.016598024819247166	0.0002754944279003449	0.027549442790034493	HPV58	FcgR3A	fc_receptor_communication
raw_log2_change	PC9	9	HPV58__IgA1	-0.1082690023510931	0.1082690023510931	0.011722176870101004	1.1722176870101004	HPV58	IgA1	binding_antibody_abundance
raw_log2_change	PC9	9	HPV58__IgA2	-0.11964288624791806	0.11964288624791806	0.014314420229732262	1.4314420229732263	HPV58	IgA2	binding_antibody_abundance
raw_log2_change	PC9	9	HPV58__IgG	-0.035726368446482894	0.035726368446482894	0.0012763734023738486	0.12763734023738485	HPV58	IgG	binding_antibody_abundance
raw_log2_change	PC9	9	HPV58__IgG1	-0.0313851928495514	0.0313851928495514	0.0009850303302035323	0.09850303302035322	HPV58	IgG1	igg_subclass_architecture
raw_log2_change	PC9	9	HPV58__IgG2	0.18557655573386234	0.18557655573386234	0.034438658038043315	3.4438658038043317	HPV58	IgG2	igg_subclass_architecture
raw_log2_change	PC9	9	HPV58__IgG3	-0.006703711210494289	0.006703711210494289	4.49397439937068e-05	0.00449397439937068	HPV58	IgG3	igg_subclass_architecture
raw_log2_change	PC9	9	HPV58__IgG4	0.006516737850465976	0.006516737850465976	4.246787221169591e-05	0.0042467872211695915	HPV58	IgG4	igg_subclass_architecture
raw_log2_change	PC9	9	HPV58__IgM	-0.008393439499197793	0.008393439499197793	7.04498266266937e-05	0.007044982662669371	HPV58	IgM	binding_antibody_abundance
raw_log2_change	PC10	10	BPV__FcgR2A	-0.055154943981889165	0.055154943981889165	0.003042067845645332	0.3042067845645332	BPV	FcgR2A	fc_receptor_communication
raw_log2_change	PC10	10	BPV__FcgR2B	0.05284228364336874	0.05284228364336874	0.002792306940646235	0.2792306940646235	BPV	FcgR2B	fc_receptor_communication
raw_log2_change	PC10	10	BPV__FcgR3A	-0.0025335543901618914	0.0025335543901618914	6.418897847908594e-06	0.0006418897847908593	BPV	FcgR3A	fc_receptor_communication
raw_log2_change	PC10	10	BPV__IgA1	0.2472389750203584	0.2472389750203584	0.06112711076911741	6.112711076911741	BPV	IgA1	binding_antibody_abundance
raw_log2_change	PC10	10	BPV__IgA2	0.24780932414454215	0.24780932414454215	0.06140946113297476	6.140946113297476	BPV	IgA2	binding_antibody_abundance
raw_log2_change	PC10	10	BPV__IgG	0.12526374584096603	0.12526374584096603	0.015691006022110134	1.5691006022110134	BPV	IgG	binding_antibody_abundance
raw_log2_change	PC10	10	BPV__IgG1	0.0345529761492247	0.0345529761492247	0.001193908160768891	0.1193908160768891	BPV	IgG1	igg_subclass_architecture
raw_log2_change	PC10	10	BPV__IgG2	0.2610273255741254	0.2610273255741254	0.06813526469638045	6.813526469638045	BPV	IgG2	igg_subclass_architecture
raw_log2_change	PC10	10	BPV__IgG3	0.0672511887017812	0.0672511887017812	0.004522722381802584	0.4522722381802584	BPV	IgG3	igg_subclass_architecture
raw_log2_change	PC10	10	BPV__IgG4	0.11086507425696196	0.11086507425696196	0.012291064690001689	1.229106469000169	BPV	IgG4	igg_subclass_architecture
raw_log2_change	PC10	10	BPV__IgM	0.009844796545172202	0.009844796545172202	9.692001901583452e-05	0.009692001901583452	BPV	IgM	binding_antibody_abundance
raw_log2_change	PC10	10	HPV16__ADCP	-0.05302313126526709	0.05302313126526709	0.002811452449173744	0.2811452449173744	HPV16	ADCP	phagocytic_function
raw_log2_change	PC10	10	HPV16__FcgR2A	-0.09431479424566334	0.09431479424566334	0.008895280413601811	0.8895280413601812	HPV16	FcgR2A	fc_receptor_communication
raw_log2_change	PC10	10	HPV16__FcgR2B	0.10065917588241863	0.10065917588241863	0.010132269689327688	1.0132269689327689	HPV16	FcgR2B	fc_receptor_communication
raw_log2_change	PC10	10	HPV16__FcgR3A	0.08111738110690458	0.08111738110690458	0.006580029517642801	0.6580029517642801	HPV16	FcgR3A	fc_receptor_communication
raw_log2_change	PC10	10	HPV16__IgA1	0.14842595982793516	0.14842595982793516	0.022030265550843822	2.2030265550843824	HPV16	IgA1	binding_antibody_abundance
raw_log2_change	PC10	10	HPV16__IgA2	0.13471767601282744	0.13471767601282744	0.018148852230297143	1.8148852230297143	HPV16	IgA2	binding_antibody_abundance
raw_log2_change	PC10	10	HPV16__IgG	0.06423371902007471	0.06423371902007471	0.004125970659149908	0.4125970659149908	HPV16	IgG	binding_antibody_abundance
raw_log2_change	PC10	10	HPV16__IgG1	0.07571109988034333	0.07571109988034333	0.005732170645091324	0.5732170645091325	HPV16	IgG1	igg_subclass_architecture
raw_log2_change	PC10	10	HPV16__IgG2	0.01704130721844692	0.01704130721844692	0.00029040615171349105	0.029040615171349104	HPV16	IgG2	igg_subclass_architecture
raw_log2_change	PC10	10	HPV16__IgG3	-0.022196327088421855	0.022196327088421855	0.0004926769362162099	0.049267693621620985	HPV16	IgG3	igg_subclass_architecture
raw_log2_change	PC10	10	HPV16__IgG4	-0.04896742642491684	0.04896742642491684	0.002397808850679644	0.23978088506796438	HPV16	IgG4	igg_subclass_architecture
raw_log2_change	PC10	10	HPV16__IgM	-0.07477955576569163	0.07477955576569163	0.005591981960514185	0.5591981960514185	HPV16	IgM	binding_antibody_abundance
raw_log2_change	PC10	10	HPV16__nAb	-0.032587393484640785	0.032587393484640785	0.0010619382141228088	0.10619382141228088	HPV16	nAb	neutralization
raw_log2_change	PC10	10	HPV18__ADCP	-0.0447324005224924	0.0447324005224924	0.0020009876565046784	0.20009876565046783	HPV18	ADCP	phagocytic_function
raw_log2_change	PC10	10	HPV18__FcgR2A	-0.03906663796414203	0.03906663796414203	0.0015262022018213434	0.15262022018213434	HPV18	FcgR2A	fc_receptor_communication
raw_log2_change	PC10	10	HPV18__FcgR2B	0.00990882066195725	0.00990882066195725	9.81847269108309e-05	0.00981847269108309	HPV18	FcgR2B	fc_receptor_communication
raw_log2_change	PC10	10	HPV18__FcgR3A	0.10079835412090363	0.10079835412090363	0.010160308193483089	1.016030819348309	HPV18	FcgR3A	fc_receptor_communication
raw_log2_change	PC10	10	HPV18__IgA1	-0.09965883655583069	0.09965883655583069	0.009931883703661775	0.9931883703661776	HPV18	IgA1	binding_antibody_abundance
raw_log2_change	PC10	10	HPV18__IgA2	-0.15971569450769546	0.15971569450769546	0.025509103072075504	2.5509103072075505	HPV18	IgA2	binding_antibody_abundance
raw_log2_change	PC10	10	HPV18__IgG	0.091324285084962	0.091324285084962	0.008340125046279413	0.8340125046279413	HPV18	IgG	binding_antibody_abundance
raw_log2_change	PC10	10	HPV18__IgG1	0.11264945061939595	0.11264945061939595	0.012689898724851727	1.2689898724851727	HPV18	IgG1	igg_subclass_architecture
raw_log2_change	PC10	10	HPV18__IgG2	-0.10743742345780535	0.10743742345780535	0.011542799959251783	1.1542799959251784	HPV18	IgG2	igg_subclass_architecture
raw_log2_change	PC10	10	HPV18__IgG3	-0.134266950974638	0.134266950974638	0.018027614124025846	1.8027614124025846	HPV18	IgG3	igg_subclass_architecture
raw_log2_change	PC10	10	HPV18__IgG4	-0.024372796205453726	0.024372796205453726	0.0005940331948725795	0.05940331948725795	HPV18	IgG4	igg_subclass_architecture
raw_log2_change	PC10	10	HPV18__IgM	-0.08683917777186505	0.08683917777186505	0.00754104279609358	0.754104279609358	HPV18	IgM	binding_antibody_abundance
raw_log2_change	PC10	10	HPV18__nAb	-0.006651354202108654	0.006651354202108654	4.424051272190845e-05	0.004424051272190845	HPV18	nAb	neutralization
raw_log2_change	PC10	10	HPV31__FcgR2A	-0.08338543730663273	0.08338543730663273	0.006953131154818376	0.6953131154818376	HPV31	FcgR2A	fc_receptor_communication
raw_log2_change	PC10	10	HPV31__FcgR2B	-0.024880975824173028	0.024880975824173028	0.0006190629579630826	0.06190629579630826	HPV31	FcgR2B	fc_receptor_communication
raw_log2_change	PC10	10	HPV31__FcgR3A	0.06875397759020208	0.06875397759020208	0.004727109434474009	0.4727109434474009	HPV31	FcgR3A	fc_receptor_communication
raw_log2_change	PC10	10	HPV31__IgA1	0.10592029577561848	0.10592029577561848	0.011219109057194502	1.1219109057194503	HPV31	IgA1	binding_antibody_abundance
raw_log2_change	PC10	10	HPV31__IgA2	0.05283408611946068	0.05283408611946068	0.002791440656078588	0.27914406560785876	HPV31	IgA2	binding_antibody_abundance
raw_log2_change	PC10	10	HPV31__IgG	-0.04179293311798796	0.04179293311798796	0.0017466492586046146	0.17466492586046145	HPV31	IgG	binding_antibody_abundance
raw_log2_change	PC10	10	HPV31__IgG1	-0.040785275580739994	0.040785275580739994	0.001663438704196906	0.1663438704196906	HPV31	IgG1	igg_subclass_architecture
raw_log2_change	PC10	10	HPV31__IgG2	-0.09897907707013265	0.09897907707013265	0.009796857697655259	0.9796857697655259	HPV31	IgG2	igg_subclass_architecture
raw_log2_change	PC10	10	HPV31__IgG3	-0.02155524428507253	0.02155524428507253	0.00046462855618915194	0.046462855618915194	HPV31	IgG3	igg_subclass_architecture
raw_log2_change	PC10	10	HPV31__IgG4	0.10143793123645711	0.10143793123645711	0.010289653893532202	1.0289653893532202	HPV31	IgG4	igg_subclass_architecture
raw_log2_change	PC10	10	HPV31__IgM	0.04202731266682032	0.04202731266682032	0.0017662950099946756	0.17662950099946756	HPV31	IgM	binding_antibody_abundance
raw_log2_change	PC10	10	HPV33__FcgR2A	0.04948169605606664	0.04948169605606664	0.002448438244584961	0.24484382445849612	HPV33	FcgR2A	fc_receptor_communication
raw_log2_change	PC10	10	HPV33__FcgR2B	0.11415325527785987	0.11415325527785987	0.013030965690532243	1.3030965690532244	HPV33	FcgR2B	fc_receptor_communication
raw_log2_change	PC10	10	HPV33__FcgR3A	0.15400545450620887	0.15400545450620887	0.02371768001766397	2.3717680017663967	HPV33	FcgR3A	fc_receptor_communication
raw_log2_change	PC10	10	HPV33__IgA1	0.1271498268237294	0.1271498268237294	0.016167078461304378	1.6167078461304378	HPV33	IgA1	binding_antibody_abundance
raw_log2_change	PC10	10	HPV33__IgA2	0.01252651036986608	0.01252651036986608	0.00015691346204636244	0.015691346204636244	HPV33	IgA2	binding_antibody_abundance
raw_log2_change	PC10	10	HPV33__IgG	0.03782351768676761	0.03782351768676761	0.001430618490201222	0.1430618490201222	HPV33	IgG	binding_antibody_abundance
raw_log2_change	PC10	10	HPV33__IgG1	0.02451875351736876	0.02451875351736876	0.000601169274045483	0.0601169274045483	HPV33	IgG1	igg_subclass_architecture
raw_log2_change	PC10	10	HPV33__IgG2	-0.13575207816660936	0.13575207816660936	0.018428626726553217	1.8428626726553217	HPV33	IgG2	igg_subclass_architecture
raw_log2_change	PC10	10	HPV33__IgG3	0.004693342938993595	0.004693342938993595	2.2027467943001037e-05	0.0022027467943001038	HPV33	IgG3	igg_subclass_architecture
raw_log2_change	PC10	10	HPV33__IgG4	-0.08284987390847849	0.08284987390847849	0.006864101606650785	0.6864101606650785	HPV33	IgG4	igg_subclass_architecture
raw_log2_change	PC10	10	HPV33__IgM	-0.11272140759844915	0.11272140759844915	0.01270611573097571	1.270611573097571	HPV33	IgM	binding_antibody_abundance
raw_log2_change	PC10	10	HPV45__FcgR2A	-8.445989648521415e-05	8.445989648521415e-05	7.133474114293089e-09	7.13347411429309e-07	HPV45	FcgR2A	fc_receptor_communication
raw_log2_change	PC10	10	HPV45__FcgR2B	0.01649742372351814	0.01649742372351814	0.0002721649895132991	0.02721649895132991	HPV45	FcgR2B	fc_receptor_communication
raw_log2_change	PC10	10	HPV45__FcgR3A	0.038834365187639254	0.038834365187639254	0.0015081079195269275	0.15081079195269276	HPV45	FcgR3A	fc_receptor_communication
raw_log2_change	PC10	10	HPV45__IgA1	-0.11770882764325068	0.11770882764325068	0.013855368105148494	1.3855368105148493	HPV45	IgA1	binding_antibody_abundance
raw_log2_change	PC10	10	HPV45__IgA2	0.3252734550195119	0.3252734550195119	0.10580282054033043	10.580282054033043	HPV45	IgA2	binding_antibody_abundance
raw_log2_change	PC10	10	HPV45__IgG	-0.037308090793652944	0.037308090793652944	0.0013918936386674516	0.13918936386674516	HPV45	IgG	binding_antibody_abundance
raw_log2_change	PC10	10	HPV45__IgG1	-0.06522170781318584	0.06522170781318584	0.004253871170068587	0.4253871170068587	HPV45	IgG1	igg_subclass_architecture
raw_log2_change	PC10	10	HPV45__IgG2	-0.2556328026332643	0.2556328026332643	0.06534812978213747	6.534812978213747	HPV45	IgG2	igg_subclass_architecture
raw_log2_change	PC10	10	HPV45__IgG3	-0.0031696623660450573	0.0031696623660450573	1.004675951472235e-05	0.001004675951472235	HPV45	IgG3	igg_subclass_architecture
raw_log2_change	PC10	10	HPV45__IgG4	-0.09002689292640141	0.09002689292640141	0.008104841449981744	0.8104841449981744	HPV45	IgG4	igg_subclass_architecture
raw_log2_change	PC10	10	HPV45__IgM	-0.2022608827450457	0.2022608827450457	0.040909464688805124	4.090946468880512	HPV45	IgM	binding_antibody_abundance
raw_log2_change	PC10	10	HPV52__FcgR2A	-0.0437161941053711	0.0437161941053711	0.001911105627058483	0.1911105627058483	HPV52	FcgR2A	fc_receptor_communication
raw_log2_change	PC10	10	HPV52__FcgR2B	0.12860673039979278	0.12860673039979278	0.016539691104124985	1.6539691104124985	HPV52	FcgR2B	fc_receptor_communication
raw_log2_change	PC10	10	HPV52__FcgR3A	0.09589884617039257	0.09589884617039257	0.009196588696812618	0.9196588696812619	HPV52	FcgR3A	fc_receptor_communication
raw_log2_change	PC10	10	HPV52__IgA1	0.1202715721083762	0.1202715721083762	0.014465251057420338	1.4465251057420339	HPV52	IgA1	binding_antibody_abundance
raw_log2_change	PC10	10	HPV52__IgA2	-0.0348125798639712	0.0348125798639712	0.0012119157167853733	0.12119157167853734	HPV52	IgA2	binding_antibody_abundance
raw_log2_change	PC10	10	HPV52__IgG	0.0923515194612083	0.0923515194612083	0.008528803146793936	0.8528803146793936	HPV52	IgG	binding_antibody_abundance
raw_log2_change	PC10	10	HPV52__IgG1	0.04056415651023489	0.04056415651023489	0.0016454507933868318	0.16454507933868318	HPV52	IgG1	igg_subclass_architecture
raw_log2_change	PC10	10	HPV52__IgG2	0.00527536575020155	0.00527536575020155	2.7829483798399563e-05	0.0027829483798399563	HPV52	IgG2	igg_subclass_architecture
raw_log2_change	PC10	10	HPV52__IgG3	0.009965389670304034	0.009965389670304034	9.930899128100236e-05	0.009930899128100235	HPV52	IgG3	igg_subclass_architecture
raw_log2_change	PC10	10	HPV52__IgG4	0.10873655458353661	0.10873655458353661	0.011823638302698437	1.1823638302698436	HPV52	IgG4	igg_subclass_architecture
raw_log2_change	PC10	10	HPV52__IgM	0.20161277210128392	0.20161277210128392	0.04064770987436425	4.064770987436425	HPV52	IgM	binding_antibody_abundance
raw_log2_change	PC10	10	HPV58__FcgR2A	-0.051894862763720274	0.051894862763720274	0.002693076781265361	0.2693076781265361	HPV58	FcgR2A	fc_receptor_communication
raw_log2_change	PC10	10	HPV58__FcgR2B	0.054076588468876675	0.054076588468876675	0.0029242774204322457	0.2924277420432246	HPV58	FcgR2B	fc_receptor_communication
raw_log2_change	PC10	10	HPV58__FcgR3A	0.09798263709664402	0.09798263709664402	0.009600597172412642	0.9600597172412642	HPV58	FcgR3A	fc_receptor_communication
raw_log2_change	PC10	10	HPV58__IgA1	0.012061557507712014	0.012061557507712014	0.00014548116951184405	0.014548116951184405	HPV58	IgA1	binding_antibody_abundance
raw_log2_change	PC10	10	HPV58__IgA2	0.005512417317589981	0.005512417317589981	3.038674468326592e-05	0.003038674468326592	HPV58	IgA2	binding_antibody_abundance
raw_log2_change	PC10	10	HPV58__IgG	0.009090176624280497	0.009090176624280497	8.263131106061558e-05	0.008263131106061559	HPV58	IgG	binding_antibody_abundance
raw_log2_change	PC10	10	HPV58__IgG1	-0.023290043263411962	0.023290043263411962	0.0005424261152116009	0.05424261152116009	HPV58	IgG1	igg_subclass_architecture
raw_log2_change	PC10	10	HPV58__IgG2	-0.09809432353852097	0.09809432353852097	0.00962249631048003	0.962249631048003	HPV58	IgG2	igg_subclass_architecture
raw_log2_change	PC10	10	HPV58__IgG3	0.013897772855861376	0.013897772855861376	0.00019314809035311727	0.019314809035311728	HPV58	IgG3	igg_subclass_architecture
raw_log2_change	PC10	10	HPV58__IgG4	0.22508743666495026	0.22508743666495026	0.050664354144397995	5.066435414439799	HPV58	IgG4	igg_subclass_architecture
raw_log2_change	PC10	10	HPV58__IgM	-0.04159597910924041	0.04159597910924041	0.0017302254780563644	0.17302254780563645	HPV58	IgM	binding_antibody_abundance
bpv_calibrated_log2_change	PC1	1	HPV16__FcgR2A	0.025484601035045452	0.025484601035045452	0.0006494648899154397	0.06494648899154397	HPV16	FcgR2A	fc_receptor_communication
bpv_calibrated_log2_change	PC1	1	HPV16__FcgR2B	-0.15252929514891855	0.15252929514891855	0.02326518587862591	2.3265185878625907	HPV16	FcgR2B	fc_receptor_communication
bpv_calibrated_log2_change	PC1	1	HPV16__FcgR3A	-0.14383971130219997	0.14383971130219997	0.020689862547500232	2.068986254750023	HPV16	FcgR3A	fc_receptor_communication
bpv_calibrated_log2_change	PC1	1	HPV16__IgA1	-0.05663442096425786	0.05663442096425786	0.0032074576379567702	0.32074576379567704	HPV16	IgA1	binding_antibody_abundance
bpv_calibrated_log2_change	PC1	1	HPV16__IgA2	-0.08498620277161939	0.08498620277161939	0.0072226546615388075	0.7222654661538808	HPV16	IgA2	binding_antibody_abundance
bpv_calibrated_log2_change	PC1	1	HPV16__IgG	-0.17235233316832932	0.17235233316832932	0.02970532674856679	2.970532674856679	HPV16	IgG	binding_antibody_abundance
bpv_calibrated_log2_change	PC1	1	HPV16__IgG1	-0.1884134614228455	0.1884134614228455	0.035499632445338096	3.5499632445338096	HPV16	IgG1	igg_subclass_architecture
bpv_calibrated_log2_change	PC1	1	HPV16__IgG2	0.05706958176992866	0.05706958176992866	0.003256937163394573	0.3256937163394573	HPV16	IgG2	igg_subclass_architecture
bpv_calibrated_log2_change	PC1	1	HPV16__IgG3	-0.10541278498862157	0.10541278498862157	0.011111855239057361	1.111185523905736	HPV16	IgG3	igg_subclass_architecture
bpv_calibrated_log2_change	PC1	1	HPV16__IgG4	0.06268653288796479	0.06268653288796479	0.003929601405513891	0.3929601405513891	HPV16	IgG4	igg_subclass_architecture
bpv_calibrated_log2_change	PC1	1	HPV16__IgM	-0.107813804074567	0.107813804074567	0.01162381634902912	1.162381634902912	HPV16	IgM	binding_antibody_abundance
bpv_calibrated_log2_change	PC1	1	HPV18__FcgR2A	0.03604150727416355	0.03604150727416355	0.0012989902465935844	0.12989902465935843	HPV18	FcgR2A	fc_receptor_communication
bpv_calibrated_log2_change	PC1	1	HPV18__FcgR2B	-0.053835367007436845	0.053835367007436845	0.0028982467408254194	0.2898246740825419	HPV18	FcgR2B	fc_receptor_communication
bpv_calibrated_log2_change	PC1	1	HPV18__FcgR3A	-0.06051830152775836	0.06051830152775836	0.00366246481980468	0.366246481980468	HPV18	FcgR3A	fc_receptor_communication
bpv_calibrated_log2_change	PC1	1	HPV18__IgA1	0.022572422301921812	0.022572422301921812	0.0005095142485762972	0.05095142485762972	HPV18	IgA1	binding_antibody_abundance
bpv_calibrated_log2_change	PC1	1	HPV18__IgA2	-0.0127305935674841	0.0127305935674841	0.00016206801258046753	0.016206801258046754	HPV18	IgA2	binding_antibody_abundance
bpv_calibrated_log2_change	PC1	1	HPV18__IgG	-0.08180566062516247	0.08180566062516247	0.006692166110319257	0.6692166110319256	HPV18	IgG	binding_antibody_abundance
bpv_calibrated_log2_change	PC1	1	HPV18__IgG1	-0.10936807008830242	0.10936807008830242	0.01196137475483983	1.196137475483983	HPV18	IgG1	igg_subclass_architecture
bpv_calibrated_log2_change	PC1	1	HPV18__IgG2	0.08361295932440788	0.08361295932440788	0.006991126966985086	0.6991126966985086	HPV18	IgG2	igg_subclass_architecture
bpv_calibrated_log2_change	PC1	1	HPV18__IgG3	-0.04999163973537063	0.04999163973537063	0.0024991640434310876	0.24991640434310877	HPV18	IgG3	igg_subclass_architecture
bpv_calibrated_log2_change	PC1	1	HPV18__IgG4	0.09003726812306204	0.09003726812306204	0.008106709651064163	0.8106709651064162	HPV18	IgG4	igg_subclass_architecture
bpv_calibrated_log2_change	PC1	1	HPV18__IgM	-0.023371443652464987	0.023371443652464987	0.0005462243784003459	0.054622437840034586	HPV18	IgM	binding_antibody_abundance
bpv_calibrated_log2_change	PC1	1	HPV31__FcgR2A	0.14791148312038185	0.14791148312038185	0.021877806838871007	2.187780683887101	HPV31	FcgR2A	fc_receptor_communication
bpv_calibrated_log2_change	PC1	1	HPV31__FcgR2B	0.10954184017950706	0.10954184017950706	0.011999414749912668	1.199941474991267	HPV31	FcgR2B	fc_receptor_communication
bpv_calibrated_log2_change	PC1	1	HPV31__FcgR3A	0.14953875545261616	0.14953875545261616	0.02236183938231734	2.2361839382317337	HPV31	FcgR3A	fc_receptor_communication
bpv_calibrated_log2_change	PC1	1	HPV31__IgA1	0.11541378917808154	0.11541378917808154	0.01332034273244265	1.3320342732442652	HPV31	IgA1	binding_antibody_abundance
bpv_calibrated_log2_change	PC1	1	HPV31__IgA2	0.09610075746166019	0.09610075746166019	0.009235355584704837	0.9235355584704837	HPV31	IgA2	binding_antibody_abundance
bpv_calibrated_log2_change	PC1	1	HPV31__IgG	0.15542735986767037	0.15542735986767037	0.02415766419543431	2.415766419543431	HPV31	IgG	binding_antibody_abundance
bpv_calibrated_log2_change	PC1	1	HPV31__IgG1	0.14211074164755502	0.14211074164755502	0.02019546289161813	2.0195462891618132	HPV31	IgG1	igg_subclass_architecture
bpv_calibrated_log2_change	PC1	1	HPV31__IgG2	0.13123626595282203	0.13123626595282203	0.017222957501239835	1.7222957501239835	HPV31	IgG2	igg_subclass_architecture
bpv_calibrated_log2_change	PC1	1	HPV31__IgG3	0.1148172961578176	0.1148172961578176	0.013183011496991998	1.3183011496991996	HPV31	IgG3	igg_subclass_architecture
bpv_calibrated_log2_change	PC1	1	HPV31__IgG4	0.09286255968332637	0.09286255968332637	0.00862345499093935	0.8623454990939351	HPV31	IgG4	igg_subclass_architecture
bpv_calibrated_log2_change	PC1	1	HPV31__IgM	-0.0011220931982133555	0.0011220931982133555	1.2590931454766766e-06	0.00012590931454766767	HPV31	IgM	binding_antibody_abundance
bpv_calibrated_log2_change	PC1	1	HPV33__FcgR2A	0.15941655235723823	0.15941655235723823	0.025413637165468076	2.5413637165468077	HPV33	FcgR2A	fc_receptor_communication
bpv_calibrated_log2_change	PC1	1	HPV33__FcgR2B	0.014826256661176087	0.014826256661176087	0.0002198178865830683	0.02198178865830683	HPV33	FcgR2B	fc_receptor_communication
bpv_calibrated_log2_change	PC1	1	HPV33__FcgR3A	0.1091492695965633	0.1091492695965633	0.011913563053463258	1.1913563053463259	HPV33	FcgR3A	fc_receptor_communication
bpv_calibrated_log2_change	PC1	1	HPV33__IgA1	0.07244142295037863	0.07244142295037863	0.005247759759075644	0.5247759759075644	HPV33	IgA1	binding_antibody_abundance
bpv_calibrated_log2_change	PC1	1	HPV33__IgA2	0.03495762831421783	0.03495762831421783	0.0012220357773550042	0.12220357773550042	HPV33	IgA2	binding_antibody_abundance
bpv_calibrated_log2_change	PC1	1	HPV33__IgG	0.11629183064700127	0.11629183064700127	0.013523789875230823	1.3523789875230823	HPV33	IgG	binding_antibody_abundance
bpv_calibrated_log2_change	PC1	1	HPV33__IgG1	0.10851351716952107	0.10851351716952107	0.011775183408499944	1.1775183408499943	HPV33	IgG1	igg_subclass_architecture
bpv_calibrated_log2_change	PC1	1	HPV33__IgG2	0.05148035057380472	0.05148035057380472	0.002650226495201836	0.2650226495201836	HPV33	IgG2	igg_subclass_architecture
bpv_calibrated_log2_change	PC1	1	HPV33__IgG3	-0.017638875224517587	0.017638875224517587	0.00031112991918610033	0.031112991918610035	HPV33	IgG3	igg_subclass_architecture
bpv_calibrated_log2_change	PC1	1	HPV33__IgG4	0.04531242019804386	0.04531242019804386	0.002053215424204093	0.20532154242040931	HPV33	IgG4	igg_subclass_architecture
bpv_calibrated_log2_change	PC1	1	HPV33__IgM	0.02014690065990833	0.02014690065990833	0.00040589760620021476	0.040589760620021474	HPV33	IgM	binding_antibody_abundance
bpv_calibrated_log2_change	PC1	1	HPV45__FcgR2A	0.16943547124236616	0.16943547124236616	0.02870837891512269	2.8708378915122688	HPV45	FcgR2A	fc_receptor_communication
bpv_calibrated_log2_change	PC1	1	HPV45__FcgR2B	0.11197467106976546	0.11197467106976546	0.01253832696118217	1.253832696118217	HPV45	FcgR2B	fc_receptor_communication
bpv_calibrated_log2_change	PC1	1	HPV45__FcgR3A	0.1779020123906447	0.1779020123906447	0.0316491260126411	3.1649126012641102	HPV45	FcgR3A	fc_receptor_communication
bpv_calibrated_log2_change	PC1	1	HPV45__IgA1	0.07531888819485685	0.07531888819485685	0.005672934918909347	0.5672934918909347	HPV45	IgA1	binding_antibody_abundance
bpv_calibrated_log2_change	PC1	1	HPV45__IgA2	0.016801581134914974	0.016801581134914974	0.00028229312863313076	0.028229312863313077	HPV45	IgA2	binding_antibody_abundance
bpv_calibrated_log2_change	PC1	1	HPV45__IgG	0.19270636037540664	0.19270636037540664	0.03713574132913609	3.7135741329136094	HPV45	IgG	binding_antibody_abundance
bpv_calibrated_log2_change	PC1	1	HPV45__IgG1	0.1870430565277455	0.1870430565277455	0.0349851049952414	3.49851049952414	HPV45	IgG1	igg_subclass_architecture
bpv_calibrated_log2_change	PC1	1	HPV45__IgG2	0.11523959906094386	0.11523959906094386	0.013280165191727093	1.3280165191727094	HPV45	IgG2	igg_subclass_architecture
bpv_calibrated_log2_change	PC1	1	HPV45__IgG3	0.01081510398054297	0.01081510398054297	0.00011696647410995638	0.011696647410995638	HPV45	IgG3	igg_subclass_architecture
bpv_calibrated_log2_change	PC1	1	HPV45__IgG4	0.04776739757724748	0.04776739757724748	0.0022817242713028285	0.22817242713028285	HPV45	IgG4	igg_subclass_architecture
bpv_calibrated_log2_change	PC1	1	HPV45__IgM	0.04238745184120037	0.04238745184120037	0.0017966960735900808	0.17966960735900808	HPV45	IgM	binding_antibody_abundance
bpv_calibrated_log2_change	PC1	1	HPV52__FcgR2A	0.16940175548873626	0.16940175548873626	0.028696954762665587	2.8696954762665587	HPV52	FcgR2A	fc_receptor_communication
bpv_calibrated_log2_change	PC1	1	HPV52__FcgR2B	0.13175602079319967	0.13175602079319967	0.017359649015258063	1.7359649015258063	HPV52	FcgR2B	fc_receptor_communication
bpv_calibrated_log2_change	PC1	1	HPV52__FcgR3A	0.19612562607933914	0.19612562607933914	0.03846526120501276	3.8465261205012755	HPV52	FcgR3A	fc_receptor_communication
bpv_calibrated_log2_change	PC1	1	HPV52__IgA1	0.1022438700366744	0.1022438700366744	0.010453808960076366	1.0453808960076365	HPV52	IgA1	binding_antibody_abundance
bpv_calibrated_log2_change	PC1	1	HPV52__IgA2	-0.026838573624187824	0.026838573624187824	0.0007203090341809503	0.07203090341809504	HPV52	IgA2	binding_antibody_abundance
bpv_calibrated_log2_change	PC1	1	HPV52__IgG	0.21527699792992816	0.21527699792992816	0.04634418583772229	4.634418583772229	HPV52	IgG	binding_antibody_abundance
bpv_calibrated_log2_change	PC1	1	HPV52__IgG1	0.1914488608275167	0.1914488608275167	0.03665266631215386	3.6652666312153857	HPV52	IgG1	igg_subclass_architecture
bpv_calibrated_log2_change	PC1	1	HPV52__IgG2	0.11374821284280366	0.11374821284280366	0.012938655924931763	1.2938655924931763	HPV52	IgG2	igg_subclass_architecture
bpv_calibrated_log2_change	PC1	1	HPV52__IgG3	0.1276428014158471	0.1276428014158471	0.01629268475328538	1.629268475328538	HPV52	IgG3	igg_subclass_architecture
bpv_calibrated_log2_change	PC1	1	HPV52__IgG4	0.071386269723139	0.071386269723139	0.005095999504984751	0.5095999504984752	HPV52	IgG4	igg_subclass_architecture
bpv_calibrated_log2_change	PC1	1	HPV52__IgM	0.011199844120894378	0.011199844120894378	0.00012543650833233237	0.012543650833233238	HPV52	IgM	binding_antibody_abundance
bpv_calibrated_log2_change	PC1	1	HPV58__FcgR2A	0.1671901664590016	0.1671901664590016	0.02795255176058866	2.795255176058866	HPV58	FcgR2A	fc_receptor_communication
bpv_calibrated_log2_change	PC1	1	HPV58__FcgR2B	0.11510979385512582	0.11510979385512582	0.013250264641369561	1.325026464136956	HPV58	FcgR2B	fc_receptor_communication
bpv_calibrated_log2_change	PC1	1	HPV58__FcgR3A	0.1908530178900178	0.1908530178900178	0.036424874437727454	3.6424874437727452	HPV58	FcgR3A	fc_receptor_communication
bpv_calibrated_log2_change	PC1	1	HPV58__IgA1	0.09327139745478613	0.09327139745478613	0.008699553583168684	0.8699553583168684	HPV58	IgA1	binding_antibody_abundance
bpv_calibrated_log2_change	PC1	1	HPV58__IgA2	0.02790170600645297	0.02790170600645297	0.0007785051980705337	0.07785051980705338	HPV58	IgA2	binding_antibody_abundance
bpv_calibrated_log2_change	PC1	1	HPV58__IgG	0.1795057042610385	0.1795057042610385	0.03222229786225142	3.222229786225142	HPV58	IgG	binding_antibody_abundance
bpv_calibrated_log2_change	PC1	1	HPV58__IgG1	0.17987218984617173	0.17987218984617173	0.032354004680057245	3.2354004680057247	HPV58	IgG1	igg_subclass_architecture
bpv_calibrated_log2_change	PC1	1	HPV58__IgG2	0.11632262601158633	0.11632262601158633	0.01353095332223138	1.353095332223138	HPV58	IgG2	igg_subclass_architecture
bpv_calibrated_log2_change	PC1	1	HPV58__IgG3	0.12551439786821939	0.12551439786821939	0.015753864072221676	1.5753864072221675	HPV58	IgG3	igg_subclass_architecture
bpv_calibrated_log2_change	PC1	1	HPV58__IgG4	0.06552815468314682	0.06552815468314682	0.004293939056178417	0.4293939056178417	HPV58	IgG4	igg_subclass_architecture
bpv_calibrated_log2_change	PC1	1	HPV58__IgM	-0.027229589199845822	0.027229589199845822	0.0007414505279923603	0.07414505279923603	HPV58	IgM	binding_antibody_abundance
bpv_calibrated_log2_change	PC2	2	HPV16__FcgR2A	0.08236422593431587	0.08236422593431587	0.006783865713759032	0.6783865713759032	HPV16	FcgR2A	fc_receptor_communication
bpv_calibrated_log2_change	PC2	2	HPV16__FcgR2B	0.18332425514117173	0.18332425514117173	0.03360778252306543	3.3607782523065426	HPV16	FcgR2B	fc_receptor_communication
bpv_calibrated_log2_change	PC2	2	HPV16__FcgR3A	0.15562176447761877	0.15562176447761877	0.024218133579127447	2.4218133579127445	HPV16	FcgR3A	fc_receptor_communication
bpv_calibrated_log2_change	PC2	2	HPV16__IgA1	0.23041020695257647	0.23041020695257647	0.05308886346792912	5.308886346792912	HPV16	IgA1	binding_antibody_abundance
bpv_calibrated_log2_change	PC2	2	HPV16__IgA2	0.21387842145143676	0.21387842145143676	0.04574397916255841	4.574397916255841	HPV16	IgA2	binding_antibody_abundance
bpv_calibrated_log2_change	PC2	2	HPV16__IgG	0.1910446864272659	0.1910446864272659	0.03649807221209236	3.649807221209236	HPV16	IgG	binding_antibody_abundance
bpv_calibrated_log2_change	PC2	2	HPV16__IgG1	0.17315996703860256	0.17315996703860256	0.029984374184809925	2.9984374184809925	HPV16	IgG1	igg_subclass_architecture
bpv_calibrated_log2_change	PC2	2	HPV16__IgG2	0.08807421134405642	0.08807421134405642	0.007757066703877517	0.7757066703877517	HPV16	IgG2	igg_subclass_architecture
bpv_calibrated_log2_change	PC2	2	HPV16__IgG3	0.15430154173917163	0.15430154173917163	0.023808965783085324	2.3808965783085325	HPV16	IgG3	igg_subclass_architecture
bpv_calibrated_log2_change	PC2	2	HPV16__IgG4	0.015083663891980579	0.015083663891980579	0.0002275169164062387	0.022751691640623867	HPV16	IgG4	igg_subclass_architecture
bpv_calibrated_log2_change	PC2	2	HPV16__IgM	0.1834594504857487	0.1834594504857487	0.03365736997253287	3.365736997253287	HPV16	IgM	binding_antibody_abundance
bpv_calibrated_log2_change	PC2	2	HPV18__FcgR2A	0.07559095720591308	0.07559095720591308	0.005713992811306182	0.5713992811306182	HPV18	FcgR2A	fc_receptor_communication
bpv_calibrated_log2_change	PC2	2	HPV18__FcgR2B	0.20531334921380193	0.20531334921380193	0.04215357136538858	4.2153571365388585	HPV18	FcgR2B	fc_receptor_communication
bpv_calibrated_log2_change	PC2	2	HPV18__FcgR3A	0.10796034305245945	0.10796034305245945	0.01165543567200473	1.165543567200473	HPV18	FcgR3A	fc_receptor_communication
bpv_calibrated_log2_change	PC2	2	HPV18__IgA1	0.21614688024006057	0.21614688024006057	0.046719473837511086	4.6719473837511085	HPV18	IgA1	binding_antibody_abundance
bpv_calibrated_log2_change	PC2	2	HPV18__IgA2	0.1267080736016337	0.1267080736016337	0.01605493591583702	1.605493591583702	HPV18	IgA2	binding_antibody_abundance
bpv_calibrated_log2_change	PC2	2	HPV18__IgG	0.22342757690380183	0.22342757690380183	0.04991988212110428	4.991988212110428	HPV18	IgG	binding_antibody_abundance
bpv_calibrated_log2_change	PC2	2	HPV18__IgG1	0.18634934689812427	0.18634934689812427	0.03472607908935746	3.472607908935746	HPV18	IgG1	igg_subclass_architecture
bpv_calibrated_log2_change	PC2	2	HPV18__IgG2	0.019307675982762458	0.019307675982762458	0.00037278635185534223	0.037278635185534224	HPV18	IgG2	igg_subclass_architecture
bpv_calibrated_log2_change	PC2	2	HPV18__IgG3	0.17003862764676572	0.17003862764676572	0.02891313489199544	2.891313489199544	HPV18	IgG3	igg_subclass_architecture
bpv_calibrated_log2_change	PC2	2	HPV18__IgG4	-0.07366885695539055	0.07366885695539055	0.005427100485113794	0.5427100485113795	HPV18	IgG4	igg_subclass_architecture
bpv_calibrated_log2_change	PC2	2	HPV18__IgM	0.11515668731555283	0.11515668731555283	0.013261062633492006	1.3261062633492007	HPV18	IgM	binding_antibody_abundance
bpv_calibrated_log2_change	PC2	2	HPV31__FcgR2A	0.08580508004914723	0.08580508004914723	0.0073625117622405645	0.7362511762240564	HPV31	FcgR2A	fc_receptor_communication
bpv_calibrated_log2_change	PC2	2	HPV31__FcgR2B	0.19362672972106615	0.19362672972106615	0.0374913104624748	3.7491310462474803	HPV31	FcgR2B	fc_receptor_communication
bpv_calibrated_log2_change	PC2	2	HPV31__FcgR3A	0.08284833882787151	0.08284833882787151	0.0068638472465378025	0.6863847246537802	HPV31	FcgR3A	fc_receptor_communication
bpv_calibrated_log2_change	PC2	2	HPV31__IgA1	0.13680042751267857	0.13680042751267857	0.018714356967651623	1.8714356967651624	HPV31	IgA1	binding_antibody_abundance
bpv_calibrated_log2_change	PC2	2	HPV31__IgA2	0.0573809483206729	0.0573809483206729	0.003292573230179734	0.3292573230179734	HPV31	IgA2	binding_antibody_abundance
bpv_calibrated_log2_change	PC2	2	HPV31__IgG	0.12505706534230812	0.12505706534230812	0.01563926959203032	1.563926959203032	HPV31	IgG	binding_antibody_abundance
bpv_calibrated_log2_change	PC2	2	HPV31__IgG1	0.07206897095379147	0.07206897095379147	0.005193936574338439	0.5193936574338439	HPV31	IgG1	igg_subclass_architecture
bpv_calibrated_log2_change	PC2	2	HPV31__IgG2	-0.03108342173938375	0.03108342173938375	0.0009661791070283942	0.09661791070283943	HPV31	IgG2	igg_subclass_architecture
bpv_calibrated_log2_change	PC2	2	HPV31__IgG3	0.08609505821295328	0.08609505821295328	0.007412359048691815	0.7412359048691815	HPV31	IgG3	igg_subclass_architecture
bpv_calibrated_log2_change	PC2	2	HPV31__IgG4	-0.14082464369400946	0.14082464369400946	0.01983158027154472	1.983158027154472	HPV31	IgG4	igg_subclass_architecture
bpv_calibrated_log2_change	PC2	2	HPV31__IgM	0.01603009150765049	0.01603009150765049	0.00025696383374364837	0.025696383374364837	HPV31	IgM	binding_antibody_abundance
bpv_calibrated_log2_change	PC2	2	HPV33__FcgR2A	0.03188470835018822	0.03188470835018822	0.0010166346265765625	0.10166346265765626	HPV33	FcgR2A	fc_receptor_communication
bpv_calibrated_log2_change	PC2	2	HPV33__FcgR2B	0.14296314920050546	0.14296314920050546	0.020438462029325984	2.0438462029325986	HPV33	FcgR2B	fc_receptor_communication
bpv_calibrated_log2_change	PC2	2	HPV33__FcgR3A	-0.02601731417826701	0.02601731417826701	0.0006769006370506535	0.06769006370506535	HPV33	FcgR3A	fc_receptor_communication
bpv_calibrated_log2_change	PC2	2	HPV33__IgA1	0.13502605026260642	0.13502605026260642	0.018232034249519916	1.8232034249519917	HPV33	IgA1	binding_antibody_abundance
bpv_calibrated_log2_change	PC2	2	HPV33__IgA2	0.07156318210069088	0.07156318210069088	0.005121289032376643	0.5121289032376644	HPV33	IgA2	binding_antibody_abundance
bpv_calibrated_log2_change	PC2	2	HPV33__IgG	0.0765994963036247	0.0765994963036247	0.005867482833969014	0.5867482833969014	HPV33	IgG	binding_antibody_abundance
bpv_calibrated_log2_change	PC2	2	HPV33__IgG1	-0.0015697522242474158	0.0015697522242474158	2.464122045529709e-06	0.0002464122045529709	HPV33	IgG1	igg_subclass_architecture
bpv_calibrated_log2_change	PC2	2	HPV33__IgG2	0.057338355804430995	0.057338355804430995	0.0032876870463555254	0.3287687046355525	HPV33	IgG2	igg_subclass_architecture
bpv_calibrated_log2_change	PC2	2	HPV33__IgG3	0.08665952277811723	0.08665952277811723	0.007509872888131018	0.7509872888131018	HPV33	IgG3	igg_subclass_architecture
bpv_calibrated_log2_change	PC2	2	HPV33__IgG4	-0.08140400664319054	0.08140400664319054	0.00662661229756461	0.662661229756461	HPV33	IgG4	igg_subclass_architecture
bpv_calibrated_log2_change	PC2	2	HPV33__IgM	0.12847419191347106	0.12847419191347106	0.016505617987819392	1.6505617987819392	HPV33	IgM	binding_antibody_abundance
bpv_calibrated_log2_change	PC2	2	HPV45__FcgR2A	0.03207811668437318	0.03207811668437318	0.001029005570016261	0.10290055700162609	HPV45	FcgR2A	fc_receptor_communication
bpv_calibrated_log2_change	PC2	2	HPV45__FcgR2B	0.08899833501118048	0.08899833501118048	0.007920703634762313	0.7920703634762314	HPV45	FcgR2B	fc_receptor_communication
bpv_calibrated_log2_change	PC2	2	HPV45__FcgR3A	0.029789201220401133	0.029789201220401133	0.0008873965093495484	0.08873965093495484	HPV45	FcgR3A	fc_receptor_communication
bpv_calibrated_log2_change	PC2	2	HPV45__IgA1	0.12203145897250604	0.12203145897250604	0.014891676978958426	1.4891676978958426	HPV45	IgA1	binding_antibody_abundance
bpv_calibrated_log2_change	PC2	2	HPV45__IgA2	-0.058182272362482336	0.058182272362482336	0.003385176817262076	0.3385176817262076	HPV45	IgA2	binding_antibody_abundance
bpv_calibrated_log2_change	PC2	2	HPV45__IgG	0.0310316831963754	0.0310316831963754	0.0009629653620002074	0.09629653620002074	HPV45	IgG	binding_antibody_abundance
bpv_calibrated_log2_change	PC2	2	HPV45__IgG1	-0.036828648875516755	0.036828648875516755	0.0013563493779961016	0.13563493779961017	HPV45	IgG1	igg_subclass_architecture
bpv_calibrated_log2_change	PC2	2	HPV45__IgG2	-0.033280021989107025	0.033280021989107025	0.001107559863595447	0.1107559863595447	HPV45	IgG2	igg_subclass_architecture
bpv_calibrated_log2_change	PC2	2	HPV45__IgG3	0.10895674855709886	0.10895674855709886	0.011871573056134864	1.1871573056134863	HPV45	IgG3	igg_subclass_architecture
bpv_calibrated_log2_change	PC2	2	HPV45__IgG4	-0.11830261320451625	0.11830261320451625	0.013995508291017382	1.3995508291017382	HPV45	IgG4	igg_subclass_architecture
bpv_calibrated_log2_change	PC2	2	HPV45__IgM	0.05625187995400997	0.05625187995400997	0.003164273998360349	0.3164273998360349	HPV45	IgM	binding_antibody_abundance
bpv_calibrated_log2_change	PC2	2	HPV52__FcgR2A	0.04971419896186908	0.04971419896186908	0.0024715015784203044	0.24715015784203043	HPV52	FcgR2A	fc_receptor_communication
bpv_calibrated_log2_change	PC2	2	HPV52__FcgR2B	0.09928055469807524	0.09928055469807524	0.00985662854115751	0.985662854115751	HPV52	FcgR2B	fc_receptor_communication
bpv_calibrated_log2_change	PC2	2	HPV52__FcgR3A	0.037519349819020116	0.037519349819020116	0.0014077016108420047	0.14077016108420048	HPV52	FcgR3A	fc_receptor_communication
bpv_calibrated_log2_change	PC2	2	HPV52__IgA1	0.15015259659895902	0.15015259659895902	0.02254580226540972	2.254580226540972	HPV52	IgA1	binding_antibody_abundance
bpv_calibrated_log2_change	PC2	2	HPV52__IgA2	0.13017500028423176	0.13017500028423176	0.01694553069899974	1.694553069899974	HPV52	IgA2	binding_antibody_abundance
bpv_calibrated_log2_change	PC2	2	HPV52__IgG	0.047526922818100344	0.047526922818100344	0.002258808392557667	0.2258808392557667	HPV52	IgG	binding_antibody_abundance
bpv_calibrated_log2_change	PC2	2	HPV52__IgG1	0.01107368266093046	0.01107368266093046	0.00012262644767499189	0.012262644767499189	HPV52	IgG1	igg_subclass_architecture
bpv_calibrated_log2_change	PC2	2	HPV52__IgG2	-0.024343867063287367	0.024343867063287367	0.0005926238635950075	0.05926238635950075	HPV52	IgG2	igg_subclass_architecture
bpv_calibrated_log2_change	PC2	2	HPV52__IgG3	0.0786789012717279	0.0786789012717279	0.006190369505326306	0.6190369505326306	HPV52	IgG3	igg_subclass_architecture
bpv_calibrated_log2_change	PC2	2	HPV52__IgG4	-0.12804431790453125	0.12804431790453125	0.01639534734763666	1.639534734763666	HPV52	IgG4	igg_subclass_architecture
bpv_calibrated_log2_change	PC2	2	HPV52__IgM	0.04317178107616643	0.04317178107616643	0.0018638026812884416	0.18638026812884415	HPV52	IgM	binding_antibody_abundance
bpv_calibrated_log2_change	PC2	2	HPV58__FcgR2A	0.08937518809831828	0.08937518809831828	0.007987924247609773	0.7987924247609773	HPV58	FcgR2A	fc_receptor_communication
bpv_calibrated_log2_change	PC2	2	HPV58__FcgR2B	0.13550122103834747	0.13550122103834747	0.0183605809028831	1.83605809028831	HPV58	FcgR2B	fc_receptor_communication
bpv_calibrated_log2_change	PC2	2	HPV58__FcgR3A	0.0338640296155615	0.0338640296155615	0.0011467725018036265	0.11467725018036265	HPV58	FcgR3A	fc_receptor_communication
bpv_calibrated_log2_change	PC2	2	HPV58__IgA1	0.15660333362343726	0.15660333362343726	0.024524604101973595	2.4524604101973595	HPV58	IgA1	binding_antibody_abundance
bpv_calibrated_log2_change	PC2	2	HPV58__IgA2	0.06647289470246076	0.06647289470246076	0.004418645730124436	0.44186457301244364	HPV58	IgA2	binding_antibody_abundance
bpv_calibrated_log2_change	PC2	2	HPV58__IgG	0.027558286208769187	0.027558286208769187	0.000759459138764438	0.0759459138764438	HPV58	IgG	binding_antibody_abundance
bpv_calibrated_log2_change	PC2	2	HPV58__IgG1	-0.025562317956473464	0.025562317956473464	0.0006534320993078457	0.06534320993078457	HPV58	IgG1	igg_subclass_architecture
bpv_calibrated_log2_change	PC2	2	HPV58__IgG2	-0.0014950659610427344	0.0014950659610427344	2.235222227868635e-06	0.00022352222278686348	HPV58	IgG2	igg_subclass_architecture
bpv_calibrated_log2_change	PC2	2	HPV58__IgG3	0.08977008726777849	0.08977008726777849	0.008058668568064566	0.8058668568064565	HPV58	IgG3	igg_subclass_architecture
bpv_calibrated_log2_change	PC2	2	HPV58__IgG4	-0.150718270202152	0.150718270202152	0.0227159969727289	2.27159969727289	HPV58	IgG4	igg_subclass_architecture
bpv_calibrated_log2_change	PC2	2	HPV58__IgM	0.10744932238382898	0.10744932238382898	0.011545356880744012	1.154535688074401	HPV58	IgM	binding_antibody_abundance
bpv_calibrated_log2_change	PC3	3	HPV16__FcgR2A	-0.12515561174570217	0.12515561174570217	0.01566392715144094	1.5663927151440942	HPV16	FcgR2A	fc_receptor_communication
bpv_calibrated_log2_change	PC3	3	HPV16__FcgR2B	-0.038538108930192494	0.038538108930192494	0.0014851858399153824	0.14851858399153825	HPV16	FcgR2B	fc_receptor_communication
bpv_calibrated_log2_change	PC3	3	HPV16__FcgR3A	-0.04960002041678315	0.04960002041678315	0.0024601620253453054	0.24601620253453055	HPV16	FcgR3A	fc_receptor_communication
bpv_calibrated_log2_change	PC3	3	HPV16__IgA1	0.0009394114089499306	0.0009394114089499306	8.824937952652937e-07	8.824937952652937e-05	HPV16	IgA1	binding_antibody_abundance
bpv_calibrated_log2_change	PC3	3	HPV16__IgA2	-0.046979576759788144	0.046979576759788144	0.0022070806325288263	0.22070806325288264	HPV16	IgA2	binding_antibody_abundance
bpv_calibrated_log2_change	PC3	3	HPV16__IgG	0.02456566952122541	0.02456566952122541	0.000603472119026063	0.06034721190260629	HPV16	IgG	binding_antibody_abundance
bpv_calibrated_log2_change	PC3	3	HPV16__IgG1	0.013373987560189093	0.013373987560189093	0.00017886354326009262	0.01788635432600926	HPV16	IgG1	igg_subclass_architecture
bpv_calibrated_log2_change	PC3	3	HPV16__IgG2	0.20866248354354333	0.20866248354354333	0.04354003203855949	4.354003203855949	HPV16	IgG2	igg_subclass_architecture
bpv_calibrated_log2_change	PC3	3	HPV16__IgG3	0.04924621640457344	0.04924621640457344	0.002425189830166078	0.24251898301660782	HPV16	IgG3	igg_subclass_architecture
bpv_calibrated_log2_change	PC3	3	HPV16__IgG4	0.13470216673415797	0.13470216673415797	0.018144673722876894	1.8144673722876894	HPV16	IgG4	igg_subclass_architecture
bpv_calibrated_log2_change	PC3	3	HPV16__IgM	0.12409623760410939	0.12409623760410939	0.015399876187495573	1.5399876187495574	HPV16	IgM	binding_antibody_abundance
bpv_calibrated_log2_change	PC3	3	HPV18__FcgR2A	-0.20431281414807656	0.20431281414807656	0.041743726025106474	4.174372602510648	HPV18	FcgR2A	fc_receptor_communication
bpv_calibrated_log2_change	PC3	3	HPV18__FcgR2B	-0.060962967119864965	0.060962967119864965	0.0037164833600577367	0.3716483360057737	HPV18	FcgR2B	fc_receptor_communication
bpv_calibrated_log2_change	PC3	3	HPV18__FcgR3A	-0.05437164555890504	0.05437164555890504	0.002956275840783198	0.2956275840783198	HPV18	FcgR3A	fc_receptor_communication
bpv_calibrated_log2_change	PC3	3	HPV18__IgA1	0.024705482773487292	0.024705482773487292	0.0006103608790710773	0.06103608790710773	HPV18	IgA1	binding_antibody_abundance
bpv_calibrated_log2_change	PC3	3	HPV18__IgA2	0.015476842402074366	0.015476842402074366	0.00023953265073864703	0.023953265073864704	HPV18	IgA2	binding_antibody_abundance
bpv_calibrated_log2_change	PC3	3	HPV18__IgG	0.029647316040176886	0.029647316040176886	0.0008789633483861297	0.08789633483861296	HPV18	IgG	binding_antibody_abundance
bpv_calibrated_log2_change	PC3	3	HPV18__IgG1	-0.014204489419209208	0.014204489419209208	0.00020176751966042634	0.020176751966042634	HPV18	IgG1	igg_subclass_architecture
bpv_calibrated_log2_change	PC3	3	HPV18__IgG2	0.21961696819618748	0.21961696819618748	0.04823161271968522	4.823161271968522	HPV18	IgG2	igg_subclass_architecture
bpv_calibrated_log2_change	PC3	3	HPV18__IgG3	0.1060500160949497	0.1060500160949497	0.01124660591373909	1.124660591373909	HPV18	IgG3	igg_subclass_architecture
bpv_calibrated_log2_change	PC3	3	HPV18__IgG4	0.03309793408265408	0.03309793408265408	0.0010954732405397147	0.10954732405397147	HPV18	IgG4	igg_subclass_architecture
bpv_calibrated_log2_change	PC3	3	HPV18__IgM	0.11036588638745272	0.11036588638745272	0.012180628878088122	1.2180628878088122	HPV18	IgM	binding_antibody_abundance
bpv_calibrated_log2_change	PC3	3	HPV31__FcgR2A	-0.21376520664307652	0.21376520664307652	0.045695563571157206	4.5695563571157205	HPV31	FcgR2A	fc_receptor_communication
bpv_calibrated_log2_change	PC3	3	HPV31__FcgR2B	-0.09276362063746638	0.09276362063746638	0.008605089313771777	0.8605089313771778	HPV31	FcgR2B	fc_receptor_communication
bpv_calibrated_log2_change	PC3	3	HPV31__FcgR3A	-0.06875679048711222	0.06875679048711222	0.004727496238088646	0.47274962380886465	HPV31	FcgR3A	fc_receptor_communication
bpv_calibrated_log2_change	PC3	3	HPV31__IgA1	-0.018643886055833288	0.018643886055833288	0.0003475944872628949	0.03475944872628949	HPV31	IgA1	binding_antibody_abundance
bpv_calibrated_log2_change	PC3	3	HPV31__IgA2	-0.041301795001644	0.041301795001644	0.0017058382703578252	0.1705838270357825	HPV31	IgA2	binding_antibody_abundance
bpv_calibrated_log2_change	PC3	3	HPV31__IgG	0.03508132766159399	0.03508132766159399	0.0012306995505001197	0.12306995505001198	HPV31	IgG	binding_antibody_abundance
bpv_calibrated_log2_change	PC3	3	HPV31__IgG1	0.032805675798865966	0.032805675798865966	0.0010762123646203	0.10762123646203	HPV31	IgG1	igg_subclass_architecture
bpv_calibrated_log2_change	PC3	3	HPV31__IgG2	0.23918126144961507	0.23918126144961507	0.05720767582862912	5.720767582862912	HPV31	IgG2	igg_subclass_architecture
bpv_calibrated_log2_change	PC3	3	HPV31__IgG3	0.13660569928736768	0.13660569928736768	0.018661117077790727	1.8661117077790728	HPV31	IgG3	igg_subclass_architecture
bpv_calibrated_log2_change	PC3	3	HPV31__IgG4	0.006381156335813747	0.006381156335813747	4.071915618209593e-05	0.004071915618209593	HPV31	IgG4	igg_subclass_architecture
bpv_calibrated_log2_change	PC3	3	HPV31__IgM	0.17341712464532585	0.17341712464532585	0.030073499120252485	3.0073499120252487	HPV31	IgM	binding_antibody_abundance
bpv_calibrated_log2_change	PC3	3	HPV33__FcgR2A	-0.1471105074544054	0.1471105074544054	0.021641501403492667	2.1641501403492667	HPV33	FcgR2A	fc_receptor_communication
bpv_calibrated_log2_change	PC3	3	HPV33__FcgR2B	-0.08681109161556237	0.08681109161556237	0.0075361656274855636	0.7536165627485564	HPV33	FcgR2B	fc_receptor_communication
bpv_calibrated_log2_change	PC3	3	HPV33__FcgR3A	0.03720700617472927	0.03720700617472927	0.0013843613084863417	0.13843613084863418	HPV33	FcgR3A	fc_receptor_communication
bpv_calibrated_log2_change	PC3	3	HPV33__IgA1	-0.005844640044833539	0.005844640044833539	3.415981725367179e-05	0.003415981725367179	HPV33	IgA1	binding_antibody_abundance
bpv_calibrated_log2_change	PC3	3	HPV33__IgA2	-0.02070010975316393	0.02070010975316393	0.0004284945437930324	0.04284945437930324	HPV33	IgA2	binding_antibody_abundance
bpv_calibrated_log2_change	PC3	3	HPV33__IgG	0.03739429137748598	0.03739429137748598	0.0013983330276243226	0.13983330276243225	HPV33	IgG	binding_antibody_abundance
bpv_calibrated_log2_change	PC3	3	HPV33__IgG1	0.04237485420310303	0.04237485420310303	0.0017956282687342387	0.17956282687342387	HPV33	IgG1	igg_subclass_architecture
bpv_calibrated_log2_change	PC3	3	HPV33__IgG2	0.2643156662366958	0.2643156662366958	0.06986277141814837	6.986277141814837	HPV33	IgG2	igg_subclass_architecture
bpv_calibrated_log2_change	PC3	3	HPV33__IgG3	0.10508837457265781	0.10508837457265781	0.011043566470323233	1.1043566470323234	HPV33	IgG3	igg_subclass_architecture
bpv_calibrated_log2_change	PC3	3	HPV33__IgG4	0.02172060563231841	0.02172060563231841	0.00047178470903470226	0.04717847090347022	HPV33	IgG4	igg_subclass_architecture
bpv_calibrated_log2_change	PC3	3	HPV33__IgM	0.10307727887465101	0.10307727887465101	0.010624925420202576	1.0624925420202576	HPV33	IgM	binding_antibody_abundance
bpv_calibrated_log2_change	PC3	3	HPV45__FcgR2A	-0.21632761508123713	0.21632761508123713	0.046797637046735896	4.67976370467359	HPV45	FcgR2A	fc_receptor_communication
bpv_calibrated_log2_change	PC3	3	HPV45__FcgR2B	-0.06361716685481586	0.06361716685481586	0.004047143918633481	0.4047143918633481	HPV45	FcgR2B	fc_receptor_communication
bpv_calibrated_log2_change	PC3	3	HPV45__FcgR3A	-0.012891519737276891	0.012891519737276891	0.00016619128113659965	0.016619128113659964	HPV45	FcgR3A	fc_receptor_communication
bpv_calibrated_log2_change	PC3	3	HPV45__IgA1	0.0007335495370872924	0.0007335495370872924	5.38094923360981e-07	5.38094923360981e-05	HPV45	IgA1	binding_antibody_abundance
bpv_calibrated_log2_change	PC3	3	HPV45__IgA2	-0.054341694755307306	0.054341694755307306	0.0029530197888789937	0.2953019788878994	HPV45	IgA2	binding_antibody_abundance
bpv_calibrated_log2_change	PC3	3	HPV45__IgG	0.028522457081173236	0.028522457081173236	0.0008135305579473692	0.08135305579473692	HPV45	IgG	binding_antibody_abundance
bpv_calibrated_log2_change	PC3	3	HPV45__IgG1	0.047352994488850546	0.047352994488850546	0.00224230608706111	0.224230608706111	HPV45	IgG1	igg_subclass_architecture
bpv_calibrated_log2_change	PC3	3	HPV45__IgG2	0.2514158284368206	0.2514158284368206	0.06320991878857281	6.3209918788572805	HPV45	IgG2	igg_subclass_architecture
bpv_calibrated_log2_change	PC3	3	HPV45__IgG3	0.09526315403368996	0.09526315403368996	0.009075068516446539	0.9075068516446538	HPV45	IgG3	igg_subclass_architecture
bpv_calibrated_log2_change	PC3	3	HPV45__IgG4	0.010620141682367632	0.010620141682367632	0.0001127874093535624	0.011278740935356241	HPV45	IgG4	igg_subclass_architecture
bpv_calibrated_log2_change	PC3	3	HPV45__IgM	0.1347202411709423	0.1347202411709423	0.01814954338115686	1.814954338115686	HPV45	IgM	binding_antibody_abundance
bpv_calibrated_log2_change	PC3	3	HPV52__FcgR2A	-0.22939581083027868	0.22939581083027868	0.052622438026481005	5.262243802648101	HPV52	FcgR2A	fc_receptor_communication
bpv_calibrated_log2_change	PC3	3	HPV52__FcgR2B	-0.09677670443825583	0.09677670443825583	0.009365730521929525	0.9365730521929525	HPV52	FcgR2B	fc_receptor_communication
bpv_calibrated_log2_change	PC3	3	HPV52__FcgR3A	-0.06799600096174631	0.06799600096174631	0.004623456146789805	0.4623456146789805	HPV52	FcgR3A	fc_receptor_communication
bpv_calibrated_log2_change	PC3	3	HPV52__IgA1	0.013465047846806539	0.013465047846806539	0.0001813075135167894	0.01813075135167894	HPV52	IgA1	binding_antibody_abundance
bpv_calibrated_log2_change	PC3	3	HPV52__IgA2	-0.02950666607330089	0.02950666607330089	0.0008706433427612858	0.08706433427612857	HPV52	IgA2	binding_antibody_abundance
bpv_calibrated_log2_change	PC3	3	HPV52__IgG	-0.011373855125681882	0.011373855125681882	0.00012936458042000002	0.012936458042000002	HPV52	IgG	binding_antibody_abundance
bpv_calibrated_log2_change	PC3	3	HPV52__IgG1	-0.01524057328844621	0.01524057328844621	0.0002322750741605001	0.023227507416050012	HPV52	IgG1	igg_subclass_architecture
bpv_calibrated_log2_change	PC3	3	HPV52__IgG2	0.23073612848635086	0.23073612848635086	0.05323916098886981	5.323916098886981	HPV52	IgG2	igg_subclass_architecture
bpv_calibrated_log2_change	PC3	3	HPV52__IgG3	0.07677326700671816	0.07677326700671816	0.005894134526884839	0.5894134526884839	HPV52	IgG3	igg_subclass_architecture
bpv_calibrated_log2_change	PC3	3	HPV52__IgG4	0.03315234807346531	0.03315234807346531	0.0010990781827841989	0.10990781827841989	HPV52	IgG4	igg_subclass_architecture
bpv_calibrated_log2_change	PC3	3	HPV52__IgM	0.16619897708460868	0.16619897708460868	0.02762209998397028	2.762209998397028	HPV52	IgM	binding_antibody_abundance
bpv_calibrated_log2_change	PC3	3	HPV58__FcgR2A	-0.20035970526039246	0.20035970526039246	0.04014401149203134	4.014401149203134	HPV58	FcgR2A	fc_receptor_communication
bpv_calibrated_log2_change	PC3	3	HPV58__FcgR2B	-0.07383025333741665	0.07383025333741665	0.005450906307867123	0.5450906307867123	HPV58	FcgR2B	fc_receptor_communication
bpv_calibrated_log2_change	PC3	3	HPV58__FcgR3A	-0.034731262583266004	0.034731262583266004	0.0012062606006277732	0.12062606006277732	HPV58	FcgR3A	fc_receptor_communication
bpv_calibrated_log2_change	PC3	3	HPV58__IgA1	0.0203114372832623	0.0203114372832623	0.0004125544845118978	0.04125544845118978	HPV58	IgA1	binding_antibody_abundance
bpv_calibrated_log2_change	PC3	3	HPV58__IgA2	-0.039488903367358996	0.039488903367358996	0.0015593734891566167	0.15593734891566166	HPV58	IgA2	binding_antibody_abundance
bpv_calibrated_log2_change	PC3	3	HPV58__IgG	0.03305818896433565	0.03305818896433565	0.0010928438576017232	0.10928438576017231	HPV58	IgG	binding_antibody_abundance
bpv_calibrated_log2_change	PC3	3	HPV58__IgG1	0.03054036254846437	0.03054036254846437	0.000932713744591645	0.0932713744591645	HPV58	IgG1	igg_subclass_architecture
bpv_calibrated_log2_change	PC3	3	HPV58__IgG2	0.2690292268255076	0.2690292268255076	0.07237672488633043	7.237672488633043	HPV58	IgG2	igg_subclass_architecture
bpv_calibrated_log2_change	PC3	3	HPV58__IgG3	0.11685093740989935	0.11685093740989935	0.013654141573572216	1.3654141573572216	HPV58	IgG3	igg_subclass_architecture
bpv_calibrated_log2_change	PC3	3	HPV58__IgG4	-0.03567778282142724	0.03567778282142724	0.0012729041870529285	0.12729041870529284	HPV58	IgG4	igg_subclass_architecture
bpv_calibrated_log2_change	PC3	3	HPV58__IgM	0.19402633497487753	0.19402633497487753	0.037646218663783385	3.7646218663783384	HPV58	IgM	binding_antibody_abundance
bpv_calibrated_log2_change	PC4	4	HPV16__FcgR2A	-0.057845675073860334	0.057845675073860334	0.003346122124750627	0.3346122124750627	HPV16	FcgR2A	fc_receptor_communication
bpv_calibrated_log2_change	PC4	4	HPV16__FcgR2B	-0.1359632919201911	0.1359632919201911	0.018486016749775104	1.8486016749775105	HPV16	FcgR2B	fc_receptor_communication
bpv_calibrated_log2_change	PC4	4	HPV16__FcgR3A	-0.03879283544586119	0.03879283544586119	0.0015048840819296646	0.15048840819296647	HPV16	FcgR3A	fc_receptor_communication
bpv_calibrated_log2_change	PC4	4	HPV16__IgA1	0.1336685926080723	0.1336685926080723	0.0178672926498228	1.78672926498228	HPV16	IgA1	binding_antibody_abundance
bpv_calibrated_log2_change	PC4	4	HPV16__IgA2	0.011292790344054837	0.011292790344054837	0.00012752711375477817	0.012752711375477817	HPV16	IgA2	binding_antibody_abundance
bpv_calibrated_log2_change	PC4	4	HPV16__IgG	-0.13109914157683777	0.13109914157683777	0.017186984922183755	1.7186984922183755	HPV16	IgG	binding_antibody_abundance
bpv_calibrated_log2_change	PC4	4	HPV16__IgG1	-0.09175418733147173	0.09175418733147173	0.008418830892858806	0.8418830892858806	HPV16	IgG1	igg_subclass_architecture
bpv_calibrated_log2_change	PC4	4	HPV16__IgG2	-0.047304703155971795	0.047304703155971795	0.002237734940674608	0.2237734940674608	HPV16	IgG2	igg_subclass_architecture
bpv_calibrated_log2_change	PC4	4	HPV16__IgG3	-0.1262645628621053	0.1262645628621053	0.01594273983475854	1.5942739834758541	HPV16	IgG3	igg_subclass_architecture
bpv_calibrated_log2_change	PC4	4	HPV16__IgG4	-0.16928206134470258	0.16928206134470258	0.02865641629311165	2.865641629311165	HPV16	IgG4	igg_subclass_architecture
bpv_calibrated_log2_change	PC4	4	HPV16__IgM	-0.03458198757043762	0.03458198757043762	0.0011959138643219023	0.11959138643219024	HPV16	IgM	binding_antibody_abundance
bpv_calibrated_log2_change	PC4	4	HPV18__FcgR2A	-0.03714264015992161	0.03714264015992161	0.0013795757180494214	0.13795757180494214	HPV18	FcgR2A	fc_receptor_communication
bpv_calibrated_log2_change	PC4	4	HPV18__FcgR2B	-0.13484686395880635	0.13484686395880635	0.018183676719524828	1.8183676719524828	HPV18	FcgR2B	fc_receptor_communication
bpv_calibrated_log2_change	PC4	4	HPV18__FcgR3A	0.01973559389372882	0.01973559389372882	0.00038949366633818627	0.03894936663381863	HPV18	FcgR3A	fc_receptor_communication
bpv_calibrated_log2_change	PC4	4	HPV18__IgA1	0.19587567742779666	0.19587567742779666	0.03836728100779825	3.8367281007798253	HPV18	IgA1	binding_antibody_abundance
bpv_calibrated_log2_change	PC4	4	HPV18__IgA2	0.013485768389593188	0.013485768389593188	0.00018186594905775084	0.018186594905775084	HPV18	IgA2	binding_antibody_abundance
bpv_calibrated_log2_change	PC4	4	HPV18__IgG	-0.1275383659126725	0.1275383659126725	0.016266034779674744	1.6266034779674743	HPV18	IgG	binding_antibody_abundance
bpv_calibrated_log2_change	PC4	4	HPV18__IgG1	-0.11218911175801922	0.11218911175801922	0.012586396797053328	1.2586396797053327	HPV18	IgG1	igg_subclass_architecture
bpv_calibrated_log2_change	PC4	4	HPV18__IgG2	0.02781415378094344	0.02781415378094344	0.0007736271505499702	0.07736271505499702	HPV18	IgG2	igg_subclass_architecture
bpv_calibrated_log2_change	PC4	4	HPV18__IgG3	-0.11516970792285833	0.11516970792285833	0.013264061623036496	1.3264061623036496	HPV18	IgG3	igg_subclass_architecture
bpv_calibrated_log2_change	PC4	4	HPV18__IgG4	-0.15289403103812244	0.15289403103812244	0.02337658472708635	2.3376584727086347	HPV18	IgG4	igg_subclass_architecture
bpv_calibrated_log2_change	PC4	4	HPV18__IgM	-0.06470115249881596	0.06470115249881596	0.004186239134675039	0.4186239134675039	HPV18	IgM	binding_antibody_abundance
bpv_calibrated_log2_change	PC4	4	HPV31__FcgR2A	-0.05367199661847524	0.05367199661847524	0.0028806832210136178	0.2880683221013618	HPV31	FcgR2A	fc_receptor_communication
bpv_calibrated_log2_change	PC4	4	HPV31__FcgR2B	-0.12518104652064777	0.12518104652064777	0.01567029440800458	1.567029440800458	HPV31	FcgR2B	fc_receptor_communication
bpv_calibrated_log2_change	PC4	4	HPV31__FcgR3A	0.041702910963328295	0.041702910963328295	0.0017391327828152872	0.17391327828152872	HPV31	FcgR3A	fc_receptor_communication
bpv_calibrated_log2_change	PC4	4	HPV31__IgA1	0.23628870086036755	0.23628870086036755	0.05583235015428026	5.583235015428026	HPV31	IgA1	binding_antibody_abundance
bpv_calibrated_log2_change	PC4	4	HPV31__IgA2	0.08503949832631573	0.08503949832631573	0.007231716275591456	0.7231716275591455	HPV31	IgA2	binding_antibody_abundance
bpv_calibrated_log2_change	PC4	4	HPV31__IgG	-0.12818686637250568	0.12818686637250568	0.016431872710402626	1.6431872710402626	HPV31	IgG	binding_antibody_abundance
bpv_calibrated_log2_change	PC4	4	HPV31__IgG1	-0.06572690379984582	0.06572690379984582	0.004320025883114187	0.4320025883114187	HPV31	IgG1	igg_subclass_architecture
bpv_calibrated_log2_change	PC4	4	HPV31__IgG2	0.04440659019699642	0.04440659019699642	0.0019719452529239788	0.19719452529239787	HPV31	IgG2	igg_subclass_architecture
bpv_calibrated_log2_change	PC4	4	HPV31__IgG3	-0.0498024530193954	0.0498024530193954	0.002480284326749086	0.2480284326749086	HPV31	IgG3	igg_subclass_architecture
bpv_calibrated_log2_change	PC4	4	HPV31__IgG4	-0.22624908096174834	0.22624908096174834	0.051188646636035756	5.118864663603576	HPV31	IgG4	igg_subclass_architecture
bpv_calibrated_log2_change	PC4	4	HPV31__IgM	0.008934227273352734	0.008934227273352734	7.982041697191983e-05	0.007982041697191983	HPV31	IgM	binding_antibody_abundance
bpv_calibrated_log2_change	PC4	4	HPV33__FcgR2A	-0.0036834633039667924	0.0036834633039667924	1.3567901911669959e-05	0.001356790191166996	HPV33	FcgR2A	fc_receptor_communication
bpv_calibrated_log2_change	PC4	4	HPV33__FcgR2B	-0.0981312095133392	0.0981312095133392	0.009629734280550873	0.9629734280550873	HPV33	FcgR2B	fc_receptor_communication
bpv_calibrated_log2_change	PC4	4	HPV33__FcgR3A	0.162042035447954	0.162042035447954	0.026257621252115983	2.6257621252115984	HPV33	FcgR3A	fc_receptor_communication
bpv_calibrated_log2_change	PC4	4	HPV33__IgA1	0.2537551488351905	0.2537551488351905	0.06439167556036969	6.439167556036969	HPV33	IgA1	binding_antibody_abundance
bpv_calibrated_log2_change	PC4	4	HPV33__IgA2	0.04258251066855822	0.04258251066855822	0.0018132702148378746	0.18132702148378746	HPV33	IgA2	binding_antibody_abundance
bpv_calibrated_log2_change	PC4	4	HPV33__IgG	-0.1618983765807246	0.1618983765807246	0.02621108433947411	2.621108433947411	HPV33	IgG	binding_antibody_abundance
bpv_calibrated_log2_change	PC4	4	HPV33__IgG1	-0.027156541144119823	0.027156541144119823	0.0007374777269122728	0.07374777269122729	HPV33	IgG1	igg_subclass_architecture
bpv_calibrated_log2_change	PC4	4	HPV33__IgG2	0.036226610098317055	0.036226610098317055	0.0013123672792154872	0.13123672792154872	HPV33	IgG2	igg_subclass_architecture
bpv_calibrated_log2_change	PC4	4	HPV33__IgG3	-0.06820947164610487	0.06820947164610487	0.004652532022240785	0.46525320222407845	HPV33	IgG3	igg_subclass_architecture
bpv_calibrated_log2_change	PC4	4	HPV33__IgG4	-0.2356821296149642	0.2356821296149642	0.055546066219844786	5.554606621984479	HPV33	IgG4	igg_subclass_architecture
bpv_calibrated_log2_change	PC4	4	HPV33__IgM	-0.05862049221409333	0.05862049221409333	0.0034363621074225766	0.34363621074225764	HPV33	IgM	binding_antibody_abundance
bpv_calibrated_log2_change	PC4	4	HPV45__FcgR2A	-0.043731975642414	0.043731975642414	0.0019124856935886917	0.19124856935886916	HPV45	FcgR2A	fc_receptor_communication
bpv_calibrated_log2_change	PC4	4	HPV45__FcgR2B	-0.1297741597917459	0.1297741597917459	0.016841332549653597	1.6841332549653598	HPV45	FcgR2B	fc_receptor_communication
bpv_calibrated_log2_change	PC4	4	HPV45__FcgR3A	0.10324182490725667	0.10324182490725667	0.010658874410180643	1.0658874410180643	HPV45	FcgR3A	fc_receptor_communication
bpv_calibrated_log2_change	PC4	4	HPV45__IgA1	0.2275114660854507	0.2275114660854507	0.051761467200351186	5.176146720035119	HPV45	IgA1	binding_antibody_abundance
bpv_calibrated_log2_change	PC4	4	HPV45__IgA2	-0.028054460541806405	0.028054460541806405	0.0007870527562917725	0.07870527562917724	HPV45	IgA2	binding_antibody_abundance
bpv_calibrated_log2_change	PC4	4	HPV45__IgG	-0.11684769005660471	0.11684769005660471	0.01365338267156436	1.365338267156436	HPV45	IgG	binding_antibody_abundance
bpv_calibrated_log2_change	PC4	4	HPV45__IgG1	-0.029503185484459262	0.029503185484459262	0.0008704379537304077	0.08704379537304077	HPV45	IgG1	igg_subclass_architecture
bpv_calibrated_log2_change	PC4	4	HPV45__IgG2	0.007344907513427973	0.007344907513427973	5.394766638081069e-05	0.005394766638081069	HPV45	IgG2	igg_subclass_architecture
bpv_calibrated_log2_change	PC4	4	HPV45__IgG3	-0.12960824148747224	0.12960824148747224	0.016798296261474922	1.6798296261474923	HPV45	IgG3	igg_subclass_architecture
bpv_calibrated_log2_change	PC4	4	HPV45__IgG4	-0.16387609946159365	0.16387609946159365	0.026855375974746135	2.6855375974746134	HPV45	IgG4	igg_subclass_architecture
bpv_calibrated_log2_change	PC4	4	HPV45__IgM	0.01580360775901658	0.01580360775901658	0.000249754018200849	0.0249754018200849	HPV45	IgM	binding_antibody_abundance
bpv_calibrated_log2_change	PC4	4	HPV52__FcgR2A	-0.016651053653362214	0.016651053653362214	0.0002772575877671471	0.027725758776714713	HPV52	FcgR2A	fc_receptor_communication
bpv_calibrated_log2_change	PC4	4	HPV52__FcgR2B	-0.11211490126990409	0.11211490126990409	0.01256975108676034	1.2569751086760341	HPV52	FcgR2B	fc_receptor_communication
bpv_calibrated_log2_change	PC4	4	HPV52__FcgR3A	0.11745441601150824	0.11745441601150824	0.013795539840604444	1.3795539840604445	HPV52	FcgR3A	fc_receptor_communication
bpv_calibrated_log2_change	PC4	4	HPV52__IgA1	0.1650401321328568	0.1650401321328568	0.02723824521443083	2.723824521443083	HPV52	IgA1	binding_antibody_abundance
bpv_calibrated_log2_change	PC4	4	HPV52__IgA2	0.006439851109073484	0.006439851109073484	4.147168230703498e-05	0.004147168230703498	HPV52	IgA2	binding_antibody_abundance
bpv_calibrated_log2_change	PC4	4	HPV52__IgG	-0.06626365848603187	0.06626365848603187	0.004390872435953464	0.4390872435953464	HPV52	IgG	binding_antibody_abundance
bpv_calibrated_log2_change	PC4	4	HPV52__IgG1	-0.007525056907187638	0.007525056907187638	5.662648145641238e-05	0.005662648145641238	HPV52	IgG1	igg_subclass_architecture
bpv_calibrated_log2_change	PC4	4	HPV52__IgG2	0.06682072520325504	0.06682072520325504	0.004465009316688922	0.4465009316688922	HPV52	IgG2	igg_subclass_architecture
bpv_calibrated_log2_change	PC4	4	HPV52__IgG3	-0.03405278925525587	0.03405278925525587	0.0011595924560628698	0.11595924560628698	HPV52	IgG3	igg_subclass_architecture
bpv_calibrated_log2_change	PC4	4	HPV52__IgG4	-0.2044060914093739	0.2044060914093739	0.04178185020525732	4.178185020525732	HPV52	IgG4	igg_subclass_architecture
bpv_calibrated_log2_change	PC4	4	HPV52__IgM	-0.03782420830350088	0.03782420830350088	0.001430670733786625	0.1430670733786625	HPV52	IgM	binding_antibody_abundance
bpv_calibrated_log2_change	PC4	4	HPV58__FcgR2A	-0.053539074524212533	0.053539074524212533	0.0028664325009091834	0.28664325009091834	HPV58	FcgR2A	fc_receptor_communication
bpv_calibrated_log2_change	PC4	4	HPV58__FcgR2B	-0.15145806039582224	0.15145806039582224	0.022939544058864537	2.2939544058864536	HPV58	FcgR2B	fc_receptor_communication
bpv_calibrated_log2_change	PC4	4	HPV58__FcgR3A	0.09494737329718231	0.09494737329718231	0.009015003696034488	0.9015003696034487	HPV58	FcgR3A	fc_receptor_communication
bpv_calibrated_log2_change	PC4	4	HPV58__IgA1	0.25066969661020205	0.25066969661020205	0.06283529679865074	6.283529679865074	HPV58	IgA1	binding_antibody_abundance
bpv_calibrated_log2_change	PC4	4	HPV58__IgA2	0.0351484783546285	0.0351484783546285	0.001235415530645788	0.12354155306457881	HPV58	IgA2	binding_antibody_abundance
bpv_calibrated_log2_change	PC4	4	HPV58__IgG	-0.15012353547435248	0.15012353547435248	0.022537075903319166	2.2537075903319166	HPV58	IgG	binding_antibody_abundance
bpv_calibrated_log2_change	PC4	4	HPV58__IgG1	-0.08046851982301359	0.08046851982301359	0.006475182682506731	0.6475182682506732	HPV58	IgG1	igg_subclass_architecture
bpv_calibrated_log2_change	PC4	4	HPV58__IgG2	0.01755576733285934	0.01755576733285934	0.00030820496664549116	0.030820496664549116	HPV58	IgG2	igg_subclass_architecture
bpv_calibrated_log2_change	PC4	4	HPV58__IgG3	-0.014743069690207958	0.014743069690207958	0.00021735810389032857	0.021735810389032856	HPV58	IgG3	igg_subclass_architecture
bpv_calibrated_log2_change	PC4	4	HPV58__IgG4	-0.15638024383562646	0.15638024383562646	0.024454780662089986	2.4454780662089988	HPV58	IgG4	igg_subclass_architecture
bpv_calibrated_log2_change	PC4	4	HPV58__IgM	-0.04138332013769288	0.04138332013769288	0.001712579185618777	0.1712579185618777	HPV58	IgM	binding_antibody_abundance
bpv_calibrated_log2_change	PC5	5	HPV16__FcgR2A	0.06296086913521425	0.06296086913521425	0.003964071042261574	0.3964071042261574	HPV16	FcgR2A	fc_receptor_communication
bpv_calibrated_log2_change	PC5	5	HPV16__FcgR2B	0.09918226898691868	0.09918226898691868	0.00983712248139349	0.983712248139349	HPV16	FcgR2B	fc_receptor_communication
bpv_calibrated_log2_change	PC5	5	HPV16__FcgR3A	-0.07058940273454092	0.07058940273454092	0.004982863778419213	0.4982863778419213	HPV16	FcgR3A	fc_receptor_communication
bpv_calibrated_log2_change	PC5	5	HPV16__IgA1	-0.1011116703147022	0.1011116703147022	0.01022356987382903	1.022356987382903	HPV16	IgA1	binding_antibody_abundance
bpv_calibrated_log2_change	PC5	5	HPV16__IgA2	0.008496293864151142	0.008496293864151142	7.218700942601233e-05	0.007218700942601233	HPV16	IgA2	binding_antibody_abundance
bpv_calibrated_log2_change	PC5	5	HPV16__IgG	-0.06292630159850324	0.06292630159850324	0.003959719432865791	0.39597194328657914	HPV16	IgG	binding_antibody_abundance
bpv_calibrated_log2_change	PC5	5	HPV16__IgG1	-0.11695944353199736	0.11695944353199736	0.013679511431314479	1.367951143131448	HPV16	IgG1	igg_subclass_architecture
bpv_calibrated_log2_change	PC5	5	HPV16__IgG2	0.16402228562208718	0.16402228562208718	0.026903310180693547	2.6903310180693545	HPV16	IgG2	igg_subclass_architecture
bpv_calibrated_log2_change	PC5	5	HPV16__IgG3	-0.09387946461986457	0.09387946461986457	0.008813353877312404	0.8813353877312404	HPV16	IgG3	igg_subclass_architecture
bpv_calibrated_log2_change	PC5	5	HPV16__IgG4	-0.036811381858432385	0.036811381858432385	0.001355077834327325	0.1355077834327325	HPV16	IgG4	igg_subclass_architecture
bpv_calibrated_log2_change	PC5	5	HPV16__IgM	-0.032913753693736114	0.032913753693736114	0.0010833151822119277	0.10833151822119277	HPV16	IgM	binding_antibody_abundance
bpv_calibrated_log2_change	PC5	5	HPV18__FcgR2A	0.10377223544606928	0.10377223544606928	0.010768676849474438	1.076867684947444	HPV18	FcgR2A	fc_receptor_communication
bpv_calibrated_log2_change	PC5	5	HPV18__FcgR2B	0.2191397954156239	0.2191397954156239	0.048022249934801496	4.8022249934801495	HPV18	FcgR2B	fc_receptor_communication
bpv_calibrated_log2_change	PC5	5	HPV18__FcgR3A	-0.17340815221394673	0.17340815221394673	0.03007038725425532	3.0070387254255317	HPV18	FcgR3A	fc_receptor_communication
bpv_calibrated_log2_change	PC5	5	HPV18__IgA1	-0.10153123211099013	0.10153123211099013	0.010308591093975753	1.0308591093975754	HPV18	IgA1	binding_antibody_abundance
bpv_calibrated_log2_change	PC5	5	HPV18__IgA2	-0.040753787660177426	0.040753787660177426	0.0016608712086508299	0.16608712086508298	HPV18	IgA2	binding_antibody_abundance
bpv_calibrated_log2_change	PC5	5	HPV18__IgG	-0.1120324937781445	0.1120324937781445	0.012551279662149988	1.2551279662149988	HPV18	IgG	binding_antibody_abundance
bpv_calibrated_log2_change	PC5	5	HPV18__IgG1	-0.18346336871678007	0.18346336871678007	0.033658807660909194	3.3658807660909194	HPV18	IgG1	igg_subclass_architecture
bpv_calibrated_log2_change	PC5	5	HPV18__IgG2	0.0739634356372724	0.0739634356372724	0.005470589811268936	0.5470589811268937	HPV18	IgG2	igg_subclass_architecture
bpv_calibrated_log2_change	PC5	5	HPV18__IgG3	-0.07439842384504405	0.07439842384504405	0.00553512547062682	0.5535125470626819	HPV18	IgG3	igg_subclass_architecture
bpv_calibrated_log2_change	PC5	5	HPV18__IgG4	-0.11712320387535541	0.11712320387535541	0.013717844886028068	1.3717844886028068	HPV18	IgG4	igg_subclass_architecture
bpv_calibrated_log2_change	PC5	5	HPV18__IgM	0.022292484641691722	0.022292484641691722	0.0004969548715000613	0.04969548715000613	HPV18	IgM	binding_antibody_abundance
bpv_calibrated_log2_change	PC5	5	HPV31__FcgR2A	0.0504306419781852	0.0504306419781852	0.002543249650331895	0.2543249650331895	HPV31	FcgR2A	fc_receptor_communication
bpv_calibrated_log2_change	PC5	5	HPV31__FcgR2B	0.11244027042260221	0.11244027042260221	0.012642814412707913	1.2642814412707915	HPV31	FcgR2B	fc_receptor_communication
bpv_calibrated_log2_change	PC5	5	HPV31__FcgR3A	-0.12630919130439985	0.12630919130439985	0.01595401180797148	1.5954011807971478	HPV31	FcgR3A	fc_receptor_communication
bpv_calibrated_log2_change	PC5	5	HPV31__IgA1	-0.06319944766377336	0.06319944766377336	0.003994170185006028	0.3994170185006028	HPV31	IgA1	binding_antibody_abundance
bpv_calibrated_log2_change	PC5	5	HPV31__IgA2	-0.07563206310465698	0.07563206310465698	0.005720208969466815	0.5720208969466815	HPV31	IgA2	binding_antibody_abundance
bpv_calibrated_log2_change	PC5	5	HPV31__IgG	-0.1585928166557997	0.1585928166557997	0.025151681494820097	2.5151681494820095	HPV31	IgG	binding_antibody_abundance
bpv_calibrated_log2_change	PC5	5	HPV31__IgG1	-0.23479486031020505	0.23479486031020505	0.0551286264280887	5.51286264280887	HPV31	IgG1	igg_subclass_architecture
bpv_calibrated_log2_change	PC5	5	HPV31__IgG2	0.09745064382863547	0.09745064382863547	0.009496627982615568	0.9496627982615568	HPV31	IgG2	igg_subclass_architecture
bpv_calibrated_log2_change	PC5	5	HPV31__IgG3	-0.1298186608008894	0.1298186608008894	0.01685288469213638	1.685288469213638	HPV31	IgG3	igg_subclass_architecture
bpv_calibrated_log2_change	PC5	5	HPV31__IgG4	-0.045755654445162594	0.045755654445162594	0.0020935799137051275	0.20935799137051275	HPV31	IgG4	igg_subclass_architecture
bpv_calibrated_log2_change	PC5	5	HPV31__IgM	0.07501165078773932	0.07501165078773932	0.005626747753901752	0.5626747753901752	HPV31	IgM	binding_antibody_abundance
bpv_calibrated_log2_change	PC5	5	HPV33__FcgR2A	0.039498298220119736	0.039498298220119736	0.0015601155622855139	0.1560115562285514	HPV33	FcgR2A	fc_receptor_communication
bpv_calibrated_log2_change	PC5	5	HPV33__FcgR2B	0.2236504585151666	0.2236504585151666	0.05001952759404426	5.001952759404426	HPV33	FcgR2B	fc_receptor_communication
bpv_calibrated_log2_change	PC5	5	HPV33__FcgR3A	-0.03340741360450878	0.03340741360450878	0.0011160552837427183	0.11160552837427183	HPV33	FcgR3A	fc_receptor_communication
bpv_calibrated_log2_change	PC5	5	HPV33__IgA1	-0.05256169173402294	0.05256169173402294	0.0027627314379424553	0.27627314379424556	HPV33	IgA1	binding_antibody_abundance
bpv_calibrated_log2_change	PC5	5	HPV33__IgA2	-0.04526452357989666	0.04526452357989666	0.002048877094915021	0.2048877094915021	HPV33	IgA2	binding_antibody_abundance
bpv_calibrated_log2_change	PC5	5	HPV33__IgG	-0.033722030214458486	0.033722030214458486	0.001137175321784851	0.1137175321784851	HPV33	IgG	binding_antibody_abundance
bpv_calibrated_log2_change	PC5	5	HPV33__IgG1	-0.1945360103690919	0.1945360103690919	0.03784425933032343	3.7844259330323435	HPV33	IgG1	igg_subclass_architecture
bpv_calibrated_log2_change	PC5	5	HPV33__IgG2	0.17473244337500027	0.17473244337500027	0.030531426767797677	3.0531426767797676	HPV33	IgG2	igg_subclass_architecture
bpv_calibrated_log2_change	PC5	5	HPV33__IgG3	-0.10869185715394213	0.10869185715394213	0.01181391981157296	1.1813919811572962	HPV33	IgG3	igg_subclass_architecture
bpv_calibrated_log2_change	PC5	5	HPV33__IgG4	-0.131659084769412	0.131659084769412	0.017334114602319213	1.7334114602319213	HPV33	IgG4	igg_subclass_architecture
bpv_calibrated_log2_change	PC5	5	HPV33__IgM	0.11083768454584078	0.11083768454584078	0.012284992315483313	1.2284992315483312	HPV33	IgM	binding_antibody_abundance
bpv_calibrated_log2_change	PC5	5	HPV45__FcgR2A	0.08648615324207314	0.08648615324207314	0.007479854702611357	0.7479854702611357	HPV45	FcgR2A	fc_receptor_communication
bpv_calibrated_log2_change	PC5	5	HPV45__FcgR2B	0.2359723587485361	0.2359723587485361	0.055682954093347815	5.568295409334781	HPV45	FcgR2B	fc_receptor_communication
bpv_calibrated_log2_change	PC5	5	HPV45__FcgR3A	-0.06054261066921228	0.06054261066921228	0.0036654077066438167	0.3665407706643817	HPV45	FcgR3A	fc_receptor_communication
bpv_calibrated_log2_change	PC5	5	HPV45__IgA1	-0.07827523646477089	0.07827523646477089	0.006127012643615798	0.6127012643615798	HPV45	IgA1	binding_antibody_abundance
bpv_calibrated_log2_change	PC5	5	HPV45__IgA2	0.19153838308641194	0.19153838308641194	0.03668695219535709	3.668695219535709	HPV45	IgA2	binding_antibody_abundance
bpv_calibrated_log2_change	PC5	5	HPV45__IgG	-0.007874157753206953	0.007874157753206953	6.200236032238917e-05	0.006200236032238918	HPV45	IgG	binding_antibody_abundance
bpv_calibrated_log2_change	PC5	5	HPV45__IgG1	-0.13396290199728542	0.13396290199728542	0.017946059111534296	1.7946059111534296	HPV45	IgG1	igg_subclass_architecture
bpv_calibrated_log2_change	PC5	5	HPV45__IgG2	0.10371812261273161	0.10371812261273161	0.010757448958309629	1.075744895830963	HPV45	IgG2	igg_subclass_architecture
bpv_calibrated_log2_change	PC5	5	HPV45__IgG3	-0.16092972411435505	0.16092972411435505	0.025898376103522427	2.5898376103522427	HPV45	IgG3	igg_subclass_architecture
bpv_calibrated_log2_change	PC5	5	HPV45__IgG4	-0.16545184563583096	0.16545184563583096	0.027374313224302834	2.7374313224302833	HPV45	IgG4	igg_subclass_architecture
bpv_calibrated_log2_change	PC5	5	HPV45__IgM	0.08446734314372463	0.08446734314372463	0.0071347320577597245	0.7134732057759724	HPV45	IgM	binding_antibody_abundance
bpv_calibrated_log2_change	PC5	5	HPV52__FcgR2A	0.06249549841221937	0.06249549841221937	0.003905687321791714	0.39056873217917143	HPV52	FcgR2A	fc_receptor_communication
bpv_calibrated_log2_change	PC5	5	HPV52__FcgR2B	0.19005606383095386	0.19005606383095386	0.03612130739891561	3.6121307398915605	HPV52	FcgR2B	fc_receptor_communication
bpv_calibrated_log2_change	PC5	5	HPV52__FcgR3A	-0.039476717564139285	0.039476717564139285	0.0015584112296388231	0.1558411229638823	HPV52	FcgR3A	fc_receptor_communication
bpv_calibrated_log2_change	PC5	5	HPV52__IgA1	-0.002958771118025084	0.002958771118025084	8.754326528859405e-06	0.0008754326528859405	HPV52	IgA1	binding_antibody_abundance
bpv_calibrated_log2_change	PC5	5	HPV52__IgA2	0.03023685621568459	0.03023685621568459	0.0009142674738079839	0.0914267473807984	HPV52	IgA2	binding_antibody_abundance
bpv_calibrated_log2_change	PC5	5	HPV52__IgG	0.010593064934510293	0.010593064934510293	0.00011221302470675156	0.011221302470675156	HPV52	IgG	binding_antibody_abundance
bpv_calibrated_log2_change	PC5	5	HPV52__IgG1	-0.08703236091030282	0.08703236091030282	0.007574631845621207	0.7574631845621207	HPV52	IgG1	igg_subclass_architecture
bpv_calibrated_log2_change	PC5	5	HPV52__IgG2	0.11229551061679179	0.11229551061679179	0.012610281704685996	1.2610281704685997	HPV52	IgG2	igg_subclass_architecture
bpv_calibrated_log2_change	PC5	5	HPV52__IgG3	-0.0507306611021612	0.0507306611021612	0.0025735999758623312	0.2573599975862331	HPV52	IgG3	igg_subclass_architecture
bpv_calibrated_log2_change	PC5	5	HPV52__IgG4	-0.1342649130914362	0.1342649130914362	0.018027066887450916	1.8027066887450915	HPV52	IgG4	igg_subclass_architecture
bpv_calibrated_log2_change	PC5	5	HPV52__IgM	0.13488091928897855	0.13488091928897855	0.018192862388239948	1.8192862388239948	HPV52	IgM	binding_antibody_abundance
bpv_calibrated_log2_change	PC5	5	HPV58__FcgR2A	0.04589555560712483	0.04589555560712483	0.0021064020244866873	0.2106402024486687	HPV58	FcgR2A	fc_receptor_communication
bpv_calibrated_log2_change	PC5	5	HPV58__FcgR2B	0.21053747646935894	0.21053747646935894	0.04432602899808587	4.432602899808587	HPV58	FcgR2B	fc_receptor_communication
bpv_calibrated_log2_change	PC5	5	HPV58__FcgR3A	-0.0318872800375439	0.0318872800375439	0.0010167986281927458	0.10167986281927459	HPV58	FcgR3A	fc_receptor_communication
bpv_calibrated_log2_change	PC5	5	HPV58__IgA1	-0.06924866653019159	0.06924866653019159	0.004795377816209676	0.4795377816209676	HPV58	IgA1	binding_antibody_abundance
bpv_calibrated_log2_change	PC5	5	HPV58__IgA2	-0.002060593359701061	0.002060593359701061	4.246044994044106e-06	0.0004246044994044106	HPV58	IgA2	binding_antibody_abundance
bpv_calibrated_log2_change	PC5	5	HPV58__IgG	-0.0189964698555896	0.0189964698555896	0.0003608658669743244	0.03608658669743244	HPV58	IgG	binding_antibody_abundance
bpv_calibrated_log2_change	PC5	5	HPV58__IgG1	-0.14885644431280365	0.14885644431280365	0.022158241013450812	2.2158241013450812	HPV58	IgG1	igg_subclass_architecture
bpv_calibrated_log2_change	PC5	5	HPV58__IgG2	0.15956858226534132	0.15956858226534132	0.025462132446171	2.5462132446171	HPV58	IgG2	igg_subclass_architecture
bpv_calibrated_log2_change	PC5	5	HPV58__IgG3	-0.0356856723715342	0.0356856723715342	0.0012734672126084793	0.12734672126084792	HPV58	IgG3	igg_subclass_architecture
bpv_calibrated_log2_change	PC5	5	HPV58__IgG4	-0.1069092796371826	0.1069092796371826	0.011429594072541304	1.1429594072541305	HPV58	IgG4	igg_subclass_architecture
bpv_calibrated_log2_change	PC5	5	HPV58__IgM	0.07654652115576217	0.07654652115576217	0.005859369901049546	0.5859369901049546	HPV58	IgM	binding_antibody_abundance
bpv_calibrated_log2_change	PC6	6	HPV16__FcgR2A	0.18381155331858237	0.18381155331858237	0.03378668713339005	3.378668713339005	HPV16	FcgR2A	fc_receptor_communication
bpv_calibrated_log2_change	PC6	6	HPV16__FcgR2B	-0.013887644592749493	0.013887644592749493	0.00019286667233452424	0.019286667233452424	HPV16	FcgR2B	fc_receptor_communication
bpv_calibrated_log2_change	PC6	6	HPV16__FcgR3A	-0.015135075289032102	0.015135075289032102	0.00022907050400467017	0.022907050400467015	HPV16	FcgR3A	fc_receptor_communication
bpv_calibrated_log2_change	PC6	6	HPV16__IgA1	0.06504968612390895	0.06504968612390895	0.004231461664819072	0.42314616648190717	HPV16	IgA1	binding_antibody_abundance
bpv_calibrated_log2_change	PC6	6	HPV16__IgA2	0.10498924319992081	0.10498924319992081	0.011022741187692118	1.1022741187692118	HPV16	IgA2	binding_antibody_abundance
bpv_calibrated_log2_change	PC6	6	HPV16__IgG	0.014089734829113632	0.014089734829113632	0.00019852062755473774	0.019852062755473774	HPV16	IgG	binding_antibody_abundance
bpv_calibrated_log2_change	PC6	6	HPV16__IgG1	0.004597135262904728	0.004597135262904728	2.113365262544212e-05	0.002113365262544212	HPV16	IgG1	igg_subclass_architecture
bpv_calibrated_log2_change	PC6	6	HPV16__IgG2	0.11048348221554916	0.11048348221554916	0.012206599842473567	1.2206599842473567	HPV16	IgG2	igg_subclass_architecture
bpv_calibrated_log2_change	PC6	6	HPV16__IgG3	0.013783848907289953	0.013783848907289953	0.0001899944906989984	0.01899944906989984	HPV16	IgG3	igg_subclass_architecture
bpv_calibrated_log2_change	PC6	6	HPV16__IgG4	0.10928149635087536	0.10928149635087536	0.011942445444686384	1.1942445444686385	HPV16	IgG4	igg_subclass_architecture
bpv_calibrated_log2_change	PC6	6	HPV16__IgM	0.029182737359373503	0.029182737359373503	0.000851632159786174	0.08516321597861741	HPV16	IgM	binding_antibody_abundance
bpv_calibrated_log2_change	PC6	6	HPV18__FcgR2A	0.1957210662804451	0.1957210662804451	0.038306735785954386	3.8306735785954387	HPV18	FcgR2A	fc_receptor_communication
bpv_calibrated_log2_change	PC6	6	HPV18__FcgR2B	0.02654241549863043	0.02654241549863043	0.0007044998205019368	0.07044998205019368	HPV18	FcgR2B	fc_receptor_communication
bpv_calibrated_log2_change	PC6	6	HPV18__FcgR3A	-0.03399761617485353	0.03399761617485353	0.0011558379055726623	0.11558379055726622	HPV18	FcgR3A	fc_receptor_communication
bpv_calibrated_log2_change	PC6	6	HPV18__IgA1	0.12952985565301303	0.12952985565301303	0.016777983505490392	1.6777983505490393	HPV18	IgA1	binding_antibody_abundance
bpv_calibrated_log2_change	PC6	6	HPV18__IgA2	0.18945859901166293	0.18945859901166293	0.03589456073946208	3.589456073946208	HPV18	IgA2	binding_antibody_abundance
bpv_calibrated_log2_change	PC6	6	HPV18__IgG	-0.007712370841597156	0.007712370841597156	5.9480663998318026e-05	0.005948066399831802	HPV18	IgG	binding_antibody_abundance
bpv_calibrated_log2_change	PC6	6	HPV18__IgG1	-0.039480308695605044	0.039480308695605044	0.0015586947747002673	0.15586947747002672	HPV18	IgG1	igg_subclass_architecture
bpv_calibrated_log2_change	PC6	6	HPV18__IgG2	0.10315958262825078	0.10315958262825078	0.0106418994880349	1.06418994880349	HPV18	IgG2	igg_subclass_architecture
bpv_calibrated_log2_change	PC6	6	HPV18__IgG3	-0.07165776298124552	0.07165776298124552	0.00513483499547636	0.513483499547636	HPV18	IgG3	igg_subclass_architecture
bpv_calibrated_log2_change	PC6	6	HPV18__IgG4	0.1311667632339238	0.1311667632339238	0.017204719777264222	1.7204719777264221	HPV18	IgG4	igg_subclass_architecture
bpv_calibrated_log2_change	PC6	6	HPV18__IgM	-0.009208170750952795	0.009208170750952795	8.479040857870255e-05	0.008479040857870254	HPV18	IgM	binding_antibody_abundance
bpv_calibrated_log2_change	PC6	6	HPV31__FcgR2A	0.10407935365751951	0.10407935365751951	0.01083251185776702	1.083251185776702	HPV31	FcgR2A	fc_receptor_communication
bpv_calibrated_log2_change	PC6	6	HPV31__FcgR2B	-0.02317785165898927	0.02317785165898927	0.0005372128075261116	0.053721280752611164	HPV31	FcgR2B	fc_receptor_communication
bpv_calibrated_log2_change	PC6	6	HPV31__FcgR3A	-0.0967257817183829	0.0967257817183829	0.009355876849032257	0.9355876849032256	HPV31	FcgR3A	fc_receptor_communication
bpv_calibrated_log2_change	PC6	6	HPV31__IgA1	0.10394323851854487	0.10394323851854487	0.01080419683372311	1.080419683372311	HPV31	IgA1	binding_antibody_abundance
bpv_calibrated_log2_change	PC6	6	HPV31__IgA2	0.17743017592058535	0.17743017592058535	0.03148146732720987	3.148146732720987	HPV31	IgA2	binding_antibody_abundance
bpv_calibrated_log2_change	PC6	6	HPV31__IgG	-0.019023769250884455	0.019023769250884455	0.0003619037965108969	0.03619037965108969	HPV31	IgG	binding_antibody_abundance
bpv_calibrated_log2_change	PC6	6	HPV31__IgG1	-0.030773634949881726	0.030773634949881726	0.0009470166080285821	0.0947016608028582	HPV31	IgG1	igg_subclass_architecture
bpv_calibrated_log2_change	PC6	6	HPV31__IgG2	0.11481701362037423	0.11481701362037423	0.013182946616701201	1.31829466167012	HPV31	IgG2	igg_subclass_architecture
bpv_calibrated_log2_change	PC6	6	HPV31__IgG3	-0.1151906046773289	0.1151906046773289	0.013268875405928667	1.3268875405928666	HPV31	IgG3	igg_subclass_architecture
bpv_calibrated_log2_change	PC6	6	HPV31__IgG4	0.15917284308604118	0.15917284308604118	0.02533599397609349	2.5335993976093487	HPV31	IgG4	igg_subclass_architecture
bpv_calibrated_log2_change	PC6	6	HPV31__IgM	-0.08249848027298291	0.08249848027298291	0.006805999247351751	0.6805999247351752	HPV31	IgM	binding_antibody_abundance
bpv_calibrated_log2_change	PC6	6	HPV33__FcgR2A	-0.002356716925523063	0.002356716925523063	5.554114667046879e-06	0.0005554114667046879	HPV33	FcgR2A	fc_receptor_communication
bpv_calibrated_log2_change	PC6	6	HPV33__FcgR2B	-0.021168176020682345	0.021168176020682345	0.00044809167604259107	0.044809167604259105	HPV33	FcgR2B	fc_receptor_communication
bpv_calibrated_log2_change	PC6	6	HPV33__FcgR3A	-0.16322496922690108	0.16322496922690108	0.026642390579122804	2.6642390579122806	HPV33	FcgR3A	fc_receptor_communication
bpv_calibrated_log2_change	PC6	6	HPV33__IgA1	0.1363063508987157	0.1363063508987157	0.018579421295323816	1.8579421295323817	HPV33	IgA1	binding_antibody_abundance
bpv_calibrated_log2_change	PC6	6	HPV33__IgA2	0.1697959197979852	0.1697959197979852	0.02883065438004382	2.883065438004382	HPV33	IgA2	binding_antibody_abundance
bpv_calibrated_log2_change	PC6	6	HPV33__IgG	-0.018462221428718437	0.018462221428718437	0.00034085362008303024	0.034085362008303026	HPV33	IgG	binding_antibody_abundance
bpv_calibrated_log2_change	PC6	6	HPV33__IgG1	-0.09435396289319212	0.09435396289319212	0.008902670313649875	0.8902670313649875	HPV33	IgG1	igg_subclass_architecture
bpv_calibrated_log2_change	PC6	6	HPV33__IgG2	0.05399771904748298	0.05399771904748298	0.0029157536623309064	0.29157536623309066	HPV33	IgG2	igg_subclass_architecture
bpv_calibrated_log2_change	PC6	6	HPV33__IgG3	-0.07750376151276084	0.07750376151276084	0.0060068330486269085	0.6006833048626908	HPV33	IgG3	igg_subclass_architecture
bpv_calibrated_log2_change	PC6	6	HPV33__IgG4	0.18592226509332638	0.18592226509332638	0.034567088657433125	3.4567088657433125	HPV33	IgG4	igg_subclass_architecture
bpv_calibrated_log2_change	PC6	6	HPV33__IgM	-0.10208159843774972	0.10208159843774972	0.010420652739605987	1.0420652739605987	HPV33	IgM	binding_antibody_abundance
bpv_calibrated_log2_change	PC6	6	HPV45__FcgR2A	0.039123554445721985	0.039123554445721985	0.0015306525124673725	0.15306525124673726	HPV45	FcgR2A	fc_receptor_communication
bpv_calibrated_log2_change	PC6	6	HPV45__FcgR2B	-0.08703407947366212	0.08703407947366212	0.007574930989827734	0.7574930989827734	HPV45	FcgR2B	fc_receptor_communication
bpv_calibrated_log2_change	PC6	6	HPV45__FcgR3A	-0.14393945939279035	0.14393945939279035	0.020718567970288742	2.0718567970288744	HPV45	FcgR3A	fc_receptor_communication
bpv_calibrated_log2_change	PC6	6	HPV45__IgA1	0.09369386033157245	0.09369386033157245	0.008778539463832205	0.8778539463832206	HPV45	IgA1	binding_antibody_abundance
bpv_calibrated_log2_change	PC6	6	HPV45__IgA2	-0.06679478030985503	0.06679478030985503	0.004461542676641797	0.4461542676641797	HPV45	IgA2	binding_antibody_abundance
bpv_calibrated_log2_change	PC6	6	HPV45__IgG	-0.06591999884787461	0.06591999884787461	0.00434544624810379	0.43454462481037903	HPV45	IgG	binding_antibody_abundance
bpv_calibrated_log2_change	PC6	6	HPV45__IgG1	-0.0839984259023262	0.0839984259023262	0.007055735554068585	0.7055735554068585	HPV45	IgG1	igg_subclass_architecture
bpv_calibrated_log2_change	PC6	6	HPV45__IgG2	0.21497717224671622	0.21497717224671622	0.0462151845871943	4.62151845871943	HPV45	IgG2	igg_subclass_architecture
bpv_calibrated_log2_change	PC6	6	HPV45__IgG3	-0.11911838093228604	0.11911838093228604	0.014189188675929205	1.4189188675929205	HPV45	IgG3	igg_subclass_architecture
bpv_calibrated_log2_change	PC6	6	HPV45__IgG4	0.2827173820236057	0.2827173820236057	0.0799291180982814	7.99291180982814	HPV45	IgG4	igg_subclass_architecture
bpv_calibrated_log2_change	PC6	6	HPV45__IgM	0.053245060035986516	0.053245060035986516	0.0028350364182358084	0.28350364182358084	HPV45	IgM	binding_antibody_abundance
bpv_calibrated_log2_change	PC6	6	HPV52__FcgR2A	0.05576498103319885	0.05576498103319885	0.003109733109633028	0.3109733109633028	HPV52	FcgR2A	fc_receptor_communication
bpv_calibrated_log2_change	PC6	6	HPV52__FcgR2B	-0.095695188461891	0.095695188461891	0.009157569094756837	0.9157569094756837	HPV52	FcgR2B	fc_receptor_communication
bpv_calibrated_log2_change	PC6	6	HPV52__FcgR3A	-0.13834635663441705	0.13834635663441705	0.01913971439401731	1.913971439401731	HPV52	FcgR3A	fc_receptor_communication
bpv_calibrated_log2_change	PC6	6	HPV52__IgA1	0.04684954391587602	0.04684954391587602	0.002194879765125596	0.2194879765125596	HPV52	IgA1	binding_antibody_abundance
bpv_calibrated_log2_change	PC6	6	HPV52__IgA2	0.1856465981489346	0.1856465981489346	0.03446465940427201	3.4464659404272013	HPV52	IgA2	binding_antibody_abundance
bpv_calibrated_log2_change	PC6	6	HPV52__IgG	-0.058829131844202756	0.058829131844202756	0.0034608667535425907	0.3460866753542591	HPV52	IgG	binding_antibody_abundance
bpv_calibrated_log2_change	PC6	6	HPV52__IgG1	-0.07132347432471225	0.07132347432471225	0.005087037989747889	0.5087037989747889	HPV52	IgG1	igg_subclass_architecture
bpv_calibrated_log2_change	PC6	6	HPV52__IgG2	0.1377862058724438	0.1377862058724438	0.018985038528723467	1.8985038528723468	HPV52	IgG2	igg_subclass_architecture
bpv_calibrated_log2_change	PC6	6	HPV52__IgG3	-0.07907026101016411	0.07907026101016411	0.006252106176215478	0.6252106176215478	HPV52	IgG3	igg_subclass_architecture
bpv_calibrated_log2_change	PC6	6	HPV52__IgG4	0.18505670785755665	0.18505670785755665	0.03424598512307707	3.424598512307707	HPV52	IgG4	igg_subclass_architecture
bpv_calibrated_log2_change	PC6	6	HPV52__IgM	-0.11901302517259572	0.11901302517259572	0.014164100160732903	1.4164100160732904	HPV52	IgM	binding_antibody_abundance
bpv_calibrated_log2_change	PC6	6	HPV58__FcgR2A	0.0708799834987978	0.0708799834987978	0.005023972060789849	0.5023972060789849	HPV58	FcgR2A	fc_receptor_communication
bpv_calibrated_log2_change	PC6	6	HPV58__FcgR2B	-0.05770891308552144	0.05770891308552144	0.0033303186495122674	0.3330318649512267	HPV58	FcgR2B	fc_receptor_communication
bpv_calibrated_log2_change	PC6	6	HPV58__FcgR3A	-0.17029316597562827	0.17029316597562827	0.028999762378002877	2.8999762378002876	HPV58	FcgR3A	fc_receptor_communication
bpv_calibrated_log2_change	PC6	6	HPV58__IgA1	0.1163994469710383	0.1163994469710383	0.013548831255163556	1.3548831255163556	HPV58	IgA1	binding_antibody_abundance
bpv_calibrated_log2_change	PC6	6	HPV58__IgA2	0.2491305858843445	0.2491305858843445	0.06206604882307675	6.206604882307675	HPV58	IgA2	binding_antibody_abundance
bpv_calibrated_log2_change	PC6	6	HPV58__IgG	-0.035446723060773656	0.035446723060773656	0.0012564701757471828	0.12564701757471827	HPV58	IgG	binding_antibody_abundance
bpv_calibrated_log2_change	PC6	6	HPV58__IgG1	-0.08120013241580504	0.08120013241580504	0.006593461504344272	0.6593461504344272	HPV58	IgG1	igg_subclass_architecture
bpv_calibrated_log2_change	PC6	6	HPV58__IgG2	0.12174242457285472	0.12174242457285472	0.014821217940877221	1.482121794087722	HPV58	IgG2	igg_subclass_architecture
bpv_calibrated_log2_change	PC6	6	HPV58__IgG3	-0.13216669667476627	0.13216669667476627	0.017468035709919675	1.7468035709919676	HPV58	IgG3	igg_subclass_architecture
bpv_calibrated_log2_change	PC6	6	HPV58__IgG4	0.14747645356154399	0.14747645356154399	0.02174930435509024	2.1749304355090238	HPV58	IgG4	igg_subclass_architecture
bpv_calibrated_log2_change	PC6	6	HPV58__IgM	-0.11948132404212107	0.11948132404212107	0.01427578679485834	1.4275786794858338	HPV58	IgM	binding_antibody_abundance
bpv_calibrated_log2_change	PC7	7	HPV16__FcgR2A	0.11247666569786807	0.11247666569786807	0.012651000326509973	1.2651000326509974	HPV16	FcgR2A	fc_receptor_communication
bpv_calibrated_log2_change	PC7	7	HPV16__FcgR2B	-0.03203494085283229	0.03203494085283229	0.0010262374354444632	0.10262374354444632	HPV16	FcgR2B	fc_receptor_communication
bpv_calibrated_log2_change	PC7	7	HPV16__FcgR3A	-0.11228035309382349	0.11228035309382349	0.012606877690873678	1.260687769087368	HPV16	FcgR3A	fc_receptor_communication
bpv_calibrated_log2_change	PC7	7	HPV16__IgA1	-0.02196815106983628	0.02196815106983628	0.00048259966142714895	0.0482599661427149	HPV16	IgA1	binding_antibody_abundance
bpv_calibrated_log2_change	PC7	7	HPV16__IgA2	-0.052866930632077175	0.052866930632077175	0.00279491235445686	0.279491235445686	HPV16	IgA2	binding_antibody_abundance
bpv_calibrated_log2_change	PC7	7	HPV16__IgG	-0.011886900017716959	0.011886900017716959	0.00014129839203119943	0.014129839203119943	HPV16	IgG	binding_antibody_abundance
bpv_calibrated_log2_change	PC7	7	HPV16__IgG1	-0.02846145972608133	0.02846145972608133	0.0008100546897393495	0.08100546897393494	HPV16	IgG1	igg_subclass_architecture
bpv_calibrated_log2_change	PC7	7	HPV16__IgG2	-0.15166594888596635	0.15166594888596635	0.023002560051480558	2.300256005148056	HPV16	IgG2	igg_subclass_architecture
bpv_calibrated_log2_change	PC7	7	HPV16__IgG3	0.0756547216369055	0.0756547216369055	0.005723636905957657	0.5723636905957656	HPV16	IgG3	igg_subclass_architecture
bpv_calibrated_log2_change	PC7	7	HPV16__IgG4	-0.0755237809947383	0.0755237809947383	0.005703841495741195	0.5703841495741195	HPV16	IgG4	igg_subclass_architecture
bpv_calibrated_log2_change	PC7	7	HPV16__IgM	-0.017924787742740478	0.017924787742740478	0.00032129801562229927	0.03212980156222993	HPV16	IgM	binding_antibody_abundance
bpv_calibrated_log2_change	PC7	7	HPV18__FcgR2A	0.09411229749455186	0.09411229749455186	0.008857124539703031	0.8857124539703032	HPV18	FcgR2A	fc_receptor_communication
bpv_calibrated_log2_change	PC7	7	HPV18__FcgR2B	-0.11269213343406378	0.11269213343406378	0.012699516937920837	1.2699516937920838	HPV18	FcgR2B	fc_receptor_communication
bpv_calibrated_log2_change	PC7	7	HPV18__FcgR3A	-0.1904830706373446	0.1904830706373446	0.036283800199431615	3.6283800199431617	HPV18	FcgR3A	fc_receptor_communication
bpv_calibrated_log2_change	PC7	7	HPV18__IgA1	-0.04429213033112378	0.04429213033112378	0.0019617928092692553	0.19617928092692552	HPV18	IgA1	binding_antibody_abundance
bpv_calibrated_log2_change	PC7	7	HPV18__IgA2	-0.005463775368821977	0.005463775368821977	2.985284128094573e-05	0.002985284128094573	HPV18	IgA2	binding_antibody_abundance
bpv_calibrated_log2_change	PC7	7	HPV18__IgG	-0.13568118563909393	0.13568118563909393	0.018409384136430267	1.8409384136430267	HPV18	IgG	binding_antibody_abundance
bpv_calibrated_log2_change	PC7	7	HPV18__IgG1	-0.10763908343704076	0.10763908343704076	0.011586172283166224	1.1586172283166223	HPV18	IgG1	igg_subclass_architecture
bpv_calibrated_log2_change	PC7	7	HPV18__IgG2	-0.2195078000472973	0.2195078000472973	0.048183674281604257	4.818367428160426	HPV18	IgG2	igg_subclass_architecture
bpv_calibrated_log2_change	PC7	7	HPV18__IgG3	0.1759067194053843	0.1759067194053843	0.030943173931964604	3.0943173931964605	HPV18	IgG3	igg_subclass_architecture
bpv_calibrated_log2_change	PC7	7	HPV18__IgG4	-0.12174708359337111	0.12174708359337111	0.014822352363491293	1.4822352363491293	HPV18	IgG4	igg_subclass_architecture
bpv_calibrated_log2_change	PC7	7	HPV18__IgM	0.08967204374714825	0.08967204374714825	0.00804107542979047	0.8041075429790471	HPV18	IgM	binding_antibody_abundance
bpv_calibrated_log2_change	PC7	7	HPV31__FcgR2A	0.07163903758608794	0.07163903758608794	0.005132151706260921	0.5132151706260921	HPV31	FcgR2A	fc_receptor_communication
bpv_calibrated_log2_change	PC7	7	HPV31__FcgR2B	-0.16930404326481108	0.16930404326481108	0.02866385906581302	2.866385906581302	HPV31	FcgR2B	fc_receptor_communication
bpv_calibrated_log2_change	PC7	7	HPV31__FcgR3A	-0.23156497371839177	0.23156497371839177	0.05362233705319947	5.362233705319947	HPV31	FcgR3A	fc_receptor_communication
bpv_calibrated_log2_change	PC7	7	HPV31__IgA1	0.06951517802945112	0.06951517802945112	0.004832359976466283	0.48323599764662833	HPV31	IgA1	binding_antibody_abundance
bpv_calibrated_log2_change	PC7	7	HPV31__IgA2	0.0971629972158592	0.0971629972158592	0.009440648027969064	0.9440648027969064	HPV31	IgA2	binding_antibody_abundance
bpv_calibrated_log2_change	PC7	7	HPV31__IgG	-0.12769886009551576	0.12769886009551576	0.016306998869694108	1.6306998869694107	HPV31	IgG	binding_antibody_abundance
bpv_calibrated_log2_change	PC7	7	HPV31__IgG1	-0.12522081963125944	0.12522081963125944	0.01568025366912441	1.568025366912441	HPV31	IgG1	igg_subclass_architecture
bpv_calibrated_log2_change	PC7	7	HPV31__IgG2	-0.11141775226251847	0.11141775226251847	0.01241391551923194	1.241391551923194	HPV31	IgG2	igg_subclass_architecture
bpv_calibrated_log2_change	PC7	7	HPV31__IgG3	0.09890107689062101	0.09890107689062101	0.009781423010124529	0.9781423010124529	HPV31	IgG3	igg_subclass_architecture
bpv_calibrated_log2_change	PC7	7	HPV31__IgG4	0.019823406751600502	0.019823406751600502	0.00039296745523940036	0.03929674552394004	HPV31	IgG4	igg_subclass_architecture
bpv_calibrated_log2_change	PC7	7	HPV31__IgM	0.2093924910135546	0.2093924910135546	0.04384521529286154	4.384521529286154	HPV31	IgM	binding_antibody_abundance
bpv_calibrated_log2_change	PC7	7	HPV33__FcgR2A	0.1915799005703864	0.1915799005703864	0.03670285830255914	3.670285830255914	HPV33	FcgR2A	fc_receptor_communication
bpv_calibrated_log2_change	PC7	7	HPV33__FcgR2B	-0.11290056827794981	0.11290056827794981	0.012746538317484006	1.2746538317484006	HPV33	FcgR2B	fc_receptor_communication
bpv_calibrated_log2_change	PC7	7	HPV33__FcgR3A	-0.1259228953635232	0.1259228953635232	0.01585657557673281	1.5856575576732808	HPV33	FcgR3A	fc_receptor_communication
bpv_calibrated_log2_change	PC7	7	HPV33__IgA1	0.03621506099932112	0.03621506099932112	0.0013115306431845497	0.13115306431845497	HPV33	IgA1	binding_antibody_abundance
bpv_calibrated_log2_change	PC7	7	HPV33__IgA2	0.08373572373263659	0.08373572373263659	0.007011671429028438	0.7011671429028439	HPV33	IgA2	binding_antibody_abundance
bpv_calibrated_log2_change	PC7	7	HPV33__IgG	-0.017846469588166994	0.017846469588166994	0.0003184964767613694	0.03184964767613694	HPV33	IgG	binding_antibody_abundance
bpv_calibrated_log2_change	PC7	7	HPV33__IgG1	0.11597216996598109	0.11597216996598109	0.013449544206618405	1.3449544206618405	HPV33	IgG1	igg_subclass_architecture
bpv_calibrated_log2_change	PC7	7	HPV33__IgG2	-0.08320080153874879	0.08320080153874879	0.006922373376690262	0.6922373376690262	HPV33	IgG2	igg_subclass_architecture
bpv_calibrated_log2_change	PC7	7	HPV33__IgG3	0.1675614507677414	0.1675614507677414	0.028076839783390223	2.807683978339022	HPV33	IgG3	igg_subclass_architecture
bpv_calibrated_log2_change	PC7	7	HPV33__IgG4	-0.05387996425215495	0.05387996425215495	0.0029030505478134954	0.29030505478134955	HPV33	IgG4	igg_subclass_architecture
bpv_calibrated_log2_change	PC7	7	HPV33__IgM	0.23009939805910862	0.23009939805910862	0.05294573298716412	5.294573298716411	HPV33	IgM	binding_antibody_abundance
bpv_calibrated_log2_change	PC7	7	HPV45__FcgR2A	0.11351433358644739	0.11351433358644739	0.012885503929575257	1.2885503929575257	HPV45	FcgR2A	fc_receptor_communication
bpv_calibrated_log2_change	PC7	7	HPV45__FcgR2B	-0.037570819150179596	0.037570819150179596	0.0014115664516155019	0.1411566451615502	HPV45	FcgR2B	fc_receptor_communication
bpv_calibrated_log2_change	PC7	7	HPV45__FcgR3A	-0.1480421028252559	0.1480421028252559	0.021916464208923642	2.191646420892364	HPV45	FcgR3A	fc_receptor_communication
bpv_calibrated_log2_change	PC7	7	HPV45__IgA1	0.08948983631937317	0.08948983631937317	0.0080084308044682	0.8008430804468201	HPV45	IgA1	binding_antibody_abundance
bpv_calibrated_log2_change	PC7	7	HPV45__IgA2	0.013253890009152306	0.013253890009152306	0.00017566560037470734	0.017566560037470733	HPV45	IgA2	binding_antibody_abundance
bpv_calibrated_log2_change	PC7	7	HPV45__IgG	0.03517405519798757	0.03517405519798757	0.0012372141590710766	0.12372141590710765	HPV45	IgG	binding_antibody_abundance
bpv_calibrated_log2_change	PC7	7	HPV45__IgG1	0.05331326905810197	0.05331326905810197	0.002842304657661573	0.2842304657661573	HPV45	IgG1	igg_subclass_architecture
bpv_calibrated_log2_change	PC7	7	HPV45__IgG2	-0.026060896863878795	0.026060896863878795	0.0006791703453497276	0.06791703453497276	HPV45	IgG2	igg_subclass_architecture
bpv_calibrated_log2_change	PC7	7	HPV45__IgG3	0.12271530640615694	0.12271530640615694	0.015059046426356982	1.5059046426356981	HPV45	IgG3	igg_subclass_architecture
bpv_calibrated_log2_change	PC7	7	HPV45__IgG4	0.0225181772758282	0.0225181772758282	0.0005070683078256256	0.050706830782562565	HPV45	IgG4	igg_subclass_architecture
bpv_calibrated_log2_change	PC7	7	HPV45__IgM	0.27420504773487075	0.27420504773487075	0.07518840820328275	7.518840820328275	HPV45	IgM	binding_antibody_abundance
bpv_calibrated_log2_change	PC7	7	HPV52__FcgR2A	0.07059851698625663	0.07059851698625663	0.004984150600658766	0.49841506006587666	HPV52	FcgR2A	fc_receptor_communication
bpv_calibrated_log2_change	PC7	7	HPV52__FcgR2B	-0.09077230680841887	0.09077230680841887	0.008239611683321726	0.8239611683321726	HPV52	FcgR2B	fc_receptor_communication
bpv_calibrated_log2_change	PC7	7	HPV52__FcgR3A	-0.11947835063815593	0.11947835063815593	0.014275076271214136	1.4275076271214135	HPV52	FcgR3A	fc_receptor_communication
bpv_calibrated_log2_change	PC7	7	HPV52__IgA1	-0.051814669461779914	0.051814669461779914	0.002684759971433508	0.2684759971433508	HPV52	IgA1	binding_antibody_abundance
bpv_calibrated_log2_change	PC7	7	HPV52__IgA2	0.06225839832285122	0.06225839832285122	0.0038761081617268035	0.38761081617268034	HPV52	IgA2	binding_antibody_abundance
bpv_calibrated_log2_change	PC7	7	HPV52__IgG	0.016222739961324187	0.016222739961324187	0.0002631772918527447	0.026317729185274467	HPV52	IgG	binding_antibody_abundance
bpv_calibrated_log2_change	PC7	7	HPV52__IgG1	0.007842357211380423	0.007842357211380423	6.150256663089052e-05	0.006150256663089052	HPV52	IgG1	igg_subclass_architecture
bpv_calibrated_log2_change	PC7	7	HPV52__IgG2	-0.09947012646610369	0.09947012646610369	0.00989430605918266	0.989430605918266	HPV52	IgG2	igg_subclass_architecture
bpv_calibrated_log2_change	PC7	7	HPV52__IgG3	0.12130501943288052	0.12130501943288052	0.01471490773961152	1.471490773961152	HPV52	IgG3	igg_subclass_architecture
bpv_calibrated_log2_change	PC7	7	HPV52__IgG4	0.03687212002407497	0.03687212002407497	0.0013595532350697906	0.13595532350697906	HPV52	IgG4	igg_subclass_architecture
bpv_calibrated_log2_change	PC7	7	HPV52__IgM	0.13341181028115762	0.13341181028115762	0.017798711122495592	1.7798711122495592	HPV52	IgM	binding_antibody_abundance
bpv_calibrated_log2_change	PC7	7	HPV58__FcgR2A	0.12820521490051867	0.12820521490051867	0.016436577127688173	1.6436577127688174	HPV58	FcgR2A	fc_receptor_communication
bpv_calibrated_log2_change	PC7	7	HPV58__FcgR2B	-0.07545335441652351	0.07545335441652351	0.005693208692705508	0.5693208692705508	HPV58	FcgR2B	fc_receptor_communication
bpv_calibrated_log2_change	PC7	7	HPV58__FcgR3A	-0.13497989792498366	0.13497989792498366	0.01821957284383901	1.821957284383901	HPV58	FcgR3A	fc_receptor_communication
bpv_calibrated_log2_change	PC7	7	HPV58__IgA1	0.06206531079216169	0.06206531079216169	0.0038521028037276223	0.3852102803727622	HPV58	IgA1	binding_antibody_abundance
bpv_calibrated_log2_change	PC7	7	HPV58__IgA2	0.10075522899128779	0.10075522899128779	0.01015161616908684	1.0151616169086841	HPV58	IgA2	binding_antibody_abundance
bpv_calibrated_log2_change	PC7	7	HPV58__IgG	0.03863447053896862	0.03863447053896862	0.0014926223138264341	0.1492622313826434	HPV58	IgG	binding_antibody_abundance
bpv_calibrated_log2_change	PC7	7	HPV58__IgG1	0.025767002809422963	0.025767002809422963	0.0006639384337808108	0.06639384337808109	HPV58	IgG1	igg_subclass_architecture
bpv_calibrated_log2_change	PC7	7	HPV58__IgG2	-0.10279628807161947	0.10279628807161947	0.010567076841303376	1.0567076841303376	HPV58	IgG2	igg_subclass_architecture
bpv_calibrated_log2_change	PC7	7	HPV58__IgG3	0.18931293787914463	0.18931293787914463	0.035839388448432874	3.5839388448432876	HPV58	IgG3	igg_subclass_architecture
bpv_calibrated_log2_change	PC7	7	HPV58__IgG4	-0.024228752927495694	0.024228752927495694	0.0005870324684216312	0.05870324684216312	HPV58	IgG4	igg_subclass_architecture
bpv_calibrated_log2_change	PC7	7	HPV58__IgM	0.2073513395007029	0.2073513395007029	0.042994577992735754	4.299457799273576	HPV58	IgM	binding_antibody_abundance
bpv_calibrated_log2_change	PC8	8	HPV16__FcgR2A	-0.056789431667908494	0.056789431667908494	0.0032250395491640483	0.3225039549164048	HPV16	FcgR2A	fc_receptor_communication
bpv_calibrated_log2_change	PC8	8	HPV16__FcgR2B	0.03435992762786061	0.03435992762786061	0.0011806046265918188	0.11806046265918188	HPV16	FcgR2B	fc_receptor_communication
bpv_calibrated_log2_change	PC8	8	HPV16__FcgR3A	0.11789892907312191	0.11789892907312191	0.01390015747658903	1.390015747658903	HPV16	FcgR3A	fc_receptor_communication
bpv_calibrated_log2_change	PC8	8	HPV16__IgA1	0.014120280695748777	0.014120280695748777	0.00019938232692673556	0.019938232692673554	HPV16	IgA1	binding_antibody_abundance
bpv_calibrated_log2_change	PC8	8	HPV16__IgA2	0.14055263676174534	0.14055263676174534	0.01975504370067913	1.975504370067913	HPV16	IgA2	binding_antibody_abundance
bpv_calibrated_log2_change	PC8	8	HPV16__IgG	0.027325211835078286	0.027325211835078286	0.0007466672018319024	0.07466672018319025	HPV16	IgG	binding_antibody_abundance
bpv_calibrated_log2_change	PC8	8	HPV16__IgG1	0.05063107990355977	0.05063107990355977	0.002563506252200654	0.2563506252200654	HPV16	IgG1	igg_subclass_architecture
bpv_calibrated_log2_change	PC8	8	HPV16__IgG2	-0.053597340320624506	0.053597340320624506	0.0028726748894448415	0.2872674889444842	HPV16	IgG2	igg_subclass_architecture
bpv_calibrated_log2_change	PC8	8	HPV16__IgG3	-0.16861120573456012	0.16861120573456012	0.02842973869926216	2.842973869926216	HPV16	IgG3	igg_subclass_architecture
bpv_calibrated_log2_change	PC8	8	HPV16__IgG4	0.05575141559887184	0.05575141559887184	0.0031082203412781304	0.31082203412781306	HPV16	IgG4	igg_subclass_architecture
bpv_calibrated_log2_change	PC8	8	HPV16__IgM	0.15531468905699228	0.15531468905699228	0.024122652636870197	2.41226526368702	HPV16	IgM	binding_antibody_abundance
bpv_calibrated_log2_change	PC8	8	HPV18__FcgR2A	-0.05582741890678297	0.05582741890678297	0.003116700701793429	0.3116700701793429	HPV18	FcgR2A	fc_receptor_communication
bpv_calibrated_log2_change	PC8	8	HPV18__FcgR2B	-0.015175912564207472	0.015175912564207472	0.0002303083221564702	0.023030832215647022	HPV18	FcgR2B	fc_receptor_communication
bpv_calibrated_log2_change	PC8	8	HPV18__FcgR3A	0.14763193929677806	0.14763193929677806	0.021795189500527563	2.1795189500527563	HPV18	FcgR3A	fc_receptor_communication
bpv_calibrated_log2_change	PC8	8	HPV18__IgA1	-0.02896145994855656	0.02896145994855656	0.0008387661623518458	0.08387661623518458	HPV18	IgA1	binding_antibody_abundance
bpv_calibrated_log2_change	PC8	8	HPV18__IgA2	0.1652357712089879	0.1652357712089879	0.027302860087029	2.7302860087029	HPV18	IgA2	binding_antibody_abundance
bpv_calibrated_log2_change	PC8	8	HPV18__IgG	-0.01826541529568043	0.01826541529568043	0.00033362539592367665	0.033362539592367665	HPV18	IgG	binding_antibody_abundance
bpv_calibrated_log2_change	PC8	8	HPV18__IgG1	-0.019923079141388023	0.019923079141388023	0.0003969290824740105	0.03969290824740105	HPV18	IgG1	igg_subclass_architecture
bpv_calibrated_log2_change	PC8	8	HPV18__IgG2	-0.1375686553341947	0.1375686553341947	0.01892513493045846	1.892513493045846	HPV18	IgG2	igg_subclass_architecture
bpv_calibrated_log2_change	PC8	8	HPV18__IgG3	-0.22575423810290213	0.22575423810290213	0.050964976021421825	5.096497602142183	HPV18	IgG3	igg_subclass_architecture
bpv_calibrated_log2_change	PC8	8	HPV18__IgG4	0.06547009609277885	0.06547009609277885	0.004286333482397696	0.4286333482397696	HPV18	IgG4	igg_subclass_architecture
bpv_calibrated_log2_change	PC8	8	HPV18__IgM	0.22431708653041807	0.22431708653041807	0.050318155309495065	5.0318155309495065	HPV18	IgM	binding_antibody_abundance
bpv_calibrated_log2_change	PC8	8	HPV31__FcgR2A	-0.10384328889685197	0.10384328889685197	0.01078342864891506	1.078342864891506	HPV31	FcgR2A	fc_receptor_communication
bpv_calibrated_log2_change	PC8	8	HPV31__FcgR2B	-0.015479666196107227	0.015479666196107227	0.0002396200655429048	0.02396200655429048	HPV31	FcgR2B	fc_receptor_communication
bpv_calibrated_log2_change	PC8	8	HPV31__FcgR3A	0.1052929881023338	0.1052929881023338	0.011086613343518207	1.1086613343518208	HPV31	FcgR3A	fc_receptor_communication
bpv_calibrated_log2_change	PC8	8	HPV31__IgA1	-0.08254242303903751	0.08254242303903751	0.006813251601155431	0.6813251601155431	HPV31	IgA1	binding_antibody_abundance
bpv_calibrated_log2_change	PC8	8	HPV31__IgA2	0.09357501384550543	0.09357501384550543	0.008756283216186532	0.8756283216186532	HPV31	IgA2	binding_antibody_abundance
bpv_calibrated_log2_change	PC8	8	HPV31__IgG	0.0066847915464414995	0.0066847915464414995	4.468643801937573e-05	0.004468643801937573	HPV31	IgG	binding_antibody_abundance
bpv_calibrated_log2_change	PC8	8	HPV31__IgG1	0.08208367461550499	0.08208367461550499	0.006737729638384098	0.6737729638384098	HPV31	IgG1	igg_subclass_architecture
bpv_calibrated_log2_change	PC8	8	HPV31__IgG2	-0.037413374730868844	0.037413374730868844	0.0013997606087524153	0.13997606087524153	HPV31	IgG2	igg_subclass_architecture
bpv_calibrated_log2_change	PC8	8	HPV31__IgG3	-0.09615356972378787	0.09615356972378787	0.009245508970627335	0.9245508970627335	HPV31	IgG3	igg_subclass_architecture
bpv_calibrated_log2_change	PC8	8	HPV31__IgG4	0.06809640851945614	0.06809640851945614	0.004637120853248659	0.4637120853248659	HPV31	IgG4	igg_subclass_architecture
bpv_calibrated_log2_change	PC8	8	HPV31__IgM	0.2518971068347611	0.2518971068347611	0.06345215243172303	6.345215243172303	HPV31	IgM	binding_antibody_abundance
bpv_calibrated_log2_change	PC8	8	HPV33__FcgR2A	0.06794118853687665	0.06794118853687665	0.004616005099803419	0.4616005099803419	HPV33	FcgR2A	fc_receptor_communication
bpv_calibrated_log2_change	PC8	8	HPV33__FcgR2B	-0.05278243750446579	0.05278243750446579	0.002785985708912837	0.2785985708912837	HPV33	FcgR2B	fc_receptor_communication
bpv_calibrated_log2_change	PC8	8	HPV33__FcgR3A	0.15637585731990306	0.15637585731990306	0.024453408752534676	2.4453408752534678	HPV33	FcgR3A	fc_receptor_communication
bpv_calibrated_log2_change	PC8	8	HPV33__IgA1	-0.08561983150073861	0.08561983150073861	0.0073307555462148715	0.7330755546214871	HPV33	IgA1	binding_antibody_abundance
bpv_calibrated_log2_change	PC8	8	HPV33__IgA2	0.27834861582858006	0.27834861582858006	0.07747795193368645	7.7477951933686455	HPV33	IgA2	binding_antibody_abundance
bpv_calibrated_log2_change	PC8	8	HPV33__IgG	-0.03281922947776497	0.03281922947776497	0.0010771018235141972	0.10771018235141971	HPV33	IgG	binding_antibody_abundance
bpv_calibrated_log2_change	PC8	8	HPV33__IgG1	-0.019601757962473865	0.019601757962473865	0.0003842289152194076	0.03842289152194076	HPV33	IgG1	igg_subclass_architecture
bpv_calibrated_log2_change	PC8	8	HPV33__IgG2	-0.1320940299185489	0.1320940299185489	0.017448832740122492	1.7448832740122493	HPV33	IgG2	igg_subclass_architecture
bpv_calibrated_log2_change	PC8	8	HPV33__IgG3	-0.2782979664516828	0.2782979664516828	0.07744975813114197	7.744975813114197	HPV33	IgG3	igg_subclass_architecture
bpv_calibrated_log2_change	PC8	8	HPV33__IgG4	0.025378253081622306	0.025378253081622306	0.000644055729474872	0.06440557294748721	HPV33	IgG4	igg_subclass_architecture
bpv_calibrated_log2_change	PC8	8	HPV33__IgM	0.14931510206659881	0.14931510206659881	0.022294999705158823	2.2294999705158824	HPV33	IgM	binding_antibody_abundance
bpv_calibrated_log2_change	PC8	8	HPV45__FcgR2A	-0.08656250820524959	0.08656250820524959	0.007493067826783903	0.7493067826783902	HPV45	FcgR2A	fc_receptor_communication
bpv_calibrated_log2_change	PC8	8	HPV45__FcgR2B	-0.08192282491693519	0.08192282491693519	0.006711349242370816	0.6711349242370817	HPV45	FcgR2B	fc_receptor_communication
bpv_calibrated_log2_change	PC8	8	HPV45__FcgR3A	0.08901274039634575	0.08901274039634575	0.007923267952867243	0.7923267952867243	HPV45	FcgR3A	fc_receptor_communication
bpv_calibrated_log2_change	PC8	8	HPV45__IgA1	-0.08065653455044063	0.08065653455044063	0.006505476565686423	0.6505476565686422	HPV45	IgA1	binding_antibody_abundance
bpv_calibrated_log2_change	PC8	8	HPV45__IgA2	0.1976429526705521	0.1976429526705521	0.03906273674033409	3.906273674033409	HPV45	IgA2	binding_antibody_abundance
bpv_calibrated_log2_change	PC8	8	HPV45__IgG	-0.021370214317255436	0.021370214317255436	0.0004566860599654292	0.04566860599654292	HPV45	IgG	binding_antibody_abundance
bpv_calibrated_log2_change	PC8	8	HPV45__IgG1	0.03252719248963645	0.03252719248963645	0.0010580182512578622	0.10580182512578622	HPV45	IgG1	igg_subclass_architecture
bpv_calibrated_log2_change	PC8	8	HPV45__IgG2	-0.03344623070122249	0.03344623070122249	0.0011186503481193978	0.11186503481193978	HPV45	IgG2	igg_subclass_architecture
bpv_calibrated_log2_change	PC8	8	HPV45__IgG3	-0.17703073263551217	0.17703073263551217	0.03133988029746619	3.133988029746619	HPV45	IgG3	igg_subclass_architecture
bpv_calibrated_log2_change	PC8	8	HPV45__IgG4	0.01784234319287127	0.01784234319287127	0.00031834921061219977	0.031834921061219976	HPV45	IgG4	igg_subclass_architecture
bpv_calibrated_log2_change	PC8	8	HPV45__IgM	0.177868806305759	0.177868806305759	0.03163731225663561	3.163731225663561	HPV45	IgM	binding_antibody_abundance
bpv_calibrated_log2_change	PC8	8	HPV52__FcgR2A	-0.059100204017646096	0.059100204017646096	0.0034928341149273916	0.34928341149273917	HPV52	FcgR2A	fc_receptor_communication
bpv_calibrated_log2_change	PC8	8	HPV52__FcgR2B	-0.016059236398692195	0.016059236398692195	0.00025789907370908025	0.025789907370908024	HPV52	FcgR2B	fc_receptor_communication
bpv_calibrated_log2_change	PC8	8	HPV52__FcgR3A	0.10763233310694623	0.10763233310694623	0.011584719130044633	1.1584719130044634	HPV52	FcgR3A	fc_receptor_communication
bpv_calibrated_log2_change	PC8	8	HPV52__IgA1	-0.11467545686804774	0.11467545686804774	0.013150460407895477	1.3150460407895477	HPV52	IgA1	binding_antibody_abundance
bpv_calibrated_log2_change	PC8	8	HPV52__IgA2	0.09312360398755674	0.09312360398755674	0.008672005619631294	0.8672005619631294	HPV52	IgA2	binding_antibody_abundance
bpv_calibrated_log2_change	PC8	8	HPV52__IgG	0.05172421089630709	0.05172421089630709	0.002675393992845653	0.2675393992845653	HPV52	IgG	binding_antibody_abundance
bpv_calibrated_log2_change	PC8	8	HPV52__IgG1	0.060417538335560544	0.060417538335560544	0.003650278938528928	0.3650278938528928	HPV52	IgG1	igg_subclass_architecture
bpv_calibrated_log2_change	PC8	8	HPV52__IgG2	-0.06575901559996221	0.06575901559996221	0.004324248132676073	0.43242481326760734	HPV52	IgG2	igg_subclass_architecture
bpv_calibrated_log2_change	PC8	8	HPV52__IgG3	-0.11956137656035674	0.11956137656035674	0.014294922765007424	1.4294922765007423	HPV52	IgG3	igg_subclass_architecture
bpv_calibrated_log2_change	PC8	8	HPV52__IgG4	0.009906444424039595	0.009906444424039595	9.81376411265852e-05	0.00981376411265852	HPV52	IgG4	igg_subclass_architecture
bpv_calibrated_log2_change	PC8	8	HPV52__IgM	0.1989921397455062	0.1989921397455062	0.03959787168049507	3.959787168049507	HPV52	IgM	binding_antibody_abundance
bpv_calibrated_log2_change	PC8	8	HPV58__FcgR2A	0.004010551934053893	0.004010551934053893	1.6084526815743417e-05	0.0016084526815743417	HPV58	FcgR2A	fc_receptor_communication
bpv_calibrated_log2_change	PC8	8	HPV58__FcgR2B	0.007797253674983131	0.007797253674983131	6.079716487203794e-05	0.006079716487203794	HPV58	FcgR2B	fc_receptor_communication
bpv_calibrated_log2_change	PC8	8	HPV58__FcgR3A	0.14888053020106093	0.14888053020106093	0.022165412272949016	2.2165412272949014	HPV58	FcgR3A	fc_receptor_communication
bpv_calibrated_log2_change	PC8	8	HPV58__IgA1	-0.0486209095492219	0.0486209095492219	0.0023639928453936176	0.23639928453936176	HPV58	IgA1	binding_antibody_abundance
bpv_calibrated_log2_change	PC8	8	HPV58__IgA2	0.20032415534024056	0.20032415534024056	0.04012976721278083	4.012976721278083	HPV58	IgA2	binding_antibody_abundance
bpv_calibrated_log2_change	PC8	8	HPV58__IgG	0.06579649962783848	0.06579649962783848	0.0043291793632761495	0.43291793632761494	HPV58	IgG	binding_antibody_abundance
bpv_calibrated_log2_change	PC8	8	HPV58__IgG1	0.06631418084085934	0.06631418084085934	0.004397570580594196	0.4397570580594196	HPV58	IgG1	igg_subclass_architecture
bpv_calibrated_log2_change	PC8	8	HPV58__IgG2	0.005476076625789465	0.005476076625789465	2.9987415211517735e-05	0.0029987415211517733	HPV58	IgG2	igg_subclass_architecture
bpv_calibrated_log2_change	PC8	8	HPV58__IgG3	-0.11639166139517633	0.11639166139517633	0.013547018842329379	1.354701884232938	HPV58	IgG3	igg_subclass_architecture
bpv_calibrated_log2_change	PC8	8	HPV58__IgG4	0.0462250480845263	0.0462250480845263	0.0021367550704167685	0.21367550704167684	HPV58	IgG4	igg_subclass_architecture
bpv_calibrated_log2_change	PC8	8	HPV58__IgM	0.19397928203199652	0.19397928203199652	0.03762796185764885	3.762796185764885	HPV58	IgM	binding_antibody_abundance
bpv_calibrated_log2_change	PC9	9	HPV16__FcgR2A	0.28971481373114755	0.28971481373114755	0.08393467329527352	8.393467329527352	HPV16	FcgR2A	fc_receptor_communication
bpv_calibrated_log2_change	PC9	9	HPV16__FcgR2B	0.015096831133127597	0.015096831133127597	0.0002279143102621707	0.02279143102621707	HPV16	FcgR2B	fc_receptor_communication
bpv_calibrated_log2_change	PC9	9	HPV16__FcgR3A	0.161290987318496	0.161290987318496	0.02601478259017524	2.601478259017524	HPV16	FcgR3A	fc_receptor_communication
bpv_calibrated_log2_change	PC9	9	HPV16__IgA1	-0.00917945179627927	0.00917945179627927	8.426233528021471e-05	0.008426233528021472	HPV16	IgA1	binding_antibody_abundance
bpv_calibrated_log2_change	PC9	9	HPV16__IgA2	-0.045255775677806837	0.045255775677806837	0.0020480852321999726	0.20480852321999726	HPV16	IgA2	binding_antibody_abundance
bpv_calibrated_log2_change	PC9	9	HPV16__IgG	0.012356449289208815	0.012356449289208815	0.00015268183903678905	0.015268183903678904	HPV16	IgG	binding_antibody_abundance
bpv_calibrated_log2_change	PC9	9	HPV16__IgG1	0.029318826911490375	0.029318826911490375	0.0008595936114659322	0.08595936114659322	HPV16	IgG1	igg_subclass_architecture
bpv_calibrated_log2_change	PC9	9	HPV16__IgG2	0.17488573889595557	0.17488573889595557	0.030585021669184347	3.058502166918435	HPV16	IgG2	igg_subclass_architecture
bpv_calibrated_log2_change	PC9	9	HPV16__IgG3	0.12133603422058695	0.12133603422058695	0.014722433200379447	1.4722433200379448	HPV16	IgG3	igg_subclass_architecture
bpv_calibrated_log2_change	PC9	9	HPV16__IgG4	0.07823417153190948	0.07823417153190948	0.0061205855952842355	0.6120585595284236	HPV16	IgG4	igg_subclass_architecture
bpv_calibrated_log2_change	PC9	9	HPV16__IgM	0.03431964400211118	0.03431964400211118	0.001177837964431646	0.1177837964431646	HPV16	IgM	binding_antibody_abundance
bpv_calibrated_log2_change	PC9	9	HPV18__FcgR2A	0.2820960206102648	0.2820960206102648	0.07957816484414694	7.957816484414694	HPV18	FcgR2A	fc_receptor_communication
bpv_calibrated_log2_change	PC9	9	HPV18__FcgR2B	-0.05344019622313784	0.05344019622313784	0.0028558545723674756	0.28558545723674755	HPV18	FcgR2B	fc_receptor_communication
bpv_calibrated_log2_change	PC9	9	HPV18__FcgR3A	0.1911245576633912	0.1911245576633912	0.03652859654202695	3.652859654202695	HPV18	FcgR3A	fc_receptor_communication
bpv_calibrated_log2_change	PC9	9	HPV18__IgA1	-0.003358008699550996	0.003358008699550996	1.1276222426260172e-05	0.0011276222426260171	HPV18	IgA1	binding_antibody_abundance
bpv_calibrated_log2_change	PC9	9	HPV18__IgA2	-0.2111003620783081	0.2111003620783081	0.04456336286959278	4.456336286959278	HPV18	IgA2	binding_antibody_abundance
bpv_calibrated_log2_change	PC9	9	HPV18__IgG	0.06334299716290934	0.06334299716290934	0.00401233528958034	0.40123352895803405	HPV18	IgG	binding_antibody_abundance
bpv_calibrated_log2_change	PC9	9	HPV18__IgG1	0.08982836171701256	0.08982836171701256	0.008069134568762447	0.8069134568762447	HPV18	IgG1	igg_subclass_architecture
bpv_calibrated_log2_change	PC9	9	HPV18__IgG2	0.09383087564638168	0.09383087564638168	0.008804233224566742	0.8804233224566742	HPV18	IgG2	igg_subclass_architecture
bpv_calibrated_log2_change	PC9	9	HPV18__IgG3	0.028736013488736306	0.028736013488736306	0.000825758471224835	0.0825758471224835	HPV18	IgG3	igg_subclass_architecture
bpv_calibrated_log2_change	PC9	9	HPV18__IgG4	0.048826511656819595	0.048826511656819595	0.0023840282405735397	0.23840282405735397	HPV18	IgG4	igg_subclass_architecture
bpv_calibrated_log2_change	PC9	9	HPV18__IgM	0.22403960474933113	0.22403960474933113	0.050193744496236516	5.019374449623651	HPV18	IgM	binding_antibody_abundance
bpv_calibrated_log2_change	PC9	9	HPV31__FcgR2A	0.1893196629814087	0.1893196629814087	0.03584193479139417	3.584193479139417	HPV31	FcgR2A	fc_receptor_communication
bpv_calibrated_log2_change	PC9	9	HPV31__FcgR2B	-0.1264771646987906	0.1264771646987906	0.015996473190245004	1.5996473190245004	HPV31	FcgR2B	fc_receptor_communication
bpv_calibrated_log2_change	PC9	9	HPV31__FcgR3A	0.08448087167649829	0.08448087167649829	0.00713701767922097	0.713701767922097	HPV31	FcgR3A	fc_receptor_communication
bpv_calibrated_log2_change	PC9	9	HPV31__IgA1	-0.02644591727004006	0.02644591727004006	0.000699386540253803	0.0699386540253803	HPV31	IgA1	binding_antibody_abundance
bpv_calibrated_log2_change	PC9	9	HPV31__IgA2	-0.08904861776587851	0.08904861776587851	0.007929656326013534	0.7929656326013534	HPV31	IgA2	binding_antibody_abundance
bpv_calibrated_log2_change	PC9	9	HPV31__IgG	-0.03542731640397669	0.03542731640397669	0.001255094747587476	0.1255094747587476	HPV31	IgG	binding_antibody_abundance
bpv_calibrated_log2_change	PC9	9	HPV31__IgG1	-0.03684121711046772	0.03684121711046772	0.0013572752781806196	0.13572752781806197	HPV31	IgG1	igg_subclass_architecture
bpv_calibrated_log2_change	PC9	9	HPV31__IgG2	0.10923438402300609	0.10923438402300609	0.011932150652885568	1.1932150652885567	HPV31	IgG2	igg_subclass_architecture
bpv_calibrated_log2_change	PC9	9	HPV31__IgG3	-0.11069966713547821	0.11069966713547821	0.012254416303905676	1.2254416303905675	HPV31	IgG3	igg_subclass_architecture
bpv_calibrated_log2_change	PC9	9	HPV31__IgG4	0.007087806166122566	0.007087806166122566	5.023699624852506e-05	0.005023699624852506	HPV31	IgG4	igg_subclass_architecture
bpv_calibrated_log2_change	PC9	9	HPV31__IgM	-0.016302848708785588	0.016302848708785588	0.0002657828760215519	0.02657828760215519	HPV31	IgM	binding_antibody_abundance
bpv_calibrated_log2_change	PC9	9	HPV33__FcgR2A	0.11684975118540201	0.11684975118540201	0.01365386435209036	1.3653864352090361	HPV33	FcgR2A	fc_receptor_communication
bpv_calibrated_log2_change	PC9	9	HPV33__FcgR2B	-0.10639423034961734	0.10639423034961734	0.011319732251687436	1.1319732251687435	HPV33	FcgR2B	fc_receptor_communication
bpv_calibrated_log2_change	PC9	9	HPV33__FcgR3A	0.10579078121513126	0.10579078121513126	0.011191689390107768	1.1191689390107769	HPV33	FcgR3A	fc_receptor_communication
bpv_calibrated_log2_change	PC9	9	HPV33__IgA1	0.006221597354618831	0.006221597354618831	3.870827364300004e-05	0.003870827364300004	HPV33	IgA1	binding_antibody_abundance
bpv_calibrated_log2_change	PC9	9	HPV33__IgA2	-0.1510766459263595	0.1510766459263595	0.022824152944358595	2.2824152944358596	HPV33	IgA2	binding_antibody_abundance
bpv_calibrated_log2_change	PC9	9	HPV33__IgG	-0.22045392324753896	0.22045392324753896	0.0485999322752318	4.85999322752318	HPV33	IgG	binding_antibody_abundance
bpv_calibrated_log2_change	PC9	9	HPV33__IgG1	-0.004549876731449539	0.004549876731449539	2.0701378271385946e-05	0.0020701378271385947	HPV33	IgG1	igg_subclass_architecture
bpv_calibrated_log2_change	PC9	9	HPV33__IgG2	0.011735037100413733	0.011735037100413733	0.00013771109574808676	0.013771109574808676	HPV33	IgG2	igg_subclass_architecture
bpv_calibrated_log2_change	PC9	9	HPV33__IgG3	0.03469859735607543	0.03469859735607543	0.0012039926584790448	0.12039926584790447	HPV33	IgG3	igg_subclass_architecture
bpv_calibrated_log2_change	PC9	9	HPV33__IgG4	-0.08359276136712997	0.08359276136712997	0.006987749752981936	0.6987749752981937	HPV33	IgG4	igg_subclass_architecture
bpv_calibrated_log2_change	PC9	9	HPV33__IgM	0.036464993859735374	0.036464993859735374	0.0013296957771905386	0.13296957771905385	HPV33	IgM	binding_antibody_abundance
bpv_calibrated_log2_change	PC9	9	HPV45__FcgR2A	0.139824307786459	0.139824307786459	0.019550837047962417	1.9550837047962417	HPV45	FcgR2A	fc_receptor_communication
bpv_calibrated_log2_change	PC9	9	HPV45__FcgR2B	-0.21389871402702476	0.21389871402702476	0.04575265986241492	4.575265986241492	HPV45	FcgR2B	fc_receptor_communication
bpv_calibrated_log2_change	PC9	9	HPV45__FcgR3A	0.0841391781985256	0.0841391781985256	0.007079401307923245	0.7079401307923245	HPV45	FcgR3A	fc_receptor_communication
bpv_calibrated_log2_change	PC9	9	HPV45__IgA1	-0.096124421133957	0.096124421133957	0.00923990433833832	0.923990433833832	HPV45	IgA1	binding_antibody_abundance
bpv_calibrated_log2_change	PC9	9	HPV45__IgA2	-0.05034085655240822	0.05034085655240822	0.0025342018384301415	0.2534201838430142	HPV45	IgA2	binding_antibody_abundance
bpv_calibrated_log2_change	PC9	9	HPV45__IgG	-0.13268436253614901	0.13268436253614901	0.017605140061624225	1.7605140061624225	HPV45	IgG	binding_antibody_abundance
bpv_calibrated_log2_change	PC9	9	HPV45__IgG1	-0.12013909199560548	0.12013909199560548	0.014433401425528555	1.4433401425528556	HPV45	IgG1	igg_subclass_architecture
bpv_calibrated_log2_change	PC9	9	HPV45__IgG2	0.0003704094491240517	0.0003704094491240517	1.3720316000038343e-07	1.3720316000038342e-05	HPV45	IgG2	igg_subclass_architecture
bpv_calibrated_log2_change	PC9	9	HPV45__IgG3	-0.08137481005511722	0.08137481005511722	0.006621859711506407	0.6621859711506407	HPV45	IgG3	igg_subclass_architecture
bpv_calibrated_log2_change	PC9	9	HPV45__IgG4	5.871322266180472e-05	5.871322266180472e-05	3.44724251533466e-09	3.44724251533466e-07	HPV45	IgG4	igg_subclass_architecture
bpv_calibrated_log2_change	PC9	9	HPV45__IgM	0.00027122128546245536	0.00027122128546245536	7.35609856879067e-08	7.356098568790669e-06	HPV45	IgM	binding_antibody_abundance
bpv_calibrated_log2_change	PC9	9	HPV52__FcgR2A	0.11477136924238461	0.11477136924238461	0.013172467197771789	1.3172467197771789	HPV52	FcgR2A	fc_receptor_communication
bpv_calibrated_log2_change	PC9	9	HPV52__FcgR2B	-0.09670591498002339	0.09670591498002339	0.009352033992123511	0.9352033992123511	HPV52	FcgR2B	fc_receptor_communication
bpv_calibrated_log2_change	PC9	9	HPV52__FcgR3A	0.09127898739754048	0.09127898739754048	0.008331853540320353	0.8331853540320353	HPV52	FcgR3A	fc_receptor_communication
bpv_calibrated_log2_change	PC9	9	HPV52__IgA1	-0.0933202197050685	0.0933202197050685	0.008708663405802255	0.8708663405802255	HPV52	IgA1	binding_antibody_abundance
bpv_calibrated_log2_change	PC9	9	HPV52__IgA2	-0.25874510978099075	0.25874510978099075	0.06694903183557695	6.694903183557694	HPV52	IgA2	binding_antibody_abundance
bpv_calibrated_log2_change	PC9	9	HPV52__IgG	0.020647901749038185	0.020647901749038185	0.00042633584663793415	0.04263358466379341	HPV52	IgG	binding_antibody_abundance
bpv_calibrated_log2_change	PC9	9	HPV52__IgG1	0.07226073418520712	0.07226073418520712	0.005221613704985161	0.5221613704985162	HPV52	IgG1	igg_subclass_architecture
bpv_calibrated_log2_change	PC9	9	HPV52__IgG2	0.08746156515746963	0.08746156515746963	0.007649525379794304	0.7649525379794304	HPV52	IgG2	igg_subclass_architecture
bpv_calibrated_log2_change	PC9	9	HPV52__IgG3	0.06517473540854789	0.06517473540854789	0.004247746135574226	0.4247746135574226	HPV52	IgG3	igg_subclass_architecture
bpv_calibrated_log2_change	PC9	9	HPV52__IgG4	0.02057158888161936	0.02057158888161936	0.0004231902691143652	0.04231902691143652	HPV52	IgG4	igg_subclass_architecture
bpv_calibrated_log2_change	PC9	9	HPV52__IgM	0.1560855789681953	0.1560855789681953	0.024362707961836733	2.436270796183673	HPV52	IgM	binding_antibody_abundance
bpv_calibrated_log2_change	PC9	9	HPV58__FcgR2A	0.1409891073455301	0.1409891073455301	0.01987792839008941	1.9877928390089412	HPV58	FcgR2A	fc_receptor_communication
bpv_calibrated_log2_change	PC9	9	HPV58__FcgR2B	-0.15672221704685885	0.15672221704685885	0.024561853316082734	2.4561853316082733	HPV58	FcgR2B	fc_receptor_communication
bpv_calibrated_log2_change	PC9	9	HPV58__FcgR3A	0.0667406652649848	0.0667406652649848	0.004454316400012749	0.44543164000127494	HPV58	FcgR3A	fc_receptor_communication
bpv_calibrated_log2_change	PC9	9	HPV58__IgA1	-0.053247926991935195	0.053247926991935195	0.0028353417289384607	0.2835341728938461	HPV58	IgA1	binding_antibody_abundance
bpv_calibrated_log2_change	PC9	9	HPV58__IgA2	-0.16863986775206505	0.16863986775206505	0.02843940499543399	2.843940499543399	HPV58	IgA2	binding_antibody_abundance
bpv_calibrated_log2_change	PC9	9	HPV58__IgG	-0.05210565604097087	0.05210565604097087	0.0027149993914599643	0.27149993914599646	HPV58	IgG	binding_antibody_abundance
bpv_calibrated_log2_change	PC9	9	HPV58__IgG1	-0.017902646347452953	0.017902646347452953	0.00032050474624197055	0.03205047462419706	HPV58	IgG1	igg_subclass_architecture
bpv_calibrated_log2_change	PC9	9	HPV58__IgG2	0.07381950178438924	0.07381950178438924	0.005449318843695447	0.5449318843695447	HPV58	IgG2	igg_subclass_architecture
bpv_calibrated_log2_change	PC9	9	HPV58__IgG3	0.004284945755039894	0.004284945755039894	1.8360760123634412e-05	0.0018360760123634413	HPV58	IgG3	igg_subclass_architecture
bpv_calibrated_log2_change	PC9	9	HPV58__IgG4	0.0888254135551592	0.0888254135551592	0.00788995409324506	0.7889954093245061	HPV58	IgG4	igg_subclass_architecture
bpv_calibrated_log2_change	PC9	9	HPV58__IgM	0.12646545672157694	0.12646545672157694	0.01599351174379705	1.599351174379705	HPV58	IgM	binding_antibody_abundance
bpv_calibrated_log2_change	PC10	10	HPV16__FcgR2A	-0.1154455989526782	0.1154455989526782	0.013327686317542614	1.3327686317542613	HPV16	FcgR2A	fc_receptor_communication
bpv_calibrated_log2_change	PC10	10	HPV16__FcgR2B	0.058976528725587424	0.058976528725587424	0.0034782309405200387	0.34782309405200385	HPV16	FcgR2B	fc_receptor_communication
bpv_calibrated_log2_change	PC10	10	HPV16__FcgR3A	-0.001474867094346105	0.001474867094346105	2.1752329459849226e-06	0.00021752329459849226	HPV16	FcgR3A	fc_receptor_communication
bpv_calibrated_log2_change	PC10	10	HPV16__IgA1	0.1249295640595745	0.1249295640595745	0.01560739597611533	1.560739597611533	HPV16	IgA1	binding_antibody_abundance
bpv_calibrated_log2_change	PC10	10	HPV16__IgA2	-0.16411027425443503	0.16411027425443503	0.026932182115865882	2.693218211586588	HPV16	IgA2	binding_antibody_abundance
bpv_calibrated_log2_change	PC10	10	HPV16__IgG	-0.012097525050297708	0.012097525050297708	0.00014635011234258056	0.014635011234258056	HPV16	IgG	binding_antibody_abundance
bpv_calibrated_log2_change	PC10	10	HPV16__IgG1	-0.02956577652143441	0.02956577652143441	0.0008741351413154023	0.08741351413154022	HPV16	IgG1	igg_subclass_architecture
bpv_calibrated_log2_change	PC10	10	HPV16__IgG2	-0.0682395452736536	0.0682395452736536	0.004656635539155019	0.46566355391550196	HPV16	IgG2	igg_subclass_architecture
bpv_calibrated_log2_change	PC10	10	HPV16__IgG3	0.017348367137362597	0.017348367137362597	0.0003009658423327225	0.03009658423327225	HPV16	IgG3	igg_subclass_architecture
bpv_calibrated_log2_change	PC10	10	HPV16__IgG4	0.1793422301299783	0.1793422301299783	0.032163635507994094	3.2163635507994095	HPV16	IgG4	igg_subclass_architecture
bpv_calibrated_log2_change	PC10	10	HPV16__IgM	-0.0335234369613559	0.0335234369613559	0.001123820825702003	0.11238208257020031	HPV16	IgM	binding_antibody_abundance
bpv_calibrated_log2_change	PC10	10	HPV18__FcgR2A	-0.13845742312294612	0.13845742312294612	0.019170458017846535	1.9170458017846534	HPV18	FcgR2A	fc_receptor_communication
bpv_calibrated_log2_change	PC10	10	HPV18__FcgR2B	0.028110869849083536	0.028110869849083536	0.0007902210036721139	0.07902210036721138	HPV18	FcgR2B	fc_receptor_communication
bpv_calibrated_log2_change	PC10	10	HPV18__FcgR3A	-0.04763086783643322	0.04763086783643322	0.002268699570851769	0.2268699570851769	HPV18	FcgR3A	fc_receptor_communication
bpv_calibrated_log2_change	PC10	10	HPV18__IgA1	0.15991371738698254	0.15991371738698254	0.025572397008523724	2.557239700852372	HPV18	IgA1	binding_antibody_abundance
bpv_calibrated_log2_change	PC10	10	HPV18__IgA2	-0.11742199544170684	0.11742199544170684	0.013787925013512222	1.378792501351222	HPV18	IgA2	binding_antibody_abundance
bpv_calibrated_log2_change	PC10	10	HPV18__IgG	-0.07380407869965389	0.07380407869965389	0.005447042032704704	0.5447042032704704	HPV18	IgG	binding_antibody_abundance
bpv_calibrated_log2_change	PC10	10	HPV18__IgG1	-0.08137905692629206	0.08137905692629206	0.006622550906212684	0.6622550906212684	HPV18	IgG1	igg_subclass_architecture
bpv_calibrated_log2_change	PC10	10	HPV18__IgG2	0.015411423605193597	0.015411423605193597	0.0002375119775387184	0.02375119775387184	HPV18	IgG2	igg_subclass_architecture
bpv_calibrated_log2_change	PC10	10	HPV18__IgG3	-0.05750373447059948	0.05750373447059948	0.0033066794780652106	0.33066794780652103	HPV18	IgG3	igg_subclass_architecture
bpv_calibrated_log2_change	PC10	10	HPV18__IgG4	0.2856392109152942	0.2856392109152942	0.08158975881231192	8.158975881231193	HPV18	IgG4	igg_subclass_architecture
bpv_calibrated_log2_change	PC10	10	HPV18__IgM	0.06042747390209779	0.06042747390209779	0.003651479602188709	0.3651479602188709	HPV18	IgM	binding_antibody_abundance
bpv_calibrated_log2_change	PC10	10	HPV31__FcgR2A	-0.014407507597363983	0.014407507597363983	0.00020757627516810088	0.02075762751681009	HPV31	FcgR2A	fc_receptor_communication
bpv_calibrated_log2_change	PC10	10	HPV31__FcgR2B	0.055048609232279944	0.055048609232279944	0.0030303493784082564	0.30303493784082564	HPV31	FcgR2B	fc_receptor_communication
bpv_calibrated_log2_change	PC10	10	HPV31__FcgR3A	0.03518337509394167	0.03518337509394167	0.001237869883000995	0.1237869883000995	HPV31	FcgR3A	fc_receptor_communication
bpv_calibrated_log2_change	PC10	10	HPV31__IgA1	0.0716716829103872	0.0716716829103872	0.005136830131207088	0.5136830131207087	HPV31	IgA1	binding_antibody_abundance
bpv_calibrated_log2_change	PC10	10	HPV31__IgA2	-0.17488171847742248	0.17488171847742248	0.030583615457616453	3.0583615457616453	HPV31	IgA2	binding_antibody_abundance
bpv_calibrated_log2_change	PC10	10	HPV31__IgG	-0.04057943739543009	0.04057943739543009	0.0016466907393296298	0.16466907393296298	HPV31	IgG	binding_antibody_abundance
bpv_calibrated_log2_change	PC10	10	HPV31__IgG1	-0.06334165144182817	0.06334165144182817	0.004012164807378053	0.4012164807378053	HPV31	IgG1	igg_subclass_architecture
bpv_calibrated_log2_change	PC10	10	HPV31__IgG2	-0.17699091097162714	0.17699091097162714	0.03132578256656644	3.1325782566566445	HPV31	IgG2	igg_subclass_architecture
bpv_calibrated_log2_change	PC10	10	HPV31__IgG3	-0.007640933240475986	0.007640933240475986	5.838386078541086e-05	0.005838386078541086	HPV31	IgG3	igg_subclass_architecture
bpv_calibrated_log2_change	PC10	10	HPV31__IgG4	0.1411428066461575	0.1411428066461575	0.0199212918679546	1.99212918679546	HPV31	IgG4	igg_subclass_architecture
bpv_calibrated_log2_change	PC10	10	HPV31__IgM	0.02819625700647411	0.02819625700647411	0.0007950289091751403	0.07950289091751403	HPV31	IgM	binding_antibody_abundance
bpv_calibrated_log2_change	PC10	10	HPV33__FcgR2A	-0.08789647654665049	0.08789647654665049	0.00772579058931588	0.772579058931588	HPV33	FcgR2A	fc_receptor_communication
bpv_calibrated_log2_change	PC10	10	HPV33__FcgR2B	0.1461875212688502	0.1461875212688502	0.02137079137473053	2.1370791374730533	HPV33	FcgR2B	fc_receptor_communication
bpv_calibrated_log2_change	PC10	10	HPV33__FcgR3A	0.10440025302952179	0.10440025302952179	0.010899412832628174	1.0899412832628175	HPV33	FcgR3A	fc_receptor_communication
bpv_calibrated_log2_change	PC10	10	HPV33__IgA1	0.1748770431160139	0.1748770431160139	0.030581980209000187	3.0581980209000186	HPV33	IgA1	binding_antibody_abundance
bpv_calibrated_log2_change	PC10	10	HPV33__IgA2	-0.1545864219367675	0.1545864219367675	0.023896961847212312	2.389696184721231	HPV33	IgA2	binding_antibody_abundance
bpv_calibrated_log2_change	PC10	10	HPV33__IgG	-0.13921338003652936	0.13921338003652936	0.019380365181195153	1.9380365181195152	HPV33	IgG	binding_antibody_abundance
bpv_calibrated_log2_change	PC10	10	HPV33__IgG1	-0.013807025817231647	0.013807025817231647	0.00019063396191770126	0.019063396191770124	HPV33	IgG1	igg_subclass_architecture
bpv_calibrated_log2_change	PC10	10	HPV33__IgG2	-0.1506916274805093	0.1506916274805093	0.022707966592724584	2.270796659272458	HPV33	IgG2	igg_subclass_architecture
bpv_calibrated_log2_change	PC10	10	HPV33__IgG3	-0.014411187951832915	0.014411187951832915	0.00020768233818305417	0.020768233818305417	HPV33	IgG3	igg_subclass_architecture
bpv_calibrated_log2_change	PC10	10	HPV33__IgG4	0.1443097024731149	0.1443097024731149	0.02082529022787894	2.0825290227878943	HPV33	IgG4	igg_subclass_architecture
bpv_calibrated_log2_change	PC10	10	HPV33__IgM	0.16651737784319148	0.16651737784319148	0.027728037123772198	2.77280371237722	HPV33	IgM	binding_antibody_abundance
bpv_calibrated_log2_change	PC10	10	HPV45__FcgR2A	-0.0011771482345669044	0.0011771482345669044	1.3856779661439798e-06	0.00013856779661439798	HPV45	FcgR2A	fc_receptor_communication
bpv_calibrated_log2_change	PC10	10	HPV45__FcgR2B	0.07856580530224057	0.07856580530224057	0.006172585762789572	0.6172585762789572	HPV45	FcgR2B	fc_receptor_communication
bpv_calibrated_log2_change	PC10	10	HPV45__FcgR3A	0.05516044099644068	0.05516044099644068	0.0030426742509218133	0.3042674250921813	HPV45	FcgR3A	fc_receptor_communication
bpv_calibrated_log2_change	PC10	10	HPV45__IgA1	0.19988527214569993	0.19988527214569993	0.03995412202076052	3.995412202076052	HPV45	IgA1	binding_antibody_abundance
bpv_calibrated_log2_change	PC10	10	HPV45__IgA2	0.0034785541019396356	0.0034785541019396356	1.2100338640121064e-05	0.0012100338640121063	HPV45	IgA2	binding_antibody_abundance
bpv_calibrated_log2_change	PC10	10	HPV45__IgG	-0.016512131294016984	0.016512131294016984	0.000272650479870855	0.0272650479870855	HPV45	IgG	binding_antibody_abundance
bpv_calibrated_log2_change	PC10	10	HPV45__IgG1	-0.09145367501951798	0.09145367501951798	0.008363774674575608	0.8363774674575608	HPV45	IgG1	igg_subclass_architecture
bpv_calibrated_log2_change	PC10	10	HPV45__IgG2	-0.07999028185353282	0.07999028185353282	0.006398445191007623	0.6398445191007623	HPV45	IgG2	igg_subclass_architecture
bpv_calibrated_log2_change	PC10	10	HPV45__IgG3	0.02101992482089598	0.02101992482089598	0.00044183723947611883	0.044183723947611886	HPV45	IgG3	igg_subclass_architecture
bpv_calibrated_log2_change	PC10	10	HPV45__IgG4	0.19203068387286948	0.19203068387286948	0.036875783548681935	3.6875783548681937	HPV45	IgG4	igg_subclass_architecture
bpv_calibrated_log2_change	PC10	10	HPV45__IgM	0.13932125397000933	0.13932125397000933	0.01941041180777584	1.9410411807775843	HPV45	IgM	binding_antibody_abundance
bpv_calibrated_log2_change	PC10	10	HPV52__FcgR2A	-0.011765768784654615	0.011765768784654615	0.00013843331509395294	0.013843331509395294	HPV52	FcgR2A	fc_receptor_communication
bpv_calibrated_log2_change	PC10	10	HPV52__FcgR2B	0.11697011684409366	0.11697011684409366	0.013682008234520922	1.3682008234520922	HPV52	FcgR2B	fc_receptor_communication
bpv_calibrated_log2_change	PC10	10	HPV52__FcgR3A	-0.049821790477278534	0.049821790477278534	0.002482210806361842	0.24822108063618423	HPV52	FcgR3A	fc_receptor_communication
bpv_calibrated_log2_change	PC10	10	HPV52__IgA1	0.23022873210255385	0.23022873210255385	0.053005269085549506	5.300526908554951	HPV52	IgA1	binding_antibody_abundance
bpv_calibrated_log2_change	PC10	10	HPV52__IgA2	-0.11771432623489385	0.11771432623489385	0.013856662600935018	1.3856662600935017	HPV52	IgA2	binding_antibody_abundance
bpv_calibrated_log2_change	PC10	10	HPV52__IgG	-0.08049658458613458	0.08049658458613458	0.0064797001300327195	0.647970013003272	HPV52	IgG	binding_antibody_abundance
bpv_calibrated_log2_change	PC10	10	HPV52__IgG1	-0.14457096637063818	0.14457096637063818	0.020900764317340195	2.0900764317340195	HPV52	IgG1	igg_subclass_architecture
bpv_calibrated_log2_change	PC10	10	HPV52__IgG2	-0.08960227858039232	0.08960227858039232	0.008028568326798232	0.8028568326798232	HPV52	IgG2	igg_subclass_architecture
bpv_calibrated_log2_change	PC10	10	HPV52__IgG3	-0.07183885666352238	0.07183885666352238	0.005160821326722114	0.5160821326722114	HPV52	IgG3	igg_subclass_architecture
bpv_calibrated_log2_change	PC10	10	HPV52__IgG4	0.15084724857615	0.15084724857615	0.02275489240299479	2.275489240299479	HPV52	IgG4	igg_subclass_architecture
bpv_calibrated_log2_change	PC10	10	HPV52__IgM	0.1625771303218489	0.1625771303218489	0.02643132330368744	2.643132330368744	HPV52	IgM	binding_antibody_abundance
bpv_calibrated_log2_change	PC10	10	HPV58__FcgR2A	0.009823153164304141	0.009823153164304141	9.649433808937846e-05	0.009649433808937846	HPV58	FcgR2A	fc_receptor_communication
bpv_calibrated_log2_change	PC10	10	HPV58__FcgR2B	0.1258481165639612	0.1258481165639612	0.015837748442696364	1.5837748442696364	HPV58	FcgR2B	fc_receptor_communication
bpv_calibrated_log2_change	PC10	10	HPV58__FcgR3A	0.013952002686973112	0.013952002686973112	0.00019465837897730495	0.019465837897730494	HPV58	FcgR3A	fc_receptor_communication
bpv_calibrated_log2_change	PC10	10	HPV58__IgA1	0.1953397208980395	0.1953397208980395	0.03815760656052397	3.8157606560523973	HPV58	IgA1	binding_antibody_abundance
bpv_calibrated_log2_change	PC10	10	HPV58__IgA2	-0.17563751178276357	0.17563751178276357	0.03084853554524041	3.084853554524041	HPV58	IgA2	binding_antibody_abundance
bpv_calibrated_log2_change	PC10	10	HPV58__IgG	-0.09950246022414169	0.09950246022414169	0.009900739590656899	0.9900739590656898	HPV58	IgG	binding_antibody_abundance
bpv_calibrated_log2_change	PC10	10	HPV58__IgG1	-0.12879053092807263	0.12879053092807263	0.016587000856734833	1.6587000856734833	HPV58	IgG1	igg_subclass_architecture
bpv_calibrated_log2_change	PC10	10	HPV58__IgG2	-0.07387328422099079	0.07387328422099079	0.005457262121595287	0.5457262121595287	HPV58	IgG2	igg_subclass_architecture
bpv_calibrated_log2_change	PC10	10	HPV58__IgG3	-0.06465839177423024	0.06465839177423024	0.0041807076268298455	0.41807076268298454	HPV58	IgG3	igg_subclass_architecture
bpv_calibrated_log2_change	PC10	10	HPV58__IgG4	0.13838013997124626	0.13838013997124626	0.01914906313846171	1.9149063138461708	HPV58	IgG4	igg_subclass_architecture
bpv_calibrated_log2_change	PC10	10	HPV58__IgM	0.14558614435200373	0.14558614435200373	0.021195325427282467	2.1195325427282468	HPV58	IgM	binding_antibody_abundance
