previous_4vHPV_doses	prior_4vHPV_exposure_status	response_transition	trajectory	antigen_target	antigen_class	feature	assay_family	outcome_family	paired_floor_severity	v1_floor_fraction	v2_floor_fraction	participants	paired_observations	mean_log2_change	sd_log2_change	se_log2_change	ci95_lower_log2_change	ci95_upper_log2_change	geometric_mean_ratio	geometric_mean_ratio_ci95_lower	geometric_mean_ratio_ci95_upper	median_log2_change	q1_log2_change	q3_log2_change	positive_change_fraction	negative_change_fraction	no_change_fraction	v1_geometric_mean	v2_geometric_mean
0	hpv_vaccine_naive	unvaccinated_baseline_to_primary_2vHPV_response	primary_2vHPV_induction	HPV16	vaccine_target_2vHPV_and_4vHPV	IgG	antibody_isotype_or_subclass	Antibody abundance	none	0.0125	0.0125	20	20	6.454572587157871	2.141023367206544	0.4787473790489326	5.452542806823545	7.456602367492198	87.70411244850604	43.790402546629394	175.6551868229459	6.63670949083212	5.878569431335168	7.421850331752672	1.0	0.0	0.0	192.73351110770977	16903.521530785965
0	hpv_vaccine_naive	unvaccinated_baseline_to_primary_2vHPV_response	primary_2vHPV_induction	HPV16	vaccine_target_2vHPV_and_4vHPV	IgM	antibody_isotype_or_subclass	Antibody abundance	none	0.0125	0.0125	20	20	3.971182214883811	2.1378604472558056	0.47804012864720846	2.970632726652783	4.971731703114839	15.683571382626807	7.8387995103549954	31.379092039415	4.435172370298336	2.8451882913261732	5.3483499417339	0.95	0.05	0.0	602.464690208707	9448.797974400413
0	hpv_vaccine_naive	unvaccinated_baseline_to_primary_2vHPV_response	primary_2vHPV_induction	HPV16	vaccine_target_2vHPV_and_4vHPV	IgA1	antibody_isotype_or_subclass	Antibody abundance	none	0.0125	0.0125	20	20	5.513085080474395	2.36366289619883	0.5285310911794613	4.4068567931331355	6.619313367815655	45.66715724611298	21.212706414142623	98.31320955589156	6.119018809743525	4.1783875671110104	7.082231206087103	1.0	0.0	0.0	141.60193056624607	6466.557629521926
0	hpv_vaccine_naive	unvaccinated_baseline_to_primary_2vHPV_response	primary_2vHPV_induction	HPV16	vaccine_target_2vHPV_and_4vHPV	IgA2	antibody_isotype_or_subclass	Antibody abundance	high	0.3	0.025	20	20	9.639142316027357	2.859650936731494	0.639437388645257	8.300784480304829	10.977500151749885	797.3903390975588	315.34439497141534	2016.3077670803546	10.309310148398737	8.71661591156516	11.71927631071337	1.0	0.0	0.0	1.722390796236717	1373.4177810697097
0	hpv_vaccine_naive	unvaccinated_baseline_to_primary_2vHPV_response	primary_2vHPV_induction	HPV16	vaccine_target_2vHPV_and_4vHPV	IgG1	antibody_isotype_or_subclass	IgG subclass architecture	none	0.0125	0.0125	20	20	6.35407373764079	2.0931570512574473	0.4680441454194664	5.374446082752888	7.333701392528692	81.80254015087215	41.482935476311916	161.31104268057885	6.703026559400367	5.597693847269375	7.5762488721747685	1.0	0.0	0.0	136.6756191914997	11180.412826557988
0	hpv_vaccine_naive	unvaccinated_baseline_to_primary_2vHPV_response	primary_2vHPV_induction	HPV16	vaccine_target_2vHPV_and_4vHPV	IgG2	antibody_isotype_or_subclass	IgG subclass architecture	moderate	0.15	0.0125	20	20	1.2912135836911287	4.313373546779242	0.9644996462947754	-0.7275073764720976	3.309934543854355	2.447338371491546	0.6039464844732393	9.917211638045863	0.8827673731814898	0.0	3.0976658134367634	0.55	0.2	0.25	4.378999943234302	10.71689458983661
0	hpv_vaccine_naive	unvaccinated_baseline_to_primary_2vHPV_response	primary_2vHPV_induction	HPV16	vaccine_target_2vHPV_and_4vHPV	IgG3	antibody_isotype_or_subclass	IgG subclass architecture	none	0.025	0.0125	20	20	6.048283248858004	3.152865970847082	0.7050022634759946	4.572696552990475	7.523869944725533	66.17815881068151	23.796814406713967	184.0392847849479	5.411395565912562	4.34598548884076	8.316582074857653	1.0	0.0	0.0	61.96419997957186	4100.676666824935
0	hpv_vaccine_naive	unvaccinated_baseline_to_primary_2vHPV_response	primary_2vHPV_induction	HPV16	vaccine_target_2vHPV_and_4vHPV	IgG4	antibody_isotype_or_subclass	IgG subclass architecture	moderate	0.0125	0.1875	20	20	0.819372315259957	1.4795592657490013	0.33083950949544433	0.12691726373736112	1.511827366782553	1.7646380705006466	1.0919579219024536	2.851710178021328	0.0	0.0	1.2092259537621006	0.35	0.0	0.65	1.0566431082468761	1.8645926557445731
0	hpv_vaccine_naive	unvaccinated_baseline_to_primary_2vHPV_response	primary_2vHPV_induction	HPV16	vaccine_target_2vHPV_and_4vHPV	FcgR2A	fc_gamma_receptor_binding	Fc-receptor engagement	low	0.05	0.075	20	20	-0.42526205818272117	9.81287023436013	2.1942244898413543	-5.017826696192375	4.167302579826933	0.7447034476987028	0.030866234505305058	17.96731068439907	-0.11694841353077479	-9.977928315891713	9.605260852043685	0.5	0.5	0.0	125.4744429775559	93.44125028346006
0	hpv_vaccine_naive	unvaccinated_baseline_to_primary_2vHPV_response	primary_2vHPV_induction	HPV16	vaccine_target_2vHPV_and_4vHPV	FcgR2B	fc_gamma_receptor_binding	Fc-receptor engagement	moderate	0.15	0.0125	20	20	7.728529739934484	3.8910062866761614	0.870055455788693	5.907482742299605	9.549576737569364	212.08955168930208	60.02463174320403	749.3919850805578	9.299342043173427	5.428189432038107	10.579522983902507	1.0	0.0	0.0	7.696501586246387	1632.3475710029975
0	hpv_vaccine_naive	unvaccinated_baseline_to_primary_2vHPV_response	primary_2vHPV_induction	HPV16	vaccine_target_2vHPV_and_4vHPV	FcgR3A	fc_gamma_receptor_binding	Fc-receptor engagement	low	0.075	0.0125	20	20	6.662738455416481	3.13368090977363	0.700712353404722	5.196130644519373	8.129346266313588	101.31742144355236	36.65989235386677	280.0122757831191	6.869438191101573	5.683745856915687	8.62631489899162	1.0	0.0	0.0	7.819456783631061	792.2471984067921
0	hpv_vaccine_naive	unvaccinated_baseline_to_primary_2vHPV_response	primary_2vHPV_induction	HPV16	vaccine_target_2vHPV_and_4vHPV	ADCP	antibody_dependent_cellular_phagocytosis	Phagocytic function	none	0.0125	0.0125	20	20	1.5838570278059971	0.9456884756161937	0.21146237170159615	1.1412611972323352	2.026452858379659	2.997702114193193	2.205737634653062	4.074019422918251	1.7044400449538935	0.8414834396870368	2.2797215511390596	0.95	0.05	0.0	18.808258694298427	56.38155685219091
0	hpv_vaccine_naive	unvaccinated_baseline_to_primary_2vHPV_response	primary_2vHPV_induction	HPV16	vaccine_target_2vHPV_and_4vHPV	nAb	neutralizing_antibody	Neutralization	moderate	0.25	0.05	20	20	5.1	2.5526044491233284	0.5707797067908166	3.905344343918725	6.294655656081274	34.29675080116137	14.983931912277411	78.50189939485531	5.000000000000001	3.000000000000001	6.500000000000001	1.0	0.0	0.0	53.58867312681463	1837.9173679952603
0	hpv_vaccine_naive	unvaccinated_baseline_to_primary_2vHPV_response	primary_2vHPV_induction	HPV18	vaccine_target_2vHPV_and_4vHPV	IgG	antibody_isotype_or_subclass	Antibody abundance	none	0.0125	0.0125	20	20	3.750673700138944	1.7864243581986583	0.39945663015936334	2.9146013645225315	4.586746035755357	13.4606269307239	7.540192545821873	24.02968840212556	3.8061557820848377	2.4785541981699644	4.692439442051291	1.0	0.0	0.0	327.6122682267514	4409.86652052856
0	hpv_vaccine_naive	unvaccinated_baseline_to_primary_2vHPV_response	primary_2vHPV_induction	HPV18	vaccine_target_2vHPV_and_4vHPV	IgM	antibody_isotype_or_subclass	Antibody abundance	none	0.0125	0.0125	20	20	1.2226119047871562	1.1729141813180581	0.2622715841200692	0.6736711704360911	1.7715526391382213	2.3336883404521234	1.5951268652450232	3.4142119909225053	1.379803549092677	0.4860186783664062	2.098972985971161	0.8	0.2	0.0	1959.9525841229222	4573.918493406678
0	hpv_vaccine_naive	unvaccinated_baseline_to_primary_2vHPV_response	primary_2vHPV_induction	HPV18	vaccine_target_2vHPV_and_4vHPV	IgA1	antibody_isotype_or_subclass	Antibody abundance	none	0.0125	0.0125	20	20	3.8036306462243195	1.989256742878739	0.4448113301776681	2.8726298324891237	4.734631459959515	13.96390600973548	7.323990056724336	26.6235575879436	3.415000080426993	2.3764031218756108	5.071394892053292	1.0	0.0	0.0	158.1857932750249	2208.8915493678983
0	hpv_vaccine_naive	unvaccinated_baseline_to_primary_2vHPV_response	primary_2vHPV_induction	HPV18	vaccine_target_2vHPV_and_4vHPV	IgA2	antibody_isotype_or_subclass	Antibody abundance	high	0.475	0.125	20	20	5.806649541396817	3.431341863685995	0.7672713661242702	4.20073211584003	7.412566966953604	55.972626465942355	18.38850281640327	170.37465990440558	6.164463079435475	3.5365065648079215	8.682806148461928	0.9	0.0	0.1	7.229439324233573	404.6507068535208
0	hpv_vaccine_naive	unvaccinated_baseline_to_primary_2vHPV_response	primary_2vHPV_induction	HPV18	vaccine_target_2vHPV_and_4vHPV	IgG1	antibody_isotype_or_subclass	IgG subclass architecture	none	0.0125	0.0125	20	20	3.767649968659086	1.4305424529947657	0.31987901695955934	3.0981354916622594	4.437164445655912	13.619954405647801	8.563113760162183	21.663049587748507	3.5051072650759654	2.3626717342027868	5.113481823248527	1.0	0.0	0.0	213.53747907079182	2908.3707288411565
0	hpv_vaccine_naive	unvaccinated_baseline_to_primary_2vHPV_response	primary_2vHPV_induction	HPV18	vaccine_target_2vHPV_and_4vHPV	IgG2	antibody_isotype_or_subclass	IgG subclass architecture	low	0.1125	0.0875	20	20	0.6552732689055487	2.3513249594073136	0.5257722446426687	-0.44518068627178287	1.7557272240828803	1.5749142381679537	0.7344923214590121	3.3769649935306516	0.1410060403240303	0.0	0.8985652520222268	0.55	0.1	0.35	6.760811579164418	10.647698417596814
0	hpv_vaccine_naive	unvaccinated_baseline_to_primary_2vHPV_response	primary_2vHPV_induction	HPV18	vaccine_target_2vHPV_and_4vHPV	IgG3	antibody_isotype_or_subclass	IgG subclass architecture	none	0.0375	0.0125	20	20	3.7589881512686154	3.151368624786607	0.7046674467182882	2.284102234928785	5.233874067608445	13.5384263552065	4.870609212556416	37.63163501248087	3.840413850302767	0.794002612640555	6.3140786187997495	0.85	0.15	0.0	68.14179590832741	922.5326856164025
0	hpv_vaccine_naive	unvaccinated_baseline_to_primary_2vHPV_response	primary_2vHPV_induction	HPV18	vaccine_target_2vHPV_and_4vHPV	IgG4	antibody_isotype_or_subclass	IgG subclass architecture	high	0.3875	0.0125	20	20	-0.2462005357836608	2.2292764715362545	0.498481373099594	-1.289534040355571	0.7971329687882496	0.8431139085859541	0.409083133047633	1.7376445163001026	0.0	-0.8793292738210172	0.0	0.2	0.3	0.5	2.2849066981658237	1.9264366170448146
0	hpv_vaccine_naive	unvaccinated_baseline_to_primary_2vHPV_response	primary_2vHPV_induction	HPV18	vaccine_target_2vHPV_and_4vHPV	FcgR2A	fc_gamma_receptor_binding	Fc-receptor engagement	low	0.0875	0.05	20	20	-0.18342677287726056	8.363284204536651	1.8700871996494206	-4.097564265584485	3.7307107198299643	0.8806088370426944	0.05841309891242151	13.275651152155927	-1.8038825444078825	-7.177787025723504	7.976095455779232	0.5	0.5	0.0	52.03640516241492	45.82371823395669
0	hpv_vaccine_naive	unvaccinated_baseline_to_primary_2vHPV_response	primary_2vHPV_induction	HPV18	vaccine_target_2vHPV_and_4vHPV	FcgR2B	fc_gamma_receptor_binding	Fc-receptor engagement	none	0.0125	0.0125	20	20	2.7687396933893913	1.8466655165885089	0.4129269626796671	1.9044736277871048	3.6330057589916778	6.815122991610868	3.7437228304685783	12.40634082544239	2.697927448427191	1.7398926892357007	3.064383511009902	1.0	0.0	0.0	69.89374718998887	476.3344834443312
0	hpv_vaccine_naive	unvaccinated_baseline_to_primary_2vHPV_response	primary_2vHPV_induction	HPV18	vaccine_target_2vHPV_and_4vHPV	FcgR3A	fc_gamma_receptor_binding	Fc-receptor engagement	low	0.125	0.025	20	20	3.8067782894436752	2.2559947400624463	0.5044557595661597	2.750940250286912	4.8626163286004385	13.994405440334917	6.731557062750618	29.093325927842752	3.8729211812802307	2.0012147622372445	5.113973383949521	0.95	0.0	0.05	7.2401679830483605	101.32184621091066
0	hpv_vaccine_naive	unvaccinated_baseline_to_primary_2vHPV_response	primary_2vHPV_induction	HPV18	vaccine_target_2vHPV_and_4vHPV	ADCP	antibody_dependent_cellular_phagocytosis	Phagocytic function	none	0.0125	0.0125	20	20	0.6181995887552679	0.3754225950170024	0.08394704427473912	0.4424964057917635	0.7939027717187723	1.5349584341901366	1.358953796026848	1.733758279037831	0.5777996891447641	0.3378032260813906	0.8545669542800309	0.95	0.05	0.0	32.70147317944612	50.19540206723337
0	hpv_vaccine_naive	unvaccinated_baseline_to_primary_2vHPV_response	primary_2vHPV_induction	HPV18	vaccine_target_2vHPV_and_4vHPV	nAb	neutralizing_antibody	Neutralization	high	0.35	0.025	20	20	3.900000000000001	2.291862033139728	0.5124759301151307	2.8273755509637843	4.972624449036218	14.928527864588927	7.097817848566224	31.398515566136503	3.500000000000001	2.750000000000001	5.000000000000001	0.9	0.0	0.1	51.763246192068856	772.7490631398782
0	hpv_vaccine_naive	unvaccinated_baseline_to_primary_2vHPV_response	primary_2vHPV_induction	HPV31	cross_reactive_non_booster_target	IgG	antibody_isotype_or_subclass	Antibody abundance	none	0.0125	0.0125	20	20	2.0329573073070186	2.7368523439308086	0.6119787885408922	0.7520709821033034	3.313843632510734	4.09242877268495	1.6842087700094508	9.944119492624223	0.9531050864056083	0.12172072610620943	2.8693655926490105	0.85	0.15	0.0	169.90210272916997	695.3122537485302
0	hpv_vaccine_naive	unvaccinated_baseline_to_primary_2vHPV_response	primary_2vHPV_induction	HPV31	cross_reactive_non_booster_target	IgM	antibody_isotype_or_subclass	Antibody abundance	none	0.0125	0.0125	20	20	1.5753647784969118	1.4555372388184926	0.3254680209780495	0.8941523816492011	2.2565771753446224	2.980108337042	1.85851764017759	4.7785641139562225	1.1816874622339864	0.36764211252705303	2.6483531728506158	0.9	0.1	0.0	531.007888945168	1582.4610368805716
0	hpv_vaccine_naive	unvaccinated_baseline_to_primary_2vHPV_response	primary_2vHPV_induction	HPV31	cross_reactive_non_booster_target	IgA1	antibody_isotype_or_subclass	Antibody abundance	low	0.05	0.0125	20	20	2.4189533227667677	2.8153041451932905	0.6295211445989135	1.1013504243626193	3.736556221170916	5.347828954133434	2.1455543161784183	13.329550460231586	1.2974046574040408	0.44691813324274343	3.2334963680904623	0.95	0.05	0.0	108.97628560626377	582.7865354790922
0	hpv_vaccine_naive	unvaccinated_baseline_to_primary_2vHPV_response	primary_2vHPV_induction	HPV31	cross_reactive_non_booster_target	IgA2	antibody_isotype_or_subclass	Antibody abundance	high	0.575	0.2125	20	20	3.4641104511711225	4.9250925938069114	1.1012841835233014	1.1590961643174889	5.769124738024756	11.035732225992557	2.2331747735589658	54.53553712221122	0.617748233192082	0.0	6.120218253637638	0.65	0.05	0.3	3.5186264732970223	38.83061956259448
0	hpv_vaccine_naive	unvaccinated_baseline_to_primary_2vHPV_response	primary_2vHPV_induction	HPV31	cross_reactive_non_booster_target	IgG1	antibody_isotype_or_subclass	IgG subclass architecture	none	0.0125	0.0125	20	20	1.9731375636557327	2.5464605886765144	0.5694058978304817	0.7813573227746007	3.1649178045368647	3.926210609050766	1.7187471517901272	8.968817624260476	0.7543156623487608	0.434497825947171	2.305948669666643	0.95	0.05	0.0	90.88345024715592	356.82756654752114
0	hpv_vaccine_naive	unvaccinated_baseline_to_primary_2vHPV_response	primary_2vHPV_induction	HPV31	cross_reactive_non_booster_target	IgG2	antibody_isotype_or_subclass	IgG subclass architecture	high	0.3875	0.1875	20	20	-0.23522945806085724	2.474131318017737	0.553232581234881	-1.3931585582678363	0.9226996421461219	0.8495498690086112	0.38073033875681755	1.89565922770746	0.0	0.0	0.30947118545835106	0.35	0.2	0.45	4.135532773822475	3.513341326281703
0	hpv_vaccine_naive	unvaccinated_baseline_to_primary_2vHPV_response	primary_2vHPV_induction	HPV31	cross_reactive_non_booster_target	IgG3	antibody_isotype_or_subclass	IgG subclass architecture	none	0.0125	0.0375	20	20	1.6810237828465269	4.484744457494031	1.0028193468672069	-0.41790123237252086	3.7799487980655746	3.2065541772492256	0.7485127352002986	13.736559457312431	0.7947249458567347	-1.1359538958747684	4.947992721495378	0.5	0.45	0.05	22.51245405254982	72.18740358233492
0	hpv_vaccine_naive	unvaccinated_baseline_to_primary_2vHPV_response	primary_2vHPV_induction	HPV31	cross_reactive_non_booster_target	IgG4	antibody_isotype_or_subclass	IgG subclass architecture	high	0.0125	0.45	20	20	-0.0070546159617299155	0.4903101567457128	0.10963668405419909	-0.23652683293272744	0.22241760100926763	0.9951220488712177	0.8487862362324547	1.1666870289334526	0.0	0.0	0.0	0.1	0.1	0.8	1.1099151873048239	1.1045010752640576
0	hpv_vaccine_naive	unvaccinated_baseline_to_primary_2vHPV_response	primary_2vHPV_induction	HPV31	cross_reactive_non_booster_target	FcgR2A	fc_gamma_receptor_binding	Fc-receptor engagement	low	0.125	0.1	20	20	-1.0157618476208332	6.960460208308215	1.5564062180459515	-4.273357500421602	2.241833805179935	0.4945670919421334	0.05171198516597943	4.729979087962285	-0.09669198713315064	-5.606581063297003	3.395041083054583	0.4	0.5	0.1	26.960337878435702	13.333695902315297
0	hpv_vaccine_naive	unvaccinated_baseline_to_primary_2vHPV_response	primary_2vHPV_induction	HPV31	cross_reactive_non_booster_target	FcgR2B	fc_gamma_receptor_binding	Fc-receptor engagement	moderate	0.1875	0.0375	20	20	2.3336024071487924	3.1468562701581706	0.7036584535495112	0.8608283377819461	3.8063764765156387	5.040624227431785	1.8160807322570816	13.990508324260759	1.2364679414935222	-0.07927366170258021	3.8365370081541927	0.6	0.3	0.1	12.766758129037452	64.3524303309878
0	hpv_vaccine_naive	unvaccinated_baseline_to_primary_2vHPV_response	primary_2vHPV_induction	HPV31	cross_reactive_non_booster_target	FcgR3A	fc_gamma_receptor_binding	Fc-receptor engagement	moderate	0.1625	0.025	20	20	2.0160363294119827	2.766497487699776	0.6186076442079087	0.7212756498440014	3.3107970089799643	4.044710174515821	1.6486391385565193	9.923142071075462	0.5497678367754573	0.13829790737633363	3.39710630682399	0.8	0.1	0.1	6.152252555255513	24.884078506432925
0	hpv_vaccine_naive	unvaccinated_baseline_to_primary_2vHPV_response	primary_2vHPV_induction	HPV33	cross_reactive_non_booster_target	IgG	antibody_isotype_or_subclass	Antibody abundance	none	0.0125	0.0125	20	20	0.43412351303267754	1.1486684360437476	0.2568500706602189	-0.10346986323562274	0.9717168893009778	1.3510897500397925	0.9307916261692847	1.9611731147338367	0.33579878547604425	-0.12974770029945337	0.8050116029847503	0.65	0.35	0.0	321.87391583097326	434.8805484843988
0	hpv_vaccine_naive	unvaccinated_baseline_to_primary_2vHPV_response	primary_2vHPV_induction	HPV33	cross_reactive_non_booster_target	IgM	antibody_isotype_or_subclass	Antibody abundance	none	0.0125	0.0125	20	20	0.23385382390892556	0.4775269284500856	0.10677826731010696	0.010364341940836186	0.45734330587701494	1.1759720929446666	1.0072098813317765	1.3730111161698653	0.2787068866458684	-0.006803870803028911	0.5929623140204985	0.7	0.3	0.0	2679.282918507144	3150.7619412677436
0	hpv_vaccine_naive	unvaccinated_baseline_to_primary_2vHPV_response	primary_2vHPV_induction	HPV33	cross_reactive_non_booster_target	IgA1	antibody_isotype_or_subclass	Antibody abundance	none	0.0375	0.025	20	20	1.3008390024516268	2.1403258141731225	0.47859140144886847	0.2991356869861834	2.3025423179170703	2.463721192591599	1.2304070603877795	4.933263397327998	0.7228291672527329	-0.11416182915661444	1.5944189610117725	0.7	0.3	0.0	174.41304277310368	429.70510974448104
0	hpv_vaccine_naive	unvaccinated_baseline_to_primary_2vHPV_response	primary_2vHPV_induction	HPV33	cross_reactive_non_booster_target	IgA2	antibody_isotype_or_subclass	Antibody abundance	high	0.5125	0.3875	20	20	2.5550310632465476	3.024596753017293	0.6763203944271808	1.139476209223574	3.9705859172695215	5.876801067515869	2.203010252605759	15.677090356844657	2.2144216494019373	0.0	3.645775539673907	0.6	0.05	0.35	4.534776813390829	26.649981217881408
0	hpv_vaccine_naive	unvaccinated_baseline_to_primary_2vHPV_response	primary_2vHPV_induction	HPV33	cross_reactive_non_booster_target	IgG1	antibody_isotype_or_subclass	IgG subclass architecture	none	0.0125	0.0125	20	20	0.3666587836314151	0.6346751290540412	0.1419176732193288	0.06962167983770856	0.6636958874251215	1.2893632632058072	1.0494414508749605	1.5841356591343627	0.23331169474016633	0.02750610709309753	0.9584372263412024	0.75	0.25	0.0	213.96632986788708	275.88032529462873
0	hpv_vaccine_naive	unvaccinated_baseline_to_primary_2vHPV_response	primary_2vHPV_induction	HPV33	cross_reactive_non_booster_target	IgG2	antibody_isotype_or_subclass	IgG subclass architecture	high	0.35	0.3125	20	20	0.340542911336152	2.0982874705186894	0.4691913420415875	-0.6414858536769856	1.3225716763492896	1.2662330099153638	0.641052379029516	2.5011154904792874	0.0	0.0	1.3027513054622708	0.45	0.15	0.4	5.884434140955448	7.451064753950745
0	hpv_vaccine_naive	unvaccinated_baseline_to_primary_2vHPV_response	primary_2vHPV_induction	HPV33	cross_reactive_non_booster_target	IgG3	antibody_isotype_or_subclass	IgG subclass architecture	none	0.025	0.0125	20	20	0.49865029982285325	1.9483473558384936	0.43566371314368435	-0.4132043314196995	1.410504931065406	1.4128911264760762	0.7509535970679952	2.658301848568259	0.7344026702280155	-0.7161598180540458	2.232125293743367	0.6	0.4	0.0	110.16063589531652	155.64498494345443
0	hpv_vaccine_naive	unvaccinated_baseline_to_primary_2vHPV_response	primary_2vHPV_induction	HPV33	cross_reactive_non_booster_target	IgG4	antibody_isotype_or_subclass	IgG subclass architecture	none	0.0125	0.025	20	20	-0.1383134481543283	1.238700629465619	0.27698188112569033	-0.7180431879856483	0.4414162916769916	0.9085806915784878	0.6079214428074774	1.3579367579088284	0.0	-0.08048202372184186	0.0	0.15	0.25	0.6	1.7648872983452828	1.6035425220886461
0	hpv_vaccine_naive	unvaccinated_baseline_to_primary_2vHPV_response	primary_2vHPV_induction	HPV33	cross_reactive_non_booster_target	FcgR2A	fc_gamma_receptor_binding	Fc-receptor engagement	moderate	0.2875	0.0625	20	20	-0.5411164284058568	3.870526680366261	0.865476076602556	-2.352578675249895	1.2703458184381815	0.6872388839810005	0.19579574591739504	2.4121937963591424	-0.13565101090869702	-3.5460538588921127	1.885589749972631	0.45	0.5	0.05	11.69266111049398	8.035651372343924
0	hpv_vaccine_naive	unvaccinated_baseline_to_primary_2vHPV_response	primary_2vHPV_induction	HPV33	cross_reactive_non_booster_target	FcgR2B	fc_gamma_receptor_binding	Fc-receptor engagement	none	0.025	0.0125	20	20	0.9672134974712734	1.5891507250107857	0.3553449047617192	0.22346806419358178	1.710958930748965	1.9550608314251574	1.1675368329644655	3.2737835301245357	0.8392609294567346	-0.3477188621512137	1.8543313879333345	0.7	0.3	0.0	43.39022672311179	84.83053273301294
0	hpv_vaccine_naive	unvaccinated_baseline_to_primary_2vHPV_response	primary_2vHPV_induction	HPV33	cross_reactive_non_booster_target	FcgR3A	fc_gamma_receptor_binding	Fc-receptor engagement	high	0.4125	0.1625	20	20	0.6679077505291315	2.3132380734128124	0.5172557580291697	-0.41472099330710055	1.7505364943653636	1.5887672072595758	0.7501645569664814	3.3648367087225317	0.0	0.0	0.20961541662517302	0.4	0.2	0.4	3.2865399157099255	5.221546843429579
0	hpv_vaccine_naive	unvaccinated_baseline_to_primary_2vHPV_response	primary_2vHPV_induction	HPV45	cross_reactive_non_booster_target	IgG	antibody_isotype_or_subclass	Antibody abundance	none	0.0125	0.0125	20	20	1.167879910523734	2.295786478084552	0.513353462682189	0.09341876471613797	2.2423410563313304	2.2468127742985695	1.0668954189109847	4.731642439616121	0.5180475704977527	-0.2540980256283982	1.5666450842812978	0.65	0.35	0.0	195.6196819274391	439.52080025879394
0	hpv_vaccine_naive	unvaccinated_baseline_to_primary_2vHPV_response	primary_2vHPV_induction	HPV45	cross_reactive_non_booster_target	IgM	antibody_isotype_or_subclass	Antibody abundance	none	0.0125	0.0125	20	20	0.5097683869783175	0.9986208806539919	0.22329841728930305	0.04239942828051224	0.9771373456761228	1.4238215942050627	1.0298251640266283	1.9685554431375563	0.49776060812051437	-0.0097069048180356	1.0021862546699185	0.7	0.3	0.0	1246.6325675479577	1774.982369714083
0	hpv_vaccine_naive	unvaccinated_baseline_to_primary_2vHPV_response	primary_2vHPV_induction	HPV45	cross_reactive_non_booster_target	IgA1	antibody_isotype_or_subclass	Antibody abundance	none	0.0375	0.0125	20	20	1.3073489819575481	1.594932798815799	0.3566378157696123	0.5608974548401271	2.053800509074969	2.474863544218852	1.4751865987325878	4.151982920510375	1.027591402340847	0.43457881872185133	1.5331676716763267	0.9	0.1	0.0	261.9509000881103	648.2927330033787
0	hpv_vaccine_naive	unvaccinated_baseline_to_primary_2vHPV_response	primary_2vHPV_induction	HPV45	cross_reactive_non_booster_target	IgA2	antibody_isotype_or_subclass	Antibody abundance	high	0.3875	0.4375	20	20	-1.4188406596585104	5.971427762910472	1.3352518400597313	-4.213554879596423	1.3758735602794019	0.3740127456365753	0.053900599163293726	2.5952500727277914	-0.1674986947327568	-6.772885575887535	0.36570540773050464	0.3	0.5	0.2	43.67268498443095	16.334140820348264
0	hpv_vaccine_naive	unvaccinated_baseline_to_primary_2vHPV_response	primary_2vHPV_induction	HPV45	cross_reactive_non_booster_target	IgG1	antibody_isotype_or_subclass	IgG subclass architecture	none	0.0125	0.0125	20	20	1.1725152600167807	1.7672467959617855	0.3951683968789253	0.3454182998072389	1.9996122202263225	2.254043347150666	1.2705193077409687	3.9989249906543125	0.8248908196329965	0.2261691157439496	1.676612655424931	0.8	0.2	0.0	136.51387176806674	307.7081844525895
0	hpv_vaccine_naive	unvaccinated_baseline_to_primary_2vHPV_response	primary_2vHPV_induction	HPV45	cross_reactive_non_booster_target	IgG2	antibody_isotype_or_subclass	IgG subclass architecture	high	0.5	0.3625	20	20	-0.40772121500451936	2.8502213546932156	0.6373288700015569	-1.7416658704866148	0.9262234404775762	0.7538131068221844	0.29902419545677567	1.9002950552175404	0.0	-0.40587235603081917	0.23176711938653716	0.25	0.3	0.45	4.437183475877857	3.3448070614915464
0	hpv_vaccine_naive	unvaccinated_baseline_to_primary_2vHPV_response	primary_2vHPV_induction	HPV45	cross_reactive_non_booster_target	IgG3	antibody_isotype_or_subclass	IgG subclass architecture	low	0.0625	0.0375	20	20	0.4596471759649523	2.93821689686906	0.6570052714037707	-0.9154806609561692	1.8347750128860738	1.3752054581603037	0.5301672060914439	3.567157738963764	0.9553893408087268	-0.7509146332921512	1.809334399376444	0.65	0.3	0.05	47.556452799157405	65.39989346014411
0	hpv_vaccine_naive	unvaccinated_baseline_to_primary_2vHPV_response	primary_2vHPV_induction	HPV45	cross_reactive_non_booster_target	IgG4	antibody_isotype_or_subclass	IgG subclass architecture	none	0.0125	0.0125	20	20	0.20635147071500853	1.355248285544459	0.3030427292867456	-0.4279242511956814	0.8406271926256985	1.1537666525349524	0.7433305198120083	1.7908285117075111	0.0	0.0	0.0	0.2	0.2	0.6	1.8383519480950823	2.1210291733347715
0	hpv_vaccine_naive	unvaccinated_baseline_to_primary_2vHPV_response	primary_2vHPV_induction	HPV45	cross_reactive_non_booster_target	FcgR2A	fc_gamma_receptor_binding	Fc-receptor engagement	moderate	0.175	0.2125	20	20	-2.1522782051032046	5.6790813861879235	1.2698812029269932	-4.810170109070302	0.5056136988638928	0.22495709819487167	0.03564466298869549	1.4197271564695795	-0.34337185533518344	-6.5250924805556	0.0	0.2	0.5	0.3	20.710747707286014	4.6590297056771535
0	hpv_vaccine_naive	unvaccinated_baseline_to_primary_2vHPV_response	primary_2vHPV_induction	HPV45	cross_reactive_non_booster_target	FcgR2B	fc_gamma_receptor_binding	Fc-receptor engagement	moderate	0.1875	0.05	20	20	0.9364258095148028	1.8138506694313232	0.40558933978819384	0.08751756512654674	1.7853340539030589	1.9137810827655912	1.0625403031961633	3.4469826901947336	0.29414684457062457	-0.024874293355974242	1.9820193615691017	0.65	0.3	0.05	32.50342998827671	62.20444943655981
0	hpv_vaccine_naive	unvaccinated_baseline_to_primary_2vHPV_response	primary_2vHPV_induction	HPV45	cross_reactive_non_booster_target	FcgR3A	fc_gamma_receptor_binding	Fc-receptor engagement	high	0.325	0.05	20	20	1.279967226680486	2.085175956336475	0.4662595183416491	0.30407483919460376	2.2558596141663685	2.428334604332203	1.234626650967339	4.776187964172848	1.240934503878526	0.01243716314670329	2.5711845087125997	0.75	0.15	0.1	5.314373756380033	12.90507769297256
0	hpv_vaccine_naive	unvaccinated_baseline_to_primary_2vHPV_response	primary_2vHPV_induction	HPV52	cross_reactive_non_booster_target	IgG	antibody_isotype_or_subclass	Antibody abundance	none	0.0125	0.0125	20	20	0.5977975761374935	2.4976327553611064	0.5584876623817536	-0.5711305353177577	1.7667256875927446	1.5134044330078131	0.673089130652407	3.4028078504665267	0.5736772949334923	0.10754130617777857	1.2835704118743867	0.8	0.2	0.0	271.0196980052973	410.16241239365615
0	hpv_vaccine_naive	unvaccinated_baseline_to_primary_2vHPV_response	primary_2vHPV_induction	HPV52	cross_reactive_non_booster_target	IgM	antibody_isotype_or_subclass	Antibody abundance	none	0.0125	0.0125	20	20	0.1728144156751016	1.024032466625804	0.22898062065420824	-0.3064475313474898	0.652076362697693	1.1272553957824494	0.8086304681630454	1.571428207753894	0.2162094511439676	-0.19247406344197238	0.6019999797369802	0.6	0.4	0.0	1482.9121874235916	1671.6207647447993
0	hpv_vaccine_naive	unvaccinated_baseline_to_primary_2vHPV_response	primary_2vHPV_induction	HPV52	cross_reactive_non_booster_target	IgA1	antibody_isotype_or_subclass	Antibody abundance	moderate	0.175	0.0625	20	20	1.0713536639138435	1.55861708611458	0.3485173755444844	0.3418984135199995	1.8008089143076873	2.101404165508292	1.2674232740654678	3.48415525986901	0.7054471217288114	0.22262121381331057	1.1029745837198484	0.8	0.15	0.05	202.95362749526154	426.4875982235616
0	hpv_vaccine_naive	unvaccinated_baseline_to_primary_2vHPV_response	primary_2vHPV_induction	HPV52	cross_reactive_non_booster_target	IgA2	antibody_isotype_or_subclass	Antibody abundance	high	0.0125	0.3375	20	20	3.571645274820687	3.1636113603989293	0.7074050056242592	2.0910295818402997	5.0522609678010735	11.889740105269754	4.260520172808746	33.18043666899588	3.5889588960979215	0.0	5.513997958257606	0.7	0.1	0.2	4.984159790779798	59.26036455550747
0	hpv_vaccine_naive	unvaccinated_baseline_to_primary_2vHPV_response	primary_2vHPV_induction	HPV52	cross_reactive_non_booster_target	IgG1	antibody_isotype_or_subclass	IgG subclass architecture	none	0.0125	0.0125	20	20	0.520554669309383	2.147264782139508	0.4801430018555216	-0.484396183130015	1.525505521748781	1.4345066631529726	0.7147961737475247	2.8788757441742003	0.5529012159766364	0.29536015645295777	1.0993974362090648	0.8	0.2	0.0	175.20958380547745	251.3393154172162
0	hpv_vaccine_naive	unvaccinated_baseline_to_primary_2vHPV_response	primary_2vHPV_induction	HPV52	cross_reactive_non_booster_target	IgG2	antibody_isotype_or_subclass	IgG subclass architecture	high	0.4125	0.2125	20	20	-0.1840817662334134	2.4092349542929368	0.5387213131567605	-1.3116384332929198	0.9434749008260931	0.8802091253869778	0.40286309799757997	1.9231548093272186	0.0	-0.14624062518028902	0.032081024243884926	0.25	0.25	0.5	4.359960989515195	3.8376774493025123
0	hpv_vaccine_naive	unvaccinated_baseline_to_primary_2vHPV_response	primary_2vHPV_induction	HPV52	cross_reactive_non_booster_target	IgG3	antibody_isotype_or_subclass	IgG subclass architecture	low	0.0875	0.0375	20	20	-0.16576884987306478	3.940883719292465	0.881208388776015	-2.010159204527613	1.6786215047814832	0.89145331404925	0.24824572789305563	3.201219283305222	0.308871568926389	-1.8631560708053738	1.5187173329724273	0.5	0.5	0.0	59.14459606621147	52.724646171328466
0	hpv_vaccine_naive	unvaccinated_baseline_to_primary_2vHPV_response	primary_2vHPV_induction	HPV52	cross_reactive_non_booster_target	IgG4	antibody_isotype_or_subclass	IgG subclass architecture	none	0.0125	0.0125	20	20	0.04322578219433654	0.6116510835364286	0.13676934012988567	-0.24303573660305955	0.3294873009917326	1.0304152012813816	0.8449654537458392	1.2565667416636424	0.0	0.0	0.0	0.1	0.1	0.8	1.1156562718503984	1.149589181919564
0	hpv_vaccine_naive	unvaccinated_baseline_to_primary_2vHPV_response	primary_2vHPV_induction	HPV52	cross_reactive_non_booster_target	FcgR2A	fc_gamma_receptor_binding	Fc-receptor engagement	high	0.3375	0.2	20	20	-1.171386602299029	5.424008643023471	1.212845203634687	-3.709900787780117	1.367127583182059	0.443994403779635	0.07642027249559566	2.5795646122433658	0.0	-1.708659858307238	0.0	0.2	0.35	0.45	12.560751296979905	5.57690328312687
0	hpv_vaccine_naive	unvaccinated_baseline_to_primary_2vHPV_response	primary_2vHPV_induction	HPV52	cross_reactive_non_booster_target	FcgR2B	fc_gamma_receptor_binding	Fc-receptor engagement	high	0.3875	0.1875	20	20	0.7677191859783923	4.07041447094071	0.9101723453622269	-1.1372934265219337	2.6727317984787184	1.7025759845790296	0.45461165404797654	6.376354317919305	0.0	0.0	1.7547513547891573	0.45	0.1	0.45	4.7568257079490674	8.098857213182223
0	hpv_vaccine_naive	unvaccinated_baseline_to_primary_2vHPV_response	primary_2vHPV_induction	HPV52	cross_reactive_non_booster_target	FcgR3A	fc_gamma_receptor_binding	Fc-receptor engagement	moderate	0.25	0.05	20	20	0.3772928197263262	2.554525729172771	0.5712093180702533	-0.8182620230968546	1.5728476625495071	1.29890221047992	0.5671247315963313	2.9749133804139967	0.12114237904816139	0.0	0.833205683997664	0.55	0.2	0.25	9.66935996529399	12.55955303284641
0	hpv_vaccine_naive	unvaccinated_baseline_to_primary_2vHPV_response	primary_2vHPV_induction	HPV58	cross_reactive_non_booster_target	IgG	antibody_isotype_or_subclass	Antibody abundance	none	0.0125	0.0125	20	20	0.7339207789043733	1.3762389123724978	0.30773637613452814	0.08982114123837703	1.3780204165703696	1.6631528673931657	1.0642382348642216	2.599114906514341	0.3310347624467882	-0.18166719377993878	1.2895834240253703	0.65	0.35	0.0	437.9670337859109	728.4061280647181
0	hpv_vaccine_naive	unvaccinated_baseline_to_primary_2vHPV_response	primary_2vHPV_induction	HPV58	cross_reactive_non_booster_target	IgM	antibody_isotype_or_subclass	Antibody abundance	none	0.0125	0.0125	20	20	0.283585800684748	0.7022218541548443	0.1570215801176175	-0.045064143562619674	0.6122357449321156	1.2172165043102319	0.9692467223667901	1.5286262869657	0.37441050907460216	-0.02832163457890191	0.7385054420873987	0.75	0.25	0.0	2364.9289087185466	2878.6304992125997
0	hpv_vaccine_naive	unvaccinated_baseline_to_primary_2vHPV_response	primary_2vHPV_induction	HPV58	cross_reactive_non_booster_target	IgA1	antibody_isotype_or_subclass	Antibody abundance	none	0.0125	0.0125	20	20	0.8254815685332485	0.9576644436339761	0.2141402795600086	0.3772808123964404	1.2736823246700566	1.7721264715330969	1.2988913999607279	2.417778908385486	0.6383877076971647	0.10405731589875522	1.7237423991058851	0.75	0.25	0.0	282.645028700028	500.88273740655166
0	hpv_vaccine_naive	unvaccinated_baseline_to_primary_2vHPV_response	primary_2vHPV_induction	HPV58	cross_reactive_non_booster_target	IgA2	antibody_isotype_or_subclass	Antibody abundance	high	0.5125	0.35	20	20	2.1763461476242396	3.213083071945985	0.7184672166225069	0.6725769809295805	3.6801153143188987	4.52007323500782	1.5939175248642459	12.818142551995702	0.6688765310245226	0.0	3.6130058364688926	0.55	0.15	0.3	4.753527307223043	21.486291553257672
0	hpv_vaccine_naive	unvaccinated_baseline_to_primary_2vHPV_response	primary_2vHPV_induction	HPV58	cross_reactive_non_booster_target	IgG1	antibody_isotype_or_subclass	IgG subclass architecture	none	0.0125	0.0125	20	20	0.6841035895221591	1.0347924999886016	0.23138663725814634	0.19980579187221958	1.1684013871720986	1.606703355148297	1.148543733586493	2.2476250541924974	0.39995948721030006	0.003242138278874318	1.0273505942575176	0.75	0.25	0.0	273.33140435634516	439.16248444673573
0	hpv_vaccine_naive	unvaccinated_baseline_to_primary_2vHPV_response	primary_2vHPV_induction	HPV58	cross_reactive_non_booster_target	IgG2	antibody_isotype_or_subclass	IgG subclass architecture	none	0.0125	0.0125	20	20	-0.5930982554460169	2.2531085466439524	0.5038103870981633	-1.647585514503211	0.4613890036111772	0.662917730278081	0.3191738775166143	1.3768668054426445	0.0	-0.5456916155840404	0.0	0.2	0.4	0.4	6.987654262465766	4.632239903641762
0	hpv_vaccine_naive	unvaccinated_baseline_to_primary_2vHPV_response	primary_2vHPV_induction	HPV58	cross_reactive_non_booster_target	IgG3	antibody_isotype_or_subclass	IgG subclass architecture	low	0.05	0.025	20	20	0.1571756362506112	3.3889571427893763	0.7577938544110506	-1.428905129314471	1.7432564018156933	1.1151019649536165	0.3714126532161623	3.34789992068398	0.45123073612391673	-0.8368064236955302	1.5675910496104397	0.55	0.4	0.05	81.06625443663613	90.39713961372269
0	hpv_vaccine_naive	unvaccinated_baseline_to_primary_2vHPV_response	primary_2vHPV_induction	HPV58	cross_reactive_non_booster_target	IgG4	antibody_isotype_or_subclass	IgG subclass architecture	none	0.0125	0.0125	20	20	-0.19873427044009512	1.2839910652426996	0.28710913043850433	-0.7996605866881243	0.40219204580793405	0.8713146645456413	0.5744843167234465	1.3215143086625862	0.0	0.0	0.0	0.1	0.2	0.7	1.3494747261071154	1.1758171182908426
0	hpv_vaccine_naive	unvaccinated_baseline_to_primary_2vHPV_response	primary_2vHPV_induction	HPV58	cross_reactive_non_booster_target	FcgR2A	fc_gamma_receptor_binding	Fc-receptor engagement	moderate	0.2	0.0375	20	20	-0.13337330587597362	4.859788529549118	1.0866817508345574	-2.407824349859189	2.1410777381072417	0.9116972279451633	0.1884398051082575	4.4109143233584875	0.0	-2.8096679528516755	1.4437066462378163	0.4	0.45	0.15	16.552790505729114	15.091133218830242
0	hpv_vaccine_naive	unvaccinated_baseline_to_primary_2vHPV_response	primary_2vHPV_induction	HPV58	cross_reactive_non_booster_target	FcgR2B	fc_gamma_receptor_binding	Fc-receptor engagement	low	0.075	0.0375	20	20	1.0686274371236375	2.88427274447682	0.6449429922300051	-0.28125375933580465	2.4185086335830794	2.097436941187786	0.82287559484717	5.34618081980695	0.25499777419598413	-0.40163343831531506	1.9823051466048942	0.65	0.35	0.0	28.15842216541764	59.06051485530791
0	hpv_vaccine_naive	unvaccinated_baseline_to_primary_2vHPV_response	primary_2vHPV_induction	HPV58	cross_reactive_non_booster_target	FcgR3A	fc_gamma_receptor_binding	Fc-receptor engagement	high	0.325	0.0875	20	20	0.8332113437185569	1.8585996194969183	0.41559550921503524	-0.03664005397256287	1.7030627414096766	1.7816467796364823	0.9749228394840663	3.2559143337629504	0.6269946331153929	0.0	1.8790109515143643	0.65	0.2	0.15	6.48115447338779	11.547127995837938
0	hpv_vaccine_naive	unvaccinated_baseline_to_primary_2vHPV_response	primary_2vHPV_induction	BPV	heterologous_control_antigen	IgG	antibody_isotype_or_subclass	Antibody abundance	none	0.0125	0.0125	20	20	-0.07525718447833385	0.9271029273707959	0.207306516774015	-0.5091547107219373	0.3586403417652696	0.9491728999508873	0.7026339974898463	1.2822169112507202	-0.10716330743638025	-0.6274383256919642	0.6655247133630326	0.45	0.55	0.0	283.62763402457813	269.21166389331785
0	hpv_vaccine_naive	unvaccinated_baseline_to_primary_2vHPV_response	primary_2vHPV_induction	BPV	heterologous_control_antigen	IgM	antibody_isotype_or_subclass	Antibody abundance	none	0.0125	0.0125	20	20	-0.1197199727079525	0.8357227275214795	0.18687328290795624	-0.5108502489605454	0.27141030354464046	0.9203662765007028	0.7018087066393192	1.206987138954241	-0.13082911692467736	-0.49402728911685	0.34012131648739885	0.45	0.55	0.0	826.7217544152802	760.8868228133205
0	hpv_vaccine_naive	unvaccinated_baseline_to_primary_2vHPV_response	primary_2vHPV_induction	BPV	heterologous_control_antigen	IgA1	antibody_isotype_or_subclass	Antibody abundance	low	0.0875	0.05	20	20	0.9966010300604452	1.34885841170892	0.3016139100603543	0.36531586115999326	1.6278861989608973	1.995293573454703	1.2881636269578625	3.090598399887803	1.1038335322241037	-0.03565109886070017	1.9046038042660764	0.7	0.25	0.05	130.24021697721028	259.86746793997406
0	hpv_vaccine_naive	unvaccinated_baseline_to_primary_2vHPV_response	primary_2vHPV_induction	BPV	heterologous_control_antigen	IgA2	antibody_isotype_or_subclass	Antibody abundance	high	0.0125	0.3875	20	20	0.9365258917708026	2.0658728269991364	0.46194320740397316	-0.0303323530962184	1.9033841366378237	1.9139138496820591	0.9791946949003837	3.740896721644774	0.9664429020707315	0.0	1.5644923279850282	0.65	0.2	0.15	14.0315147192016	26.85511035309761
0	hpv_vaccine_naive	unvaccinated_baseline_to_primary_2vHPV_response	primary_2vHPV_induction	BPV	heterologous_control_antigen	IgG1	antibody_isotype_or_subclass	IgG subclass architecture	none	0.0125	0.0125	20	20	0.14822333606419283	0.864580233104458	0.1933260173224182	-0.256412668534577	0.5528593406629626	1.108203889827583	0.8371669899851449	1.4669903091267107	0.266809530595677	-0.3374048116105055	0.5945945643288175	0.65	0.35	0.0	198.97130417627417	220.5007732522143
0	hpv_vaccine_naive	unvaccinated_baseline_to_primary_2vHPV_response	primary_2vHPV_induction	BPV	heterologous_control_antigen	IgG2	antibody_isotype_or_subclass	IgG subclass architecture	high	0.45	0.3875	20	20	0.7840438471067046	2.186587235566576	0.48893576974602093	-0.23931048003233713	1.8073981742457463	1.7219507102667158	0.8471501015437766	3.5001049320358537	0.0	-0.590546018964772	1.6232401719963658	0.4	0.4	0.2	11.49561311946554	19.79487917601507
0	hpv_vaccine_naive	unvaccinated_baseline_to_primary_2vHPV_response	primary_2vHPV_induction	BPV	heterologous_control_antigen	IgG3	antibody_isotype_or_subclass	IgG subclass architecture	low	0.0625	0.025	20	20	-1.2640528539383673	3.8628969807181335	0.8637700238964441	-3.071944291430425	0.5438385835536903	0.4163726311170237	0.11891937643391469	1.4578462580457217	-0.7547519800772644	-3.544153555579282	1.3003749141234042	0.4	0.6	0.0	199.67098752042727	83.13753443161475
0	hpv_vaccine_naive	unvaccinated_baseline_to_primary_2vHPV_response	primary_2vHPV_induction	BPV	heterologous_control_antigen	IgG4	antibody_isotype_or_subclass	IgG subclass architecture	high	0.6875	0.0125	20	20	0.19903929810108606	1.3199287562717201	0.2951450424480318	-0.41870637528199234	0.8167849714841644	1.1479336824171116	0.7480951198563307	1.7614761869864624	0.0	0.0	0.159357480153823	0.25	0.15	0.6	2.2452190670681857	2.577362591492694
0	hpv_vaccine_naive	unvaccinated_baseline_to_primary_2vHPV_response	primary_2vHPV_induction	BPV	heterologous_control_antigen	FcgR2A	fc_gamma_receptor_binding	Fc-receptor engagement	moderate	0.2125	0.25	20	20	-0.40659620783189787	2.7226593890725344	0.6088051473544235	-1.6808400256922733	0.8676476100284776	0.7544011561776113	0.3119009764317616	1.8246852284754878	0.0	-1.4489648208049437	0.24230165574105844	0.3	0.45	0.25	3.461312511354441	2.6112181604578217
0	hpv_vaccine_naive	unvaccinated_baseline_to_primary_2vHPV_response	primary_2vHPV_induction	BPV	heterologous_control_antigen	FcgR2B	fc_gamma_receptor_binding	Fc-receptor engagement	high	0.75	0.5875	20	20	-0.0799996135111291	1.5377706112208136	0.343855962049114	-0.7996984133316195	0.6396991863093614	0.946057900168486	0.574469254268843	1.5580042688452505	0.0	0.0	0.0	0.1	0.2	0.7	2.05162645633161	1.9409574172071953
0	hpv_vaccine_naive	unvaccinated_baseline_to_primary_2vHPV_response	primary_2vHPV_induction	BPV	heterologous_control_antigen	FcgR3A	fc_gamma_receptor_binding	Fc-receptor engagement	high	0.3875	0.3	20	20	0.36822053834726143	1.636775379731523	0.36599410129777166	-0.39781391944050914	1.1342549961350321	1.2907597880551558	0.7590075178857941	2.1950518159569516	0.0	-0.14584595264543854	0.9830470488758192	0.45	0.35	0.2	4.142657560809641	5.347175795175741
1	previously_4vHPV_vaccinated	six_year_4vHPV_persistence_to_heterologous_2vHPV_recall	recall_after_1_previous_4vHPV_doses	HPV16	vaccine_target_2vHPV_and_4vHPV	IgG	antibody_isotype_or_subclass	Antibody abundance	none	0.0125	0.0125	20	20	0.9236340941015235	1.9934648308737715	0.44575228725888744	-0.009336165438829758	1.8566043536418768	1.8968874680671604	0.9935495572534989	3.6215426198334915	0.048573470013810294	7.28695399985213e-05	0.9125892904523192	0.8	0.1	0.1	17090.60594820993	32418.95624483343
1	previously_4vHPV_vaccinated	six_year_4vHPV_persistence_to_heterologous_2vHPV_recall	recall_after_1_previous_4vHPV_doses	HPV16	vaccine_target_2vHPV_and_4vHPV	IgM	antibody_isotype_or_subclass	Antibody abundance	none	0.0125	0.0125	20	20	1.463621301895222	1.7594627885982355	0.3934278399186996	0.6401673692715003	2.2870752345189436	2.757997792070303	1.55850995397143	4.880656553833025	1.601864278827641	-0.17965784232337345	3.1244645800261965	0.65	0.35	0.0	1251.5400369790714	3451.7446586758674
1	previously_4vHPV_vaccinated	six_year_4vHPV_persistence_to_heterologous_2vHPV_recall	recall_after_1_previous_4vHPV_doses	HPV16	vaccine_target_2vHPV_and_4vHPV	IgA1	antibody_isotype_or_subclass	Antibody abundance	none	0.0125	0.0125	20	20	2.6960906176031876	3.4616638339017847	0.7740515647856931	1.0759820731543759	4.3161991620519995	6.4804348210431195	2.1081566505853986	19.920737606537262	1.5931092736261094	0.8485452218364338	3.820667139891129	0.8	0.2	0.0	1303.0032705046576	8444.027766111465
1	previously_4vHPV_vaccinated	six_year_4vHPV_persistence_to_heterologous_2vHPV_recall	recall_after_1_previous_4vHPV_doses	HPV16	vaccine_target_2vHPV_and_4vHPV	IgA2	antibody_isotype_or_subclass	Antibody abundance	high	0.3	0.025	20	20	4.523405268357246	4.377515273079172	0.9788421723148584	2.4746650562330097	6.572145480481483	22.997502159986308	5.558382265916852	95.15090547867091	3.327628036561573	1.9535484388027191	5.85121125272679	0.95	0.05	0.0	69.44985266895073	1597.173136764925
1	previously_4vHPV_vaccinated	six_year_4vHPV_persistence_to_heterologous_2vHPV_recall	recall_after_1_previous_4vHPV_doses	HPV16	vaccine_target_2vHPV_and_4vHPV	IgG1	antibody_isotype_or_subclass	IgG subclass architecture	none	0.0125	0.0125	20	20	1.3353682467569559	2.0633675521054706	0.46138301090751715	0.36968250663221247	2.3010539868816995	2.523398831003319	1.2920684543171421	4.928176706917715	0.6074038998037832	0.08416867440140852	1.9984532173550074	0.8	0.2	0.0	11333.930198097127	28600.026212551486
1	previously_4vHPV_vaccinated	six_year_4vHPV_persistence_to_heterologous_2vHPV_recall	recall_after_1_previous_4vHPV_doses	HPV16	vaccine_target_2vHPV_and_4vHPV	IgG2	antibody_isotype_or_subclass	IgG subclass architecture	moderate	0.15	0.0125	20	20	2.491257919520913	3.144715481230729	0.7031797585927874	1.0194857702132134	3.963030068828612	5.62267991226438	2.027196263183655	15.595199127948097	1.6065863103447136	0.3855019621195792	3.108327950855738	0.85	0.15	0.0	383.0805521108793	2153.9393251329902
1	previously_4vHPV_vaccinated	six_year_4vHPV_persistence_to_heterologous_2vHPV_recall	recall_after_1_previous_4vHPV_doses	HPV16	vaccine_target_2vHPV_and_4vHPV	IgG3	antibody_isotype_or_subclass	IgG subclass architecture	none	0.025	0.0125	20	20	3.907183967574015	2.7311612379429078	0.610706218555282	2.6289611619611	5.18540677318693	15.00305055941613	6.185804172601095	36.388401541290136	4.325968536986694	1.943960517317592	5.3351337465567426	0.95	0.05	0.0	1674.7901350148406	25126.961072039026
1	previously_4vHPV_vaccinated	six_year_4vHPV_persistence_to_heterologous_2vHPV_recall	recall_after_1_previous_4vHPV_doses	HPV16	vaccine_target_2vHPV_and_4vHPV	IgG4	antibody_isotype_or_subclass	IgG subclass architecture	moderate	0.0125	0.1875	20	20	2.488289295045335	2.8644688252424615	0.640514701267111	1.1476766180911488	3.828901971999521	5.611122054657359	2.2155680177072687	14.210663116920895	2.58922787240041	0.27897658304021866	4.867681845108051	0.75	0.2	0.05	20.970952572518925	117.67057448683441
1	previously_4vHPV_vaccinated	six_year_4vHPV_persistence_to_heterologous_2vHPV_recall	recall_after_1_previous_4vHPV_doses	HPV16	vaccine_target_2vHPV_and_4vHPV	FcgR2A	fc_gamma_receptor_binding	Fc-receptor engagement	low	0.05	0.075	20	20	1.0034217709890243	2.254283365626353	0.5040730846087538	-0.05161532027686899	2.0584588622549176	2.004749211669322	0.9648554190143515	4.165411026860791	0.5259108830232275	0.14031868502849276	0.8750603010974927	0.85	0.15	0.0	1983.594256260992	3976.6090215110157
1	previously_4vHPV_vaccinated	six_year_4vHPV_persistence_to_heterologous_2vHPV_recall	recall_after_1_previous_4vHPV_doses	HPV16	vaccine_target_2vHPV_and_4vHPV	FcgR2B	fc_gamma_receptor_binding	Fc-receptor engagement	moderate	0.15	0.0125	20	20	0.567756456232795	2.6390064599172085	0.5900997837435952	-0.6673365856436637	1.8028494981092538	1.4822167731849423	0.6296680691407455	3.489086822695006	0.3463053103350804	0.018244319246049745	0.6419097257411988	0.75	0.25	0.0	1555.3940049278874	2305.43108301542
1	previously_4vHPV_vaccinated	six_year_4vHPV_persistence_to_heterologous_2vHPV_recall	recall_after_1_previous_4vHPV_doses	HPV16	vaccine_target_2vHPV_and_4vHPV	FcgR3A	fc_gamma_receptor_binding	Fc-receptor engagement	low	0.075	0.0125	20	20	1.1909848145645874	2.060757270396212	0.46079933417328445	0.22652072388459155	2.155448905244583	2.283085382959958	1.1700098892203183	4.4550724860615984	0.6767703288859757	0.33983500153641577	1.1753703075047883	0.85	0.15	0.0	1213.0689799494507	2769.5400566447333
1	previously_4vHPV_vaccinated	six_year_4vHPV_persistence_to_heterologous_2vHPV_recall	recall_after_1_previous_4vHPV_doses	HPV16	vaccine_target_2vHPV_and_4vHPV	ADCP	antibody_dependent_cellular_phagocytosis	Phagocytic function	none	0.0125	0.0125	20	20	1.76210230770852	0.8221144084894105	0.1838303702664352	1.3773409208100937	2.1468636946069464	3.391920385662906	2.5978910361402163	4.428639901606185	1.9088751396987789	1.2531136834372476	2.255991208390763	0.95	0.05	0.0	32.920063661693874	111.6622350314202
1	previously_4vHPV_vaccinated	six_year_4vHPV_persistence_to_heterologous_2vHPV_recall	recall_after_1_previous_4vHPV_doses	HPV16	vaccine_target_2vHPV_and_4vHPV	nAb	neutralizing_antibody	Neutralization	moderate	0.25	0.05	20	20	5.75	2.5520889276702023	0.5706644326895116	4.555585615385607	6.944414384614393	53.81737057623773	23.51624185304996	123.16208490450015	6.0	3.75	7.499999999999998	1.0	0.0	0.0	984.9155306759351	53005.56410067857
1	previously_4vHPV_vaccinated	six_year_4vHPV_persistence_to_heterologous_2vHPV_recall	recall_after_1_previous_4vHPV_doses	HPV18	vaccine_target_2vHPV_and_4vHPV	IgG	antibody_isotype_or_subclass	Antibody abundance	none	0.0125	0.0125	20	20	2.546237540786886	2.005169965815066	0.4483696350003417	1.607789109464918	3.484685972108854	5.84108970311119	3.047844099811872	11.194250034605615	1.8785910494092999	1.0098313046734404	3.8972276343994756	0.95	0.05	0.0	5044.609527702723	29466.016768481
1	previously_4vHPV_vaccinated	six_year_4vHPV_persistence_to_heterologous_2vHPV_recall	recall_after_1_previous_4vHPV_doses	HPV18	vaccine_target_2vHPV_and_4vHPV	IgM	antibody_isotype_or_subclass	Antibody abundance	none	0.0125	0.0125	20	20	0.8213861852978122	0.7449971340110811	0.1665864234691298	0.47271679383908227	1.1700555767565421	1.7671030635500509	1.3877202778562168	2.2502036520154656	0.75978452120673	0.34344677711218363	1.3975482297509365	0.9	0.1	0.0	1962.2744484447596	3467.5411893727232
1	previously_4vHPV_vaccinated	six_year_4vHPV_persistence_to_heterologous_2vHPV_recall	recall_after_1_previous_4vHPV_doses	HPV18	vaccine_target_2vHPV_and_4vHPV	IgA1	antibody_isotype_or_subclass	Antibody abundance	none	0.0125	0.0125	20	20	2.3867239275244474	2.0863012121793023	0.4665111331973132	1.4103049040932136	3.363142950955681	5.229684551926209	2.6579333055326573	10.289799392530169	2.6280020798936694	0.5630137125246271	4.065800953189427	0.95	0.05	0.0	452.82499332227974	2368.1318723036197
1	previously_4vHPV_vaccinated	six_year_4vHPV_persistence_to_heterologous_2vHPV_recall	recall_after_1_previous_4vHPV_doses	HPV18	vaccine_target_2vHPV_and_4vHPV	IgA2	antibody_isotype_or_subclass	Antibody abundance	high	0.475	0.125	20	20	4.752425889451458	4.415538145218854	0.9873443449952695	2.685890425392388	6.818961353510527	26.953970262918894	6.4347782190089164	112.90467024770494	5.155903287454801	0.2828785329791619	7.3280412286380265	0.75	0.1	0.15	7.421147639312379	200.0293927867567
1	previously_4vHPV_vaccinated	six_year_4vHPV_persistence_to_heterologous_2vHPV_recall	recall_after_1_previous_4vHPV_doses	HPV18	vaccine_target_2vHPV_and_4vHPV	IgG1	antibody_isotype_or_subclass	IgG subclass architecture	none	0.0125	0.0125	20	20	2.638168749138557	2.044512971960387	0.45716699861835464	1.6813072241487115	3.595030274128402	6.225409543497324	3.2071842197411393	12.084034258373732	1.7915212059153545	1.171490407480222	3.6847680332178414	0.95	0.05	0.0	2708.8955922408845	16863.984472274227
1	previously_4vHPV_vaccinated	six_year_4vHPV_persistence_to_heterologous_2vHPV_recall	recall_after_1_previous_4vHPV_doses	HPV18	vaccine_target_2vHPV_and_4vHPV	IgG2	antibody_isotype_or_subclass	IgG subclass architecture	low	0.1125	0.0875	20	20	2.8799955427788255	2.8149142449492923	0.6294339602539112	1.5625751233059348	4.197415962251716	7.361478461600409	2.9538060970114652	18.346283865902784	2.299407441441085	1.196527083707709	3.3791280295751256	0.95	0.05	0.0	96.17612690867908	707.9984867583883
1	previously_4vHPV_vaccinated	six_year_4vHPV_persistence_to_heterologous_2vHPV_recall	recall_after_1_previous_4vHPV_doses	HPV18	vaccine_target_2vHPV_and_4vHPV	IgG3	antibody_isotype_or_subclass	IgG subclass architecture	none	0.0375	0.0125	20	20	3.9800401241197227	2.4842910576496484	0.5555043680799463	2.8173561193995336	5.142724128839912	15.780162142405127	7.048694700347278	35.32760714240148	3.9085893489524977	2.4779174592387907	5.610146512321043	0.9	0.1	0.0	125.95377740077494	1987.571029832634
1	previously_4vHPV_vaccinated	six_year_4vHPV_persistence_to_heterologous_2vHPV_recall	recall_after_1_previous_4vHPV_doses	HPV18	vaccine_target_2vHPV_and_4vHPV	IgG4	antibody_isotype_or_subclass	IgG subclass architecture	high	0.3875	0.0125	20	20	2.0124065787615644	2.983628965720091	0.6671597186987512	0.6160252393928278	3.408787918130301	4.034546670972335	1.532646773036901	10.620559888042802	1.1925350481074268	0.0	4.868340539379736	0.65	0.2	0.15	7.513339620630595	30.312919354299705
1	previously_4vHPV_vaccinated	six_year_4vHPV_persistence_to_heterologous_2vHPV_recall	recall_after_1_previous_4vHPV_doses	HPV18	vaccine_target_2vHPV_and_4vHPV	FcgR2A	fc_gamma_receptor_binding	Fc-receptor engagement	low	0.0875	0.05	20	20	0.8734429211837551	3.2702550511217985	0.7312512598070391	-0.657083555408724	2.403969397776234	1.8320297371675602	0.6341589705241201	5.2925734931925605	0.8695271922819128	0.25946589747922255	1.4960660811738435	0.8	0.2	0.0	507.28905723159045	929.3686381879683
1	previously_4vHPV_vaccinated	six_year_4vHPV_persistence_to_heterologous_2vHPV_recall	recall_after_1_previous_4vHPV_doses	HPV18	vaccine_target_2vHPV_and_4vHPV	FcgR2B	fc_gamma_receptor_binding	Fc-receptor engagement	none	0.0125	0.0125	20	20	1.710886797289525	2.290921762157261	0.512265679131724	0.6387024086190416	2.7830711859600084	3.2736198479732397	1.5569281942159907	6.883160667817952	1.289393679282684	0.44656982138083157	2.357023874288136	0.85	0.15	0.0	380.9056439357145	1246.9402761929832
1	previously_4vHPV_vaccinated	six_year_4vHPV_persistence_to_heterologous_2vHPV_recall	recall_after_1_previous_4vHPV_doses	HPV18	vaccine_target_2vHPV_and_4vHPV	FcgR3A	fc_gamma_receptor_binding	Fc-receptor engagement	low	0.125	0.025	20	20	2.1475669673991553	3.488226612704072	0.7799911826930136	0.5150266597963278	3.780107275001983	4.430799263848144	1.4290205466002275	13.73806847160005	1.6135662723774287	0.9679896774198036	3.769476339911656	0.9	0.1	0.0	178.3474802996889	790.2218844210316
1	previously_4vHPV_vaccinated	six_year_4vHPV_persistence_to_heterologous_2vHPV_recall	recall_after_1_previous_4vHPV_doses	HPV18	vaccine_target_2vHPV_and_4vHPV	ADCP	antibody_dependent_cellular_phagocytosis	Phagocytic function	none	0.0125	0.0125	20	20	0.9053317994925928	0.49845386065429276	0.11145767160702064	0.6720482117707617	1.1386153872144238	1.8729752031942415	1.593333437464046	2.2016961605750964	0.8891474805921904	0.6694450398058986	1.152966050361774	1.0	0.0	0.0	31.758516146153948	59.48291323199028
1	previously_4vHPV_vaccinated	six_year_4vHPV_persistence_to_heterologous_2vHPV_recall	recall_after_1_previous_4vHPV_doses	HPV18	vaccine_target_2vHPV_and_4vHPV	nAb	neutralizing_antibody	Neutralization	high	0.35	0.025	20	20	6.1	2.125038699338017	0.4751730986537543	5.105451274509981	7.094548725490018	68.59350160232275	34.42658743524749	136.669615334879	7.0	4.0	7.999999999999998	1.0	0.0	0.0	303.1433133020804	20793.66134671965
1	previously_4vHPV_vaccinated	six_year_4vHPV_persistence_to_heterologous_2vHPV_recall	recall_after_1_previous_4vHPV_doses	HPV31	cross_reactive_non_booster_target	IgG	antibody_isotype_or_subclass	Antibody abundance	none	0.0125	0.0125	20	20	5.041652973623409	2.1420863367056837	0.47898506625474113	4.0391257082499	6.044180238996917	32.93735895293997	16.439855443264705	65.99021618765379	5.556571517255226	4.52498149709707	6.266303416531713	1.0	0.0	0.0	698.517589287355	23007.324573299906
1	previously_4vHPV_vaccinated	six_year_4vHPV_persistence_to_heterologous_2vHPV_recall	recall_after_1_previous_4vHPV_doses	HPV31	cross_reactive_non_booster_target	IgM	antibody_isotype_or_subclass	Antibody abundance	none	0.0125	0.0125	20	20	1.7851589406181383	1.6945965045202178	0.37892329785407364	0.9920633634338553	2.578254517802421	3.446564323309635	1.9890276938933917	5.972167039795618	1.819227537382452	0.4024828085420564	3.203440847244777	0.9	0.1	0.0	391.17457980058674	1348.2083509263375
1	previously_4vHPV_vaccinated	six_year_4vHPV_persistence_to_heterologous_2vHPV_recall	recall_after_1_previous_4vHPV_doses	HPV31	cross_reactive_non_booster_target	IgA1	antibody_isotype_or_subclass	Antibody abundance	low	0.05	0.0125	20	20	3.516461821768438	2.343195718005601	0.5239544910046952	2.419812468680373	4.613111174856503	11.443542502258975	5.351014612640094	24.472866265711225	3.695552543682984	1.047610932739861	5.494867293425902	1.0	0.0	0.0	212.59906928213476	2432.8864852708125
1	previously_4vHPV_vaccinated	six_year_4vHPV_persistence_to_heterologous_2vHPV_recall	recall_after_1_previous_4vHPV_doses	HPV31	cross_reactive_non_booster_target	IgA2	antibody_isotype_or_subclass	Antibody abundance	high	0.575	0.2125	20	20	4.103218683831435	4.409832811637369	0.9860685936230181	2.0393533980819316	6.167083969580938	17.186676506307215	4.110612557043325	71.8583532827317	3.9886347324833595	0.0	7.662727942380233	0.7	0.1	0.2	7.974893081715026	137.06190756782343
1	previously_4vHPV_vaccinated	six_year_4vHPV_persistence_to_heterologous_2vHPV_recall	recall_after_1_previous_4vHPV_doses	HPV31	cross_reactive_non_booster_target	IgG1	antibody_isotype_or_subclass	IgG subclass architecture	none	0.0125	0.0125	20	20	4.676450545473426	2.524947604745785	0.5645954483836846	3.4947386909969556	5.858162399949897	25.57124583449712	11.272524113539962	58.007293392512665	4.9480664862766774	3.0136810513286347	6.625451256760478	1.0	0.0	0.0	391.2161692696671	10003.884838824888
1	previously_4vHPV_vaccinated	six_year_4vHPV_persistence_to_heterologous_2vHPV_recall	recall_after_1_previous_4vHPV_doses	HPV31	cross_reactive_non_booster_target	IgG2	antibody_isotype_or_subclass	IgG subclass architecture	high	0.3875	0.1875	20	20	3.517412942966112	3.278159022038744	0.7330186414332863	1.9831872941165785	5.051638591815646	11.451089339342222	3.953655845733757	33.16612577675213	3.491256566768453	0.8575309465756282	4.692862068383986	0.85	0.05	0.1	3.9334068038631957	45.041792719014026
1	previously_4vHPV_vaccinated	six_year_4vHPV_persistence_to_heterologous_2vHPV_recall	recall_after_1_previous_4vHPV_doses	HPV31	cross_reactive_non_booster_target	IgG3	antibody_isotype_or_subclass	IgG subclass architecture	none	0.0125	0.0375	20	20	7.458074143004342	4.249718566217075	0.950265959930432	5.469144630784589	9.447003655224094	175.83447413462383	44.2972315071462	697.9615032874442	8.139531888226497	4.754264478734891	10.078262603209906	1.0	0.0	0.0	42.55402851238776	7482.465225785504
1	previously_4vHPV_vaccinated	six_year_4vHPV_persistence_to_heterologous_2vHPV_recall	recall_after_1_previous_4vHPV_doses	HPV31	cross_reactive_non_booster_target	IgG4	antibody_isotype_or_subclass	IgG subclass architecture	high	0.0125	0.45	20	20	1.9893567999816308	1.9890996680394308	0.4447762071758433	1.0584294995341177	2.9202841004291438	3.970599365713302	2.0826631252080423	7.569951727756259	1.1609640474436813	0.43162662860406753	3.292481250360578	0.75	0.0	0.25	1.890676960242243	7.507120739106603
1	previously_4vHPV_vaccinated	six_year_4vHPV_persistence_to_heterologous_2vHPV_recall	recall_after_1_previous_4vHPV_doses	HPV31	cross_reactive_non_booster_target	FcgR2A	fc_gamma_receptor_binding	Fc-receptor engagement	low	0.125	0.1	20	20	3.73596922304689	4.956546155778567	1.1083174137936138	1.4162342160573003	6.05570423003648	13.324128087988345	2.6688795866450685	66.51944516098914	4.824706347084822	1.2320490149449825	6.273890123522482	0.85	0.15	0.0	46.16843366510297	615.1541237756245
1	previously_4vHPV_vaccinated	six_year_4vHPV_persistence_to_heterologous_2vHPV_recall	recall_after_1_previous_4vHPV_doses	HPV31	cross_reactive_non_booster_target	FcgR2B	fc_gamma_receptor_binding	Fc-receptor engagement	moderate	0.1875	0.0375	20	20	5.080293889823286	3.7501205796474903	0.8385524539912702	3.3251834327364795	6.835404346910093	33.831468367342154	10.022589759019498	114.19885273269381	4.576812194311714	3.023083212004173	7.076961423442398	0.95	0.05	0.0	38.80892136153575	1312.962795413466
1	previously_4vHPV_vaccinated	six_year_4vHPV_persistence_to_heterologous_2vHPV_recall	recall_after_1_previous_4vHPV_doses	HPV31	cross_reactive_non_booster_target	FcgR3A	fc_gamma_receptor_binding	Fc-receptor engagement	moderate	0.1625	0.025	20	20	5.399575353412487	3.4669766846984023	0.7752395543392482	3.776980318251699	7.022170388573276	42.211826577841464	13.708324261286684	129.98221147057384	5.818298230515408	2.6559188690476003	7.055947945733185	1.0	0.0	0.0	24.94746562735465	1053.0780926185573
1	previously_4vHPV_vaccinated	six_year_4vHPV_persistence_to_heterologous_2vHPV_recall	recall_after_1_previous_4vHPV_doses	HPV33	cross_reactive_non_booster_target	IgG	antibody_isotype_or_subclass	Antibody abundance	none	0.0125	0.0125	20	20	2.1997382608134917	1.589668377932452	0.35546065547387895	1.455750558510935	2.9437259631160484	4.593959890814672	2.7429922737340804	7.693958047385999	2.1325140259508926	0.7706158083989938	3.3067729876578236	0.95	0.05	0.0	432.5871543937258	1987.2880365664325
1	previously_4vHPV_vaccinated	six_year_4vHPV_persistence_to_heterologous_2vHPV_recall	recall_after_1_previous_4vHPV_doses	HPV33	cross_reactive_non_booster_target	IgM	antibody_isotype_or_subclass	Antibody abundance	none	0.0125	0.0125	20	20	0.2337468368742762	0.5840960735049006	0.13060785257476715	-0.03961854025931963	0.507112214007872	1.1758848887202322	0.9729121589152359	1.4212025811890998	0.18761897441432485	-0.11887210759885747	0.4974651909417327	0.7	0.3	0.0	2355.678127480498	2770.006312793091
1	previously_4vHPV_vaccinated	six_year_4vHPV_persistence_to_heterologous_2vHPV_recall	recall_after_1_previous_4vHPV_doses	HPV33	cross_reactive_non_booster_target	IgA1	antibody_isotype_or_subclass	Antibody abundance	none	0.0375	0.025	20	20	1.4773909378778434	2.3074176172977823	0.5159542644758436	0.39748625135538007	2.5572956244003064	2.7844472039503705	1.3172108049282365	5.8860329740534105	1.5802332744186278	0.568303857973006	2.6464124029748546	0.85	0.15	0.0	135.82906969134584	378.2088733172482
1	previously_4vHPV_vaccinated	six_year_4vHPV_persistence_to_heterologous_2vHPV_recall	recall_after_1_previous_4vHPV_doses	HPV33	cross_reactive_non_booster_target	IgA2	antibody_isotype_or_subclass	Antibody abundance	high	0.5125	0.3875	20	20	1.2007624138707151	2.9189951753976753	0.6527071638183123	-0.16536938048560712	2.5668942082270374	2.2986111246632124	0.8917001836962467	5.925324676422085	0.0	0.0	2.3878624901226844	0.45	0.15	0.4	7.979756184102969	18.34235633687916
1	previously_4vHPV_vaccinated	six_year_4vHPV_persistence_to_heterologous_2vHPV_recall	recall_after_1_previous_4vHPV_doses	HPV33	cross_reactive_non_booster_target	IgG1	antibody_isotype_or_subclass	IgG subclass architecture	none	0.0125	0.0125	20	20	2.0294186868507946	1.2085224010611488	0.27023382411039926	1.4638127926729974	2.595024581028592	4.082403225908326	2.758363888978279	6.041993286491268	2.074752752403364	0.8422304155064788	2.8626152245645455	1.0	0.0	0.0	188.60229898397372	769.9506337859004
1	previously_4vHPV_vaccinated	six_year_4vHPV_persistence_to_heterologous_2vHPV_recall	recall_after_1_previous_4vHPV_doses	HPV33	cross_reactive_non_booster_target	IgG2	antibody_isotype_or_subclass	IgG subclass architecture	high	0.35	0.3125	20	20	1.6303759364159691	2.677811633615592	0.5987768843704224	0.3771215142050399	2.883630358626898	3.0959366188786577	1.2987479880669197	7.380048813303681	1.1613404262753104	0.0	3.188049294129351	0.6	0.2	0.2	8.781447193987209	27.186803934614236
1	previously_4vHPV_vaccinated	six_year_4vHPV_persistence_to_heterologous_2vHPV_recall	recall_after_1_previous_4vHPV_doses	HPV33	cross_reactive_non_booster_target	IgG3	antibody_isotype_or_subclass	IgG subclass architecture	none	0.025	0.0125	20	20	2.6193049367877683	2.9662844191313	0.6632813601776064	1.2310410950954072	4.007568778480129	6.1445396887973125	2.3473632201332197	16.084161012398685	2.3535070170316947	1.0945754504637875	4.073845240533268	0.85	0.15	0.0	113.22981042434503	695.7450641073839
1	previously_4vHPV_vaccinated	six_year_4vHPV_persistence_to_heterologous_2vHPV_recall	recall_after_1_previous_4vHPV_doses	HPV33	cross_reactive_non_booster_target	IgG4	antibody_isotype_or_subclass	IgG subclass architecture	none	0.0125	0.025	20	20	-0.030446370413626588	1.5461881342217019	0.34573817741232943	-0.7540846922649037	0.6931919514376504	0.9791173114356991	0.5929224416434483	1.6168568470706746	0.0	-0.1593574801538229	0.2918036498456924	0.3	0.25	0.45	3.69213847359384	3.6150366957135063
1	previously_4vHPV_vaccinated	six_year_4vHPV_persistence_to_heterologous_2vHPV_recall	recall_after_1_previous_4vHPV_doses	HPV33	cross_reactive_non_booster_target	FcgR2A	fc_gamma_receptor_binding	Fc-receptor engagement	moderate	0.2875	0.0625	20	20	3.0410379055636256	4.125992851007803	0.9226000489531608	1.110013810506419	4.9720620006208325	8.230829918240403	2.1584771353933565	31.386276941337776	3.015692083901912	-0.3073549220576042	5.574246618843484	0.75	0.25	0.0	5.695214991001616	46.87634593874735
1	previously_4vHPV_vaccinated	six_year_4vHPV_persistence_to_heterologous_2vHPV_recall	recall_after_1_previous_4vHPV_doses	HPV33	cross_reactive_non_booster_target	FcgR2B	fc_gamma_receptor_binding	Fc-receptor engagement	none	0.025	0.0125	20	20	1.3975427278630768	1.4779647791484267	0.33048297145263456	0.7058339190403934	2.0892515366857602	2.634524740345117	1.6310872074773446	4.255272541941576	1.5109645519373673	0.5814208981731634	2.378110126119952	0.85	0.15	0.0	67.71455053156915	178.39565865676863
1	previously_4vHPV_vaccinated	six_year_4vHPV_persistence_to_heterologous_2vHPV_recall	recall_after_1_previous_4vHPV_doses	HPV33	cross_reactive_non_booster_target	FcgR3A	fc_gamma_receptor_binding	Fc-receptor engagement	high	0.4125	0.1625	20	20	3.574388881722844	2.3937676578192058	0.53526272052242	2.4540711322414115	4.6947066312042764	11.912372615680868	5.479602085599663	25.896884320806297	3.6351013056305	1.2972045298260246	4.9277143373134695	1.0	0.0	0.0	6.021281730072475	71.72775159261477
1	previously_4vHPV_vaccinated	six_year_4vHPV_persistence_to_heterologous_2vHPV_recall	recall_after_1_previous_4vHPV_doses	HPV45	cross_reactive_non_booster_target	IgG	antibody_isotype_or_subclass	Antibody abundance	none	0.0125	0.0125	20	20	4.49560184411158	1.6861237718571178	0.37702873723508623	3.7064716278753727	5.284732060347788	22.558540788250042	13.054466799468432	38.98188798610008	4.83540740370243	3.478662534963371	5.6538566369239245	1.0	0.0	0.0	430.61165446526564	9713.97057115051
1	previously_4vHPV_vaccinated	six_year_4vHPV_persistence_to_heterologous_2vHPV_recall	recall_after_1_previous_4vHPV_doses	HPV45	cross_reactive_non_booster_target	IgM	antibody_isotype_or_subclass	Antibody abundance	none	0.0125	0.0125	20	20	0.41554917338179964	1.153494659765827	0.2579292470919381	-0.12430294511703932	0.9554012918806386	1.3338063044840804	0.9174472114223035	1.9391189332010328	0.05833861921344097	-0.3097238810135141	0.564971190882197	0.55	0.45	0.0	1080.3193361553408	1440.9367414200524
1	previously_4vHPV_vaccinated	six_year_4vHPV_persistence_to_heterologous_2vHPV_recall	recall_after_1_previous_4vHPV_doses	HPV45	cross_reactive_non_booster_target	IgA1	antibody_isotype_or_subclass	Antibody abundance	none	0.0375	0.0125	20	20	1.6264471622331702	2.1351427807379233	0.4774324399397925	0.6271695810843562	2.6257247433819844	3.087517175432209	1.5445318069652194	6.171943022215502	1.252987356133926	0.43360642854676135	2.1866795664477015	0.85	0.15	0.0	325.5540669423172	1005.1537732162112
1	previously_4vHPV_vaccinated	six_year_4vHPV_persistence_to_heterologous_2vHPV_recall	recall_after_1_previous_4vHPV_doses	HPV45	cross_reactive_non_booster_target	IgA2	antibody_isotype_or_subclass	Antibody abundance	high	0.3875	0.4375	20	20	0.9263233621139648	6.332373120133142	1.4159616755510147	-2.037318484934538	3.889965209162467	1.900426674972174	0.2436161218380685	14.82505147728456	0.0	-0.00028923318328066827	2.228340275220202	0.3	0.25	0.45	16.892744714175127	32.103422668313605
1	previously_4vHPV_vaccinated	six_year_4vHPV_persistence_to_heterologous_2vHPV_recall	recall_after_1_previous_4vHPV_doses	HPV45	cross_reactive_non_booster_target	IgG1	antibody_isotype_or_subclass	IgG subclass architecture	none	0.0125	0.0125	20	20	4.309510923357007	1.6424259624519886	0.36725761000531637	3.5408319114513915	5.078189935262623	19.828600122514043	11.638489388477202	33.78216619828936	4.472884668438809	3.5155744951537575	5.6795226157071586	1.0	0.0	0.0	272.8548111394518	5410.32894158827
1	previously_4vHPV_vaccinated	six_year_4vHPV_persistence_to_heterologous_2vHPV_recall	recall_after_1_previous_4vHPV_doses	HPV45	cross_reactive_non_booster_target	IgG2	antibody_isotype_or_subclass	IgG subclass architecture	high	0.5	0.3625	20	20	1.9789670754065696	2.9732719593513846	0.6648438216703687	0.5874329642257703	3.3705011865873686	3.942107381576022	1.5025707926971954	10.34241493539259	0.0	0.0	3.546412444492374	0.4	0.15	0.45	3.492024339878013	13.765934926876252
1	previously_4vHPV_vaccinated	six_year_4vHPV_persistence_to_heterologous_2vHPV_recall	recall_after_1_previous_4vHPV_doses	HPV45	cross_reactive_non_booster_target	IgG3	antibody_isotype_or_subclass	IgG subclass architecture	low	0.0625	0.0375	20	20	3.216928631153975	2.824175105562491	0.6315047516400374	1.895173995498261	4.53868326680969	9.298052882325933	3.719668352102663	23.24233754701782	3.475539484191749	1.15693621989898	4.462624508874644	0.85	0.15	0.0	50.389934287605605	468.52827374308606
1	previously_4vHPV_vaccinated	six_year_4vHPV_persistence_to_heterologous_2vHPV_recall	recall_after_1_previous_4vHPV_doses	HPV45	cross_reactive_non_booster_target	IgG4	antibody_isotype_or_subclass	IgG subclass architecture	none	0.0125	0.0125	20	20	0.289984359919485	1.9282243477582697	0.4311640717457685	-0.6124524136410185	1.1924211334799886	1.2226270232701764	0.654083889893679	2.285359509884082	0.0	0.0	0.44967770691208797	0.45	0.2	0.35	4.871602160882567	5.956152448516414
1	previously_4vHPV_vaccinated	six_year_4vHPV_persistence_to_heterologous_2vHPV_recall	recall_after_1_previous_4vHPV_doses	HPV45	cross_reactive_non_booster_target	FcgR2A	fc_gamma_receptor_binding	Fc-receptor engagement	moderate	0.175	0.2125	20	20	2.790458247698408	5.44037239693717	1.216504250246498	0.24428558964259883	5.336630905754218	6.91849504452303	1.18450606832215	40.40973276641057	3.8436197914414905	0.7407912526661724	6.7713550608657656	0.75	0.2	0.05	23.48370362990404	162.4718871905386
1	previously_4vHPV_vaccinated	six_year_4vHPV_persistence_to_heterologous_2vHPV_recall	recall_after_1_previous_4vHPV_doses	HPV45	cross_reactive_non_booster_target	FcgR2B	fc_gamma_receptor_binding	Fc-receptor engagement	moderate	0.1875	0.05	20	20	4.793248138353397	2.8839591535533327	0.6448728711678006	3.44351370696387	6.142982569742925	27.727548033141392	10.879299086996374	70.66787242287526	3.924660041082118	2.78775100948923	6.364017855234724	1.0	0.0	0.0	17.782759746942357	493.0723250451574
1	previously_4vHPV_vaccinated	six_year_4vHPV_persistence_to_heterologous_2vHPV_recall	recall_after_1_previous_4vHPV_doses	HPV45	cross_reactive_non_booster_target	FcgR3A	fc_gamma_receptor_binding	Fc-receptor engagement	high	0.325	0.05	20	20	6.018662477327074	3.4248106783593237	0.7658109486878616	4.415801740594167	7.62152321405998	64.83327190447967	21.34463727030627	196.92783215799668	6.183364813243922	3.496709642006074	9.324830419443074	0.95	0.05	0.0	5.493432723801947	356.1572174712184
1	previously_4vHPV_vaccinated	six_year_4vHPV_persistence_to_heterologous_2vHPV_recall	recall_after_1_previous_4vHPV_doses	HPV52	cross_reactive_non_booster_target	IgG	antibody_isotype_or_subclass	Antibody abundance	none	0.0125	0.0125	20	20	4.433932293106385	2.0905634197370127	0.4674641917806386	3.455518495134991	5.4123460910777785	21.61457093874417	10.970204350936342	42.58714440685217	4.403802840537773	3.3667829578864934	5.377504354095404	1.0	0.0	0.0	582.2833670398692	12585.805143334084
1	previously_4vHPV_vaccinated	six_year_4vHPV_persistence_to_heterologous_2vHPV_recall	recall_after_1_previous_4vHPV_doses	HPV52	cross_reactive_non_booster_target	IgM	antibody_isotype_or_subclass	Antibody abundance	none	0.0125	0.0125	20	20	0.2960263287674475	1.3072859229141343	0.29231801896645543	-0.3158023164663145	0.9078549740012095	1.2277580899408338	0.8034040746816224	1.8762537743071837	-0.11151003482338595	-0.5884640970492216	0.734431332995789	0.45	0.55	0.0	899.9511203607043	1104.922268574171
1	previously_4vHPV_vaccinated	six_year_4vHPV_persistence_to_heterologous_2vHPV_recall	recall_after_1_previous_4vHPV_doses	HPV52	cross_reactive_non_booster_target	IgA1	antibody_isotype_or_subclass	Antibody abundance	moderate	0.175	0.0625	20	20	2.050698106177875	3.6191431626203396	0.8092650131922655	0.3568869671754431	3.744509245180307	4.143063998996063	1.2806595197956383	13.403234063739566	1.502347305444498	0.23444767682030632	2.098181672829506	0.85	0.15	0.0	107.15675488173267	443.9572933997523
1	previously_4vHPV_vaccinated	six_year_4vHPV_persistence_to_heterologous_2vHPV_recall	recall_after_1_previous_4vHPV_doses	HPV52	cross_reactive_non_booster_target	IgA2	antibody_isotype_or_subclass	Antibody abundance	high	0.0125	0.3375	20	20	1.124350732154068	2.684918347715746	0.6003659939528825	-0.13222973463804077	2.3809311989461768	2.1800341459390045	0.9124201832606399	5.208728351970708	0.00797077193451079	0.0	2.4109411945827532	0.5	0.2	0.3	14.773321554720933	32.2063454382283
1	previously_4vHPV_vaccinated	six_year_4vHPV_persistence_to_heterologous_2vHPV_recall	recall_after_1_previous_4vHPV_doses	HPV52	cross_reactive_non_booster_target	IgG1	antibody_isotype_or_subclass	IgG subclass architecture	none	0.0125	0.0125	20	20	4.170886389476327	2.1072084038077454	0.47118612336729454	3.1846824991652003	5.157090279787454	18.011998898783112	9.092534527888251	35.68115175528662	4.186700925779843	3.088991124402173	5.981587000905039	0.95	0.05	0.0	273.09694924579816	4919.021949076341
1	previously_4vHPV_vaccinated	six_year_4vHPV_persistence_to_heterologous_2vHPV_recall	recall_after_1_previous_4vHPV_doses	HPV52	cross_reactive_non_booster_target	IgG2	antibody_isotype_or_subclass	IgG subclass architecture	high	0.4125	0.2125	20	20	1.9257523427772696	2.3586163950096615	0.5274026592087099	0.8218858906945563	3.029618794859983	3.799349268181365	1.7677152399681628	8.1659390241441	1.4683189695012857	0.743546087718884	2.828900614159487	0.8	0.05	0.15	8.442935207586213	32.077659702245356
1	previously_4vHPV_vaccinated	six_year_4vHPV_persistence_to_heterologous_2vHPV_recall	recall_after_1_previous_4vHPV_doses	HPV52	cross_reactive_non_booster_target	IgG3	antibody_isotype_or_subclass	IgG subclass architecture	low	0.0875	0.0375	20	20	6.216801706450782	3.964817236515551	0.8865600859211633	4.36121012093953	8.072393291962033	74.37787919087656	20.552046023196386	269.1736339383813	6.585909863770519	3.0122657703037383	8.918687670059962	1.0	0.0	0.0	64.9947417081462	4834.171046810727
1	previously_4vHPV_vaccinated	six_year_4vHPV_persistence_to_heterologous_2vHPV_recall	recall_after_1_previous_4vHPV_doses	HPV52	cross_reactive_non_booster_target	IgG4	antibody_isotype_or_subclass	IgG subclass architecture	none	0.0125	0.0125	20	20	1.1113698544706156	2.1977333861042423	0.4914281247749877	0.08279896830382105	2.1399407406374102	2.160506923972363	1.0590707486609596	4.407439422186157	0.0	0.0	1.5118348637080898	0.4	0.05	0.55	1.906200441530415	4.118359252405638
1	previously_4vHPV_vaccinated	six_year_4vHPV_persistence_to_heterologous_2vHPV_recall	recall_after_1_previous_4vHPV_doses	HPV52	cross_reactive_non_booster_target	FcgR2A	fc_gamma_receptor_binding	Fc-receptor engagement	high	0.3375	0.2	20	20	4.956728302507235	4.95444011153026	1.10784648798333	2.6379789545664107	7.27547765044806	31.054454109862498	6.224590610049165	154.93052964875048	5.822361466796128	2.9487311586617113	8.486649350449202	0.8	0.15	0.05	9.321433094553303	289.4720162729595
1	previously_4vHPV_vaccinated	six_year_4vHPV_persistence_to_heterologous_2vHPV_recall	recall_after_1_previous_4vHPV_doses	HPV52	cross_reactive_non_booster_target	FcgR2B	fc_gamma_receptor_binding	Fc-receptor engagement	high	0.3875	0.1875	20	20	5.072012448298682	4.940482046632068	1.104725369788659	2.759795675815955	7.384229220781409	33.63782333361848	6.773003192661499	167.0607744360292	4.697444807864546	2.904973409026261	8.633768967130544	0.95	0.05	0.0	13.56493067205489	456.294741479364
1	previously_4vHPV_vaccinated	six_year_4vHPV_persistence_to_heterologous_2vHPV_recall	recall_after_1_previous_4vHPV_doses	HPV52	cross_reactive_non_booster_target	FcgR3A	fc_gamma_receptor_binding	Fc-receptor engagement	moderate	0.25	0.05	20	20	5.692508219630346	3.435673618313306	0.7682399759051218	4.084563470502902	7.30045296875779	51.71490421983983	16.965869566091698	157.63597073812093	6.18001097808165	3.054722139648044	8.713884646889605	0.95	0.0	0.05	9.147470357526847	473.0605533933245
1	previously_4vHPV_vaccinated	six_year_4vHPV_persistence_to_heterologous_2vHPV_recall	recall_after_1_previous_4vHPV_doses	HPV58	cross_reactive_non_booster_target	IgG	antibody_isotype_or_subclass	Antibody abundance	none	0.0125	0.0125	20	20	4.338625600943137	1.7629591417412303	0.3942096482488078	3.5135353246785623	5.1637158772077125	20.232821302971097	11.420352881977122	35.845394805969455	4.905347213796351	3.4899537355246553	5.64213982447621	1.0	0.0	0.0	475.83513957830564	9627.487348762168
1	previously_4vHPV_vaccinated	six_year_4vHPV_persistence_to_heterologous_2vHPV_recall	recall_after_1_previous_4vHPV_doses	HPV58	cross_reactive_non_booster_target	IgM	antibody_isotype_or_subclass	Antibody abundance	none	0.0125	0.0125	20	20	0.15085635286802787	0.6289482084136016	0.14063709483395181	-0.14350046956152931	0.4452131752975851	1.1102282842441433	0.9053198739206277	1.3615152816624911	0.3111916971930926	-0.41743301611717953	0.49739909258186454	0.6	0.4	0.0	1835.4468460076023	2037.7650026643464
1	previously_4vHPV_vaccinated	six_year_4vHPV_persistence_to_heterologous_2vHPV_recall	recall_after_1_previous_4vHPV_doses	HPV58	cross_reactive_non_booster_target	IgA1	antibody_isotype_or_subclass	Antibody abundance	none	0.0125	0.0125	20	20	1.2622898395453077	1.7248992022538376	0.3856991870574739	0.4550121632683026	2.069567515822313	2.398761693912021	1.3707943620093281	4.19760820707294	0.6824249644657829	0.3230641547431987	1.9560387110693798	0.85	0.15	0.0	278.26159925575854	667.4832651814111
1	previously_4vHPV_vaccinated	six_year_4vHPV_persistence_to_heterologous_2vHPV_recall	recall_after_1_previous_4vHPV_doses	HPV58	cross_reactive_non_booster_target	IgA2	antibody_isotype_or_subclass	Antibody abundance	high	0.5125	0.35	20	20	3.151005691198407	4.477225580942479	1.001138074958837	1.0555996185255783	5.246411763871236	8.882745709953971	2.0785819354002717	37.96009673898726	0.143378658309266	0.0	7.0216802501659465	0.5	0.1	0.4	3.6279003965872847	32.22571668392601
1	previously_4vHPV_vaccinated	six_year_4vHPV_persistence_to_heterologous_2vHPV_recall	recall_after_1_previous_4vHPV_doses	HPV58	cross_reactive_non_booster_target	IgG1	antibody_isotype_or_subclass	IgG subclass architecture	none	0.0125	0.0125	20	20	4.19510075016283	1.7792132698702934	0.39784418178996545	3.362403307770058	5.0277981925556015	18.316865677575674	10.284525353896614	32.622562218997516	4.413367465474073	2.933737721927946	5.681283585045754	1.0	0.0	0.0	220.73382650400342	4043.1518505711233
1	previously_4vHPV_vaccinated	six_year_4vHPV_persistence_to_heterologous_2vHPV_recall	recall_after_1_previous_4vHPV_doses	HPV58	cross_reactive_non_booster_target	IgG2	antibody_isotype_or_subclass	IgG subclass architecture	none	0.0125	0.0125	20	20	2.1682482787140387	2.5391836078124257	0.567778715442175	0.9798737697125421	3.3566227877155352	4.4947730676570155	1.9722928333721725	10.243400263840305	1.6860139420160036	0.0	3.393892771509832	0.7	0.1	0.2	4.549488345105032	20.448917685197582
1	previously_4vHPV_vaccinated	six_year_4vHPV_persistence_to_heterologous_2vHPV_recall	recall_after_1_previous_4vHPV_doses	HPV58	cross_reactive_non_booster_target	IgG3	antibody_isotype_or_subclass	IgG subclass architecture	low	0.05	0.025	20	20	5.505721553370764	3.145584645581381	0.7033741096499552	4.033542622625412	6.977900484116115	45.43466553237625	16.376357789739952	126.05420927797637	5.203710598900463	3.65398980110776	7.426781097803848	0.95	0.05	0.0	61.880594958418094	2811.5241348801724
1	previously_4vHPV_vaccinated	six_year_4vHPV_persistence_to_heterologous_2vHPV_recall	recall_after_1_previous_4vHPV_doses	HPV58	cross_reactive_non_booster_target	IgG4	antibody_isotype_or_subclass	IgG subclass architecture	none	0.0125	0.0125	20	20	0.7684966264857342	2.165640911557888	0.48425202930980477	-0.24505451925570232	1.7820477722271708	1.7034937171620887	0.8437839090446565	3.439139823958329	0.0	0.0	1.0207653709047892	0.4	0.1	0.5	1.8293356112691996	3.1162617203779504
1	previously_4vHPV_vaccinated	six_year_4vHPV_persistence_to_heterologous_2vHPV_recall	recall_after_1_previous_4vHPV_doses	HPV58	cross_reactive_non_booster_target	FcgR2A	fc_gamma_receptor_binding	Fc-receptor engagement	moderate	0.2	0.0375	20	20	4.4235463033998785	4.988265428528052	1.1154100588000844	2.088966219802367	6.7581263869973895	21.459525976914332	4.254431074397263	108.24273495113627	5.413466110782215	0.9722031270581752	8.37947006794592	0.8	0.2	0.0	8.594024414783377	184.42369017527983
1	previously_4vHPV_vaccinated	six_year_4vHPV_persistence_to_heterologous_2vHPV_recall	recall_after_1_previous_4vHPV_doses	HPV58	cross_reactive_non_booster_target	FcgR2B	fc_gamma_receptor_binding	Fc-receptor engagement	low	0.075	0.0375	20	20	4.047478197925714	2.6814984359163905	0.5996012784268412	2.792498299124389	5.3024580967270385	16.535310114126293	6.9282851034330895	39.46380330607995	4.209182933017388	2.871393565907881	5.202409051148355	0.95	0.05	0.0	31.929859174274252	527.9701233470049
1	previously_4vHPV_vaccinated	six_year_4vHPV_persistence_to_heterologous_2vHPV_recall	recall_after_1_previous_4vHPV_doses	HPV58	cross_reactive_non_booster_target	FcgR3A	fc_gamma_receptor_binding	Fc-receptor engagement	high	0.325	0.0875	20	20	6.358503677251621	3.163765375118155	0.7074394443624316	4.877815903163835	7.839191451339406	82.05410907916908	29.401460223242474	228.9980417861592	7.071502236388314	3.603997186540781	9.088117472683255	1.0	0.0	0.0	4.001359224939946	328.32796630816193
1	previously_4vHPV_vaccinated	six_year_4vHPV_persistence_to_heterologous_2vHPV_recall	recall_after_1_previous_4vHPV_doses	BPV	heterologous_control_antigen	IgG	antibody_isotype_or_subclass	Antibody abundance	none	0.0125	0.0125	20	20	1.0073326468856494	1.1892452635500863	0.2659233251217646	0.45074873077756694	1.563916562993732	2.0101910837098753	1.3667493891810731	2.956553867895184	0.9094177192183781	0.3128359871834894	1.8447876750105623	0.8	0.2	0.0	244.67306325044115	491.839610170019
1	previously_4vHPV_vaccinated	six_year_4vHPV_persistence_to_heterologous_2vHPV_recall	recall_after_1_previous_4vHPV_doses	BPV	heterologous_control_antigen	IgM	antibody_isotype_or_subclass	Antibody abundance	none	0.0125	0.0125	20	20	-0.04869057499366782	0.6486895717410134	0.14505139787081325	-0.35228663986282344	0.25490548987548783	0.966813434142955	0.7833415343609779	1.1932575708523	0.06201265394194655	-0.3626312866245551	0.32576683778358717	0.55	0.45	0.0	612.5279137097741	592.2002157621672
1	previously_4vHPV_vaccinated	six_year_4vHPV_persistence_to_heterologous_2vHPV_recall	recall_after_1_previous_4vHPV_doses	BPV	heterologous_control_antigen	IgA1	antibody_isotype_or_subclass	Antibody abundance	low	0.0875	0.05	20	20	0.27410760565272174	3.2432360040990846	0.725209617224034	-1.2437735676853903	1.791988778990834	1.2092458659528778	0.4222667136605786	3.4629193280423105	0.1616897863371598	-0.5124234232077471	1.7364902140741199	0.6	0.4	0.0	79.87273492186452	96.58577450661483
1	previously_4vHPV_vaccinated	six_year_4vHPV_persistence_to_heterologous_2vHPV_recall	recall_after_1_previous_4vHPV_doses	BPV	heterologous_control_antigen	IgA2	antibody_isotype_or_subclass	Antibody abundance	high	0.0125	0.3875	20	20	0.11975710780333752	3.1109163376827347	0.6956220403373286	-1.336196555399246	1.575710771005921	1.0865519152006664	0.3960634413820751	2.980823123453442	0.0	0.0	1.2219391202588386	0.35	0.15	0.5	6.871408251312504	7.466141795589261
1	previously_4vHPV_vaccinated	six_year_4vHPV_persistence_to_heterologous_2vHPV_recall	recall_after_1_previous_4vHPV_doses	BPV	heterologous_control_antigen	IgG1	antibody_isotype_or_subclass	IgG subclass architecture	none	0.0125	0.0125	20	20	1.1968993846475602	0.9535282879857558	0.2132154070405146	0.7506344089413142	1.6431643603538062	2.2924644865475567	1.6825325426445517	3.123501797963141	1.0712481691879736	0.773442924701228	1.6936056854551629	0.85	0.15	0.0	116.64515124760182	267.4048667630954
1	previously_4vHPV_vaccinated	six_year_4vHPV_persistence_to_heterologous_2vHPV_recall	recall_after_1_previous_4vHPV_doses	BPV	heterologous_control_antigen	IgG2	antibody_isotype_or_subclass	IgG subclass architecture	high	0.45	0.3875	20	20	-0.6512664667483063	2.3400735162463087	0.5232563454673704	-1.7464545844332728	0.44392165093666014	0.6367211239803429	0.2980332948074789	1.360296976163945	0.0	-1.3004139538947541	0.2579008363930808	0.25	0.35	0.4	10.22271197594034	6.509016659448041
1	previously_4vHPV_vaccinated	six_year_4vHPV_persistence_to_heterologous_2vHPV_recall	recall_after_1_previous_4vHPV_doses	BPV	heterologous_control_antigen	IgG3	antibody_isotype_or_subclass	IgG subclass architecture	low	0.0625	0.025	20	20	2.4104602026815707	3.091314324913523	0.6912388970325508	0.9636805638498054	3.857239841513336	5.31643886714971	1.9502790517383777	14.492552849268709	1.9449985408155412	0.33013907216532656	4.326281709267806	0.8	0.2	0.0	52.44880050859437	278.84084155927275
1	previously_4vHPV_vaccinated	six_year_4vHPV_persistence_to_heterologous_2vHPV_recall	recall_after_1_previous_4vHPV_doses	BPV	heterologous_control_antigen	IgG4	antibody_isotype_or_subclass	IgG subclass architecture	high	0.6875	0.0125	20	20	-0.17324413043453363	1.45681564484098	0.3257538812549622	-0.8550548397180224	0.5085665788489553	0.8868462218242122	0.5528443115450034	1.4226360021068185	0.0	0.0	0.0	0.2	0.15	0.65	2.604303041623946	2.3096163129495006
1	previously_4vHPV_vaccinated	six_year_4vHPV_persistence_to_heterologous_2vHPV_recall	recall_after_1_previous_4vHPV_doses	BPV	heterologous_control_antigen	FcgR2A	fc_gamma_receptor_binding	Fc-receptor engagement	moderate	0.2125	0.25	20	20	1.3126559816079524	2.1545551449737252	0.48177317654331636	0.3042931343341124	2.321018828881792	2.483984173556079	1.2348134772753931	4.9968497170046495	1.283124777166772	-0.04350734994376215	2.744319980874979	0.65	0.25	0.1	3.1034113904856904	7.7088247780001184
1	previously_4vHPV_vaccinated	six_year_4vHPV_persistence_to_heterologous_2vHPV_recall	recall_after_1_previous_4vHPV_doses	BPV	heterologous_control_antigen	FcgR2B	fc_gamma_receptor_binding	Fc-receptor engagement	high	0.75	0.5875	20	20	0.4282853652235089	1.9784283624250019	0.4423900306995895	-0.4976476104611418	1.3542183409081596	1.3456333486107501	0.7082606961912371	2.5565856168933405	0.0	0.0	0.07002697979818384	0.25	0.1	0.65	1.7037456974497849	2.292617028040512
1	previously_4vHPV_vaccinated	six_year_4vHPV_persistence_to_heterologous_2vHPV_recall	recall_after_1_previous_4vHPV_doses	BPV	heterologous_control_antigen	FcgR3A	fc_gamma_receptor_binding	Fc-receptor engagement	high	0.3875	0.3	20	20	0.6327174168822417	1.5025632113810679	0.33598334811384534	-0.07050381260066174	1.335938646365145	1.5504826872830118	0.9523053794238683	2.5243967066727424	0.23197354987989494	-0.008553928834478253	1.6298752625873334	0.5	0.25	0.25	3.96904694362015	6.153938571096598
2	previously_4vHPV_vaccinated	six_year_4vHPV_persistence_to_heterologous_2vHPV_recall	recall_after_2_previous_4vHPV_doses	HPV16	vaccine_target_2vHPV_and_4vHPV	IgG	antibody_isotype_or_subclass	Antibody abundance	none	0.0125	0.0125	21	21	0.006394895647125291	0.02070669139643736	0.004518570510298336	-0.003030677271250376	0.01582046856550096	1.0044424424077758	0.9979014995316017	1.011026259188568	8.83165523770657e-05	0.0	0.0012227034154381755	0.6666666666666666	0.19047619047619047	0.14285714285714285	32533.87778649848	32678.407664866598
2	previously_4vHPV_vaccinated	six_year_4vHPV_persistence_to_heterologous_2vHPV_recall	recall_after_2_previous_4vHPV_doses	HPV16	vaccine_target_2vHPV_and_4vHPV	IgM	antibody_isotype_or_subclass	Antibody abundance	none	0.0125	0.0125	21	21	0.24614099481396018	1.378371089050802	0.30078523101495325	-0.38128600256064266	0.8735679921885631	1.1860304046857053	0.7677529189905298	1.8321885674996556	0.11298277272486779	-0.7352804675763114	1.1522477887093672	0.5714285714285714	0.42857142857142855	0.0	2190.4005712287963	2597.881675918292
2	previously_4vHPV_vaccinated	six_year_4vHPV_persistence_to_heterologous_2vHPV_recall	recall_after_2_previous_4vHPV_doses	HPV16	vaccine_target_2vHPV_and_4vHPV	IgA1	antibody_isotype_or_subclass	Antibody abundance	none	0.0125	0.0125	21	21	0.6363972359865533	1.3891511230085969	0.3031376272818956	0.0040632259856241415	1.2687312459874824	1.5544424835125397	1.0028203834548066	2.409495732649839	0.370454792287255	-0.10402717439235865	0.9964665408288784	0.6190476190476191	0.38095238095238093	0.0	8109.018548240291	12605.00293097586
2	previously_4vHPV_vaccinated	six_year_4vHPV_persistence_to_heterologous_2vHPV_recall	recall_after_2_previous_4vHPV_doses	HPV16	vaccine_target_2vHPV_and_4vHPV	IgA2	antibody_isotype_or_subclass	Antibody abundance	high	0.3	0.025	21	21	1.7438883408538173	3.104336717208697	0.6774218090114084	0.3308112088753208	3.1569654728323138	3.349366711671018	1.2577203757333495	8.919516281756035	1.7046267048495496	0.025640028983094254	3.0654987435353487	0.7619047619047619	0.19047619047619047	0.047619047619047616	784.3651520442257	2627.126530051711
2	previously_4vHPV_vaccinated	six_year_4vHPV_persistence_to_heterologous_2vHPV_recall	recall_after_2_previous_4vHPV_doses	HPV16	vaccine_target_2vHPV_and_4vHPV	IgG1	antibody_isotype_or_subclass	IgG subclass architecture	none	0.0125	0.0125	21	21	0.13239144966685695	0.22363399420544935	0.04880093840056131	0.030594475971014348	0.23418842336269957	1.09610913584226	1.0214329299853442	1.1762448638640473	0.06305206351501447	0.017977336606730177	0.29524253502314757	0.8095238095238095	0.19047619047619047	0.0	26856.971430699545	29438.171746244414
2	previously_4vHPV_vaccinated	six_year_4vHPV_persistence_to_heterologous_2vHPV_recall	recall_after_2_previous_4vHPV_doses	HPV16	vaccine_target_2vHPV_and_4vHPV	IgG2	antibody_isotype_or_subclass	IgG subclass architecture	moderate	0.15	0.0125	21	21	0.42467407945578595	2.167319761821781	0.4729479458915226	-0.5618780481333908	1.4112262070449626	1.3422692352663848	0.6774197490152857	2.659631199948897	1.1827371974805452	-0.5915248057836457	1.8307998271781258	0.6666666666666666	0.3333333333333333	0.0	2289.6249945481013	3073.293190478883
2	previously_4vHPV_vaccinated	six_year_4vHPV_persistence_to_heterologous_2vHPV_recall	recall_after_2_previous_4vHPV_doses	HPV16	vaccine_target_2vHPV_and_4vHPV	IgG3	antibody_isotype_or_subclass	IgG subclass architecture	none	0.025	0.0125	21	21	2.32313607312366	2.7997362138383983	0.6109525298011205	1.048711427943931	3.597560718303389	5.004188286738935	2.0686813379969626	12.105247893511923	1.0507600143611935	0.05951737855424355	3.8499854912995133	0.9523809523809523	0.047619047619047616	0.0	4289.345505661412	21464.692537207182
2	previously_4vHPV_vaccinated	six_year_4vHPV_persistence_to_heterologous_2vHPV_recall	recall_after_2_previous_4vHPV_doses	HPV16	vaccine_target_2vHPV_and_4vHPV	IgG4	antibody_isotype_or_subclass	IgG subclass architecture	moderate	0.0125	0.1875	21	21	0.4073493994965609	2.099791340909364	0.4582120363490469	-0.5484641594247956	1.3631629584179175	1.3262469188831494	0.6837476338889069	2.572485523412915	0.4899995569600657	-0.4323154907106792	1.456648283289959	0.6190476190476191	0.38095238095238093	0.0	202.71314048201228	268.8476779813957
2	previously_4vHPV_vaccinated	six_year_4vHPV_persistence_to_heterologous_2vHPV_recall	recall_after_2_previous_4vHPV_doses	HPV16	vaccine_target_2vHPV_and_4vHPV	FcgR2A	fc_gamma_receptor_binding	Fc-receptor engagement	low	0.05	0.075	21	21	0.3647268484301326	0.6816955955546783	0.14875817464511024	0.05442273363844513	0.6750309632218201	1.2876378125018062	1.0384435071842046	1.596631039352562	0.24490878097365965	0.09621852492156258	0.47874963824495076	0.8095238095238095	0.19047619047619047	0.0	4151.125107863612	5345.145653310812
2	previously_4vHPV_vaccinated	six_year_4vHPV_persistence_to_heterologous_2vHPV_recall	recall_after_2_previous_4vHPV_doses	HPV16	vaccine_target_2vHPV_and_4vHPV	FcgR2B	fc_gamma_receptor_binding	Fc-receptor engagement	moderate	0.15	0.0125	21	21	0.14025377040338438	0.2812175130975903	0.06136669240556871	0.012245093165762055	0.2682624476410067	1.1020989582984912	1.0085237740454558	1.2043564516188339	0.15102454898200257	-0.02053003825727373	0.24196494795953427	0.6666666666666666	0.3333333333333333	0.0	2713.80032132775	2990.8765071654257
2	previously_4vHPV_vaccinated	six_year_4vHPV_persistence_to_heterologous_2vHPV_recall	recall_after_2_previous_4vHPV_doses	HPV16	vaccine_target_2vHPV_and_4vHPV	FcgR3A	fc_gamma_receptor_binding	Fc-receptor engagement	low	0.075	0.0125	21	21	1.267304236298509	2.6909746455288452	0.5872188098258521	0.04238726345483301	2.492221209142185	2.4071136118802214	1.0298164805623973	5.626435437637155	0.4276341767898	0.12648104553790063	0.957475383353442	0.9523809523809523	0.047619047619047616	0.0	1419.4756362185906	3416.839125674111
2	previously_4vHPV_vaccinated	six_year_4vHPV_persistence_to_heterologous_2vHPV_recall	recall_after_2_previous_4vHPV_doses	HPV16	vaccine_target_2vHPV_and_4vHPV	ADCP	antibody_dependent_cellular_phagocytosis	Phagocytic function	none	0.0125	0.0125	21	21	1.0534544515500721	0.7706928092032289	0.16817895884437883	0.7026392908014725	1.4042696122986718	2.0754935543980197	1.6274794094382021	2.646837477246311	0.8668960557378487	0.48484969977729	1.6868351428258563	1.0	0.0	0.0	60.89041050910167	126.37765453628992
2	previously_4vHPV_vaccinated	six_year_4vHPV_persistence_to_heterologous_2vHPV_recall	recall_after_2_previous_4vHPV_doses	HPV16	vaccine_target_2vHPV_and_4vHPV	nAb	neutralizing_antibody	Neutralization	moderate	0.25	0.05	21	21	3.4761904761904763	1.4006801069140529	0.30565345782630887	2.838608535634386	4.113772416746566	11.128524953966638	7.153297957711897	17.31286301551903	3.0	2.9999999999999982	4.999999999999998	1.0	0.0	0.0	4167.04386269835	46373.05161031211
2	previously_4vHPV_vaccinated	six_year_4vHPV_persistence_to_heterologous_2vHPV_recall	recall_after_2_previous_4vHPV_doses	HPV18	vaccine_target_2vHPV_and_4vHPV	IgG	antibody_isotype_or_subclass	Antibody abundance	none	0.0125	0.0125	21	21	1.1678656504228988	1.3893438146851271	0.30317967605301405	0.535443928222414	1.8002873726233837	2.2467905661274274	1.4493880736644495	3.482895947443745	0.7057200461274906	0.189178862596723	1.2532439580390733	1.0	0.0	0.0	13873.944099421753	31171.84671756008
2	previously_4vHPV_vaccinated	six_year_4vHPV_persistence_to_heterologous_2vHPV_recall	recall_after_2_previous_4vHPV_doses	HPV18	vaccine_target_2vHPV_and_4vHPV	IgM	antibody_isotype_or_subclass	Antibody abundance	none	0.0125	0.0125	21	21	0.6485369508997606	0.8283521689192742	0.1807612626739724	0.2714755642802357	1.0255983375192854	1.5675776958156722	1.2070417386082934	2.03580353008506	0.6240522302011993	0.16211330159937276	0.8129422455609028	0.7619047619047619	0.23809523809523808	0.0	1599.645258448556	2507.568228361256
2	previously_4vHPV_vaccinated	six_year_4vHPV_persistence_to_heterologous_2vHPV_recall	recall_after_2_previous_4vHPV_doses	HPV18	vaccine_target_2vHPV_and_4vHPV	IgA1	antibody_isotype_or_subclass	Antibody abundance	none	0.0125	0.0125	21	21	1.8801186087905934	1.5253144531795744	0.3328509019193131	1.1858037939974402	2.5744334235837467	3.681053221772092	2.2749010489879105	5.956370202364222	1.9899590575706618	0.6526425413545667	3.2749216944339157	0.8571428571428571	0.14285714285714285	0.0	886.0154458985279	3261.470011664611
2	previously_4vHPV_vaccinated	six_year_4vHPV_persistence_to_heterologous_2vHPV_recall	recall_after_2_previous_4vHPV_doses	HPV18	vaccine_target_2vHPV_and_4vHPV	IgA2	antibody_isotype_or_subclass	Antibody abundance	high	0.475	0.125	21	21	3.404783419719778	4.159581918714264	0.9076951905656079	1.5113644309409224	5.298202408498634	10.591121203403608	2.8507952604340754	39.34756378404589	1.9856267020982106	0.0	6.685394307289361	0.7142857142857143	0.14285714285714285	0.14285714285714285	33.61866941116916	356.05940243085
2	previously_4vHPV_vaccinated	six_year_4vHPV_persistence_to_heterologous_2vHPV_recall	recall_after_2_previous_4vHPV_doses	HPV18	vaccine_target_2vHPV_and_4vHPV	IgG1	antibody_isotype_or_subclass	IgG subclass architecture	none	0.0125	0.0125	21	21	1.3879506354933322	0.8878860679289203	0.19375262451338002	0.9837897429465988	1.7921115280400657	2.6170665935541875	1.9776535903360335	3.4632139766871726	1.1575885844943201	0.8315834576818268	2.076194029735383	1.0	0.0	0.0	6632.326134843668	17357.239165055715
2	previously_4vHPV_vaccinated	six_year_4vHPV_persistence_to_heterologous_2vHPV_recall	recall_after_2_previous_4vHPV_doses	HPV18	vaccine_target_2vHPV_and_4vHPV	IgG2	antibody_isotype_or_subclass	IgG subclass architecture	low	0.1125	0.0875	21	21	2.534977917207841	2.2344740913957857	0.4876022220113744	1.5178575052865126	3.5520983291291692	5.795679905240921	2.863654625813529	11.729733488538598	2.771884296006343	1.1336207040714097	4.310194680313536	0.8095238095238095	0.19047619047619047	0.0	262.69742870648923	1522.5102087126581
2	previously_4vHPV_vaccinated	six_year_4vHPV_persistence_to_heterologous_2vHPV_recall	recall_after_2_previous_4vHPV_doses	HPV18	vaccine_target_2vHPV_and_4vHPV	IgG3	antibody_isotype_or_subclass	IgG subclass architecture	none	0.0375	0.0125	21	21	3.559389144155444	1.7948129852181827	0.39166030300247523	2.7424000683472185	4.376378219963669	11.789160997307059	6.691826627366697	20.769264471383615	3.6407454954273515	2.6254285824546297	4.612215669259692	1.0	0.0	0.0	224.06809540093747	2641.5748510416097
2	previously_4vHPV_vaccinated	six_year_4vHPV_persistence_to_heterologous_2vHPV_recall	recall_after_2_previous_4vHPV_doses	HPV18	vaccine_target_2vHPV_and_4vHPV	IgG4	antibody_isotype_or_subclass	IgG subclass architecture	high	0.3875	0.0125	21	21	1.8101030181419633	3.0274899529405936	0.6606524702413602	0.43200611387260524	3.1881999224113216	3.506673276412374	1.3491082515968251	9.11473000995292	1.340158831964449	-0.03443349706387355	2.584962500721156	0.7142857142857143	0.2857142857142857	0.0	18.282507546345443	64.11078063857713
2	previously_4vHPV_vaccinated	six_year_4vHPV_persistence_to_heterologous_2vHPV_recall	recall_after_2_previous_4vHPV_doses	HPV18	vaccine_target_2vHPV_and_4vHPV	FcgR2A	fc_gamma_receptor_binding	Fc-receptor engagement	low	0.0875	0.05	21	21	1.0063717069827915	1.407939401983646	0.30723756588099604	0.3654853749281045	1.6472580390374785	2.008852595952285	1.2883149924877768	3.1323773889113706	0.7738751095400858	0.3367939556103341	1.248055910436035	0.8571428571428571	0.14285714285714285	0.0	1101.1963831229339	2212.141212889773
2	previously_4vHPV_vaccinated	six_year_4vHPV_persistence_to_heterologous_2vHPV_recall	recall_after_2_previous_4vHPV_doses	HPV18	vaccine_target_2vHPV_and_4vHPV	FcgR2B	fc_gamma_receptor_binding	Fc-receptor engagement	none	0.0125	0.0125	21	21	1.8169470483435017	2.423590613456589	0.5288708304642514	0.7137418276699461	2.9201522690170574	3.5233481756598586	1.6400523064381878	7.569260027984069	1.0668788523315929	0.5218425918796363	1.987833184113132	0.9047619047619048	0.09523809523809523	0.0	362.19630162122803	1276.1436785479007
2	previously_4vHPV_vaccinated	six_year_4vHPV_persistence_to_heterologous_2vHPV_recall	recall_after_2_previous_4vHPV_doses	HPV18	vaccine_target_2vHPV_and_4vHPV	FcgR3A	fc_gamma_receptor_binding	Fc-receptor engagement	low	0.125	0.025	21	21	2.615614350216618	3.3270006027978285	0.726011052356417	1.1011818326901284	4.130046867743108	6.128841308645342	2.1453036038338724	17.509268021285777	1.2565167927790757	0.8360520692010844	2.418543891254565	1.0	0.0	0.0	235.44821704664315	1443.0247586823596
2	previously_4vHPV_vaccinated	six_year_4vHPV_persistence_to_heterologous_2vHPV_recall	recall_after_2_previous_4vHPV_doses	HPV18	vaccine_target_2vHPV_and_4vHPV	ADCP	antibody_dependent_cellular_phagocytosis	Phagocytic function	none	0.0125	0.0125	21	21	0.5662965464144832	0.4185414596030671	0.09133323429087414	0.3757787581631531	0.7568143346658134	1.4807176286905783	1.297539769863151	1.6897552944726235	0.5139229352759838	0.20852714158086716	0.9346173014199959	0.9047619047619048	0.09523809523809523	0.0	41.969633129742135	62.14517564488533
2	previously_4vHPV_vaccinated	six_year_4vHPV_persistence_to_heterologous_2vHPV_recall	recall_after_2_previous_4vHPV_doses	HPV18	vaccine_target_2vHPV_and_4vHPV	nAb	neutralizing_antibody	Neutralization	high	0.35	0.025	21	21	5.238095238095238	1.7292993351285921	0.3773640524982657	4.450927618271749	6.025262857918727	37.74190236471566	21.87070192438208	65.1305659522391	5.0	4.0	6.0	1.0	0.0	0.0	748.8941939628853	28264.691550049632
2	previously_4vHPV_vaccinated	six_year_4vHPV_persistence_to_heterologous_2vHPV_recall	recall_after_2_previous_4vHPV_doses	HPV31	cross_reactive_non_booster_target	IgG	antibody_isotype_or_subclass	Antibody abundance	none	0.0125	0.0125	21	21	3.0819092706659355	1.8738503387828982	0.40890766754720365	2.228942822855738	3.9348757184761327	8.467342641390198	4.687903339204547	15.29380753376844	3.043194040231258	1.8031687986290876	4.10734121270753	1.0	0.0	0.0	2678.1499069156234	22676.812906861876
2	previously_4vHPV_vaccinated	six_year_4vHPV_persistence_to_heterologous_2vHPV_recall	recall_after_2_previous_4vHPV_doses	HPV31	cross_reactive_non_booster_target	IgM	antibody_isotype_or_subclass	Antibody abundance	none	0.0125	0.0125	21	21	0.9385875945928613	1.4850241620733826	0.324058839597126	0.2626127004298736	1.614562488755849	1.9166509093536865	1.1996492865658464	3.0621872154338825	0.7686396444440025	-0.2887483017815269	1.8021144693617241	0.7142857142857143	0.2857142857142857	0.0	405.05711240553416	776.3530828322467
2	previously_4vHPV_vaccinated	six_year_4vHPV_persistence_to_heterologous_2vHPV_recall	recall_after_2_previous_4vHPV_doses	HPV31	cross_reactive_non_booster_target	IgA1	antibody_isotype_or_subclass	Antibody abundance	low	0.05	0.0125	21	21	3.2295791434205006	2.647036681353123	0.5776307599821614	2.024662492081326	4.434495794759675	9.379942919487403	4.068966752141893	21.623015013953527	2.3566066350861554	1.526585491486042	4.285402218862247	1.0	0.0	0.0	351.8265665857206	3300.1131121332955
2	previously_4vHPV_vaccinated	six_year_4vHPV_persistence_to_heterologous_2vHPV_recall	recall_after_2_previous_4vHPV_doses	HPV31	cross_reactive_non_booster_target	IgA2	antibody_isotype_or_subclass	Antibody abundance	high	0.575	0.2125	21	21	4.901327733755285	5.2120611081214205	1.137364978795325	2.528825961787954	7.273829505722617	29.88454627074185	5.771018523850643	154.7536370082919	4.285402218862249	0.0	9.125413470483315	0.7142857142857143	0.09523809523809523	0.19047619047619047	8.501044996736722	254.04987255463706
2	previously_4vHPV_vaccinated	six_year_4vHPV_persistence_to_heterologous_2vHPV_recall	recall_after_2_previous_4vHPV_doses	HPV31	cross_reactive_non_booster_target	IgG1	antibody_isotype_or_subclass	IgG subclass architecture	none	0.0125	0.0125	21	21	2.7062367657947872	1.6980324784555028	0.370541065000753	1.9333016484922623	3.479171883097312	6.526170891859375	3.819282534651187	11.151546428769874	2.38870574198101	1.4739916907736603	3.602703426358646	1.0	0.0	0.0	1367.1273984167665	8922.107033010943
2	previously_4vHPV_vaccinated	six_year_4vHPV_persistence_to_heterologous_2vHPV_recall	recall_after_2_previous_4vHPV_doses	HPV31	cross_reactive_non_booster_target	IgG2	antibody_isotype_or_subclass	IgG subclass architecture	high	0.3875	0.1875	21	21	3.794207910188667	2.5349356804417873	0.5531683160699467	2.6403190226811635	4.948096797696171	13.873000142988019	6.234695160957995	30.869213008607307	3.72298228679218	1.9638352297742863	4.721399336776738	0.9047619047619048	0.047619047619047616	0.047619047619047616	5.612172652471181	77.85767201020612
2	previously_4vHPV_vaccinated	six_year_4vHPV_persistence_to_heterologous_2vHPV_recall	recall_after_2_previous_4vHPV_doses	HPV31	cross_reactive_non_booster_target	IgG3	antibody_isotype_or_subclass	IgG subclass architecture	none	0.0125	0.0375	21	21	5.8215405651358685	3.5387328059398633	0.7722148070210905	4.210728704252432	7.432352426019305	56.55334936777773	18.516361181921276	172.7273136061212	6.009436755608091	4.47195353889197	7.95912342289468	0.9523809523809523	0.047619047619047616	0.0	103.46100720349851	5851.066486321627
2	previously_4vHPV_vaccinated	six_year_4vHPV_persistence_to_heterologous_2vHPV_recall	recall_after_2_previous_4vHPV_doses	HPV31	cross_reactive_non_booster_target	IgG4	antibody_isotype_or_subclass	IgG subclass architecture	high	0.0125	0.45	21	21	1.7803082299175723	2.5460450014311977	0.5555925686582102	0.6213624401240114	2.939254019711133	3.4349955496880544	1.5383272479926793	7.670145895012379	1.4854268271702402	0.0	3.9068905956085187	0.6190476190476191	0.09523809523809523	0.2857142857142857	2.081070500312277	7.148467907159767
2	previously_4vHPV_vaccinated	six_year_4vHPV_persistence_to_heterologous_2vHPV_recall	recall_after_2_previous_4vHPV_doses	HPV31	cross_reactive_non_booster_target	FcgR2A	fc_gamma_receptor_binding	Fc-receptor engagement	low	0.125	0.1	21	21	2.330053899987353	3.0153334561481646	0.6579997051586558	0.9574905667146993	3.702617233260007	5.028241352814008	1.9419291510382235	13.019636215168589	1.9215872172234096	0.5910015347772664	4.610594812750894	0.8095238095238095	0.19047619047619047	0.0	349.06367481140035	1755.176404451905
2	previously_4vHPV_vaccinated	six_year_4vHPV_persistence_to_heterologous_2vHPV_recall	recall_after_2_previous_4vHPV_doses	HPV31	cross_reactive_non_booster_target	FcgR2B	fc_gamma_receptor_binding	Fc-receptor engagement	moderate	0.1875	0.0375	21	21	3.3449162085835757	3.3732815331189454	0.7361103793292502	1.8094168641497705	4.8804155530173805	10.16061771668998	3.5050058791393846	29.454487651262728	2.566648502752493	0.766551405009599	4.783411101083815	0.9047619047619048	0.047619047619047616	0.047619047619047616	90.80035257666007	922.5876710721102
2	previously_4vHPV_vaccinated	six_year_4vHPV_persistence_to_heterologous_2vHPV_recall	recall_after_2_previous_4vHPV_doses	HPV31	cross_reactive_non_booster_target	FcgR3A	fc_gamma_receptor_binding	Fc-receptor engagement	moderate	0.1625	0.025	21	21	4.110380332860128	3.1569431243499855	0.688901468190676	2.67335705144661	5.547403614273646	17.27220459735346	6.379118379904097	46.766501871583564	3.335143714391527	1.2423547169203601	5.844477988439953	1.0	0.0	0.0	78.13373087486553	1349.5417856252304
2	previously_4vHPV_vaccinated	six_year_4vHPV_persistence_to_heterologous_2vHPV_recall	recall_after_2_previous_4vHPV_doses	HPV33	cross_reactive_non_booster_target	IgG	antibody_isotype_or_subclass	Antibody abundance	none	0.0125	0.0125	21	21	1.6418443888792542	1.2222932626856864	0.2667262570329381	1.085463166282513	2.1982256114759955	3.120645305339714	2.12205664355367	4.589145700385494	1.603538883494064	0.8589959055042087	2.492929158382072	0.9523809523809523	0.047619047619047616	0.0	525.4753902479204	1639.8223096487275
2	previously_4vHPV_vaccinated	six_year_4vHPV_persistence_to_heterologous_2vHPV_recall	recall_after_2_previous_4vHPV_doses	HPV33	cross_reactive_non_booster_target	IgM	antibody_isotype_or_subclass	Antibody abundance	none	0.0125	0.0125	21	21	0.029746397062499343	0.4898975666423318	0.10690441342443613	-0.1932523016922696	0.2527450958172683	1.0208326637209417	0.874631793992129	1.191472039408816	-0.07475623128546971	-0.1795655971249559	0.18688139900530842	0.42857142857142855	0.5714285714285714	0.0	2058.275540211467	2101.154902385733
2	previously_4vHPV_vaccinated	six_year_4vHPV_persistence_to_heterologous_2vHPV_recall	recall_after_2_previous_4vHPV_doses	HPV33	cross_reactive_non_booster_target	IgA1	antibody_isotype_or_subclass	Antibody abundance	none	0.0375	0.025	21	21	1.3237535039340425	3.0333422751281507	0.6619295516421102	-0.05700734545646324	2.704514353324548	2.5031651948372433	0.9612560341580861	6.5183840412845795	1.0538167010734663	-0.19191642362302552	2.880471078698851	0.7142857142857143	0.2857142857142857	0.0	108.71978428551725	272.14358001371977
2	previously_4vHPV_vaccinated	six_year_4vHPV_persistence_to_heterologous_2vHPV_recall	recall_after_2_previous_4vHPV_doses	HPV33	cross_reactive_non_booster_target	IgA2	antibody_isotype_or_subclass	Antibody abundance	high	0.5125	0.3875	21	21	1.221037068962779	2.7351591375196134	0.5968606564492266	-0.02399244350139984	2.466066581426958	2.331142292445562	0.9835072253931679	5.525352785746905	0.0	0.0	2.488783234362816	0.38095238095238093	0.14285714285714285	0.47619047619047616	4.769653640653999	11.118741322045484
2	previously_4vHPV_vaccinated	six_year_4vHPV_persistence_to_heterologous_2vHPV_recall	recall_after_2_previous_4vHPV_doses	HPV33	cross_reactive_non_booster_target	IgG1	antibody_isotype_or_subclass	IgG subclass architecture	none	0.0125	0.0125	21	21	1.3492373409346503	1.1190581974815805	0.24419851890572303	0.8398481566208568	1.858626525248444	2.547774056092341	1.7898617493326863	3.6266223596975102	1.4822588594847126	0.5647956082757233	2.1622048530289817	0.8571428571428571	0.14285714285714285	0.0	284.79633967521215	725.5967254945672
2	previously_4vHPV_vaccinated	six_year_4vHPV_persistence_to_heterologous_2vHPV_recall	recall_after_2_previous_4vHPV_doses	HPV33	cross_reactive_non_booster_target	IgG2	antibody_isotype_or_subclass	IgG subclass architecture	high	0.35	0.3125	21	21	0.7288561051003166	2.2695107394912704	0.49524784543971195	-0.30421279782408295	1.7619250080247162	1.6573244986164328	0.8098840067590437	3.3915035619803455	0.25153876699596367	0.0	1.0211301667640154	0.5238095238095238	0.23809523809523808	0.23809523809523808	8.73757565418309	14.480998190192143
2	previously_4vHPV_vaccinated	six_year_4vHPV_persistence_to_heterologous_2vHPV_recall	recall_after_2_previous_4vHPV_doses	HPV33	cross_reactive_non_booster_target	IgG3	antibody_isotype_or_subclass	IgG subclass architecture	none	0.025	0.0125	21	21	2.4477199469575637	2.386677336340954	0.520815693010381	1.3613174485754838	3.5341224453396434	5.455532219846929	2.569196878232888	11.584488543462284	1.912204395504986	1.4875094733524303	3.39231742277876	0.9047619047619048	0.09523809523809523	0.0	104.4954094880494	570.0780732881515
2	previously_4vHPV_vaccinated	six_year_4vHPV_persistence_to_heterologous_2vHPV_recall	recall_after_2_previous_4vHPV_doses	HPV33	cross_reactive_non_booster_target	IgG4	antibody_isotype_or_subclass	IgG subclass architecture	none	0.0125	0.025	21	21	0.4172396897708764	2.6613553024270247	0.5807553392639968	-0.7941947197382908	1.6286740992800435	1.3353701436485312	0.5766649651312695	3.0922867321096503	0.0	-1.0	1.4854268271702418	0.47619047619047616	0.38095238095238093	0.14285714285714285	4.498708318857845	6.007440773986045
2	previously_4vHPV_vaccinated	six_year_4vHPV_persistence_to_heterologous_2vHPV_recall	recall_after_2_previous_4vHPV_doses	HPV33	cross_reactive_non_booster_target	FcgR2A	fc_gamma_receptor_binding	Fc-receptor engagement	moderate	0.2875	0.0625	21	21	2.5539314034723497	4.086083740107937	0.8916565730939471	0.6939683844840576	4.413894422460642	5.872323323265394	1.617727245127356	21.316437191024708	1.9237644141729153	-0.1007449737398165	6.1576550257906675	0.6666666666666666	0.3333333333333333	0.0	16.837137826115953	98.87311715333473
2	previously_4vHPV_vaccinated	six_year_4vHPV_persistence_to_heterologous_2vHPV_recall	recall_after_2_previous_4vHPV_doses	HPV33	cross_reactive_non_booster_target	FcgR2B	fc_gamma_receptor_binding	Fc-receptor engagement	none	0.025	0.0125	21	21	2.0267299116392694	1.531186633983712	0.3341323168254763	1.3297421121910782	2.7237177110874606	4.074801867381405	2.5135773963471473	6.605728664868142	2.122335542924052	1.2875765900965854	2.8687554667217476	0.9047619047619048	0.09523809523809523	0.0	51.050655031544125	208.02130445358003
2	previously_4vHPV_vaccinated	six_year_4vHPV_persistence_to_heterologous_2vHPV_recall	recall_after_2_previous_4vHPV_doses	HPV33	cross_reactive_non_booster_target	FcgR3A	fc_gamma_receptor_binding	Fc-receptor engagement	high	0.4125	0.1625	21	21	2.792564101068946	2.256781409756378	0.4924700779608454	1.7652895195704659	3.8198386825674264	6.928601112718673	3.3994221230312407	14.121668813627728	2.168162392743053	1.4329594072761056	3.715359137976831	0.9047619047619048	0.0	0.09523809523809523	9.826560626233153	68.0843188891165
2	previously_4vHPV_vaccinated	six_year_4vHPV_persistence_to_heterologous_2vHPV_recall	recall_after_2_previous_4vHPV_doses	HPV45	cross_reactive_non_booster_target	IgG	antibody_isotype_or_subclass	Antibody abundance	none	0.0125	0.0125	21	21	3.669228503340243	1.636998388018057	0.3572223345530208	2.9240757709156737	4.414381235764813	12.721778812954511	7.589873133802778	21.323631279808925	4.027997592226816	2.596461350725079	4.956538830749331	1.0	0.0	0.0	851.7773192743257	10836.12265369929
2	previously_4vHPV_vaccinated	six_year_4vHPV_persistence_to_heterologous_2vHPV_recall	recall_after_2_previous_4vHPV_doses	HPV45	cross_reactive_non_booster_target	IgM	antibody_isotype_or_subclass	Antibody abundance	none	0.0125	0.0125	21	21	0.7148673178675794	1.3419943845013842	0.2928471832944412	0.10399879788061661	1.325735837854542	1.6413322602303866	1.074748277325789	2.5066070309749042	0.2682871873070969	-0.2600805032617668	1.9426582890598763	0.5238095238095238	0.47619047619047616	0.0	762.1211386007433	1250.894010988912
2	previously_4vHPV_vaccinated	six_year_4vHPV_persistence_to_heterologous_2vHPV_recall	recall_after_2_previous_4vHPV_doses	HPV45	cross_reactive_non_booster_target	IgA1	antibody_isotype_or_subclass	Antibody abundance	none	0.0375	0.0125	21	21	2.757085696599544	3.6571702115981144	0.7980599678088584	1.0923617750241152	4.421809618174972	6.760292627164962	2.132228089734916	21.433709003703573	1.4450982368385308	0.5746993829614766	3.267832767228425	0.9047619047619048	0.09523809523809523	0.0	222.27182705158043	1502.622593643286
2	previously_4vHPV_vaccinated	six_year_4vHPV_persistence_to_heterologous_2vHPV_recall	recall_after_2_previous_4vHPV_doses	HPV45	cross_reactive_non_booster_target	IgA2	antibody_isotype_or_subclass	Antibody abundance	high	0.3875	0.4375	21	21	-0.3327411514153591	3.748699773247244	0.8180333556461566	-2.039128829937456	1.3736465271067377	0.7940263824977895	0.2433106153918416	2.591246974930245	0.0	-0.00150383171468782	0.002546477787223722	0.38095238095238093	0.3333333333333333	0.2857142857142857	182.19696170784346	144.66919440696705
2	previously_4vHPV_vaccinated	six_year_4vHPV_persistence_to_heterologous_2vHPV_recall	recall_after_2_previous_4vHPV_doses	HPV45	cross_reactive_non_booster_target	IgG1	antibody_isotype_or_subclass	IgG subclass architecture	none	0.0125	0.0125	21	21	3.8836316572683707	1.8118062098496368	0.39536852862985744	3.058907358347212	4.708355956189529	14.760110912910427	8.33341229064363	26.143057197112594	4.237475221494842	2.732743796844659	4.913797603322619	1.0	0.0	0.0	434.97391028947067	6420.263160094937
2	previously_4vHPV_vaccinated	six_year_4vHPV_persistence_to_heterologous_2vHPV_recall	recall_after_2_previous_4vHPV_doses	HPV45	cross_reactive_non_booster_target	IgG2	antibody_isotype_or_subclass	IgG subclass architecture	high	0.5	0.3625	21	21	2.7012734875132223	2.8802780368913683	0.6285281965035002	1.390186644031002	4.012360330995443	6.5037575974819095	2.6211258855142274	16.137669358259465	1.9977440260596318	0.0	4.149348639999072	0.6666666666666666	0.047619047619047616	0.2857142857142857	3.5418147445752535	23.03510455390476
2	previously_4vHPV_vaccinated	six_year_4vHPV_persistence_to_heterologous_2vHPV_recall	recall_after_2_previous_4vHPV_doses	HPV45	cross_reactive_non_booster_target	IgG3	antibody_isotype_or_subclass	IgG subclass architecture	low	0.0625	0.0375	21	21	2.447610572975983	2.9819497783137443	0.6507147894133105	1.0902433076645313	3.804977838287435	5.455118639259313	2.1290994030326122	13.976951628471504	2.9920886090139946	0.7750336349997262	4.014399379060617	0.8571428571428571	0.14285714285714285	0.0	72.40942152888884	395.0019850402266
2	previously_4vHPV_vaccinated	six_year_4vHPV_persistence_to_heterologous_2vHPV_recall	recall_after_2_previous_4vHPV_doses	HPV45	cross_reactive_non_booster_target	IgG4	antibody_isotype_or_subclass	IgG subclass architecture	none	0.0125	0.0125	21	21	1.6210638922484726	2.4998388753668523	0.5455095653124704	0.48315087887278385	2.758976905624161	3.0760178863034775	1.397793147183259	6.769160412558812	0.8565589200583741	0.0	2.2983412745697454	0.6190476190476191	0.14285714285714285	0.23809523809523808	4.088963324235856	12.577724321788413
2	previously_4vHPV_vaccinated	six_year_4vHPV_persistence_to_heterologous_2vHPV_recall	recall_after_2_previous_4vHPV_doses	HPV45	cross_reactive_non_booster_target	FcgR2A	fc_gamma_receptor_binding	Fc-receptor engagement	moderate	0.175	0.2125	21	21	3.2861049111250793	3.4921002985240195	0.7620387596363908	1.6965199131237716	4.875689909126387	9.754750081032714	3.2411817292162306	29.358165352369106	4.342707133773237	1.3362494584647102	6.330784445847869	0.8571428571428571	0.14285714285714285	0.0	77.32684065892698	754.3040051836713
2	previously_4vHPV_vaccinated	six_year_4vHPV_persistence_to_heterologous_2vHPV_recall	recall_after_2_previous_4vHPV_doses	HPV45	cross_reactive_non_booster_target	FcgR2B	fc_gamma_receptor_binding	Fc-receptor engagement	moderate	0.1875	0.05	21	21	4.684634540440045	3.1140972543626737	0.6795517328367192	3.267114465216489	6.102154615663601	25.716716390370433	9.627188010749615	68.69602018411727	3.152485019351147	2.5885737542735354	7.122051447713891	0.9523809523809523	0.0	0.047619047619047616	19.89099219023233	511.53100487927827
2	previously_4vHPV_vaccinated	six_year_4vHPV_persistence_to_heterologous_2vHPV_recall	recall_after_2_previous_4vHPV_doses	HPV45	cross_reactive_non_booster_target	FcgR3A	fc_gamma_receptor_binding	Fc-receptor engagement	high	0.325	0.05	21	21	5.7771702456410985	2.6194815109019767	0.5716177288212191	4.58479655751092	6.969543933771277	54.84051619417462	23.99723960511819	125.32617359048602	5.511124156560754	3.9338330760342544	8.189824558880018	1.0	0.0	0.0	11.243413143571305	616.5945805778181
2	previously_4vHPV_vaccinated	six_year_4vHPV_persistence_to_heterologous_2vHPV_recall	recall_after_2_previous_4vHPV_doses	HPV52	cross_reactive_non_booster_target	IgG	antibody_isotype_or_subclass	Antibody abundance	none	0.0125	0.0125	21	21	3.181324734446331	1.5770834335458834	0.34414781959451757	2.46344496231593	3.899204506576732	9.071396941986377	5.515321409162499	14.920298632528032	3.136664835724412	2.4465436629064357	3.90748636939899	1.0	0.0	0.0	1322.4614558423573	11996.5728064232
2	previously_4vHPV_vaccinated	six_year_4vHPV_persistence_to_heterologous_2vHPV_recall	recall_after_2_previous_4vHPV_doses	HPV52	cross_reactive_non_booster_target	IgM	antibody_isotype_or_subclass	Antibody abundance	none	0.0125	0.0125	21	21	0.07113848981235786	0.7852249652143882	0.17135013526971432	-0.28629162904432276	0.4285686086690385	1.0505453850383335	0.8200071366828149	1.345897561928463	-0.12308748837444483	-0.39729509893314585	0.18174578185041668	0.38095238095238093	0.6190476190476191	0.0	830.5636722608203	872.5448328740953
2	previously_4vHPV_vaccinated	six_year_4vHPV_persistence_to_heterologous_2vHPV_recall	recall_after_2_previous_4vHPV_doses	HPV52	cross_reactive_non_booster_target	IgA1	antibody_isotype_or_subclass	Antibody abundance	moderate	0.175	0.0625	21	21	1.2960559603639987	2.5706964960178276	0.5609719657980685	0.12588894476836687	2.4662229759596306	2.455566614387873	1.0911798773912198	5.525951790929572	1.0851863298194786	-0.2696361032735357	2.097604031366595	0.6190476190476191	0.3333333333333333	0.047619047619047616	90.55078966955597	222.35349601901996
2	previously_4vHPV_vaccinated	six_year_4vHPV_persistence_to_heterologous_2vHPV_recall	recall_after_2_previous_4vHPV_doses	HPV52	cross_reactive_non_booster_target	IgA2	antibody_isotype_or_subclass	Antibody abundance	high	0.0125	0.3375	21	21	0.4172285805384668	3.1516399612917767	0.6877442231365363	-1.017380729992587	1.8518378910695206	1.3353598608931732	0.49401243771502695	3.6095972934051366	0.0	-0.019108822947704773	1.1974057378644192	0.3333333333333333	0.2857142857142857	0.38095238095238093	7.856426016524999	10.49115595254433
2	previously_4vHPV_vaccinated	six_year_4vHPV_persistence_to_heterologous_2vHPV_recall	recall_after_2_previous_4vHPV_doses	HPV52	cross_reactive_non_booster_target	IgG1	antibody_isotype_or_subclass	IgG subclass architecture	none	0.0125	0.0125	21	21	3.099520294829498	1.6826170678612666	0.3671771466237572	2.333602188300972	3.8654384013580243	8.571337202909351	5.040623462800653	14.575145711272386	2.8164216858042277	1.920800986138369	3.3001404826526457	1.0	0.0	0.0	587.7269248246148	5037.605655900746
2	previously_4vHPV_vaccinated	six_year_4vHPV_persistence_to_heterologous_2vHPV_recall	recall_after_2_previous_4vHPV_doses	HPV52	cross_reactive_non_booster_target	IgG2	antibody_isotype_or_subclass	IgG subclass architecture	high	0.4125	0.2125	21	21	3.6433666444970663	2.591930843414039	0.565605680287408	2.4635338698516063	4.823199419142526	12.495759132948821	5.515661306875204	28.30920675169852	3.4594316186372973	1.965938163926367	5.902762709985843	0.8571428571428571	0.09523809523809523	0.047619047619047616	4.325887635815276	54.05524993334914
2	previously_4vHPV_vaccinated	six_year_4vHPV_persistence_to_heterologous_2vHPV_recall	recall_after_2_previous_4vHPV_doses	HPV52	cross_reactive_non_booster_target	IgG3	antibody_isotype_or_subclass	IgG subclass architecture	low	0.0875	0.0375	21	21	4.117724507598211	3.183322365105994	0.6946578904544795	2.6686935397553717	5.566755475441051	17.360354556137633	6.358531171867979	47.398039290616545	4.260099114809246	2.296126261392449	6.494160090604533	0.9523809523809523	0.047619047619047616	0.0	142.12996191410147	2467.426531879144
2	previously_4vHPV_vaccinated	six_year_4vHPV_persistence_to_heterologous_2vHPV_recall	recall_after_2_previous_4vHPV_doses	HPV52	cross_reactive_non_booster_target	IgG4	antibody_isotype_or_subclass	IgG subclass architecture	none	0.0125	0.0125	21	21	1.8187150899895148	2.6278107260257006	0.5734353125728399	0.6225499885911114	3.014880191387918	3.5276687318500537	1.5395940370208143	8.082940296231042	0.0	0.0	3.2016338611696513	0.47619047619047616	0.047619047619047616	0.47619047619047616	1.5445783393369805	5.448760711571947
2	previously_4vHPV_vaccinated	six_year_4vHPV_persistence_to_heterologous_2vHPV_recall	recall_after_2_previous_4vHPV_doses	HPV52	cross_reactive_non_booster_target	FcgR2A	fc_gamma_receptor_binding	Fc-receptor engagement	high	0.3375	0.2	21	21	2.7068322681099812	4.125707661277484	0.9003032215744428	0.8288326564500186	4.584831879769943	6.528865260358215	1.7762475461925475	23.997827149308616	2.9607272836475698	1.1617689577873307	5.0183266478065915	0.8095238095238095	0.19047619047619047	0.0	98.97152532771686	646.171753476792
2	previously_4vHPV_vaccinated	six_year_4vHPV_persistence_to_heterologous_2vHPV_recall	recall_after_2_previous_4vHPV_doses	HPV52	cross_reactive_non_booster_target	FcgR2B	fc_gamma_receptor_binding	Fc-receptor engagement	high	0.3875	0.1875	21	21	3.8170290982875965	2.9371903084517585	0.6409474723319465	2.480036099385725	5.154022097189468	14.09419425455021	5.579114265297936	35.605349207592916	3.155588826621474	1.7169908944049403	5.639004708300801	0.9047619047619048	0.0	0.09523809523809523	25.162069627809025	354.6390971808585
2	previously_4vHPV_vaccinated	six_year_4vHPV_persistence_to_heterologous_2vHPV_recall	recall_after_2_previous_4vHPV_doses	HPV52	cross_reactive_non_booster_target	FcgR3A	fc_gamma_receptor_binding	Fc-receptor engagement	moderate	0.25	0.05	21	21	4.787867908517309	3.4083017383652665	0.7437524146337338	3.236427557775636	6.339308259258981	27.624336506416707	9.424574974360688	80.96958955663796	3.593230116704757	1.8445079204750696	8.245552706255681	1.0	0.0	0.0	18.743404335280974	517.774108633631
2	previously_4vHPV_vaccinated	six_year_4vHPV_persistence_to_heterologous_2vHPV_recall	recall_after_2_previous_4vHPV_doses	HPV58	cross_reactive_non_booster_target	IgG	antibody_isotype_or_subclass	Antibody abundance	none	0.0125	0.0125	21	21	2.5037487786885464	1.1756032477612022	0.25653766048103016	1.9686205960780239	3.038876961299069	5.671572446850558	3.9139371682397477	8.218510578273047	2.1655917183468887	1.6958718144593785	3.459960368887266	1.0	0.0	0.0	1421.1254305419343	8060.015835380282
2	previously_4vHPV_vaccinated	six_year_4vHPV_persistence_to_heterologous_2vHPV_recall	recall_after_2_previous_4vHPV_doses	HPV58	cross_reactive_non_booster_target	IgM	antibody_isotype_or_subclass	Antibody abundance	none	0.0125	0.0125	21	21	-0.058912619225241075	0.4419220057421581	0.09643528774191186	-0.2600731044814324	0.14224786603095024	0.9599874035433242	0.8350456047874633	1.1036233346757316	-0.1624081513251454	-0.2623088865623373	0.1167730537133167	0.3333333333333333	0.6666666666666666	0.0	1743.1075773988416	1673.361317323806
2	previously_4vHPV_vaccinated	six_year_4vHPV_persistence_to_heterologous_2vHPV_recall	recall_after_2_previous_4vHPV_doses	HPV58	cross_reactive_non_booster_target	IgA1	antibody_isotype_or_subclass	Antibody abundance	none	0.0125	0.0125	21	21	1.197066638482191	1.4688875837787096	0.3205375495260345	0.5284370266947204	1.8656962502696617	2.292730270855089	1.4423657322284	3.6444377299327435	0.8144615014648284	0.18386419240018625	1.9995577946200207	0.7619047619047619	0.23809523809523808	0.0	564.0111439071909	1293.1254227356208
2	previously_4vHPV_vaccinated	six_year_4vHPV_persistence_to_heterologous_2vHPV_recall	recall_after_2_previous_4vHPV_doses	HPV58	cross_reactive_non_booster_target	IgA2	antibody_isotype_or_subclass	Antibody abundance	high	0.5125	0.35	21	21	1.2663463789881337	3.6555213111454616	0.7977001482308713	-0.3976269721000032	2.9303197300762704	2.4055159726946265	0.7591058779873763	7.622793160594131	0.0	-0.1487512516294558	2.064391913724471	0.38095238095238093	0.3333333333333333	0.2857142857142857	19.164531073427533	46.10058560633242
2	previously_4vHPV_vaccinated	six_year_4vHPV_persistence_to_heterologous_2vHPV_recall	recall_after_2_previous_4vHPV_doses	HPV58	cross_reactive_non_booster_target	IgG1	antibody_isotype_or_subclass	IgG subclass architecture	none	0.0125	0.0125	21	21	2.588367526482062	1.2494605984110243	0.27265465571825426	2.0196198809269323	3.1571151720371913	6.014177828596152	4.054769433983458	8.920441850732635	2.3619915633350104	1.6317861476872721	3.3721606264516186	1.0	0.0	0.0	636.468386304029	3827.8340575120696
2	previously_4vHPV_vaccinated	six_year_4vHPV_persistence_to_heterologous_2vHPV_recall	recall_after_2_previous_4vHPV_doses	HPV58	cross_reactive_non_booster_target	IgG2	antibody_isotype_or_subclass	IgG subclass architecture	none	0.0125	0.0125	21	21	1.7791270129782335	2.2280713083864323	0.4862050202114344	0.7649211129400342	2.7933329130164326	3.4321842734136205	1.6992770786830351	6.932294347074563	1.1292830169449664	0.18641312423088152	2.8239696359085	0.7619047619047619	0.19047619047619047	0.047619047619047616	13.03890381589707	44.7519206194748
2	previously_4vHPV_vaccinated	six_year_4vHPV_persistence_to_heterologous_2vHPV_recall	recall_after_2_previous_4vHPV_doses	HPV58	cross_reactive_non_booster_target	IgG3	antibody_isotype_or_subclass	IgG subclass architecture	low	0.05	0.025	21	21	4.195767953699142	3.007300169492385	0.6562466982929706	2.8268613286711135	5.56467457872717	18.325338642121796	7.095288411867116	47.32972317048804	4.604286652196886	2.357753063086932	6.338139128043279	0.9047619047619048	0.09523809523809523	0.0	111.3775109142543	2041.0306046203239
2	previously_4vHPV_vaccinated	six_year_4vHPV_persistence_to_heterologous_2vHPV_recall	recall_after_2_previous_4vHPV_doses	HPV58	cross_reactive_non_booster_target	IgG4	antibody_isotype_or_subclass	IgG subclass architecture	none	0.0125	0.0125	21	21	1.597181873475692	2.2685121952273066	0.4950299452171225	0.564567502450765	2.6297962445006187	3.025517382639302	1.478944078338073	6.189385769703257	1.584962500721156	0.0	2.3219280948873626	0.6666666666666666	0.14285714285714285	0.19047619047619047	2.603238894384201	7.87614452612212
2	previously_4vHPV_vaccinated	six_year_4vHPV_persistence_to_heterologous_2vHPV_recall	recall_after_2_previous_4vHPV_doses	HPV58	cross_reactive_non_booster_target	FcgR2A	fc_gamma_receptor_binding	Fc-receptor engagement	moderate	0.2	0.0375	21	21	2.810645944980559	3.350491199727734	0.7311371208588451	1.2855206359298244	4.335771254031294	7.015986369648622	2.4377000793239576	20.19283059331337	3.303422626035289	1.9518056263630115	4.382469636822413	0.8095238095238095	0.19047619047619047	0.0	77.48055302532045	543.6025039384859
2	previously_4vHPV_vaccinated	six_year_4vHPV_persistence_to_heterologous_2vHPV_recall	recall_after_2_previous_4vHPV_doses	HPV58	cross_reactive_non_booster_target	FcgR2B	fc_gamma_receptor_binding	Fc-receptor engagement	low	0.075	0.0375	21	21	3.0726422716416044	2.1772661472640964	0.4751184251382186	2.0815626036807706	4.063721939602438	8.41312786922495	4.232654128765522	16.72253824447809	2.5708413924765035	2.0296220496303814	3.8471843494842517	0.9047619047619048	0.047619047619047616	0.047619047619047616	48.33274238642339	406.6295419672884
2	previously_4vHPV_vaccinated	six_year_4vHPV_persistence_to_heterologous_2vHPV_recall	recall_after_2_previous_4vHPV_doses	HPV58	cross_reactive_non_booster_target	FcgR3A	fc_gamma_receptor_binding	Fc-receptor engagement	high	0.325	0.0875	21	21	4.961473050805968	2.5253499680995675	0.5510765421462183	3.811947527243306	6.11099857436863	31.156754405955223	14.044637930114042	69.11843152834682	4.3010228000742945	2.6988420490510263	7.4651582296642545	1.0	0.0	0.0	11.941921304766392	372.0715092278508
2	previously_4vHPV_vaccinated	six_year_4vHPV_persistence_to_heterologous_2vHPV_recall	recall_after_2_previous_4vHPV_doses	BPV	heterologous_control_antigen	IgG	antibody_isotype_or_subclass	Antibody abundance	none	0.0125	0.0125	21	21	0.6213195011101276	1.285569053829369	0.28053416667932585	0.03613548370787234	1.206503518512383	1.5382814633533697	1.0253635254099378	2.307776512286742	0.8868246499066643	-0.06058482902101758	1.4729267111679594	0.7142857142857143	0.2857142857142857	0.0	376.11186439688595	578.5659091490057
2	previously_4vHPV_vaccinated	six_year_4vHPV_persistence_to_heterologous_2vHPV_recall	recall_after_2_previous_4vHPV_doses	BPV	heterologous_control_antigen	IgM	antibody_isotype_or_subclass	Antibody abundance	none	0.0125	0.0125	21	21	0.23661715906617267	0.8529502810741416	0.1861290108121959	-0.15164115396381564	0.624875472096161	1.178226706059413	0.9002258179229703	1.5420777134281212	0.11314411975814131	-0.3172924606842571	0.7399239142809755	0.5714285714285714	0.42857142857142855	0.0	611.5538751869059	720.5491079393382
2	previously_4vHPV_vaccinated	six_year_4vHPV_persistence_to_heterologous_2vHPV_recall	recall_after_2_previous_4vHPV_doses	BPV	heterologous_control_antigen	IgA1	antibody_isotype_or_subclass	Antibody abundance	low	0.0875	0.05	21	21	0.5867816619183215	2.6717049172564615	0.5830138103768316	-0.6293638357789249	1.8029271596155678	1.50189261267305	0.6464614131528866	3.4892746482741988	0.7816945361867953	-1.6222117940591403	1.8986501929919193	0.6666666666666666	0.3333333333333333	0.0	108.07954003484036	162.32386275942787
2	previously_4vHPV_vaccinated	six_year_4vHPV_persistence_to_heterologous_2vHPV_recall	recall_after_2_previous_4vHPV_doses	BPV	heterologous_control_antigen	IgA2	antibody_isotype_or_subclass	Antibody abundance	high	0.0125	0.3875	21	21	0.7795382084971871	2.4180829575349208	0.5276689614088792	-0.321159957258462	1.8802363742528363	1.7165813253073292	0.8004260593592487	3.681353713986647	0.0	-0.04021710007640156	1.3479233034203073	0.42857142857142855	0.2857142857142857	0.2857142857142857	8.730097153606579	14.985921741999729
2	previously_4vHPV_vaccinated	six_year_4vHPV_persistence_to_heterologous_2vHPV_recall	recall_after_2_previous_4vHPV_doses	BPV	heterologous_control_antigen	IgG1	antibody_isotype_or_subclass	IgG subclass architecture	none	0.0125	0.0125	21	21	0.501383217451947	0.8926457476281238	0.1947912717755393	0.09505574468174666	0.9077106902221475	1.4155701227575588	1.068106678111763	1.8760661397476774	0.5727050349658711	0.03194289250275428	1.1010033186834756	0.7619047619047619	0.23809523809523808	0.0	187.589771516295	265.54647589338407
2	previously_4vHPV_vaccinated	six_year_4vHPV_persistence_to_heterologous_2vHPV_recall	recall_after_2_previous_4vHPV_doses	BPV	heterologous_control_antigen	IgG2	antibody_isotype_or_subclass	IgG subclass architecture	high	0.45	0.3875	21	21	0.884500811237386	2.095518592156361	0.4572796461306581	-0.06936781576982332	1.8383694382445954	1.846125730600128	0.9530555323613258	3.5760562710754353	0.0	0.0	1.3534636683204688	0.42857142857142855	0.19047619047619047	0.38095238095238093	5.796218676002192	10.700548437952646
2	previously_4vHPV_vaccinated	six_year_4vHPV_persistence_to_heterologous_2vHPV_recall	recall_after_2_previous_4vHPV_doses	BPV	heterologous_control_antigen	IgG3	antibody_isotype_or_subclass	IgG subclass architecture	low	0.0625	0.025	21	21	1.2848390635515081	2.442901498548329	0.5330848110675606	0.1728436333719625	2.3968344937310535	2.4365487087352204	1.1272782253749953	5.266463483816844	0.8521013048876869	-0.36133647944559755	3.000453036600014	0.6190476190476191	0.38095238095238093	0.0	116.37182711438147	283.54562508870464
2	previously_4vHPV_vaccinated	six_year_4vHPV_persistence_to_heterologous_2vHPV_recall	recall_after_2_previous_4vHPV_doses	BPV	heterologous_control_antigen	IgG4	antibody_isotype_or_subclass	IgG subclass architecture	high	0.6875	0.0125	21	21	0.274641530042122	1.0700003504138242	0.2334932190190773	-0.2124167900161094	0.7616998501003533	1.2096934763833593	0.863090178541714	1.6954871497633797	0.0	0.0	0.9311381418551963	0.2857142857142857	0.19047619047619047	0.5238095238095238	1.686749722413309	2.0404501354948215
2	previously_4vHPV_vaccinated	six_year_4vHPV_persistence_to_heterologous_2vHPV_recall	recall_after_2_previous_4vHPV_doses	BPV	heterologous_control_antigen	FcgR2A	fc_gamma_receptor_binding	Fc-receptor engagement	moderate	0.2125	0.25	21	21	0.281266920519847	2.1274550546571995	0.46424875359919193	-0.6871390099267913	1.2496728509664852	1.2152616129841007	0.6210842938425166	2.3778749561604497	0.19334388882594933	-0.5898119003825522	1.3143149107774876	0.6190476190476191	0.38095238095238093	0.0	10.378033731686223	12.612026012372406
2	previously_4vHPV_vaccinated	six_year_4vHPV_persistence_to_heterologous_2vHPV_recall	recall_after_2_previous_4vHPV_doses	BPV	heterologous_control_antigen	FcgR2B	fc_gamma_receptor_binding	Fc-receptor engagement	high	0.75	0.5875	21	21	2.5531120931337616	2.7803267842002444	0.6067170450147986	1.2875225143997506	3.818701671867773	5.868989362053742	2.441084971109109	14.110543688386993	3.0078195044593015	0.0	5.066089190457772	0.6190476190476191	0.047619047619047616	0.3333333333333333	1.4084051702497185	8.265914961657087
2	previously_4vHPV_vaccinated	six_year_4vHPV_persistence_to_heterologous_2vHPV_recall	recall_after_2_previous_4vHPV_doses	BPV	heterologous_control_antigen	FcgR3A	fc_gamma_receptor_binding	Fc-receptor engagement	high	0.3875	0.3	21	21	1.183176571426511	1.433643739395148	0.3128467121608481	0.5305897652616854	1.8357633775913365	2.270762105828971	1.4445195859652005	3.569602372558653	0.5545888516776376	0.0	2.3010191051243813	0.5714285714285714	0.047619047619047616	0.38095238095238093	3.639261561768092	8.263897247662939
3	previously_4vHPV_vaccinated	six_year_4vHPV_persistence_to_heterologous_2vHPV_recall	recall_after_3_previous_4vHPV_doses	HPV16	vaccine_target_2vHPV_and_4vHPV	IgG	antibody_isotype_or_subclass	Antibody abundance	none	0.0125	0.0125	19	19	0.061564689974616914	0.21169557877252576	0.04856629656125231	-0.040469312883796814	0.16359869283303063	1.0435969913029453	0.9723385913936043	1.1200776045468017	2.2101631406812317e-05	-2.2075786761277527e-05	0.016714148239380222	0.5789473684210527	0.3157894736842105	0.10526315789473684	31287.807918287483	32651.86220798924
3	previously_4vHPV_vaccinated	six_year_4vHPV_persistence_to_heterologous_2vHPV_recall	recall_after_3_previous_4vHPV_doses	HPV16	vaccine_target_2vHPV_and_4vHPV	IgM	antibody_isotype_or_subclass	Antibody abundance	none	0.0125	0.0125	19	19	0.7324888793225243	1.593418469343762	0.36555526750740636	-0.03551423910996587	1.5004919977550144	1.6615029785428321	0.975683922703414	2.8293918588488016	0.5244992817011482	-0.42890337058391914	1.3153442137691798	0.631578947368421	0.3684210526315789	0.0	2427.862007416157	4033.8999568129243
3	previously_4vHPV_vaccinated	six_year_4vHPV_persistence_to_heterologous_2vHPV_recall	recall_after_3_previous_4vHPV_doses	HPV16	vaccine_target_2vHPV_and_4vHPV	IgA1	antibody_isotype_or_subclass	Antibody abundance	none	0.0125	0.0125	19	19	1.0141594395570053	1.1066284022022865	0.2538779670132447	0.480781623127312	1.5475372559866987	2.019725793016179	1.3954995151217344	2.923177138201286	0.8546752485515121	0.44068534434061934	1.4023890771254628	0.8947368421052632	0.10526315789473684	0.0	4788.236509546829	9670.924781393504
3	previously_4vHPV_vaccinated	six_year_4vHPV_persistence_to_heterologous_2vHPV_recall	recall_after_3_previous_4vHPV_doses	HPV16	vaccine_target_2vHPV_and_4vHPV	IgA2	antibody_isotype_or_subclass	Antibody abundance	high	0.3	0.025	19	19	2.2001065108188125	2.471581831706824	0.5670197597421682	1.0088422003243573	3.3913708213132674	4.595132655420068	2.0122955332916486	10.493112851256118	1.9325706331864385	0.70999425997576	2.9867024920568115	0.8947368421052632	0.05263157894736842	0.05263157894736842	373.41296989276145	1715.8821319116196
3	previously_4vHPV_vaccinated	six_year_4vHPV_persistence_to_heterologous_2vHPV_recall	recall_after_3_previous_4vHPV_doses	HPV16	vaccine_target_2vHPV_and_4vHPV	IgG1	antibody_isotype_or_subclass	IgG subclass architecture	none	0.0125	0.0125	19	19	0.21287840867858532	0.3500247365920854	0.08030118181812333	0.044171885939493366	0.38158493141767724	1.1589982666241163	1.0310911580019655	1.3027722831419581	0.025057033196464573	-0.0006228014030744689	0.1620571332008467	0.6842105263157895	0.3157894736842105	0.0	26632.50044364828	30867.021850054418
3	previously_4vHPV_vaccinated	six_year_4vHPV_persistence_to_heterologous_2vHPV_recall	recall_after_3_previous_4vHPV_doses	HPV16	vaccine_target_2vHPV_and_4vHPV	IgG2	antibody_isotype_or_subclass	IgG subclass architecture	moderate	0.15	0.0125	19	19	0.6422621513234879	2.3646310846951186	0.542483575628473	-0.4974535491830949	1.7819778518300706	1.5607745420666796	0.7083559728897418	3.438973149652017	1.1981221405225106	-0.7133500555973056	1.7625598107167475	0.6842105263157895	0.3157894736842105	0.0	1245.0934541593008	1943.3101657457055
3	previously_4vHPV_vaccinated	six_year_4vHPV_persistence_to_heterologous_2vHPV_recall	recall_after_3_previous_4vHPV_doses	HPV16	vaccine_target_2vHPV_and_4vHPV	IgG3	antibody_isotype_or_subclass	IgG subclass architecture	none	0.025	0.0125	19	19	3.4573693003651584	2.6090553251387516	0.5985583421256038	2.1998448870233887	4.714893713706928	10.984286842523984	4.594299432172668	26.261796650417132	3.6353751994502357	1.0315724412613996	5.517388986299398	0.9473684210526315	0.05263157894736842	0.0	1619.3538558479609	17787.447252181235
3	previously_4vHPV_vaccinated	six_year_4vHPV_persistence_to_heterologous_2vHPV_recall	recall_after_3_previous_4vHPV_doses	HPV16	vaccine_target_2vHPV_and_4vHPV	IgG4	antibody_isotype_or_subclass	IgG subclass architecture	moderate	0.0125	0.1875	19	19	0.27783558739510894	2.658217992952449	0.6098370316411179	-1.0033844733348394	1.5590556481250575	1.2123746463873217	0.4988284057063278	2.9466090270491154	1.3923174227787607	-2.448999575136688	2.2009950645334646	0.5263157894736842	0.47368421052631576	0.0	75.68123417582339	91.75400952206998
3	previously_4vHPV_vaccinated	six_year_4vHPV_persistence_to_heterologous_2vHPV_recall	recall_after_3_previous_4vHPV_doses	HPV16	vaccine_target_2vHPV_and_4vHPV	FcgR2A	fc_gamma_receptor_binding	Fc-receptor engagement	low	0.05	0.075	19	19	0.3793262679368998	0.4643355857725385	0.10652588917222408	0.15552367951870835	0.6031288563550912	1.300734276556858	1.1138258491423214	1.519007356053653	0.3368956966973027	0.17492508305502863	0.613480675597363	0.8421052631578947	0.15789473684210525	0.0	3992.3942144663997	5193.044000283726
3	previously_4vHPV_vaccinated	six_year_4vHPV_persistence_to_heterologous_2vHPV_recall	recall_after_3_previous_4vHPV_doses	HPV16	vaccine_target_2vHPV_and_4vHPV	FcgR2B	fc_gamma_receptor_binding	Fc-receptor engagement	moderate	0.15	0.0125	19	19	0.1242531859870659	0.4551532954055736	0.10441932728907424	-0.09512368014168453	0.3436300521158163	1.089943375209467	0.9361919856206862	1.2689454507297324	-0.030966665956617234	-0.1234403687761052	0.4049904002110525	0.47368421052631576	0.5263157894736842	0.0	2412.339378427835	2629.3133242743443
3	previously_4vHPV_vaccinated	six_year_4vHPV_persistence_to_heterologous_2vHPV_recall	recall_after_3_previous_4vHPV_doses	HPV16	vaccine_target_2vHPV_and_4vHPV	FcgR3A	fc_gamma_receptor_binding	Fc-receptor engagement	low	0.075	0.0125	19	19	0.35778665205549803	0.4045689343136957	0.0928144789668076	0.16279066754065094	0.5527826365703451	1.2814584061225582	1.119450446620232	1.4669123153954609	0.21398309954292216	0.16508543362190498	0.5432066686982902	0.8421052631578947	0.15789473684210525	0.0	2708.5766766279608	3470.928350892399
3	previously_4vHPV_vaccinated	six_year_4vHPV_persistence_to_heterologous_2vHPV_recall	recall_after_3_previous_4vHPV_doses	HPV16	vaccine_target_2vHPV_and_4vHPV	ADCP	antibody_dependent_cellular_phagocytosis	Phagocytic function	none	0.0125	0.0125	19	19	1.4785603588977836	1.0334842251907683	0.237097541965789	0.9804369072949015	1.9766838105006657	2.786705138618932	1.9730628429604564	3.935873384525948	1.5595591773891044	0.5629622673946169	2.2436163462647714	0.9473684210526315	0.05263157894736842	0.0	45.29750816050436	126.23079875751048
3	previously_4vHPV_vaccinated	six_year_4vHPV_persistence_to_heterologous_2vHPV_recall	recall_after_3_previous_4vHPV_doses	HPV16	vaccine_target_2vHPV_and_4vHPV	nAb	neutralizing_antibody	Neutralization	moderate	0.25	0.05	19	19	3.736842105263157	2.1817960303677917	0.5005383374627054	2.685250080102192	4.788434130424122	13.332192102376705	6.431922753716713	27.635180499013874	4.0	2.499999999999999	4.0	0.9473684210526315	0.0	0.05263157894736842	3442.209875904588	45892.20332225826
3	previously_4vHPV_vaccinated	six_year_4vHPV_persistence_to_heterologous_2vHPV_recall	recall_after_3_previous_4vHPV_doses	HPV18	vaccine_target_2vHPV_and_4vHPV	IgG	antibody_isotype_or_subclass	Antibody abundance	none	0.0125	0.0125	19	19	1.3607197046128814	1.3883672837215368	0.3185132992768548	0.6915480940522721	2.0298913151734905	2.5681326174019596	1.6150155928022698	4.083740844334572	1.2575767675337897	0.30408171968195674	1.7553253744992325	1.0	0.0	0.0	12177.25064276816	31272.794565971817
3	previously_4vHPV_vaccinated	six_year_4vHPV_persistence_to_heterologous_2vHPV_recall	recall_after_3_previous_4vHPV_doses	HPV18	vaccine_target_2vHPV_and_4vHPV	IgM	antibody_isotype_or_subclass	Antibody abundance	none	0.0125	0.0125	19	19	0.8252219123193689	1.0980174350809253	0.2519024756717624	0.29599444918930107	1.3544493754494367	1.7718075529597068	1.2277309601757624	2.55699506370324	0.781038484063826	0.06767582386944326	1.5846025302716011	0.8421052631578947	0.15789473684210525	0.0	1893.766845716626	3355.390400785395
3	previously_4vHPV_vaccinated	six_year_4vHPV_persistence_to_heterologous_2vHPV_recall	recall_after_3_previous_4vHPV_doses	HPV18	vaccine_target_2vHPV_and_4vHPV	IgA1	antibody_isotype_or_subclass	Antibody abundance	none	0.0125	0.0125	19	19	1.6779006065487532	1.9100398344441576	0.4381931903410127	0.7572908750778174	2.598510338019689	3.1996200701828625	1.6903135342017146	6.056609254064742	1.8267593173512306	1.1100695699434242	2.8418001659637957	0.8947368421052632	0.10526315789473684	0.0	759.2120678856078	2429.1901699318255
3	previously_4vHPV_vaccinated	six_year_4vHPV_persistence_to_heterologous_2vHPV_recall	recall_after_3_previous_4vHPV_doses	HPV18	vaccine_target_2vHPV_and_4vHPV	IgA2	antibody_isotype_or_subclass	Antibody abundance	high	0.475	0.125	19	19	3.5007515923380756	4.261812574742962	0.9777268594534448	1.4466236839767577	5.554879500699394	11.319604070621773	2.7256941452538905	47.00946969371055	2.828816519578316	0.0	5.555487263135911	0.6842105263157895	0.21052631578947367	0.10526315789473684	39.98604308879951	452.62617611603207
3	previously_4vHPV_vaccinated	six_year_4vHPV_persistence_to_heterologous_2vHPV_recall	recall_after_3_previous_4vHPV_doses	HPV18	vaccine_target_2vHPV_and_4vHPV	IgG1	antibody_isotype_or_subclass	IgG subclass architecture	none	0.0125	0.0125	19	19	1.7110230334190963	1.0804833741311697	0.24787988621124302	1.1902467171454747	2.231799349692718	3.2739289960214206	2.2819176320581267	4.697194552689619	1.4426836513184043	0.8676517331371354	2.213456808921608	1.0	0.0	0.0	6273.065454572594	20537.570885665526
3	previously_4vHPV_vaccinated	six_year_4vHPV_persistence_to_heterologous_2vHPV_recall	recall_after_3_previous_4vHPV_doses	HPV18	vaccine_target_2vHPV_and_4vHPV	IgG2	antibody_isotype_or_subclass	IgG subclass architecture	low	0.1125	0.0875	19	19	1.4787573945043366	3.400399583049833	0.7801051657985296	-0.16018274202762273	3.117697531036296	2.7870857579588733	0.8949117078586598	8.680014971313822	1.4185547969379133	-0.17509816765848818	2.524374863876818	0.6842105263157895	0.3157894736842105	0.0	399.5852287800479	1113.6783002236082
3	previously_4vHPV_vaccinated	six_year_4vHPV_persistence_to_heterologous_2vHPV_recall	recall_after_3_previous_4vHPV_doses	HPV18	vaccine_target_2vHPV_and_4vHPV	IgG3	antibody_isotype_or_subclass	IgG subclass architecture	none	0.0375	0.0125	19	19	2.2536630854375175	2.268081379290528	0.5203335541080923	1.160482853334914	3.346843317540121	4.768921666417833	2.235322287463929	10.174199035178919	2.6532763005314752	1.314686280064655	3.341596839159301	0.8947368421052632	0.10526315789473684	0.0	255.3413885757076	1217.7030803119073
3	previously_4vHPV_vaccinated	six_year_4vHPV_persistence_to_heterologous_2vHPV_recall	recall_after_3_previous_4vHPV_doses	HPV18	vaccine_target_2vHPV_and_4vHPV	IgG4	antibody_isotype_or_subclass	IgG subclass architecture	high	0.3875	0.0125	19	19	1.9345140694584284	3.514785137462272	0.8063470117082504	0.24044186047812954	3.6285862784387275	3.8224935559492144	1.1813544245794645	12.36839400713687	1.4299878407448157	-0.47259953279015715	3.9949645571850154	0.631578947368421	0.3157894736842105	0.05263157894736842	18.169476960634626	69.4527085969936
3	previously_4vHPV_vaccinated	six_year_4vHPV_persistence_to_heterologous_2vHPV_recall	recall_after_3_previous_4vHPV_doses	HPV18	vaccine_target_2vHPV_and_4vHPV	FcgR2A	fc_gamma_receptor_binding	Fc-receptor engagement	low	0.0875	0.05	19	19	0.9214509603575735	1.855475499407931	0.4256752733755175	0.027140396537352784	1.8157615241777942	1.8940192060760024	1.0189903553110728	3.5204540791651096	0.7629345142846997	0.3831555808227014	0.9417984417125576	0.9473684210526315	0.05263157894736842	0.0	1070.9179058502011	2028.339081810975
3	previously_4vHPV_vaccinated	six_year_4vHPV_persistence_to_heterologous_2vHPV_recall	recall_after_3_previous_4vHPV_doses	HPV18	vaccine_target_2vHPV_and_4vHPV	FcgR2B	fc_gamma_receptor_binding	Fc-receptor engagement	none	0.0125	0.0125	19	19	0.7107798963519194	1.5399055591819357	0.35327856395108154	-0.03143082499758332	1.4529906177014222	1.6366886440015604	0.9784494171787742	2.737749821679569	0.855910777418913	0.5282966103810471	1.162113999566973	0.8421052631578947	0.15789473684210525	0.0	690.3943178700307	1129.9605399410827
3	previously_4vHPV_vaccinated	six_year_4vHPV_persistence_to_heterologous_2vHPV_recall	recall_after_3_previous_4vHPV_doses	HPV18	vaccine_target_2vHPV_and_4vHPV	FcgR3A	fc_gamma_receptor_binding	Fc-receptor engagement	low	0.125	0.025	19	19	1.470449160518752	3.3121133243956837	0.7598509089787017	-0.12593836145172999	3.066836682489234	2.771081534797251	0.9164077969826472	8.3793403960308	1.137865033503349	0.5064571402808564	1.4450212172846513	0.9473684210526315	0.05263157894736842	0.0	308.14185789253634	853.8862125041252
3	previously_4vHPV_vaccinated	six_year_4vHPV_persistence_to_heterologous_2vHPV_recall	recall_after_3_previous_4vHPV_doses	HPV18	vaccine_target_2vHPV_and_4vHPV	ADCP	antibody_dependent_cellular_phagocytosis	Phagocytic function	none	0.0125	0.0125	19	19	0.6044473078441164	0.32077544071510466	0.0735909331393086	0.44983849444984403	0.7590561212383887	1.5203961824267191	1.3658873410457035	1.6923830260905781	0.6227680288448738	0.42959850570857183	0.8164617701952817	1.0	0.0	0.0	38.89739234653335	59.13944683002357
3	previously_4vHPV_vaccinated	six_year_4vHPV_persistence_to_heterologous_2vHPV_recall	recall_after_3_previous_4vHPV_doses	HPV18	vaccine_target_2vHPV_and_4vHPV	nAb	neutralizing_antibody	Neutralization	high	0.35	0.025	19	19	5.157894736842105	1.11868761873192	0.2566445410232946	4.61870456409874	5.69708490958547	35.7010533683694	24.56793276499066	51.87922092604459	5.0	4.0	5.999999999999998	1.0	0.0	0.0	860.552468976147	30722.629621199456
3	previously_4vHPV_vaccinated	six_year_4vHPV_persistence_to_heterologous_2vHPV_recall	recall_after_3_previous_4vHPV_doses	HPV31	cross_reactive_non_booster_target	IgG	antibody_isotype_or_subclass	Antibody abundance	none	0.0125	0.0125	19	19	3.3060804489642086	1.8396911546187902	0.4220540963320508	2.4193776958062214	4.192783202122196	9.89075360981393	5.349402265320117	18.287465050862675	3.097270505238381	2.427287894977135	4.349949479693934	0.9473684210526315	0.05263157894736842	0.0	2430.0733545885373	24035.256804009296
3	previously_4vHPV_vaccinated	six_year_4vHPV_persistence_to_heterologous_2vHPV_recall	recall_after_3_previous_4vHPV_doses	HPV31	cross_reactive_non_booster_target	IgM	antibody_isotype_or_subclass	Antibody abundance	none	0.0125	0.0125	19	19	1.3660399141845556	1.742811516212688	0.39982838299000023	0.5260316520469603	2.2060481763221507	2.5776205734769513	1.439962910273437	4.614096497492413	1.3306229557149791	-0.055988510626287624	2.0855408719865984	0.7368421052631579	0.2631578947368421	0.0	428.9239211806838	1105.6031236917388
3	previously_4vHPV_vaccinated	six_year_4vHPV_persistence_to_heterologous_2vHPV_recall	recall_after_3_previous_4vHPV_doses	HPV31	cross_reactive_non_booster_target	IgA1	antibody_isotype_or_subclass	Antibody abundance	low	0.05	0.0125	19	19	3.381308922398691	2.393868451418606	0.5491910875717847	2.2275012622152253	4.535116582582157	10.420184538142053	4.683221461481554	23.18494794704519	3.4758541628881208	1.2096703400176043	5.650261482098062	0.9473684210526315	0.05263157894736842	0.0	428.23612759025536	4462.299475389807
3	previously_4vHPV_vaccinated	six_year_4vHPV_persistence_to_heterologous_2vHPV_recall	recall_after_3_previous_4vHPV_doses	HPV31	cross_reactive_non_booster_target	IgA2	antibody_isotype_or_subclass	Antibody abundance	high	0.575	0.2125	19	19	4.571850710320103	4.511106671544155	1.0349188476206894	2.3975668934930208	6.746134527147184	23.78286657916652	5.269137739790539	107.3467369150461	4.523561956057013	2.0057831592640785	6.925522801151905	0.8421052631578947	0.10526315789473684	0.05263157894736842	26.65223761591889	633.866611255642
3	previously_4vHPV_vaccinated	six_year_4vHPV_persistence_to_heterologous_2vHPV_recall	recall_after_3_previous_4vHPV_doses	HPV31	cross_reactive_non_booster_target	IgG1	antibody_isotype_or_subclass	IgG subclass architecture	none	0.0125	0.0125	19	19	3.184088939904793	1.3817073721446766	0.31698541077493636	2.518127303972895	3.850050575836691	9.088794411058243	5.728380417025011	14.420512925603573	3.03985635315302	2.6261573481401568	3.7312617263654926	1.0	0.0	0.0	1310.0868994845864	11907.110490036117
3	previously_4vHPV_vaccinated	six_year_4vHPV_persistence_to_heterologous_2vHPV_recall	recall_after_3_previous_4vHPV_doses	HPV31	cross_reactive_non_booster_target	IgG2	antibody_isotype_or_subclass	IgG subclass architecture	high	0.3875	0.1875	19	19	1.7857907959200863	3.7365291138414873	0.8572185687806646	-0.015158588535023387	3.586740180375196	3.4480741412807796	0.9895478741924194	12.014795437231474	1.463480801666634	0.03634761406091824	3.994928946902744	0.7368421052631579	0.21052631578947367	0.05263157894736842	20.595342599015293	71.01426824648314
3	previously_4vHPV_vaccinated	six_year_4vHPV_persistence_to_heterologous_2vHPV_recall	recall_after_3_previous_4vHPV_doses	HPV31	cross_reactive_non_booster_target	IgG3	antibody_isotype_or_subclass	IgG subclass architecture	none	0.0125	0.0375	19	19	4.785306082490975	3.0385500938941568	0.6970911996931922	3.320771816997535	6.249840347984415	27.575326877515348	9.991988503326239	76.10083339754554	5.775112913541841	2.797966910294251	6.812612936899672	0.9473684210526315	0.05263157894736842	0.0	104.14569348093906	2871.851540622412
3	previously_4vHPV_vaccinated	six_year_4vHPV_persistence_to_heterologous_2vHPV_recall	recall_after_3_previous_4vHPV_doses	HPV31	cross_reactive_non_booster_target	IgG4	antibody_isotype_or_subclass	IgG subclass architecture	high	0.0125	0.45	19	19	1.951499555650317	1.8935455480034817	0.4344091415125538	1.0388398157644385	2.8641592955361954	3.8677634298026367	2.054574744088501	7.281114494355075	2.1477536204436922	0.0	3.378444927537308	0.6842105263157895	0.05263157894736842	0.2631578947368421	1.8205966026594431	7.041636960189115
3	previously_4vHPV_vaccinated	six_year_4vHPV_persistence_to_heterologous_2vHPV_recall	recall_after_3_previous_4vHPV_doses	HPV31	cross_reactive_non_booster_target	FcgR2A	fc_gamma_receptor_binding	Fc-receptor engagement	low	0.125	0.1	19	19	2.3431587035352526	3.679310706200245	0.844091765800744	0.569787708778559	4.116529698291946	5.074123745119195	1.484305140450001	17.345983032152496	2.2136319804301348	0.9545068705230637	3.976465469130889	0.9473684210526315	0.05263157894736842	0.0	325.98847242117915	1654.1058485474405
3	previously_4vHPV_vaccinated	six_year_4vHPV_persistence_to_heterologous_2vHPV_recall	recall_after_3_previous_4vHPV_doses	HPV31	cross_reactive_non_booster_target	FcgR2B	fc_gamma_receptor_binding	Fc-receptor engagement	moderate	0.1875	0.0375	19	19	2.7137680232993695	2.565804109238491	0.5886358326890514	1.4770900287273512	3.950446017871388	6.5603283433521895	2.783866500304465	15.459760002098925	1.8612737956958796	0.5896442855515893	4.564771119023626	0.8947368421052632	0.10526315789473684	0.0	157.40508931496896	1032.629068820875
3	previously_4vHPV_vaccinated	six_year_4vHPV_persistence_to_heterologous_2vHPV_recall	recall_after_3_previous_4vHPV_doses	HPV31	cross_reactive_non_booster_target	FcgR3A	fc_gamma_receptor_binding	Fc-receptor engagement	moderate	0.1625	0.025	19	19	3.575111601241427	2.845107880103115	0.6527125122547743	2.203813498304324	4.94640970417853	11.918341625580958	4.6069549754368815	30.833135522576992	2.4371531854579676	1.6564889215000855	4.760683786444707	1.0	0.0	0.0	115.82301288013397	1380.4182356095002
3	previously_4vHPV_vaccinated	six_year_4vHPV_persistence_to_heterologous_2vHPV_recall	recall_after_3_previous_4vHPV_doses	HPV33	cross_reactive_non_booster_target	IgG	antibody_isotype_or_subclass	Antibody abundance	none	0.0125	0.0125	19	19	1.5280363379550672	1.3833809703403985	0.31736936053321235	0.8612680535136619	2.1948046223964726	2.8839303811495065	1.8166343357237165	4.578276585311684	2.026961210026588	0.4384467875337048	2.5842665551578206	0.8421052631578947	0.15789473684210525	0.0	902.862802972995	2603.7934675036267
3	previously_4vHPV_vaccinated	six_year_4vHPV_persistence_to_heterologous_2vHPV_recall	recall_after_3_previous_4vHPV_doses	HPV33	cross_reactive_non_booster_target	IgM	antibody_isotype_or_subclass	Antibody abundance	none	0.0125	0.0125	19	19	0.09519678156351134	0.42602737254857376	0.09773738232217825	-0.11014183911261015	0.3005354022396328	1.0682111005950972	0.9264969685100507	1.23160139128098	0.04364555869326736	-0.1383571363361824	0.3150913643344655	0.5789473684210527	0.42105263157894735	0.0	1860.3085714282395	1987.2022665318539
3	previously_4vHPV_vaccinated	six_year_4vHPV_persistence_to_heterologous_2vHPV_recall	recall_after_3_previous_4vHPV_doses	HPV33	cross_reactive_non_booster_target	IgA1	antibody_isotype_or_subclass	Antibody abundance	none	0.0375	0.025	19	19	0.859958871055299	1.4849238024088682	0.3406648838714955	0.14424850819354695	1.575669233917051	1.8149865675118202	1.1051548343688107	2.980737302868288	0.6685836849086968	-0.05767687792035936	1.1395808689436553	0.7368421052631579	0.2631578947368421	0.0	238.49518720281196	432.8655611893203
3	previously_4vHPV_vaccinated	six_year_4vHPV_persistence_to_heterologous_2vHPV_recall	recall_after_3_previous_4vHPV_doses	HPV33	cross_reactive_non_booster_target	IgA2	antibody_isotype_or_subclass	Antibody abundance	high	0.5125	0.3875	19	19	1.672217043162079	3.1636399487201357	0.7257887805378562	0.1473913975704877	3.1970426887536707	3.187039816449629	1.1075650218244946	9.170768841095459	0.8318772411916733	0.0	3.592495575575957	0.5263157894736842	0.21052631578947367	0.2631578947368421	31.705692402502297	101.04730409487925
3	previously_4vHPV_vaccinated	six_year_4vHPV_persistence_to_heterologous_2vHPV_recall	recall_after_3_previous_4vHPV_doses	HPV33	cross_reactive_non_booster_target	IgG1	antibody_isotype_or_subclass	IgG subclass architecture	none	0.0125	0.0125	19	19	1.671071471995084	1.0473192263495947	0.24027150890974125	1.1662797632846567	2.1758631807055115	3.184510153788918	2.2443221313770803	4.51856031618879	1.3864554027781217	1.055872801561307	2.4882820628779596	0.9473684210526315	0.05263157894736842	0.0	322.0125454139619	1025.4522205181784
3	previously_4vHPV_vaccinated	six_year_4vHPV_persistence_to_heterologous_2vHPV_recall	recall_after_3_previous_4vHPV_doses	HPV33	cross_reactive_non_booster_target	IgG2	antibody_isotype_or_subclass	IgG subclass architecture	high	0.35	0.3125	19	19	-0.24289328216036346	3.6398873630099025	0.8350474305911005	-1.99726283373579	1.511476269415063	0.8450488913555422	0.25047476500338334	2.8510162641397625	-0.059243065200345946	-2.3356855870997157	0.9446253740748625	0.3157894736842105	0.5263157894736842	0.15789473684210525	51.83091621241149	43.79965828324033
3	previously_4vHPV_vaccinated	six_year_4vHPV_persistence_to_heterologous_2vHPV_recall	recall_after_3_previous_4vHPV_doses	HPV33	cross_reactive_non_booster_target	IgG3	antibody_isotype_or_subclass	IgG subclass architecture	none	0.025	0.0125	19	19	0.2403816809346365	1.9293401596846493	0.4426209886200006	-0.6895305095303659	1.170293871399639	1.1813051474382728	0.6200555993510428	2.250575356185294	0.7857215915611224	-1.0534648534676272	1.2991532452275072	0.5789473684210527	0.42105263157894735	0.0	266.7211215165886	315.0790337780554
3	previously_4vHPV_vaccinated	six_year_4vHPV_persistence_to_heterologous_2vHPV_recall	recall_after_3_previous_4vHPV_doses	HPV33	cross_reactive_non_booster_target	IgG4	antibody_isotype_or_subclass	IgG subclass architecture	none	0.0125	0.025	19	19	0.19741264650058257	2.6996658426402997	0.6193458204946128	-1.1037846383076708	1.498609931308836	1.1466401062888694	0.46529428156476726	2.8257031849361693	0.0	-1.1960381754177662	1.5578040400239455	0.3684210526315789	0.3157894736842105	0.3157894736842105	3.6007325972213566	4.128744407995693
3	previously_4vHPV_vaccinated	six_year_4vHPV_persistence_to_heterologous_2vHPV_recall	recall_after_3_previous_4vHPV_doses	HPV33	cross_reactive_non_booster_target	FcgR2A	fc_gamma_receptor_binding	Fc-receptor engagement	moderate	0.2875	0.0625	19	19	3.6298339111919606	2.8437543565532977	0.6524019926562818	2.259188185723257	5.000479636660664	12.37909473553625	4.787220259140305	32.01064045022669	3.523561956057013	1.4866525666672898	5.398757994113446	0.9473684210526315	0.05263157894736842	0.0	9.955755871692116	123.24324509954808
3	previously_4vHPV_vaccinated	six_year_4vHPV_persistence_to_heterologous_2vHPV_recall	recall_after_3_previous_4vHPV_doses	HPV33	cross_reactive_non_booster_target	FcgR2B	fc_gamma_receptor_binding	Fc-receptor engagement	none	0.025	0.0125	19	19	1.189212519716112	1.98927445612316	0.4563708592214573	0.23041292305404804	2.148012116378176	2.2802824232185475	1.1731706819321257	4.4321666145593985	1.4838586802322737	0.7151751033522125	2.0510807203629122	0.7894736842105263	0.21052631578947367	0.0	63.176320899114636	144.0598541098657
3	previously_4vHPV_vaccinated	six_year_4vHPV_persistence_to_heterologous_2vHPV_recall	recall_after_3_previous_4vHPV_doses	HPV33	cross_reactive_non_booster_target	FcgR3A	fc_gamma_receptor_binding	Fc-receptor engagement	high	0.4125	0.1625	19	19	3.4700671618544887	2.727338007715094	0.6256942505530341	2.1555323204155696	4.784602003293408	11.081391605458228	4.455330081302604	27.561872559982785	2.8859953712971684	1.1743066015152974	6.157051116843486	0.8947368421052632	0.0	0.10526315789473684	7.409017800460719	82.10222765871598
3	previously_4vHPV_vaccinated	six_year_4vHPV_persistence_to_heterologous_2vHPV_recall	recall_after_3_previous_4vHPV_doses	HPV45	cross_reactive_non_booster_target	IgG	antibody_isotype_or_subclass	Antibody abundance	none	0.0125	0.0125	19	19	3.757959687739072	1.4888060351744288	0.34155552915046294	3.0403781485807007	4.475541226897443	13.528778567163478	8.227066748702386	22.247035925435988	3.227185727425981	2.462500348234453	5.168133220149226	1.0	0.0	0.0	839.5950785605384	11358.69590392578
3	previously_4vHPV_vaccinated	six_year_4vHPV_persistence_to_heterologous_2vHPV_recall	recall_after_3_previous_4vHPV_doses	HPV45	cross_reactive_non_booster_target	IgM	antibody_isotype_or_subclass	Antibody abundance	none	0.0125	0.0125	19	19	0.6257083959784469	1.6291168914390872	0.37374504721042645	-0.15950081113683623	1.41091760309373	1.542968271839593	0.8953348133479014	2.6590623445115256	0.00921806623581567	-0.40378686281693366	1.2924875684613664	0.5263157894736842	0.47368421052631576	0.0	702.1392331913944	1083.378559228105
3	previously_4vHPV_vaccinated	six_year_4vHPV_persistence_to_heterologous_2vHPV_recall	recall_after_3_previous_4vHPV_doses	HPV45	cross_reactive_non_booster_target	IgA1	antibody_isotype_or_subclass	Antibody abundance	none	0.0375	0.0125	19	19	1.0130246791644235	1.5340221038726942	0.35192880673361726	0.27364969250206583	1.7523996658267813	2.0181377902509214	1.2088621107580642	3.3691850411994584	0.5745002756049189	0.11957251308866246	1.737331216183478	0.7894736842105263	0.21052631578947367	0.0	511.2778145216349	1031.8290788030145
3	previously_4vHPV_vaccinated	six_year_4vHPV_persistence_to_heterologous_2vHPV_recall	recall_after_3_previous_4vHPV_doses	HPV45	cross_reactive_non_booster_target	IgA2	antibody_isotype_or_subclass	Antibody abundance	high	0.3875	0.4375	19	19	-0.06913347018498701	6.515972919467217	1.4948667092002783	-3.2097318867663254	3.0714649463963517	0.9532103554461386	0.1080872391884367	8.406265055449381	0.0	-3.14960167854086	3.368576517600627	0.42105263157894735	0.42105263157894735	0.15789473684210525	55.96091956607686	53.34252803067291
3	previously_4vHPV_vaccinated	six_year_4vHPV_persistence_to_heterologous_2vHPV_recall	recall_after_3_previous_4vHPV_doses	HPV45	cross_reactive_non_booster_target	IgG1	antibody_isotype_or_subclass	IgG subclass architecture	none	0.0125	0.0125	19	19	3.624392876802324	1.4435036586161873	0.33116245118627347	2.928646384204861	4.3201393693997865	12.332495679572357	7.613956799111704	19.975218365359616	3.638686076585717	2.4210154270634	4.787694275978925	1.0	0.0	0.0	452.64158537110893	5582.2003959839885
3	previously_4vHPV_vaccinated	six_year_4vHPV_persistence_to_heterologous_2vHPV_recall	recall_after_3_previous_4vHPV_doses	HPV45	cross_reactive_non_booster_target	IgG2	antibody_isotype_or_subclass	IgG subclass architecture	high	0.5	0.3625	19	19	1.0121173061502902	3.1065987868349816	0.7127026405231441	-0.4852153794627134	2.5094499917632938	2.016868895594003	0.7143904108024235	5.6940295957298055	0.0	-0.8008089510987384	1.8755860433322402	0.47368421052631576	0.3157894736842105	0.21052631578947367	28.985815543821708	58.460589783759204
3	previously_4vHPV_vaccinated	six_year_4vHPV_persistence_to_heterologous_2vHPV_recall	recall_after_3_previous_4vHPV_doses	HPV45	cross_reactive_non_booster_target	IgG3	antibody_isotype_or_subclass	IgG subclass architecture	low	0.0625	0.0375	19	19	1.2426467570183692	2.6371625041195355	0.6050065712185115	-0.028424882945213836	2.513718396981952	2.3663225799584535	0.9804902008089289	5.710901085805364	0.9482610300283794	-0.2421199561098999	2.9293361013342394	0.7368421052631579	0.2631578947368421	0.0	86.26368209599661	204.12769877411424
3	previously_4vHPV_vaccinated	six_year_4vHPV_persistence_to_heterologous_2vHPV_recall	recall_after_3_previous_4vHPV_doses	HPV45	cross_reactive_non_booster_target	IgG4	antibody_isotype_or_subclass	IgG subclass architecture	none	0.0125	0.0125	19	19	1.1130898485610936	2.454570345865105	0.5631170572335616	-0.06997518821652626	2.2961548853387135	2.163084235931257	0.9526543818605595	4.911469994602059	1.3219280948873675	-0.5	2.4351823597917024	0.5263157894736842	0.2631578947368421	0.21052631578947367	3.795957607109718	8.210976060202364
3	previously_4vHPV_vaccinated	six_year_4vHPV_persistence_to_heterologous_2vHPV_recall	recall_after_3_previous_4vHPV_doses	HPV45	cross_reactive_non_booster_target	FcgR2A	fc_gamma_receptor_binding	Fc-receptor engagement	moderate	0.175	0.2125	19	19	3.535896797004563	3.6980733800045513	0.8483962183809329	1.7534824829509783	5.318311111058147	11.59874491869779	3.3717147377616663	39.899841520497944	4.207416213763657	2.052361989960083	5.525306201788894	0.9473684210526315	0.05263157894736842	0.0	67.7331097395366	785.6190624190504
3	previously_4vHPV_vaccinated	six_year_4vHPV_persistence_to_heterologous_2vHPV_recall	recall_after_3_previous_4vHPV_doses	HPV45	cross_reactive_non_booster_target	FcgR2B	fc_gamma_receptor_binding	Fc-receptor engagement	moderate	0.1875	0.05	19	19	3.4406681622974955	2.1610484980958367	0.4957785271205316	2.39907612759177	4.482260197003221	10.857862109222676	5.2746527815293005	22.350887246214583	3.4036327360065943	2.5076045490197236	4.306618477358167	0.8947368421052632	0.05263157894736842	0.05263157894736842	41.095326278321636	446.20738606353154
3	previously_4vHPV_vaccinated	six_year_4vHPV_persistence_to_heterologous_2vHPV_recall	recall_after_3_previous_4vHPV_doses	HPV45	cross_reactive_non_booster_target	FcgR3A	fc_gamma_receptor_binding	Fc-receptor engagement	high	0.325	0.05	19	19	4.358099361223715	2.9981120370090126	0.6878140731965874	2.913055615257096	5.803143107190334	20.507779148709158	7.532118070560436	55.836751584662444	3.7879934761904197	2.102691450128173	6.017323071403446	0.9473684210526315	0.0	0.05263157894736842	20.35371068763712	417.40940363878343
3	previously_4vHPV_vaccinated	six_year_4vHPV_persistence_to_heterologous_2vHPV_recall	recall_after_3_previous_4vHPV_doses	HPV52	cross_reactive_non_booster_target	IgG	antibody_isotype_or_subclass	Antibody abundance	none	0.0125	0.0125	19	19	3.6222835143800807	1.3572702719113074	0.31137915549122946	2.9681001837369396	4.276466845023221	12.314477530075976	7.825051156499869	19.379599418053797	4.074208043658306	2.7649637557917126	4.44936319981261	0.9473684210526315	0.05263157894736842	0.0	879.168560064503	10826.501478063563
3	previously_4vHPV_vaccinated	six_year_4vHPV_persistence_to_heterologous_2vHPV_recall	recall_after_3_previous_4vHPV_doses	HPV52	cross_reactive_non_booster_target	IgM	antibody_isotype_or_subclass	Antibody abundance	none	0.0125	0.0125	19	19	0.14465695012662683	1.1543998297149962	0.2648374841141174	-0.41174595733068753	0.7010598575839412	1.1054677594617488	0.7517130957563924	1.625698652994349	-0.056658684670260584	-0.5127211168730952	0.35968417733088387	0.47368421052631576	0.5263157894736842	0.0	595.9950699409898	658.853334617913
3	previously_4vHPV_vaccinated	six_year_4vHPV_persistence_to_heterologous_2vHPV_recall	recall_after_3_previous_4vHPV_doses	HPV52	cross_reactive_non_booster_target	IgA1	antibody_isotype_or_subclass	Antibody abundance	moderate	0.175	0.0625	19	19	0.2504407937538809	1.538115439073326	0.35286788223264837	-0.4909071173218415	0.9917887048296032	1.1895705148492706	0.7115775414770816	1.9886490611569352	0.0	-0.31644027583167755	0.9193736289331479	0.47368421052631576	0.3684210526315789	0.15789473684210525	77.84491493992894	92.60201554348892
3	previously_4vHPV_vaccinated	six_year_4vHPV_persistence_to_heterologous_2vHPV_recall	recall_after_3_previous_4vHPV_doses	HPV52	cross_reactive_non_booster_target	IgA2	antibody_isotype_or_subclass	Antibody abundance	high	0.0125	0.3375	19	19	-1.2764390407390132	3.869531427714537	0.8877313922243331	-3.141493488476907	0.5886154069988807	0.4128131861034509	0.11332252136797762	1.5038028148660463	0.0	-2.743555154961313	0.44660353955054877	0.2631578947368421	0.47368421052631576	0.2631578947368421	32.491167557304564	13.412782399551972
3	previously_4vHPV_vaccinated	six_year_4vHPV_persistence_to_heterologous_2vHPV_recall	recall_after_3_previous_4vHPV_doses	HPV52	cross_reactive_non_booster_target	IgG1	antibody_isotype_or_subclass	IgG subclass architecture	none	0.0125	0.0125	19	19	3.110324158947204	1.2639124319265898	0.28996139811856503	2.5011378668208275	3.719510451073581	8.635766043126997	5.661317622281745	13.172985535753766	3.1011505486868547	2.555017946390874	3.8705625920627624	0.9473684210526315	0.05263157894736842	0.0	506.0082024271572	4369.768452064176
3	previously_4vHPV_vaccinated	six_year_4vHPV_persistence_to_heterologous_2vHPV_recall	recall_after_3_previous_4vHPV_doses	HPV52	cross_reactive_non_booster_target	IgG2	antibody_isotype_or_subclass	IgG subclass architecture	high	0.4125	0.2125	19	19	1.532312892677406	3.8208199231581235	0.8765562066585842	-0.3092633614016236	3.3738891467564356	2.8924918466594014	0.8070537348397848	10.36673113798553	0.6166713604484944	-0.9737006443760023	4.095747100543512	0.5263157894736842	0.3684210526315789	0.10526315789473684	20.028951592910452	57.93357917962928
3	previously_4vHPV_vaccinated	six_year_4vHPV_persistence_to_heterologous_2vHPV_recall	recall_after_3_previous_4vHPV_doses	HPV52	cross_reactive_non_booster_target	IgG3	antibody_isotype_or_subclass	IgG subclass architecture	low	0.0875	0.0375	19	19	3.494173292961086	3.730353717605072	0.8558018357211458	1.6962003542158575	5.292146231706314	11.268107231189482	3.2404638825729633	39.18273592136721	4.4750051251652945	2.453549550471624	5.638918238018587	0.8947368421052632	0.05263157894736842	0.05263157894736842	131.90146461551788	1486.2798472386005
3	previously_4vHPV_vaccinated	six_year_4vHPV_persistence_to_heterologous_2vHPV_recall	recall_after_3_previous_4vHPV_doses	HPV52	cross_reactive_non_booster_target	IgG4	antibody_isotype_or_subclass	IgG subclass architecture	none	0.0125	0.0125	19	19	0.9141729682655537	2.077439381058348	0.47659728017710645	-0.08712076197742524	1.9154666985085327	1.8844884702352303	0.9413996606086125	3.772358269338672	0.0	0.0	0.6609640474436812	0.2631578947368421	0.10526315789473684	0.631578947368421	1.3095483603872375	2.467828786365199
3	previously_4vHPV_vaccinated	six_year_4vHPV_persistence_to_heterologous_2vHPV_recall	recall_after_3_previous_4vHPV_doses	HPV52	cross_reactive_non_booster_target	FcgR2A	fc_gamma_receptor_binding	Fc-receptor engagement	high	0.3375	0.2	19	19	3.730942200292192	3.8795018841249305	0.8900187717987479	1.861082146392013	5.600802254192371	13.277781401672941	3.6328005149874754	48.52990914950355	3.7686112207826703	2.571878893811874	6.6787887608884215	0.8947368421052632	0.10526315789473684	0.0	48.02320755313701	637.6416520977219
3	previously_4vHPV_vaccinated	six_year_4vHPV_persistence_to_heterologous_2vHPV_recall	recall_after_3_previous_4vHPV_doses	HPV52	cross_reactive_non_booster_target	FcgR2B	fc_gamma_receptor_binding	Fc-receptor engagement	high	0.3875	0.1875	19	19	3.9525569713179705	2.34796958002316	0.5386611643067679	2.8208718590040247	5.084242083631916	15.482397302464577	7.065892787353693	33.92418105471087	4.119435230988619	2.585105931157667	5.389526653048824	0.8947368421052632	0.0	0.10526315789473684	15.553866511814384	240.81114092540906
3	previously_4vHPV_vaccinated	six_year_4vHPV_persistence_to_heterologous_2vHPV_recall	recall_after_3_previous_4vHPV_doses	HPV52	cross_reactive_non_booster_target	FcgR3A	fc_gamma_receptor_binding	Fc-receptor engagement	moderate	0.25	0.05	19	19	4.106362138532975	2.4002511615538777	0.5506553817015511	2.9494781105388874	5.263246166527063	17.22416498294409	7.724695746511357	38.405636816655324	3.9833325936221753	2.826895744852173	5.405547303748369	0.9473684210526315	0.0	0.05263157894736842	21.26650400140043	366.2977735305612
3	previously_4vHPV_vaccinated	six_year_4vHPV_persistence_to_heterologous_2vHPV_recall	recall_after_3_previous_4vHPV_doses	HPV58	cross_reactive_non_booster_target	IgG	antibody_isotype_or_subclass	Antibody abundance	none	0.0125	0.0125	19	19	3.335402683273118	1.554153063317383	0.35654716556813904	2.5863248847455718	4.084480481800664	10.093836256710125	6.005668672006937	16.964893659914207	2.9611874718898665	2.5017891822519873	4.2245489120052815	1.0	0.0	0.0	1414.7820578749024	14280.578431120673
3	previously_4vHPV_vaccinated	six_year_4vHPV_persistence_to_heterologous_2vHPV_recall	recall_after_3_previous_4vHPV_doses	HPV58	cross_reactive_non_booster_target	IgM	antibody_isotype_or_subclass	Antibody abundance	none	0.0125	0.0125	19	19	0.04229565947523808	0.9478778109798716	0.21745808362556884	-0.41456682124228134	0.49915814019275745	1.029751094399452	0.7502447267842786	1.413388563171824	-0.1362181481634348	-0.41970126966837196	0.2347618197270327	0.3157894736842105	0.6842105263157895	0.0	1860.883221198354	1916.2465335785826
3	previously_4vHPV_vaccinated	six_year_4vHPV_persistence_to_heterologous_2vHPV_recall	recall_after_3_previous_4vHPV_doses	HPV58	cross_reactive_non_booster_target	IgA1	antibody_isotype_or_subclass	Antibody abundance	none	0.0125	0.0125	19	19	0.7242248619989885	0.8343166482339379	0.1914053661350162	0.32209710966554234	1.1263526143324347	1.6520127965856624	1.250146448724432	2.183061258836854	0.6249158858798349	0.17470487795487344	1.1107865798069385	0.8421052631578947	0.15789473684210525	0.0	435.09931600082297	718.7896378190278
3	previously_4vHPV_vaccinated	six_year_4vHPV_persistence_to_heterologous_2vHPV_recall	recall_after_3_previous_4vHPV_doses	HPV58	cross_reactive_non_booster_target	IgA2	antibody_isotype_or_subclass	Antibody abundance	high	0.5125	0.35	19	19	0.4554803152402348	4.118012499282176	0.9447368596109664	-1.5293381753444741	2.440298805824944	1.3712392545184986	0.34643625540452283	5.427541326287815	0.0	-0.7576845712638405	2.631970438924908	0.47368421052631576	0.2631578947368421	0.2631578947368421	37.569623223158096	51.516942141064206
3	previously_4vHPV_vaccinated	six_year_4vHPV_persistence_to_heterologous_2vHPV_recall	recall_after_3_previous_4vHPV_doses	HPV58	cross_reactive_non_booster_target	IgG1	antibody_isotype_or_subclass	IgG subclass architecture	none	0.0125	0.0125	19	19	3.147898600238105	1.3250291468016082	0.3039825341133752	2.5092549944710156	3.7865422060051945	8.863635780747789	5.693260032316354	13.799481985330644	2.7954120141131718	2.458964215023391	4.312862734337103	1.0	0.0	0.0	700.0269130872256	6204.783594326359
3	previously_4vHPV_vaccinated	six_year_4vHPV_persistence_to_heterologous_2vHPV_recall	recall_after_3_previous_4vHPV_doses	HPV58	cross_reactive_non_booster_target	IgG2	antibody_isotype_or_subclass	IgG subclass architecture	none	0.0125	0.0125	19	19	1.1876474503871237	3.142370492102788	0.7209092325389593	-0.3269266452671715	2.702221546041419	2.277810060784487	0.7972330113217397	6.5080329079814465	0.0	-0.9161858164663634	2.2076169217088712	0.47368421052631576	0.42105263157894735	0.10526315789473684	45.7048066029655	104.10686830644396
3	previously_4vHPV_vaccinated	six_year_4vHPV_persistence_to_heterologous_2vHPV_recall	recall_after_3_previous_4vHPV_doses	HPV58	cross_reactive_non_booster_target	IgG3	antibody_isotype_or_subclass	IgG subclass architecture	low	0.05	0.025	19	19	2.6067853068324793	3.2114589871568264	0.7367592203337943	1.0589116224824653	4.154658991182494	6.091448398779106	2.083359230381118	17.81053553025545	2.793070696051357	1.7462769720339808	4.600298754287831	0.8421052631578947	0.15789473684210525	0.0	169.37465835926216	1031.7369914562846
3	previously_4vHPV_vaccinated	six_year_4vHPV_persistence_to_heterologous_2vHPV_recall	recall_after_3_previous_4vHPV_doses	HPV58	cross_reactive_non_booster_target	IgG4	antibody_isotype_or_subclass	IgG subclass architecture	none	0.0125	0.0125	19	19	1.669670634125714	1.6435664598182917	0.3770600055442545	0.8774969579844111	2.4618443102670167	3.181419537119633	1.8371850616172647	5.5092056225716615	2.0	0.0	2.658587282458364	0.5789473684210527	0.0	0.42105263157894735	1.6996954526141306	5.407444320099991
3	previously_4vHPV_vaccinated	six_year_4vHPV_persistence_to_heterologous_2vHPV_recall	recall_after_3_previous_4vHPV_doses	HPV58	cross_reactive_non_booster_target	FcgR2A	fc_gamma_receptor_binding	Fc-receptor engagement	moderate	0.2	0.0375	19	19	3.665671163616598	3.4997879535563676	0.8029064217564855	1.9788273658973938	5.352514961335802	12.690448601896513	3.941725649328009	40.85710169728143	4.236326227164821	2.078684780392683	6.20273950910571	0.8947368421052632	0.10526315789473684	0.0	58.00490794344631	736.1083029140447
3	previously_4vHPV_vaccinated	six_year_4vHPV_persistence_to_heterologous_2vHPV_recall	recall_after_3_previous_4vHPV_doses	HPV58	cross_reactive_non_booster_target	FcgR2B	fc_gamma_receptor_binding	Fc-receptor engagement	low	0.075	0.0375	19	19	2.6693060917569764	2.0378998338107808	0.46752628592839607	1.6870698132580122	3.6515423702559406	6.361231505531746	3.220020366278689	12.566773393962896	3.1317914575436845	1.425055647554636	4.506877341361873	0.8947368421052632	0.10526315789473684	0.0	78.60291121068175	500.0113152199031
3	previously_4vHPV_vaccinated	six_year_4vHPV_persistence_to_heterologous_2vHPV_recall	recall_after_3_previous_4vHPV_doses	HPV58	cross_reactive_non_booster_target	FcgR3A	fc_gamma_receptor_binding	Fc-receptor engagement	high	0.325	0.0875	19	19	4.320035048492859	3.2477210534363503	0.7450783088809741	2.754683607659359	5.885386489326359	19.973774014683976	6.749046097329172	59.112301595857154	3.2800172492344437	1.8134538427816018	7.501165787766388	0.8947368421052632	0.0	0.10526315789473684	14.324284278462837	286.1100171001073
3	previously_4vHPV_vaccinated	six_year_4vHPV_persistence_to_heterologous_2vHPV_recall	recall_after_3_previous_4vHPV_doses	BPV	heterologous_control_antigen	IgG	antibody_isotype_or_subclass	Antibody abundance	none	0.0125	0.0125	19	19	1.2711530493012613	1.0030245624564773	0.23010961608615182	0.7877106851944791	1.7545954134080435	2.4135438683313986	1.7263328875351718	3.3743167649880097	1.1214227437623965	0.5564917510465435	1.8347339298697216	0.9473684210526315	0.05263157894736842	0.0	365.1537125990442	881.314504041869
3	previously_4vHPV_vaccinated	six_year_4vHPV_persistence_to_heterologous_2vHPV_recall	recall_after_3_previous_4vHPV_doses	BPV	heterologous_control_antigen	IgM	antibody_isotype_or_subclass	Antibody abundance	none	0.0125	0.0125	19	19	0.05462258006623045	0.7797321536517833	0.17888282425249746	-0.3211962880263916	0.4304414481588525	1.03858736544526	0.8004059028282906	1.3476458779863965	0.03079897496043138	-0.1651835876459269	0.5917352986718072	0.5263157894736842	0.47368421052631576	0.0	516.9409654550822	536.8883554027228
3	previously_4vHPV_vaccinated	six_year_4vHPV_persistence_to_heterologous_2vHPV_recall	recall_after_3_previous_4vHPV_doses	BPV	heterologous_control_antigen	IgA1	antibody_isotype_or_subclass	Antibody abundance	low	0.0875	0.05	19	19	1.1527572804020554	2.3581195190216655	0.5409897200108514	0.016180054087471696	2.289334506716639	2.2233842205045002	1.0112782845336907	4.88830568953418	0.48308288670194255	0.05219569565863491	1.1407688240943679	0.7368421052631579	0.21052631578947367	0.05263157894736842	63.244715392494356	140.61730223397007
3	previously_4vHPV_vaccinated	six_year_4vHPV_persistence_to_heterologous_2vHPV_recall	recall_after_3_previous_4vHPV_doses	BPV	heterologous_control_antigen	IgA2	antibody_isotype_or_subclass	Antibody abundance	high	0.0125	0.3875	19	19	-0.026055664861395492	2.174690703588427	0.4989082637052273	-1.0742230321380564	1.0221117024152655	0.9821017011775308	0.4749267648872575	2.030889439732393	0.0	-0.7911054021291535	1.2245653489736261	0.3157894736842105	0.3684210526315789	0.3157894736842105	11.016237744910473	10.819065829852704
3	previously_4vHPV_vaccinated	six_year_4vHPV_persistence_to_heterologous_2vHPV_recall	recall_after_3_previous_4vHPV_doses	BPV	heterologous_control_antigen	IgG1	antibody_isotype_or_subclass	IgG subclass architecture	none	0.0125	0.0125	19	19	0.8643314015821352	0.6883492163931509	0.15791814063806084	0.5325576993617616	1.1961051038025088	1.8204957863533695	1.4464913533754318	2.2912027095057117	0.9060575427975	0.34933738307260187	1.2903228191620637	0.8947368421052632	0.10526315789473684	0.0	218.682207231428	398.11003681526813
3	previously_4vHPV_vaccinated	six_year_4vHPV_persistence_to_heterologous_2vHPV_recall	recall_after_3_previous_4vHPV_doses	BPV	heterologous_control_antigen	IgG2	antibody_isotype_or_subclass	IgG subclass architecture	high	0.45	0.3875	19	19	0.1350985969499484	1.2966287035190498	0.29746702557545784	-0.48985643332645235	0.7600536272263492	1.098167862427873	0.7120959569602427	1.6935535755846662	0.0	0.0	0.3520671008494167	0.3157894736842105	0.21052631578947367	0.47368421052631576	3.5974357106902524	3.9505882846304115
3	previously_4vHPV_vaccinated	six_year_4vHPV_persistence_to_heterologous_2vHPV_recall	recall_after_3_previous_4vHPV_doses	BPV	heterologous_control_antigen	IgG3	antibody_isotype_or_subclass	IgG subclass architecture	low	0.0625	0.025	19	19	0.8778632210720517	2.883912935616705	0.6616150025433125	-0.5121383199252724	2.267864762069376	1.8376515347640452	0.7011823954886055	4.816098043744352	1.0840906156234764	-1.1173428773813594	3.202992646513955	0.5789473684210527	0.3684210526315789	0.05263157894736842	87.6027947838165	160.9834102841001
3	previously_4vHPV_vaccinated	six_year_4vHPV_persistence_to_heterologous_2vHPV_recall	recall_after_3_previous_4vHPV_doses	BPV	heterologous_control_antigen	IgG4	antibody_isotype_or_subclass	IgG subclass architecture	high	0.6875	0.0125	19	19	-0.74133466461052	2.0915833114618154	0.4798421203504321	-1.749445551090698	0.2667762218696582	0.5981857032866499	0.2974160581522895	1.2031163947217738	0.0	-0.7190063175011965	0.0	0.15789473684210525	0.3157894736842105	0.5263157894736842	2.6755761612411693	1.6004914077090435
3	previously_4vHPV_vaccinated	six_year_4vHPV_persistence_to_heterologous_2vHPV_recall	recall_after_3_previous_4vHPV_doses	BPV	heterologous_control_antigen	FcgR2A	fc_gamma_receptor_binding	Fc-receptor engagement	moderate	0.2125	0.25	19	19	0.7355696741351183	1.7495354893075765	0.40137096821209	-0.1076794392945154	1.5788187875647521	1.6650548165314183	0.9280796689202492	2.987251671270811	1.15200309344505	0.18733988083135134	1.584962500721156	0.7368421052631579	0.21052631578947367	0.05263157894736842	8.087558034740873	13.46622745972267
3	previously_4vHPV_vaccinated	six_year_4vHPV_persistence_to_heterologous_2vHPV_recall	recall_after_3_previous_4vHPV_doses	BPV	heterologous_control_antigen	FcgR2B	fc_gamma_receptor_binding	Fc-receptor engagement	high	0.75	0.5875	19	19	0.9653363567008676	1.8201646652305417	0.41757441243913007	0.08804507016683027	1.842627643234905	1.9525186878721	1.062928880013454	3.586626817818265	0.0	0.0	1.488468191890724	0.42105263157894735	0.05263157894736842	0.5263157894736842	2.672927685730158	5.218941257718854
3	previously_4vHPV_vaccinated	six_year_4vHPV_persistence_to_heterologous_2vHPV_recall	recall_after_3_previous_4vHPV_doses	BPV	heterologous_control_antigen	FcgR3A	fc_gamma_receptor_binding	Fc-receptor engagement	high	0.3875	0.3	19	19	1.1548898546707347	1.879374129685786	0.4311579951792129	0.24906051977262067	2.060719189568849	2.226673230314882	1.1884329577158732	4.171942255901552	0.1934289383479273	0.0	1.466773113804786	0.5263157894736842	0.10526315789473684	0.3684210526315789	3.7888071688849374	8.436435497781206
